"ID of col0","col0","URL for col0","col1","ID of col2","col2","URL for col2","col3"
2537,"/home/oleksii-shemshur/work/toolchains/source/gcc-9.2.0/gcc/asan.c","file:///home/oleksii-shemshur/work/toolchains/source/gcc-9.2.0/gcc/asan.c:0:0:0:0","pass_asan_O0",154205,"file:///home/oleksii-shemshur/work/toolchains/source/gcc-9.2.0/gcc/asan.c:3665:7:3665:18","file:///home/oleksii-shemshur/work/toolchains/source/gcc-9.2.0/gcc/asan.c:3665:7:3665:18","pass_asan_O0"
2537,"/home/oleksii-shemshur/work/toolchains/source/gcc-9.2.0/gcc/asan.c","file:///home/oleksii-shemshur/work/toolchains/source/gcc-9.2.0/gcc/asan.c:0:0:0:0","pass_asan_O0",154205,"file:///home/oleksii-shemshur/work/toolchains/source/gcc-9.2.0/gcc/asan.c:3665:7:3665:18","file:///home/oleksii-shemshur/work/toolchains/source/gcc-9.2.0/gcc/asan.c:3665:7:3665:18","opt_pass"
2537,"/home/oleksii-shemshur/work/toolchains/source/gcc-9.2.0/gcc/asan.c","file:///home/oleksii-shemshur/work/toolchains/source/gcc-9.2.0/gcc/asan.c:0:0:0:0","pass_asan_O0",154205,"file:///home/oleksii-shemshur/work/toolchains/source/gcc-9.2.0/gcc/asan.c:3665:7:3665:18","file:///home/oleksii-shemshur/work/toolchains/source/gcc-9.2.0/gcc/asan.c:3665:7:3665:18","gimple_opt_pass"
2537,"/home/oleksii-shemshur/work/toolchains/source/gcc-9.2.0/gcc/asan.c","file:///home/oleksii-shemshur/work/toolchains/source/gcc-9.2.0/gcc/asan.c:0:0:0:0","pass_asan_O0",154205,"file:///home/oleksii-shemshur/work/toolchains/source/gcc-9.2.0/gcc/asan.c:3665:7:3665:18","file:///home/oleksii-shemshur/work/toolchains/source/gcc-9.2.0/gcc/asan.c:3665:7:3665:18","pass_data"
2537,"/home/oleksii-shemshur/work/toolchains/source/gcc-9.2.0/gcc/asan.c","file:///home/oleksii-shemshur/work/toolchains/source/gcc-9.2.0/gcc/asan.c:0:0:0:0","pass_asan",154211,"file:///home/oleksii-shemshur/work/toolchains/source/gcc-9.2.0/gcc/asan.c:3628:7:3628:15","file:///home/oleksii-shemshur/work/toolchains/source/gcc-9.2.0/gcc/asan.c:3628:7:3628:15","pass_asan"
2537,"/home/oleksii-shemshur/work/toolchains/source/gcc-9.2.0/gcc/asan.c","file:///home/oleksii-shemshur/work/toolchains/source/gcc-9.2.0/gcc/asan.c:0:0:0:0","pass_asan",154211,"file:///home/oleksii-shemshur/work/toolchains/source/gcc-9.2.0/gcc/asan.c:3628:7:3628:15","file:///home/oleksii-shemshur/work/toolchains/source/gcc-9.2.0/gcc/asan.c:3628:7:3628:15","opt_pass"
2537,"/home/oleksii-shemshur/work/toolchains/source/gcc-9.2.0/gcc/asan.c","file:///home/oleksii-shemshur/work/toolchains/source/gcc-9.2.0/gcc/asan.c:0:0:0:0","pass_asan",154211,"file:///home/oleksii-shemshur/work/toolchains/source/gcc-9.2.0/gcc/asan.c:3628:7:3628:15","file:///home/oleksii-shemshur/work/toolchains/source/gcc-9.2.0/gcc/asan.c:3628:7:3628:15","gimple_opt_pass"
2537,"/home/oleksii-shemshur/work/toolchains/source/gcc-9.2.0/gcc/asan.c","file:///home/oleksii-shemshur/work/toolchains/source/gcc-9.2.0/gcc/asan.c:0:0:0:0","pass_asan",154211,"file:///home/oleksii-shemshur/work/toolchains/source/gcc-9.2.0/gcc/asan.c:3628:7:3628:15","file:///home/oleksii-shemshur/work/toolchains/source/gcc-9.2.0/gcc/asan.c:3628:7:3628:15","pass_data"
3003,"/home/oleksii-shemshur/work/toolchains/source/gcc-9.2.0/gcc/auto-inc-dec.c","file:///home/oleksii-shemshur/work/toolchains/source/gcc-9.2.0/gcc/auto-inc-dec.c:0:0:0:0","pass_inc_dec",238986,"file:///home/oleksii-shemshur/work/toolchains/source/gcc-9.2.0/gcc/auto-inc-dec.c:1682:7:1682:18","file:///home/oleksii-shemshur/work/toolchains/source/gcc-9.2.0/gcc/auto-inc-dec.c:1682:7:1682:18","rtl_opt_pass"
3003,"/home/oleksii-shemshur/work/toolchains/source/gcc-9.2.0/gcc/auto-inc-dec.c","file:///home/oleksii-shemshur/work/toolchains/source/gcc-9.2.0/gcc/auto-inc-dec.c:0:0:0:0","pass_inc_dec",238986,"file:///home/oleksii-shemshur/work/toolchains/source/gcc-9.2.0/gcc/auto-inc-dec.c:1682:7:1682:18","file:///home/oleksii-shemshur/work/toolchains/source/gcc-9.2.0/gcc/auto-inc-dec.c:1682:7:1682:18","opt_pass"
3003,"/home/oleksii-shemshur/work/toolchains/source/gcc-9.2.0/gcc/auto-inc-dec.c","file:///home/oleksii-shemshur/work/toolchains/source/gcc-9.2.0/gcc/auto-inc-dec.c:0:0:0:0","pass_inc_dec",238986,"file:///home/oleksii-shemshur/work/toolchains/source/gcc-9.2.0/gcc/auto-inc-dec.c:1682:7:1682:18","file:///home/oleksii-shemshur/work/toolchains/source/gcc-9.2.0/gcc/auto-inc-dec.c:1682:7:1682:18","pass_data"
3003,"/home/oleksii-shemshur/work/toolchains/source/gcc-9.2.0/gcc/auto-inc-dec.c","file:///home/oleksii-shemshur/work/toolchains/source/gcc-9.2.0/gcc/auto-inc-dec.c:0:0:0:0","pass_inc_dec",238986,"file:///home/oleksii-shemshur/work/toolchains/source/gcc-9.2.0/gcc/auto-inc-dec.c:1682:7:1682:18","file:///home/oleksii-shemshur/work/toolchains/source/gcc-9.2.0/gcc/auto-inc-dec.c:1682:7:1682:18","pass_inc_dec"
4720,"/home/oleksii-shemshur/work/toolchains/source/gcc-9.2.0/gcc/auto-profile.c","file:///home/oleksii-shemshur/work/toolchains/source/gcc-9.2.0/gcc/auto-profile.c:0:0:0:0","pass_ipa_auto_profile",291884,"file:///home/oleksii-shemshur/work/toolchains/source/gcc-9.2.0/gcc/auto-profile.c:1724:7:1724:27","file:///home/oleksii-shemshur/work/toolchains/source/gcc-9.2.0/gcc/auto-profile.c:1724:7:1724:27","opt_pass"
4720,"/home/oleksii-shemshur/work/toolchains/source/gcc-9.2.0/gcc/auto-profile.c","file:///home/oleksii-shemshur/work/toolchains/source/gcc-9.2.0/gcc/auto-profile.c:0:0:0:0","pass_ipa_auto_profile",291884,"file:///home/oleksii-shemshur/work/toolchains/source/gcc-9.2.0/gcc/auto-profile.c:1724:7:1724:27","file:///home/oleksii-shemshur/work/toolchains/source/gcc-9.2.0/gcc/auto-profile.c:1724:7:1724:27","simple_ipa_opt_pass"
4720,"/home/oleksii-shemshur/work/toolchains/source/gcc-9.2.0/gcc/auto-profile.c","file:///home/oleksii-shemshur/work/toolchains/source/gcc-9.2.0/gcc/auto-profile.c:0:0:0:0","pass_ipa_auto_profile",291884,"file:///home/oleksii-shemshur/work/toolchains/source/gcc-9.2.0/gcc/auto-profile.c:1724:7:1724:27","file:///home/oleksii-shemshur/work/toolchains/source/gcc-9.2.0/gcc/auto-profile.c:1724:7:1724:27","pass_data"
4720,"/home/oleksii-shemshur/work/toolchains/source/gcc-9.2.0/gcc/auto-profile.c","file:///home/oleksii-shemshur/work/toolchains/source/gcc-9.2.0/gcc/auto-profile.c:0:0:0:0","pass_ipa_auto_profile",291884,"file:///home/oleksii-shemshur/work/toolchains/source/gcc-9.2.0/gcc/auto-profile.c:1724:7:1724:27","file:///home/oleksii-shemshur/work/toolchains/source/gcc-9.2.0/gcc/auto-profile.c:1724:7:1724:27","pass_ipa_auto_profile"
4920,"/home/oleksii-shemshur/work/toolchains/source/gcc-9.2.0/gcc/bb-reorder.c","file:///home/oleksii-shemshur/work/toolchains/source/gcc-9.2.0/gcc/bb-reorder.c:0:0:0:0","pass_partition_blocks",322408,"file:///home/oleksii-shemshur/work/toolchains/source/gcc-9.2.0/gcc/bb-reorder.c:2925:7:2925:27","file:///home/oleksii-shemshur/work/toolchains/source/gcc-9.2.0/gcc/bb-reorder.c:2925:7:2925:27","rtl_opt_pass"
4920,"/home/oleksii-shemshur/work/toolchains/source/gcc-9.2.0/gcc/bb-reorder.c","file:///home/oleksii-shemshur/work/toolchains/source/gcc-9.2.0/gcc/bb-reorder.c:0:0:0:0","pass_partition_blocks",322408,"file:///home/oleksii-shemshur/work/toolchains/source/gcc-9.2.0/gcc/bb-reorder.c:2925:7:2925:27","file:///home/oleksii-shemshur/work/toolchains/source/gcc-9.2.0/gcc/bb-reorder.c:2925:7:2925:27","opt_pass"
4920,"/home/oleksii-shemshur/work/toolchains/source/gcc-9.2.0/gcc/bb-reorder.c","file:///home/oleksii-shemshur/work/toolchains/source/gcc-9.2.0/gcc/bb-reorder.c:0:0:0:0","pass_partition_blocks",322408,"file:///home/oleksii-shemshur/work/toolchains/source/gcc-9.2.0/gcc/bb-reorder.c:2925:7:2925:27","file:///home/oleksii-shemshur/work/toolchains/source/gcc-9.2.0/gcc/bb-reorder.c:2925:7:2925:27","pass_data"
4920,"/home/oleksii-shemshur/work/toolchains/source/gcc-9.2.0/gcc/bb-reorder.c","file:///home/oleksii-shemshur/work/toolchains/source/gcc-9.2.0/gcc/bb-reorder.c:0:0:0:0","pass_partition_blocks",322408,"file:///home/oleksii-shemshur/work/toolchains/source/gcc-9.2.0/gcc/bb-reorder.c:2925:7:2925:27","file:///home/oleksii-shemshur/work/toolchains/source/gcc-9.2.0/gcc/bb-reorder.c:2925:7:2925:27","pass_partition_blocks"
4920,"/home/oleksii-shemshur/work/toolchains/source/gcc-9.2.0/gcc/bb-reorder.c","file:///home/oleksii-shemshur/work/toolchains/source/gcc-9.2.0/gcc/bb-reorder.c:0:0:0:0","pass_duplicate_computed_gotos",322412,"file:///home/oleksii-shemshur/work/toolchains/source/gcc-9.2.0/gcc/bb-reorder.c:2782:7:2782:35","file:///home/oleksii-shemshur/work/toolchains/source/gcc-9.2.0/gcc/bb-reorder.c:2782:7:2782:35","rtl_opt_pass"
4920,"/home/oleksii-shemshur/work/toolchains/source/gcc-9.2.0/gcc/bb-reorder.c","file:///home/oleksii-shemshur/work/toolchains/source/gcc-9.2.0/gcc/bb-reorder.c:0:0:0:0","pass_duplicate_computed_gotos",322412,"file:///home/oleksii-shemshur/work/toolchains/source/gcc-9.2.0/gcc/bb-reorder.c:2782:7:2782:35","file:///home/oleksii-shemshur/work/toolchains/source/gcc-9.2.0/gcc/bb-reorder.c:2782:7:2782:35","opt_pass"
4920,"/home/oleksii-shemshur/work/toolchains/source/gcc-9.2.0/gcc/bb-reorder.c","file:///home/oleksii-shemshur/work/toolchains/source/gcc-9.2.0/gcc/bb-reorder.c:0:0:0:0","pass_duplicate_computed_gotos",322412,"file:///home/oleksii-shemshur/work/toolchains/source/gcc-9.2.0/gcc/bb-reorder.c:2782:7:2782:35","file:///home/oleksii-shemshur/work/toolchains/source/gcc-9.2.0/gcc/bb-reorder.c:2782:7:2782:35","pass_data"
4920,"/home/oleksii-shemshur/work/toolchains/source/gcc-9.2.0/gcc/bb-reorder.c","file:///home/oleksii-shemshur/work/toolchains/source/gcc-9.2.0/gcc/bb-reorder.c:0:0:0:0","pass_duplicate_computed_gotos",322412,"file:///home/oleksii-shemshur/work/toolchains/source/gcc-9.2.0/gcc/bb-reorder.c:2782:7:2782:35","file:///home/oleksii-shemshur/work/toolchains/source/gcc-9.2.0/gcc/bb-reorder.c:2782:7:2782:35","pass_duplicate_computed_gotos"
4920,"/home/oleksii-shemshur/work/toolchains/source/gcc-9.2.0/gcc/bb-reorder.c","file:///home/oleksii-shemshur/work/toolchains/source/gcc-9.2.0/gcc/bb-reorder.c:0:0:0:0","pass_reorder_blocks",322416,"file:///home/oleksii-shemshur/work/toolchains/source/gcc-9.2.0/gcc/bb-reorder.c:2623:7:2623:25","file:///home/oleksii-shemshur/work/toolchains/source/gcc-9.2.0/gcc/bb-reorder.c:2623:7:2623:25","rtl_opt_pass"
4920,"/home/oleksii-shemshur/work/toolchains/source/gcc-9.2.0/gcc/bb-reorder.c","file:///home/oleksii-shemshur/work/toolchains/source/gcc-9.2.0/gcc/bb-reorder.c:0:0:0:0","pass_reorder_blocks",322416,"file:///home/oleksii-shemshur/work/toolchains/source/gcc-9.2.0/gcc/bb-reorder.c:2623:7:2623:25","file:///home/oleksii-shemshur/work/toolchains/source/gcc-9.2.0/gcc/bb-reorder.c:2623:7:2623:25","opt_pass"
4920,"/home/oleksii-shemshur/work/toolchains/source/gcc-9.2.0/gcc/bb-reorder.c","file:///home/oleksii-shemshur/work/toolchains/source/gcc-9.2.0/gcc/bb-reorder.c:0:0:0:0","pass_reorder_blocks",322416,"file:///home/oleksii-shemshur/work/toolchains/source/gcc-9.2.0/gcc/bb-reorder.c:2623:7:2623:25","file:///home/oleksii-shemshur/work/toolchains/source/gcc-9.2.0/gcc/bb-reorder.c:2623:7:2623:25","pass_data"
4920,"/home/oleksii-shemshur/work/toolchains/source/gcc-9.2.0/gcc/bb-reorder.c","file:///home/oleksii-shemshur/work/toolchains/source/gcc-9.2.0/gcc/bb-reorder.c:0:0:0:0","pass_reorder_blocks",322416,"file:///home/oleksii-shemshur/work/toolchains/source/gcc-9.2.0/gcc/bb-reorder.c:2623:7:2623:25","file:///home/oleksii-shemshur/work/toolchains/source/gcc-9.2.0/gcc/bb-reorder.c:2623:7:2623:25","pass_reorder_blocks"
5021,"/home/oleksii-shemshur/work/toolchains/source/gcc-9.2.0/gcc/bt-load.c","file:///home/oleksii-shemshur/work/toolchains/source/gcc-9.2.0/gcc/bt-load.c:0:0:0:0","pass_branch_target_load_optimize2",342007,"file:///home/oleksii-shemshur/work/toolchains/source/gcc-9.2.0/gcc/bt-load.c:1533:7:1533:39","file:///home/oleksii-shemshur/work/toolchains/source/gcc-9.2.0/gcc/bt-load.c:1533:7:1533:39","rtl_opt_pass"
5021,"/home/oleksii-shemshur/work/toolchains/source/gcc-9.2.0/gcc/bt-load.c","file:///home/oleksii-shemshur/work/toolchains/source/gcc-9.2.0/gcc/bt-load.c:0:0:0:0","pass_branch_target_load_optimize2",342007,"file:///home/oleksii-shemshur/work/toolchains/source/gcc-9.2.0/gcc/bt-load.c:1533:7:1533:39","file:///home/oleksii-shemshur/work/toolchains/source/gcc-9.2.0/gcc/bt-load.c:1533:7:1533:39","opt_pass"
5021,"/home/oleksii-shemshur/work/toolchains/source/gcc-9.2.0/gcc/bt-load.c","file:///home/oleksii-shemshur/work/toolchains/source/gcc-9.2.0/gcc/bt-load.c:0:0:0:0","pass_branch_target_load_optimize2",342007,"file:///home/oleksii-shemshur/work/toolchains/source/gcc-9.2.0/gcc/bt-load.c:1533:7:1533:39","file:///home/oleksii-shemshur/work/toolchains/source/gcc-9.2.0/gcc/bt-load.c:1533:7:1533:39","pass_data"
5021,"/home/oleksii-shemshur/work/toolchains/source/gcc-9.2.0/gcc/bt-load.c","file:///home/oleksii-shemshur/work/toolchains/source/gcc-9.2.0/gcc/bt-load.c:0:0:0:0","pass_branch_target_load_optimize2",342007,"file:///home/oleksii-shemshur/work/toolchains/source/gcc-9.2.0/gcc/bt-load.c:1533:7:1533:39","file:///home/oleksii-shemshur/work/toolchains/source/gcc-9.2.0/gcc/bt-load.c:1533:7:1533:39","pass_branch_target_load_optimize2"
5021,"/home/oleksii-shemshur/work/toolchains/source/gcc-9.2.0/gcc/bt-load.c","file:///home/oleksii-shemshur/work/toolchains/source/gcc-9.2.0/gcc/bt-load.c:0:0:0:0","pass_branch_target_load_optimize1",342011,"file:///home/oleksii-shemshur/work/toolchains/source/gcc-9.2.0/gcc/bt-load.c:1492:7:1492:39","file:///home/oleksii-shemshur/work/toolchains/source/gcc-9.2.0/gcc/bt-load.c:1492:7:1492:39","rtl_opt_pass"
5021,"/home/oleksii-shemshur/work/toolchains/source/gcc-9.2.0/gcc/bt-load.c","file:///home/oleksii-shemshur/work/toolchains/source/gcc-9.2.0/gcc/bt-load.c:0:0:0:0","pass_branch_target_load_optimize1",342011,"file:///home/oleksii-shemshur/work/toolchains/source/gcc-9.2.0/gcc/bt-load.c:1492:7:1492:39","file:///home/oleksii-shemshur/work/toolchains/source/gcc-9.2.0/gcc/bt-load.c:1492:7:1492:39","opt_pass"
5021,"/home/oleksii-shemshur/work/toolchains/source/gcc-9.2.0/gcc/bt-load.c","file:///home/oleksii-shemshur/work/toolchains/source/gcc-9.2.0/gcc/bt-load.c:0:0:0:0","pass_branch_target_load_optimize1",342011,"file:///home/oleksii-shemshur/work/toolchains/source/gcc-9.2.0/gcc/bt-load.c:1492:7:1492:39","file:///home/oleksii-shemshur/work/toolchains/source/gcc-9.2.0/gcc/bt-load.c:1492:7:1492:39","pass_data"
5021,"/home/oleksii-shemshur/work/toolchains/source/gcc-9.2.0/gcc/bt-load.c","file:///home/oleksii-shemshur/work/toolchains/source/gcc-9.2.0/gcc/bt-load.c:0:0:0:0","pass_branch_target_load_optimize1",342011,"file:///home/oleksii-shemshur/work/toolchains/source/gcc-9.2.0/gcc/bt-load.c:1492:7:1492:39","file:///home/oleksii-shemshur/work/toolchains/source/gcc-9.2.0/gcc/bt-load.c:1492:7:1492:39","pass_branch_target_load_optimize1"
8282,"/home/oleksii-shemshur/work/toolchains/source/gcc-9.2.0/gcc/cfgcleanup.c","file:///home/oleksii-shemshur/work/toolchains/source/gcc-9.2.0/gcc/cfgcleanup.c:0:0:0:0","pass_jump2",1089304,"file:///home/oleksii-shemshur/work/toolchains/source/gcc-9.2.0/gcc/cfgcleanup.c:3327:7:3327:16","file:///home/oleksii-shemshur/work/toolchains/source/gcc-9.2.0/gcc/cfgcleanup.c:3327:7:3327:16","rtl_opt_pass"
8282,"/home/oleksii-shemshur/work/toolchains/source/gcc-9.2.0/gcc/cfgcleanup.c","file:///home/oleksii-shemshur/work/toolchains/source/gcc-9.2.0/gcc/cfgcleanup.c:0:0:0:0","pass_jump2",1089304,"file:///home/oleksii-shemshur/work/toolchains/source/gcc-9.2.0/gcc/cfgcleanup.c:3327:7:3327:16","file:///home/oleksii-shemshur/work/toolchains/source/gcc-9.2.0/gcc/cfgcleanup.c:3327:7:3327:16","opt_pass"
8282,"/home/oleksii-shemshur/work/toolchains/source/gcc-9.2.0/gcc/cfgcleanup.c","file:///home/oleksii-shemshur/work/toolchains/source/gcc-9.2.0/gcc/cfgcleanup.c:0:0:0:0","pass_jump2",1089304,"file:///home/oleksii-shemshur/work/toolchains/source/gcc-9.2.0/gcc/cfgcleanup.c:3327:7:3327:16","file:///home/oleksii-shemshur/work/toolchains/source/gcc-9.2.0/gcc/cfgcleanup.c:3327:7:3327:16","pass_data"
8282,"/home/oleksii-shemshur/work/toolchains/source/gcc-9.2.0/gcc/cfgcleanup.c","file:///home/oleksii-shemshur/work/toolchains/source/gcc-9.2.0/gcc/cfgcleanup.c:0:0:0:0","pass_jump2",1089304,"file:///home/oleksii-shemshur/work/toolchains/source/gcc-9.2.0/gcc/cfgcleanup.c:3327:7:3327:16","file:///home/oleksii-shemshur/work/toolchains/source/gcc-9.2.0/gcc/cfgcleanup.c:3327:7:3327:16","pass_jump2"
8282,"/home/oleksii-shemshur/work/toolchains/source/gcc-9.2.0/gcc/cfgcleanup.c","file:///home/oleksii-shemshur/work/toolchains/source/gcc-9.2.0/gcc/cfgcleanup.c:0:0:0:0","pass_postreload_jump",1089308,"file:///home/oleksii-shemshur/work/toolchains/source/gcc-9.2.0/gcc/cfgcleanup.c:3285:7:3285:26","file:///home/oleksii-shemshur/work/toolchains/source/gcc-9.2.0/gcc/cfgcleanup.c:3285:7:3285:26","rtl_opt_pass"
8282,"/home/oleksii-shemshur/work/toolchains/source/gcc-9.2.0/gcc/cfgcleanup.c","file:///home/oleksii-shemshur/work/toolchains/source/gcc-9.2.0/gcc/cfgcleanup.c:0:0:0:0","pass_postreload_jump",1089308,"file:///home/oleksii-shemshur/work/toolchains/source/gcc-9.2.0/gcc/cfgcleanup.c:3285:7:3285:26","file:///home/oleksii-shemshur/work/toolchains/source/gcc-9.2.0/gcc/cfgcleanup.c:3285:7:3285:26","opt_pass"
8282,"/home/oleksii-shemshur/work/toolchains/source/gcc-9.2.0/gcc/cfgcleanup.c","file:///home/oleksii-shemshur/work/toolchains/source/gcc-9.2.0/gcc/cfgcleanup.c:0:0:0:0","pass_postreload_jump",1089308,"file:///home/oleksii-shemshur/work/toolchains/source/gcc-9.2.0/gcc/cfgcleanup.c:3285:7:3285:26","file:///home/oleksii-shemshur/work/toolchains/source/gcc-9.2.0/gcc/cfgcleanup.c:3285:7:3285:26","pass_data"
8282,"/home/oleksii-shemshur/work/toolchains/source/gcc-9.2.0/gcc/cfgcleanup.c","file:///home/oleksii-shemshur/work/toolchains/source/gcc-9.2.0/gcc/cfgcleanup.c:0:0:0:0","pass_postreload_jump",1089308,"file:///home/oleksii-shemshur/work/toolchains/source/gcc-9.2.0/gcc/cfgcleanup.c:3285:7:3285:26","file:///home/oleksii-shemshur/work/toolchains/source/gcc-9.2.0/gcc/cfgcleanup.c:3285:7:3285:26","pass_postreload_jump"
8282,"/home/oleksii-shemshur/work/toolchains/source/gcc-9.2.0/gcc/cfgcleanup.c","file:///home/oleksii-shemshur/work/toolchains/source/gcc-9.2.0/gcc/cfgcleanup.c:0:0:0:0","pass_jump",1089312,"file:///home/oleksii-shemshur/work/toolchains/source/gcc-9.2.0/gcc/cfgcleanup.c:3239:7:3239:15","file:///home/oleksii-shemshur/work/toolchains/source/gcc-9.2.0/gcc/cfgcleanup.c:3239:7:3239:15","rtl_opt_pass"
8282,"/home/oleksii-shemshur/work/toolchains/source/gcc-9.2.0/gcc/cfgcleanup.c","file:///home/oleksii-shemshur/work/toolchains/source/gcc-9.2.0/gcc/cfgcleanup.c:0:0:0:0","pass_jump",1089312,"file:///home/oleksii-shemshur/work/toolchains/source/gcc-9.2.0/gcc/cfgcleanup.c:3239:7:3239:15","file:///home/oleksii-shemshur/work/toolchains/source/gcc-9.2.0/gcc/cfgcleanup.c:3239:7:3239:15","opt_pass"
8282,"/home/oleksii-shemshur/work/toolchains/source/gcc-9.2.0/gcc/cfgcleanup.c","file:///home/oleksii-shemshur/work/toolchains/source/gcc-9.2.0/gcc/cfgcleanup.c:0:0:0:0","pass_jump",1089312,"file:///home/oleksii-shemshur/work/toolchains/source/gcc-9.2.0/gcc/cfgcleanup.c:3239:7:3239:15","file:///home/oleksii-shemshur/work/toolchains/source/gcc-9.2.0/gcc/cfgcleanup.c:3239:7:3239:15","pass_data"
8282,"/home/oleksii-shemshur/work/toolchains/source/gcc-9.2.0/gcc/cfgcleanup.c","file:///home/oleksii-shemshur/work/toolchains/source/gcc-9.2.0/gcc/cfgcleanup.c:0:0:0:0","pass_jump",1089312,"file:///home/oleksii-shemshur/work/toolchains/source/gcc-9.2.0/gcc/cfgcleanup.c:3239:7:3239:15","file:///home/oleksii-shemshur/work/toolchains/source/gcc-9.2.0/gcc/cfgcleanup.c:3239:7:3239:15","pass_jump"
8429,"/home/oleksii-shemshur/work/toolchains/source/gcc-9.2.0/gcc/cfgexpand.c","file:///home/oleksii-shemshur/work/toolchains/source/gcc-9.2.0/gcc/cfgexpand.c:0:0:0:0","pass_expand",1112428,"file:///home/oleksii-shemshur/work/toolchains/source/gcc-9.2.0/gcc/cfgexpand.c:6296:7:6296:17","file:///home/oleksii-shemshur/work/toolchains/source/gcc-9.2.0/gcc/cfgexpand.c:6296:7:6296:17","rtl_opt_pass"
8429,"/home/oleksii-shemshur/work/toolchains/source/gcc-9.2.0/gcc/cfgexpand.c","file:///home/oleksii-shemshur/work/toolchains/source/gcc-9.2.0/gcc/cfgexpand.c:0:0:0:0","pass_expand",1112428,"file:///home/oleksii-shemshur/work/toolchains/source/gcc-9.2.0/gcc/cfgexpand.c:6296:7:6296:17","file:///home/oleksii-shemshur/work/toolchains/source/gcc-9.2.0/gcc/cfgexpand.c:6296:7:6296:17","opt_pass"
8429,"/home/oleksii-shemshur/work/toolchains/source/gcc-9.2.0/gcc/cfgexpand.c","file:///home/oleksii-shemshur/work/toolchains/source/gcc-9.2.0/gcc/cfgexpand.c:0:0:0:0","pass_expand",1112428,"file:///home/oleksii-shemshur/work/toolchains/source/gcc-9.2.0/gcc/cfgexpand.c:6296:7:6296:17","file:///home/oleksii-shemshur/work/toolchains/source/gcc-9.2.0/gcc/cfgexpand.c:6296:7:6296:17","pass_data"
8429,"/home/oleksii-shemshur/work/toolchains/source/gcc-9.2.0/gcc/cfgexpand.c","file:///home/oleksii-shemshur/work/toolchains/source/gcc-9.2.0/gcc/cfgexpand.c:0:0:0:0","pass_expand",1112428,"file:///home/oleksii-shemshur/work/toolchains/source/gcc-9.2.0/gcc/cfgexpand.c:6296:7:6296:17","file:///home/oleksii-shemshur/work/toolchains/source/gcc-9.2.0/gcc/cfgexpand.c:6296:7:6296:17","pass_expand"
8650,"/home/oleksii-shemshur/work/toolchains/source/gcc-9.2.0/gcc/cfgrtl.c","file:///home/oleksii-shemshur/work/toolchains/source/gcc-9.2.0/gcc/cfgrtl.c:0:0:0:0","pass_free_cfg",1149984,"file:///home/oleksii-shemshur/work/toolchains/source/gcc-9.2.0/gcc/cfgrtl.c:461:7:461:19","file:///home/oleksii-shemshur/work/toolchains/source/gcc-9.2.0/gcc/cfgrtl.c:461:7:461:19","rtl_opt_pass"
8650,"/home/oleksii-shemshur/work/toolchains/source/gcc-9.2.0/gcc/cfgrtl.c","file:///home/oleksii-shemshur/work/toolchains/source/gcc-9.2.0/gcc/cfgrtl.c:0:0:0:0","pass_free_cfg",1149984,"file:///home/oleksii-shemshur/work/toolchains/source/gcc-9.2.0/gcc/cfgrtl.c:461:7:461:19","file:///home/oleksii-shemshur/work/toolchains/source/gcc-9.2.0/gcc/cfgrtl.c:461:7:461:19","opt_pass"
8650,"/home/oleksii-shemshur/work/toolchains/source/gcc-9.2.0/gcc/cfgrtl.c","file:///home/oleksii-shemshur/work/toolchains/source/gcc-9.2.0/gcc/cfgrtl.c:0:0:0:0","pass_free_cfg",1149984,"file:///home/oleksii-shemshur/work/toolchains/source/gcc-9.2.0/gcc/cfgrtl.c:461:7:461:19","file:///home/oleksii-shemshur/work/toolchains/source/gcc-9.2.0/gcc/cfgrtl.c:461:7:461:19","pass_data"
8650,"/home/oleksii-shemshur/work/toolchains/source/gcc-9.2.0/gcc/cfgrtl.c","file:///home/oleksii-shemshur/work/toolchains/source/gcc-9.2.0/gcc/cfgrtl.c:0:0:0:0","pass_free_cfg",1149984,"file:///home/oleksii-shemshur/work/toolchains/source/gcc-9.2.0/gcc/cfgrtl.c:461:7:461:19","file:///home/oleksii-shemshur/work/toolchains/source/gcc-9.2.0/gcc/cfgrtl.c:461:7:461:19","pass_free_cfg"
8650,"/home/oleksii-shemshur/work/toolchains/source/gcc-9.2.0/gcc/cfgrtl.c","file:///home/oleksii-shemshur/work/toolchains/source/gcc-9.2.0/gcc/cfgrtl.c:0:0:0:0","pass_outof_cfg_layout_mode",1149976,"file:///home/oleksii-shemshur/work/toolchains/source/gcc-9.2.0/gcc/cfgrtl.c:3601:7:3601:32","file:///home/oleksii-shemshur/work/toolchains/source/gcc-9.2.0/gcc/cfgrtl.c:3601:7:3601:32","rtl_opt_pass"
8650,"/home/oleksii-shemshur/work/toolchains/source/gcc-9.2.0/gcc/cfgrtl.c","file:///home/oleksii-shemshur/work/toolchains/source/gcc-9.2.0/gcc/cfgrtl.c:0:0:0:0","pass_outof_cfg_layout_mode",1149976,"file:///home/oleksii-shemshur/work/toolchains/source/gcc-9.2.0/gcc/cfgrtl.c:3601:7:3601:32","file:///home/oleksii-shemshur/work/toolchains/source/gcc-9.2.0/gcc/cfgrtl.c:3601:7:3601:32","opt_pass"
8650,"/home/oleksii-shemshur/work/toolchains/source/gcc-9.2.0/gcc/cfgrtl.c","file:///home/oleksii-shemshur/work/toolchains/source/gcc-9.2.0/gcc/cfgrtl.c:0:0:0:0","pass_outof_cfg_layout_mode",1149976,"file:///home/oleksii-shemshur/work/toolchains/source/gcc-9.2.0/gcc/cfgrtl.c:3601:7:3601:32","file:///home/oleksii-shemshur/work/toolchains/source/gcc-9.2.0/gcc/cfgrtl.c:3601:7:3601:32","pass_data"
8650,"/home/oleksii-shemshur/work/toolchains/source/gcc-9.2.0/gcc/cfgrtl.c","file:///home/oleksii-shemshur/work/toolchains/source/gcc-9.2.0/gcc/cfgrtl.c:0:0:0:0","pass_outof_cfg_layout_mode",1149976,"file:///home/oleksii-shemshur/work/toolchains/source/gcc-9.2.0/gcc/cfgrtl.c:3601:7:3601:32","file:///home/oleksii-shemshur/work/toolchains/source/gcc-9.2.0/gcc/cfgrtl.c:3601:7:3601:32","pass_outof_cfg_layout_mode"
8650,"/home/oleksii-shemshur/work/toolchains/source/gcc-9.2.0/gcc/cfgrtl.c","file:///home/oleksii-shemshur/work/toolchains/source/gcc-9.2.0/gcc/cfgrtl.c:0:0:0:0","pass_into_cfg_layout_mode",1149980,"file:///home/oleksii-shemshur/work/toolchains/source/gcc-9.2.0/gcc/cfgrtl.c:3562:7:3562:31","file:///home/oleksii-shemshur/work/toolchains/source/gcc-9.2.0/gcc/cfgrtl.c:3562:7:3562:31","rtl_opt_pass"
8650,"/home/oleksii-shemshur/work/toolchains/source/gcc-9.2.0/gcc/cfgrtl.c","file:///home/oleksii-shemshur/work/toolchains/source/gcc-9.2.0/gcc/cfgrtl.c:0:0:0:0","pass_into_cfg_layout_mode",1149980,"file:///home/oleksii-shemshur/work/toolchains/source/gcc-9.2.0/gcc/cfgrtl.c:3562:7:3562:31","file:///home/oleksii-shemshur/work/toolchains/source/gcc-9.2.0/gcc/cfgrtl.c:3562:7:3562:31","opt_pass"
8650,"/home/oleksii-shemshur/work/toolchains/source/gcc-9.2.0/gcc/cfgrtl.c","file:///home/oleksii-shemshur/work/toolchains/source/gcc-9.2.0/gcc/cfgrtl.c:0:0:0:0","pass_into_cfg_layout_mode",1149980,"file:///home/oleksii-shemshur/work/toolchains/source/gcc-9.2.0/gcc/cfgrtl.c:3562:7:3562:31","file:///home/oleksii-shemshur/work/toolchains/source/gcc-9.2.0/gcc/cfgrtl.c:3562:7:3562:31","pass_data"
8650,"/home/oleksii-shemshur/work/toolchains/source/gcc-9.2.0/gcc/cfgrtl.c","file:///home/oleksii-shemshur/work/toolchains/source/gcc-9.2.0/gcc/cfgrtl.c:0:0:0:0","pass_into_cfg_layout_mode",1149980,"file:///home/oleksii-shemshur/work/toolchains/source/gcc-9.2.0/gcc/cfgrtl.c:3562:7:3562:31","file:///home/oleksii-shemshur/work/toolchains/source/gcc-9.2.0/gcc/cfgrtl.c:3562:7:3562:31","pass_into_cfg_layout_mode"
8932,"/home/oleksii-shemshur/work/toolchains/source/gcc-9.2.0/gcc/cgraphbuild.c","file:///home/oleksii-shemshur/work/toolchains/source/gcc-9.2.0/gcc/cgraphbuild.c:0:0:0:0","pass_remove_cgraph_callee_edges",1172992,"file:///home/oleksii-shemshur/work/toolchains/source/gcc-9.2.0/gcc/cgraphbuild.c:519:7:519:37","file:///home/oleksii-shemshur/work/toolchains/source/gcc-9.2.0/gcc/cgraphbuild.c:519:7:519:37","opt_pass"
8932,"/home/oleksii-shemshur/work/toolchains/source/gcc-9.2.0/gcc/cgraphbuild.c","file:///home/oleksii-shemshur/work/toolchains/source/gcc-9.2.0/gcc/cgraphbuild.c:0:0:0:0","pass_remove_cgraph_callee_edges",1172992,"file:///home/oleksii-shemshur/work/toolchains/source/gcc-9.2.0/gcc/cgraphbuild.c:519:7:519:37","file:///home/oleksii-shemshur/work/toolchains/source/gcc-9.2.0/gcc/cgraphbuild.c:519:7:519:37","gimple_opt_pass"
8932,"/home/oleksii-shemshur/work/toolchains/source/gcc-9.2.0/gcc/cgraphbuild.c","file:///home/oleksii-shemshur/work/toolchains/source/gcc-9.2.0/gcc/cgraphbuild.c:0:0:0:0","pass_remove_cgraph_callee_edges",1172992,"file:///home/oleksii-shemshur/work/toolchains/source/gcc-9.2.0/gcc/cgraphbuild.c:519:7:519:37","file:///home/oleksii-shemshur/work/toolchains/source/gcc-9.2.0/gcc/cgraphbuild.c:519:7:519:37","pass_data"
8932,"/home/oleksii-shemshur/work/toolchains/source/gcc-9.2.0/gcc/cgraphbuild.c","file:///home/oleksii-shemshur/work/toolchains/source/gcc-9.2.0/gcc/cgraphbuild.c:0:0:0:0","pass_remove_cgraph_callee_edges",1172992,"file:///home/oleksii-shemshur/work/toolchains/source/gcc-9.2.0/gcc/cgraphbuild.c:519:7:519:37","file:///home/oleksii-shemshur/work/toolchains/source/gcc-9.2.0/gcc/cgraphbuild.c:519:7:519:37","pass_remove_cgraph_callee_edges"
8932,"/home/oleksii-shemshur/work/toolchains/source/gcc-9.2.0/gcc/cgraphbuild.c","file:///home/oleksii-shemshur/work/toolchains/source/gcc-9.2.0/gcc/cgraphbuild.c:0:0:0:0","pass_rebuild_cgraph_edges",1172996,"file:///home/oleksii-shemshur/work/toolchains/source/gcc-9.2.0/gcc/cgraphbuild.c:479:7:479:31","file:///home/oleksii-shemshur/work/toolchains/source/gcc-9.2.0/gcc/cgraphbuild.c:479:7:479:31","opt_pass"
8932,"/home/oleksii-shemshur/work/toolchains/source/gcc-9.2.0/gcc/cgraphbuild.c","file:///home/oleksii-shemshur/work/toolchains/source/gcc-9.2.0/gcc/cgraphbuild.c:0:0:0:0","pass_rebuild_cgraph_edges",1172996,"file:///home/oleksii-shemshur/work/toolchains/source/gcc-9.2.0/gcc/cgraphbuild.c:479:7:479:31","file:///home/oleksii-shemshur/work/toolchains/source/gcc-9.2.0/gcc/cgraphbuild.c:479:7:479:31","gimple_opt_pass"
8932,"/home/oleksii-shemshur/work/toolchains/source/gcc-9.2.0/gcc/cgraphbuild.c","file:///home/oleksii-shemshur/work/toolchains/source/gcc-9.2.0/gcc/cgraphbuild.c:0:0:0:0","pass_rebuild_cgraph_edges",1172996,"file:///home/oleksii-shemshur/work/toolchains/source/gcc-9.2.0/gcc/cgraphbuild.c:479:7:479:31","file:///home/oleksii-shemshur/work/toolchains/source/gcc-9.2.0/gcc/cgraphbuild.c:479:7:479:31","pass_data"
8932,"/home/oleksii-shemshur/work/toolchains/source/gcc-9.2.0/gcc/cgraphbuild.c","file:///home/oleksii-shemshur/work/toolchains/source/gcc-9.2.0/gcc/cgraphbuild.c:0:0:0:0","pass_rebuild_cgraph_edges",1172996,"file:///home/oleksii-shemshur/work/toolchains/source/gcc-9.2.0/gcc/cgraphbuild.c:479:7:479:31","file:///home/oleksii-shemshur/work/toolchains/source/gcc-9.2.0/gcc/cgraphbuild.c:479:7:479:31","pass_rebuild_cgraph_edges"
8932,"/home/oleksii-shemshur/work/toolchains/source/gcc-9.2.0/gcc/cgraphbuild.c","file:///home/oleksii-shemshur/work/toolchains/source/gcc-9.2.0/gcc/cgraphbuild.c:0:0:0:0","pass_build_cgraph_edges",1173000,"file:///home/oleksii-shemshur/work/toolchains/source/gcc-9.2.0/gcc/cgraphbuild.c:285:7:285:29","file:///home/oleksii-shemshur/work/toolchains/source/gcc-9.2.0/gcc/cgraphbuild.c:285:7:285:29","opt_pass"
8932,"/home/oleksii-shemshur/work/toolchains/source/gcc-9.2.0/gcc/cgraphbuild.c","file:///home/oleksii-shemshur/work/toolchains/source/gcc-9.2.0/gcc/cgraphbuild.c:0:0:0:0","pass_build_cgraph_edges",1173000,"file:///home/oleksii-shemshur/work/toolchains/source/gcc-9.2.0/gcc/cgraphbuild.c:285:7:285:29","file:///home/oleksii-shemshur/work/toolchains/source/gcc-9.2.0/gcc/cgraphbuild.c:285:7:285:29","gimple_opt_pass"
8932,"/home/oleksii-shemshur/work/toolchains/source/gcc-9.2.0/gcc/cgraphbuild.c","file:///home/oleksii-shemshur/work/toolchains/source/gcc-9.2.0/gcc/cgraphbuild.c:0:0:0:0","pass_build_cgraph_edges",1173000,"file:///home/oleksii-shemshur/work/toolchains/source/gcc-9.2.0/gcc/cgraphbuild.c:285:7:285:29","file:///home/oleksii-shemshur/work/toolchains/source/gcc-9.2.0/gcc/cgraphbuild.c:285:7:285:29","pass_data"
8932,"/home/oleksii-shemshur/work/toolchains/source/gcc-9.2.0/gcc/cgraphbuild.c","file:///home/oleksii-shemshur/work/toolchains/source/gcc-9.2.0/gcc/cgraphbuild.c:0:0:0:0","pass_build_cgraph_edges",1173000,"file:///home/oleksii-shemshur/work/toolchains/source/gcc-9.2.0/gcc/cgraphbuild.c:285:7:285:29","file:///home/oleksii-shemshur/work/toolchains/source/gcc-9.2.0/gcc/cgraphbuild.c:285:7:285:29","pass_build_cgraph_edges"
9066,"/home/oleksii-shemshur/work/toolchains/source/gcc-9.2.0/gcc/combine-stack-adj.c","file:///home/oleksii-shemshur/work/toolchains/source/gcc-9.2.0/gcc/combine-stack-adj.c:0:0:0:0","pass_stack_adjustments",1197041,"file:///home/oleksii-shemshur/work/toolchains/source/gcc-9.2.0/gcc/combine-stack-adj.c:717:7:717:28","file:///home/oleksii-shemshur/work/toolchains/source/gcc-9.2.0/gcc/combine-stack-adj.c:717:7:717:28","rtl_opt_pass"
9066,"/home/oleksii-shemshur/work/toolchains/source/gcc-9.2.0/gcc/combine-stack-adj.c","file:///home/oleksii-shemshur/work/toolchains/source/gcc-9.2.0/gcc/combine-stack-adj.c:0:0:0:0","pass_stack_adjustments",1197041,"file:///home/oleksii-shemshur/work/toolchains/source/gcc-9.2.0/gcc/combine-stack-adj.c:717:7:717:28","file:///home/oleksii-shemshur/work/toolchains/source/gcc-9.2.0/gcc/combine-stack-adj.c:717:7:717:28","opt_pass"
9066,"/home/oleksii-shemshur/work/toolchains/source/gcc-9.2.0/gcc/combine-stack-adj.c","file:///home/oleksii-shemshur/work/toolchains/source/gcc-9.2.0/gcc/combine-stack-adj.c:0:0:0:0","pass_stack_adjustments",1197041,"file:///home/oleksii-shemshur/work/toolchains/source/gcc-9.2.0/gcc/combine-stack-adj.c:717:7:717:28","file:///home/oleksii-shemshur/work/toolchains/source/gcc-9.2.0/gcc/combine-stack-adj.c:717:7:717:28","pass_data"
9066,"/home/oleksii-shemshur/work/toolchains/source/gcc-9.2.0/gcc/combine-stack-adj.c","file:///home/oleksii-shemshur/work/toolchains/source/gcc-9.2.0/gcc/combine-stack-adj.c:0:0:0:0","pass_stack_adjustments",1197041,"file:///home/oleksii-shemshur/work/toolchains/source/gcc-9.2.0/gcc/combine-stack-adj.c:717:7:717:28","file:///home/oleksii-shemshur/work/toolchains/source/gcc-9.2.0/gcc/combine-stack-adj.c:717:7:717:28","pass_stack_adjustments"
9109,"/home/oleksii-shemshur/work/toolchains/source/gcc-9.2.0/gcc/combine.c","file:///home/oleksii-shemshur/work/toolchains/source/gcc-9.2.0/gcc/combine.c:0:0:0:0","pass_combine",1243710,"file:///home/oleksii-shemshur/work/toolchains/source/gcc-9.2.0/gcc/combine.c:15110:7:15110:18","file:///home/oleksii-shemshur/work/toolchains/source/gcc-9.2.0/gcc/combine.c:15110:7:15110:18","rtl_opt_pass"
9109,"/home/oleksii-shemshur/work/toolchains/source/gcc-9.2.0/gcc/combine.c","file:///home/oleksii-shemshur/work/toolchains/source/gcc-9.2.0/gcc/combine.c:0:0:0:0","pass_combine",1243710,"file:///home/oleksii-shemshur/work/toolchains/source/gcc-9.2.0/gcc/combine.c:15110:7:15110:18","file:///home/oleksii-shemshur/work/toolchains/source/gcc-9.2.0/gcc/combine.c:15110:7:15110:18","opt_pass"
9109,"/home/oleksii-shemshur/work/toolchains/source/gcc-9.2.0/gcc/combine.c","file:///home/oleksii-shemshur/work/toolchains/source/gcc-9.2.0/gcc/combine.c:0:0:0:0","pass_combine",1243710,"file:///home/oleksii-shemshur/work/toolchains/source/gcc-9.2.0/gcc/combine.c:15110:7:15110:18","file:///home/oleksii-shemshur/work/toolchains/source/gcc-9.2.0/gcc/combine.c:15110:7:15110:18","pass_data"
9109,"/home/oleksii-shemshur/work/toolchains/source/gcc-9.2.0/gcc/combine.c","file:///home/oleksii-shemshur/work/toolchains/source/gcc-9.2.0/gcc/combine.c:0:0:0:0","pass_combine",1243710,"file:///home/oleksii-shemshur/work/toolchains/source/gcc-9.2.0/gcc/combine.c:15110:7:15110:18","file:///home/oleksii-shemshur/work/toolchains/source/gcc-9.2.0/gcc/combine.c:15110:7:15110:18","pass_combine"
9176,"/home/oleksii-shemshur/work/toolchains/source/gcc-9.2.0/gcc/compare-elim.c","file:///home/oleksii-shemshur/work/toolchains/source/gcc-9.2.0/gcc/compare-elim.c:0:0:0:0","pass_compare_elim_after_reload",1256912,"file:///home/oleksii-shemshur/work/toolchains/source/gcc-9.2.0/gcc/compare-elim.c:950:7:950:36","file:///home/oleksii-shemshur/work/toolchains/source/gcc-9.2.0/gcc/compare-elim.c:950:7:950:36","rtl_opt_pass"
9176,"/home/oleksii-shemshur/work/toolchains/source/gcc-9.2.0/gcc/compare-elim.c","file:///home/oleksii-shemshur/work/toolchains/source/gcc-9.2.0/gcc/compare-elim.c:0:0:0:0","pass_compare_elim_after_reload",1256912,"file:///home/oleksii-shemshur/work/toolchains/source/gcc-9.2.0/gcc/compare-elim.c:950:7:950:36","file:///home/oleksii-shemshur/work/toolchains/source/gcc-9.2.0/gcc/compare-elim.c:950:7:950:36","opt_pass"
9176,"/home/oleksii-shemshur/work/toolchains/source/gcc-9.2.0/gcc/compare-elim.c","file:///home/oleksii-shemshur/work/toolchains/source/gcc-9.2.0/gcc/compare-elim.c:0:0:0:0","pass_compare_elim_after_reload",1256912,"file:///home/oleksii-shemshur/work/toolchains/source/gcc-9.2.0/gcc/compare-elim.c:950:7:950:36","file:///home/oleksii-shemshur/work/toolchains/source/gcc-9.2.0/gcc/compare-elim.c:950:7:950:36","pass_data"
9176,"/home/oleksii-shemshur/work/toolchains/source/gcc-9.2.0/gcc/compare-elim.c","file:///home/oleksii-shemshur/work/toolchains/source/gcc-9.2.0/gcc/compare-elim.c:0:0:0:0","pass_compare_elim_after_reload",1256912,"file:///home/oleksii-shemshur/work/toolchains/source/gcc-9.2.0/gcc/compare-elim.c:950:7:950:36","file:///home/oleksii-shemshur/work/toolchains/source/gcc-9.2.0/gcc/compare-elim.c:950:7:950:36","pass_compare_elim_after_reload"
9407,"/home/oleksii-shemshur/work/toolchains/source/gcc-9.2.0/gcc/config/i386/i386.c","file:///home/oleksii-shemshur/work/toolchains/source/gcc-9.2.0/gcc/config/i386/i386.c:0:0:0:0","pass_insert_endbranch",1475065,"file:///home/oleksii-shemshur/work/toolchains/source/gcc-9.2.0/gcc/config/i386/i386.c:2660:7:2660:27","file:///home/oleksii-shemshur/work/toolchains/source/gcc-9.2.0/gcc/config/i386/i386.c:2660:7:2660:27","rtl_opt_pass"
9407,"/home/oleksii-shemshur/work/toolchains/source/gcc-9.2.0/gcc/config/i386/i386.c","file:///home/oleksii-shemshur/work/toolchains/source/gcc-9.2.0/gcc/config/i386/i386.c:0:0:0:0","pass_insert_endbranch",1475065,"file:///home/oleksii-shemshur/work/toolchains/source/gcc-9.2.0/gcc/config/i386/i386.c:2660:7:2660:27","file:///home/oleksii-shemshur/work/toolchains/source/gcc-9.2.0/gcc/config/i386/i386.c:2660:7:2660:27","opt_pass"
9407,"/home/oleksii-shemshur/work/toolchains/source/gcc-9.2.0/gcc/config/i386/i386.c","file:///home/oleksii-shemshur/work/toolchains/source/gcc-9.2.0/gcc/config/i386/i386.c:0:0:0:0","pass_insert_endbranch",1475065,"file:///home/oleksii-shemshur/work/toolchains/source/gcc-9.2.0/gcc/config/i386/i386.c:2660:7:2660:27","file:///home/oleksii-shemshur/work/toolchains/source/gcc-9.2.0/gcc/config/i386/i386.c:2660:7:2660:27","pass_data"
9407,"/home/oleksii-shemshur/work/toolchains/source/gcc-9.2.0/gcc/config/i386/i386.c","file:///home/oleksii-shemshur/work/toolchains/source/gcc-9.2.0/gcc/config/i386/i386.c:0:0:0:0","pass_insert_endbranch",1475065,"file:///home/oleksii-shemshur/work/toolchains/source/gcc-9.2.0/gcc/config/i386/i386.c:2660:7:2660:27","file:///home/oleksii-shemshur/work/toolchains/source/gcc-9.2.0/gcc/config/i386/i386.c:2660:7:2660:27","pass_insert_endbranch"
9407,"/home/oleksii-shemshur/work/toolchains/source/gcc-9.2.0/gcc/config/i386/i386.c","file:///home/oleksii-shemshur/work/toolchains/source/gcc-9.2.0/gcc/config/i386/i386.c:0:0:0:0","pass_insert_vzeroupper",1475073,"file:///home/oleksii-shemshur/work/toolchains/source/gcc-9.2.0/gcc/config/i386/i386.c:2432:7:2432:28","file:///home/oleksii-shemshur/work/toolchains/source/gcc-9.2.0/gcc/config/i386/i386.c:2432:7:2432:28","rtl_opt_pass"
9407,"/home/oleksii-shemshur/work/toolchains/source/gcc-9.2.0/gcc/config/i386/i386.c","file:///home/oleksii-shemshur/work/toolchains/source/gcc-9.2.0/gcc/config/i386/i386.c:0:0:0:0","pass_insert_vzeroupper",1475073,"file:///home/oleksii-shemshur/work/toolchains/source/gcc-9.2.0/gcc/config/i386/i386.c:2432:7:2432:28","file:///home/oleksii-shemshur/work/toolchains/source/gcc-9.2.0/gcc/config/i386/i386.c:2432:7:2432:28","opt_pass"
9407,"/home/oleksii-shemshur/work/toolchains/source/gcc-9.2.0/gcc/config/i386/i386.c","file:///home/oleksii-shemshur/work/toolchains/source/gcc-9.2.0/gcc/config/i386/i386.c:0:0:0:0","pass_insert_vzeroupper",1475073,"file:///home/oleksii-shemshur/work/toolchains/source/gcc-9.2.0/gcc/config/i386/i386.c:2432:7:2432:28","file:///home/oleksii-shemshur/work/toolchains/source/gcc-9.2.0/gcc/config/i386/i386.c:2432:7:2432:28","pass_data"
9407,"/home/oleksii-shemshur/work/toolchains/source/gcc-9.2.0/gcc/config/i386/i386.c","file:///home/oleksii-shemshur/work/toolchains/source/gcc-9.2.0/gcc/config/i386/i386.c:0:0:0:0","pass_insert_vzeroupper",1475073,"file:///home/oleksii-shemshur/work/toolchains/source/gcc-9.2.0/gcc/config/i386/i386.c:2432:7:2432:28","file:///home/oleksii-shemshur/work/toolchains/source/gcc-9.2.0/gcc/config/i386/i386.c:2432:7:2432:28","pass_insert_vzeroupper"
9407,"/home/oleksii-shemshur/work/toolchains/source/gcc-9.2.0/gcc/config/i386/i386.c","file:///home/oleksii-shemshur/work/toolchains/source/gcc-9.2.0/gcc/config/i386/i386.c:0:0:0:0","pass_stv",1475069,"file:///home/oleksii-shemshur/work/toolchains/source/gcc-9.2.0/gcc/config/i386/i386.c:2467:7:2467:14","file:///home/oleksii-shemshur/work/toolchains/source/gcc-9.2.0/gcc/config/i386/i386.c:2467:7:2467:14","rtl_opt_pass"
9407,"/home/oleksii-shemshur/work/toolchains/source/gcc-9.2.0/gcc/config/i386/i386.c","file:///home/oleksii-shemshur/work/toolchains/source/gcc-9.2.0/gcc/config/i386/i386.c:0:0:0:0","pass_stv",1475069,"file:///home/oleksii-shemshur/work/toolchains/source/gcc-9.2.0/gcc/config/i386/i386.c:2467:7:2467:14","file:///home/oleksii-shemshur/work/toolchains/source/gcc-9.2.0/gcc/config/i386/i386.c:2467:7:2467:14","opt_pass"
9407,"/home/oleksii-shemshur/work/toolchains/source/gcc-9.2.0/gcc/config/i386/i386.c","file:///home/oleksii-shemshur/work/toolchains/source/gcc-9.2.0/gcc/config/i386/i386.c:0:0:0:0","pass_stv",1475069,"file:///home/oleksii-shemshur/work/toolchains/source/gcc-9.2.0/gcc/config/i386/i386.c:2467:7:2467:14","file:///home/oleksii-shemshur/work/toolchains/source/gcc-9.2.0/gcc/config/i386/i386.c:2467:7:2467:14","pass_data"
9407,"/home/oleksii-shemshur/work/toolchains/source/gcc-9.2.0/gcc/config/i386/i386.c","file:///home/oleksii-shemshur/work/toolchains/source/gcc-9.2.0/gcc/config/i386/i386.c:0:0:0:0","pass_stv",1475069,"file:///home/oleksii-shemshur/work/toolchains/source/gcc-9.2.0/gcc/config/i386/i386.c:2467:7:2467:14","file:///home/oleksii-shemshur/work/toolchains/source/gcc-9.2.0/gcc/config/i386/i386.c:2467:7:2467:14","pass_stv"
9407,"/home/oleksii-shemshur/work/toolchains/source/gcc-9.2.0/gcc/config/i386/i386.c","file:///home/oleksii-shemshur/work/toolchains/source/gcc-9.2.0/gcc/config/i386/i386.c:0:0:0:0","pass_remove_partial_avx_dependency",1475061,"file:///home/oleksii-shemshur/work/toolchains/source/gcc-9.2.0/gcc/config/i386/i386.c:2874:7:2874:40","file:///home/oleksii-shemshur/work/toolchains/source/gcc-9.2.0/gcc/config/i386/i386.c:2874:7:2874:40","rtl_opt_pass"
9407,"/home/oleksii-shemshur/work/toolchains/source/gcc-9.2.0/gcc/config/i386/i386.c","file:///home/oleksii-shemshur/work/toolchains/source/gcc-9.2.0/gcc/config/i386/i386.c:0:0:0:0","pass_remove_partial_avx_dependency",1475061,"file:///home/oleksii-shemshur/work/toolchains/source/gcc-9.2.0/gcc/config/i386/i386.c:2874:7:2874:40","file:///home/oleksii-shemshur/work/toolchains/source/gcc-9.2.0/gcc/config/i386/i386.c:2874:7:2874:40","opt_pass"
9407,"/home/oleksii-shemshur/work/toolchains/source/gcc-9.2.0/gcc/config/i386/i386.c","file:///home/oleksii-shemshur/work/toolchains/source/gcc-9.2.0/gcc/config/i386/i386.c:0:0:0:0","pass_remove_partial_avx_dependency",1475061,"file:///home/oleksii-shemshur/work/toolchains/source/gcc-9.2.0/gcc/config/i386/i386.c:2874:7:2874:40","file:///home/oleksii-shemshur/work/toolchains/source/gcc-9.2.0/gcc/config/i386/i386.c:2874:7:2874:40","pass_data"
9407,"/home/oleksii-shemshur/work/toolchains/source/gcc-9.2.0/gcc/config/i386/i386.c","file:///home/oleksii-shemshur/work/toolchains/source/gcc-9.2.0/gcc/config/i386/i386.c:0:0:0:0","pass_remove_partial_avx_dependency",1475061,"file:///home/oleksii-shemshur/work/toolchains/source/gcc-9.2.0/gcc/config/i386/i386.c:2874:7:2874:40","file:///home/oleksii-shemshur/work/toolchains/source/gcc-9.2.0/gcc/config/i386/i386.c:2874:7:2874:40","pass_remove_partial_avx_dependency"
12869,"/home/oleksii-shemshur/work/toolchains/source/gcc-9.2.0/gcc/cprop.c","file:///home/oleksii-shemshur/work/toolchains/source/gcc-9.2.0/gcc/cprop.c:0:0:0:0","pass_rtl_cprop",2137383,"file:///home/oleksii-shemshur/work/toolchains/source/gcc-9.2.0/gcc/cprop.c:1954:7:1954:20","file:///home/oleksii-shemshur/work/toolchains/source/gcc-9.2.0/gcc/cprop.c:1954:7:1954:20","rtl_opt_pass"
12869,"/home/oleksii-shemshur/work/toolchains/source/gcc-9.2.0/gcc/cprop.c","file:///home/oleksii-shemshur/work/toolchains/source/gcc-9.2.0/gcc/cprop.c:0:0:0:0","pass_rtl_cprop",2137383,"file:///home/oleksii-shemshur/work/toolchains/source/gcc-9.2.0/gcc/cprop.c:1954:7:1954:20","file:///home/oleksii-shemshur/work/toolchains/source/gcc-9.2.0/gcc/cprop.c:1954:7:1954:20","opt_pass"
12869,"/home/oleksii-shemshur/work/toolchains/source/gcc-9.2.0/gcc/cprop.c","file:///home/oleksii-shemshur/work/toolchains/source/gcc-9.2.0/gcc/cprop.c:0:0:0:0","pass_rtl_cprop",2137383,"file:///home/oleksii-shemshur/work/toolchains/source/gcc-9.2.0/gcc/cprop.c:1954:7:1954:20","file:///home/oleksii-shemshur/work/toolchains/source/gcc-9.2.0/gcc/cprop.c:1954:7:1954:20","pass_data"
12869,"/home/oleksii-shemshur/work/toolchains/source/gcc-9.2.0/gcc/cprop.c","file:///home/oleksii-shemshur/work/toolchains/source/gcc-9.2.0/gcc/cprop.c:0:0:0:0","pass_rtl_cprop",2137383,"file:///home/oleksii-shemshur/work/toolchains/source/gcc-9.2.0/gcc/cprop.c:1954:7:1954:20","file:///home/oleksii-shemshur/work/toolchains/source/gcc-9.2.0/gcc/cprop.c:1954:7:1954:20","pass_rtl_cprop"
12922,"/home/oleksii-shemshur/work/toolchains/source/gcc-9.2.0/gcc/cse.c","file:///home/oleksii-shemshur/work/toolchains/source/gcc-9.2.0/gcc/cse.c:0:0:0:0","pass_cse2",2158912,"file:///home/oleksii-shemshur/work/toolchains/source/gcc-9.2.0/gcc/cse.c:7783:7:7783:15","file:///home/oleksii-shemshur/work/toolchains/source/gcc-9.2.0/gcc/cse.c:7783:7:7783:15","rtl_opt_pass"
12922,"/home/oleksii-shemshur/work/toolchains/source/gcc-9.2.0/gcc/cse.c","file:///home/oleksii-shemshur/work/toolchains/source/gcc-9.2.0/gcc/cse.c:0:0:0:0","pass_cse2",2158912,"file:///home/oleksii-shemshur/work/toolchains/source/gcc-9.2.0/gcc/cse.c:7783:7:7783:15","file:///home/oleksii-shemshur/work/toolchains/source/gcc-9.2.0/gcc/cse.c:7783:7:7783:15","opt_pass"
12922,"/home/oleksii-shemshur/work/toolchains/source/gcc-9.2.0/gcc/cse.c","file:///home/oleksii-shemshur/work/toolchains/source/gcc-9.2.0/gcc/cse.c:0:0:0:0","pass_cse2",2158912,"file:///home/oleksii-shemshur/work/toolchains/source/gcc-9.2.0/gcc/cse.c:7783:7:7783:15","file:///home/oleksii-shemshur/work/toolchains/source/gcc-9.2.0/gcc/cse.c:7783:7:7783:15","pass_data"
12922,"/home/oleksii-shemshur/work/toolchains/source/gcc-9.2.0/gcc/cse.c","file:///home/oleksii-shemshur/work/toolchains/source/gcc-9.2.0/gcc/cse.c:0:0:0:0","pass_cse2",2158912,"file:///home/oleksii-shemshur/work/toolchains/source/gcc-9.2.0/gcc/cse.c:7783:7:7783:15","file:///home/oleksii-shemshur/work/toolchains/source/gcc-9.2.0/gcc/cse.c:7783:7:7783:15","pass_cse2"
12922,"/home/oleksii-shemshur/work/toolchains/source/gcc-9.2.0/gcc/cse.c","file:///home/oleksii-shemshur/work/toolchains/source/gcc-9.2.0/gcc/cse.c:0:0:0:0","pass_cse_after_global_opts",2158908,"file:///home/oleksii-shemshur/work/toolchains/source/gcc-9.2.0/gcc/cse.c:7856:7:7856:32","file:///home/oleksii-shemshur/work/toolchains/source/gcc-9.2.0/gcc/cse.c:7856:7:7856:32","rtl_opt_pass"
12922,"/home/oleksii-shemshur/work/toolchains/source/gcc-9.2.0/gcc/cse.c","file:///home/oleksii-shemshur/work/toolchains/source/gcc-9.2.0/gcc/cse.c:0:0:0:0","pass_cse_after_global_opts",2158908,"file:///home/oleksii-shemshur/work/toolchains/source/gcc-9.2.0/gcc/cse.c:7856:7:7856:32","file:///home/oleksii-shemshur/work/toolchains/source/gcc-9.2.0/gcc/cse.c:7856:7:7856:32","opt_pass"
12922,"/home/oleksii-shemshur/work/toolchains/source/gcc-9.2.0/gcc/cse.c","file:///home/oleksii-shemshur/work/toolchains/source/gcc-9.2.0/gcc/cse.c:0:0:0:0","pass_cse_after_global_opts",2158908,"file:///home/oleksii-shemshur/work/toolchains/source/gcc-9.2.0/gcc/cse.c:7856:7:7856:32","file:///home/oleksii-shemshur/work/toolchains/source/gcc-9.2.0/gcc/cse.c:7856:7:7856:32","pass_data"
12922,"/home/oleksii-shemshur/work/toolchains/source/gcc-9.2.0/gcc/cse.c","file:///home/oleksii-shemshur/work/toolchains/source/gcc-9.2.0/gcc/cse.c:0:0:0:0","pass_cse_after_global_opts",2158908,"file:///home/oleksii-shemshur/work/toolchains/source/gcc-9.2.0/gcc/cse.c:7856:7:7856:32","file:///home/oleksii-shemshur/work/toolchains/source/gcc-9.2.0/gcc/cse.c:7856:7:7856:32","pass_cse_after_global_opts"
12922,"/home/oleksii-shemshur/work/toolchains/source/gcc-9.2.0/gcc/cse.c","file:///home/oleksii-shemshur/work/toolchains/source/gcc-9.2.0/gcc/cse.c:0:0:0:0","pass_cse",2158916,"file:///home/oleksii-shemshur/work/toolchains/source/gcc-9.2.0/gcc/cse.c:7712:7:7712:14","file:///home/oleksii-shemshur/work/toolchains/source/gcc-9.2.0/gcc/cse.c:7712:7:7712:14","rtl_opt_pass"
12922,"/home/oleksii-shemshur/work/toolchains/source/gcc-9.2.0/gcc/cse.c","file:///home/oleksii-shemshur/work/toolchains/source/gcc-9.2.0/gcc/cse.c:0:0:0:0","pass_cse",2158916,"file:///home/oleksii-shemshur/work/toolchains/source/gcc-9.2.0/gcc/cse.c:7712:7:7712:14","file:///home/oleksii-shemshur/work/toolchains/source/gcc-9.2.0/gcc/cse.c:7712:7:7712:14","opt_pass"
12922,"/home/oleksii-shemshur/work/toolchains/source/gcc-9.2.0/gcc/cse.c","file:///home/oleksii-shemshur/work/toolchains/source/gcc-9.2.0/gcc/cse.c:0:0:0:0","pass_cse",2158916,"file:///home/oleksii-shemshur/work/toolchains/source/gcc-9.2.0/gcc/cse.c:7712:7:7712:14","file:///home/oleksii-shemshur/work/toolchains/source/gcc-9.2.0/gcc/cse.c:7712:7:7712:14","pass_data"
12922,"/home/oleksii-shemshur/work/toolchains/source/gcc-9.2.0/gcc/cse.c","file:///home/oleksii-shemshur/work/toolchains/source/gcc-9.2.0/gcc/cse.c:0:0:0:0","pass_cse",2158916,"file:///home/oleksii-shemshur/work/toolchains/source/gcc-9.2.0/gcc/cse.c:7712:7:7712:14","file:///home/oleksii-shemshur/work/toolchains/source/gcc-9.2.0/gcc/cse.c:7712:7:7712:14","pass_cse"
13116,"/home/oleksii-shemshur/work/toolchains/source/gcc-9.2.0/gcc/dce.c","file:///home/oleksii-shemshur/work/toolchains/source/gcc-9.2.0/gcc/dce.c:0:0:0:0","pass_fast_rtl_dce",2190702,"file:///home/oleksii-shemshur/work/toolchains/source/gcc-9.2.0/gcc/dce.c:1282:7:1282:23","file:///home/oleksii-shemshur/work/toolchains/source/gcc-9.2.0/gcc/dce.c:1282:7:1282:23","rtl_opt_pass"
13116,"/home/oleksii-shemshur/work/toolchains/source/gcc-9.2.0/gcc/dce.c","file:///home/oleksii-shemshur/work/toolchains/source/gcc-9.2.0/gcc/dce.c:0:0:0:0","pass_fast_rtl_dce",2190702,"file:///home/oleksii-shemshur/work/toolchains/source/gcc-9.2.0/gcc/dce.c:1282:7:1282:23","file:///home/oleksii-shemshur/work/toolchains/source/gcc-9.2.0/gcc/dce.c:1282:7:1282:23","opt_pass"
13116,"/home/oleksii-shemshur/work/toolchains/source/gcc-9.2.0/gcc/dce.c","file:///home/oleksii-shemshur/work/toolchains/source/gcc-9.2.0/gcc/dce.c:0:0:0:0","pass_fast_rtl_dce",2190702,"file:///home/oleksii-shemshur/work/toolchains/source/gcc-9.2.0/gcc/dce.c:1282:7:1282:23","file:///home/oleksii-shemshur/work/toolchains/source/gcc-9.2.0/gcc/dce.c:1282:7:1282:23","pass_data"
13116,"/home/oleksii-shemshur/work/toolchains/source/gcc-9.2.0/gcc/dce.c","file:///home/oleksii-shemshur/work/toolchains/source/gcc-9.2.0/gcc/dce.c:0:0:0:0","pass_fast_rtl_dce",2190702,"file:///home/oleksii-shemshur/work/toolchains/source/gcc-9.2.0/gcc/dce.c:1282:7:1282:23","file:///home/oleksii-shemshur/work/toolchains/source/gcc-9.2.0/gcc/dce.c:1282:7:1282:23","pass_fast_rtl_dce"
13116,"/home/oleksii-shemshur/work/toolchains/source/gcc-9.2.0/gcc/dce.c","file:///home/oleksii-shemshur/work/toolchains/source/gcc-9.2.0/gcc/dce.c:0:0:0:0","pass_ud_rtl_dce",2190706,"file:///home/oleksii-shemshur/work/toolchains/source/gcc-9.2.0/gcc/dce.c:851:7:851:21","file:///home/oleksii-shemshur/work/toolchains/source/gcc-9.2.0/gcc/dce.c:851:7:851:21","rtl_opt_pass"
13116,"/home/oleksii-shemshur/work/toolchains/source/gcc-9.2.0/gcc/dce.c","file:///home/oleksii-shemshur/work/toolchains/source/gcc-9.2.0/gcc/dce.c:0:0:0:0","pass_ud_rtl_dce",2190706,"file:///home/oleksii-shemshur/work/toolchains/source/gcc-9.2.0/gcc/dce.c:851:7:851:21","file:///home/oleksii-shemshur/work/toolchains/source/gcc-9.2.0/gcc/dce.c:851:7:851:21","opt_pass"
13116,"/home/oleksii-shemshur/work/toolchains/source/gcc-9.2.0/gcc/dce.c","file:///home/oleksii-shemshur/work/toolchains/source/gcc-9.2.0/gcc/dce.c:0:0:0:0","pass_ud_rtl_dce",2190706,"file:///home/oleksii-shemshur/work/toolchains/source/gcc-9.2.0/gcc/dce.c:851:7:851:21","file:///home/oleksii-shemshur/work/toolchains/source/gcc-9.2.0/gcc/dce.c:851:7:851:21","pass_data"
13116,"/home/oleksii-shemshur/work/toolchains/source/gcc-9.2.0/gcc/dce.c","file:///home/oleksii-shemshur/work/toolchains/source/gcc-9.2.0/gcc/dce.c:0:0:0:0","pass_ud_rtl_dce",2190706,"file:///home/oleksii-shemshur/work/toolchains/source/gcc-9.2.0/gcc/dce.c:851:7:851:21","file:///home/oleksii-shemshur/work/toolchains/source/gcc-9.2.0/gcc/dce.c:851:7:851:21","pass_ud_rtl_dce"
13182,"/home/oleksii-shemshur/work/toolchains/source/gcc-9.2.0/gcc/df-core.c","file:///home/oleksii-shemshur/work/toolchains/source/gcc-9.2.0/gcc/df-core.c:0:0:0:0","pass_df_finish",2201651,"file:///home/oleksii-shemshur/work/toolchains/source/gcc-9.2.0/gcc/df-core.c:843:7:843:20","file:///home/oleksii-shemshur/work/toolchains/source/gcc-9.2.0/gcc/df-core.c:843:7:843:20","rtl_opt_pass"
13182,"/home/oleksii-shemshur/work/toolchains/source/gcc-9.2.0/gcc/df-core.c","file:///home/oleksii-shemshur/work/toolchains/source/gcc-9.2.0/gcc/df-core.c:0:0:0:0","pass_df_finish",2201651,"file:///home/oleksii-shemshur/work/toolchains/source/gcc-9.2.0/gcc/df-core.c:843:7:843:20","file:///home/oleksii-shemshur/work/toolchains/source/gcc-9.2.0/gcc/df-core.c:843:7:843:20","opt_pass"
13182,"/home/oleksii-shemshur/work/toolchains/source/gcc-9.2.0/gcc/df-core.c","file:///home/oleksii-shemshur/work/toolchains/source/gcc-9.2.0/gcc/df-core.c:0:0:0:0","pass_df_finish",2201651,"file:///home/oleksii-shemshur/work/toolchains/source/gcc-9.2.0/gcc/df-core.c:843:7:843:20","file:///home/oleksii-shemshur/work/toolchains/source/gcc-9.2.0/gcc/df-core.c:843:7:843:20","pass_data"
13182,"/home/oleksii-shemshur/work/toolchains/source/gcc-9.2.0/gcc/df-core.c","file:///home/oleksii-shemshur/work/toolchains/source/gcc-9.2.0/gcc/df-core.c:0:0:0:0","pass_df_finish",2201651,"file:///home/oleksii-shemshur/work/toolchains/source/gcc-9.2.0/gcc/df-core.c:843:7:843:20","file:///home/oleksii-shemshur/work/toolchains/source/gcc-9.2.0/gcc/df-core.c:843:7:843:20","pass_df_finish"
13182,"/home/oleksii-shemshur/work/toolchains/source/gcc-9.2.0/gcc/df-core.c","file:///home/oleksii-shemshur/work/toolchains/source/gcc-9.2.0/gcc/df-core.c:0:0:0:0","pass_df_initialize_no_opt",2201655,"file:///home/oleksii-shemshur/work/toolchains/source/gcc-9.2.0/gcc/df-core.c:776:7:776:31","file:///home/oleksii-shemshur/work/toolchains/source/gcc-9.2.0/gcc/df-core.c:776:7:776:31","rtl_opt_pass"
13182,"/home/oleksii-shemshur/work/toolchains/source/gcc-9.2.0/gcc/df-core.c","file:///home/oleksii-shemshur/work/toolchains/source/gcc-9.2.0/gcc/df-core.c:0:0:0:0","pass_df_initialize_no_opt",2201655,"file:///home/oleksii-shemshur/work/toolchains/source/gcc-9.2.0/gcc/df-core.c:776:7:776:31","file:///home/oleksii-shemshur/work/toolchains/source/gcc-9.2.0/gcc/df-core.c:776:7:776:31","opt_pass"
13182,"/home/oleksii-shemshur/work/toolchains/source/gcc-9.2.0/gcc/df-core.c","file:///home/oleksii-shemshur/work/toolchains/source/gcc-9.2.0/gcc/df-core.c:0:0:0:0","pass_df_initialize_no_opt",2201655,"file:///home/oleksii-shemshur/work/toolchains/source/gcc-9.2.0/gcc/df-core.c:776:7:776:31","file:///home/oleksii-shemshur/work/toolchains/source/gcc-9.2.0/gcc/df-core.c:776:7:776:31","pass_data"
13182,"/home/oleksii-shemshur/work/toolchains/source/gcc-9.2.0/gcc/df-core.c","file:///home/oleksii-shemshur/work/toolchains/source/gcc-9.2.0/gcc/df-core.c:0:0:0:0","pass_df_initialize_no_opt",2201655,"file:///home/oleksii-shemshur/work/toolchains/source/gcc-9.2.0/gcc/df-core.c:776:7:776:31","file:///home/oleksii-shemshur/work/toolchains/source/gcc-9.2.0/gcc/df-core.c:776:7:776:31","pass_df_initialize_no_opt"
13182,"/home/oleksii-shemshur/work/toolchains/source/gcc-9.2.0/gcc/df-core.c","file:///home/oleksii-shemshur/work/toolchains/source/gcc-9.2.0/gcc/df-core.c:0:0:0:0","pass_df_initialize_opt",2201659,"file:///home/oleksii-shemshur/work/toolchains/source/gcc-9.2.0/gcc/df-core.c:736:7:736:28","file:///home/oleksii-shemshur/work/toolchains/source/gcc-9.2.0/gcc/df-core.c:736:7:736:28","rtl_opt_pass"
13182,"/home/oleksii-shemshur/work/toolchains/source/gcc-9.2.0/gcc/df-core.c","file:///home/oleksii-shemshur/work/toolchains/source/gcc-9.2.0/gcc/df-core.c:0:0:0:0","pass_df_initialize_opt",2201659,"file:///home/oleksii-shemshur/work/toolchains/source/gcc-9.2.0/gcc/df-core.c:736:7:736:28","file:///home/oleksii-shemshur/work/toolchains/source/gcc-9.2.0/gcc/df-core.c:736:7:736:28","opt_pass"
13182,"/home/oleksii-shemshur/work/toolchains/source/gcc-9.2.0/gcc/df-core.c","file:///home/oleksii-shemshur/work/toolchains/source/gcc-9.2.0/gcc/df-core.c:0:0:0:0","pass_df_initialize_opt",2201659,"file:///home/oleksii-shemshur/work/toolchains/source/gcc-9.2.0/gcc/df-core.c:736:7:736:28","file:///home/oleksii-shemshur/work/toolchains/source/gcc-9.2.0/gcc/df-core.c:736:7:736:28","pass_data"
13182,"/home/oleksii-shemshur/work/toolchains/source/gcc-9.2.0/gcc/df-core.c","file:///home/oleksii-shemshur/work/toolchains/source/gcc-9.2.0/gcc/df-core.c:0:0:0:0","pass_df_initialize_opt",2201659,"file:///home/oleksii-shemshur/work/toolchains/source/gcc-9.2.0/gcc/df-core.c:736:7:736:28","file:///home/oleksii-shemshur/work/toolchains/source/gcc-9.2.0/gcc/df-core.c:736:7:736:28","pass_df_initialize_opt"
13712,"/home/oleksii-shemshur/work/toolchains/source/gcc-9.2.0/gcc/dse.c","file:///home/oleksii-shemshur/work/toolchains/source/gcc-9.2.0/gcc/dse.c:0:0:0:0","pass_rtl_dse2",2276032,"file:///home/oleksii-shemshur/work/toolchains/source/gcc-9.2.0/gcc/dse.c:3682:7:3682:19","file:///home/oleksii-shemshur/work/toolchains/source/gcc-9.2.0/gcc/dse.c:3682:7:3682:19","rtl_opt_pass"
13712,"/home/oleksii-shemshur/work/toolchains/source/gcc-9.2.0/gcc/dse.c","file:///home/oleksii-shemshur/work/toolchains/source/gcc-9.2.0/gcc/dse.c:0:0:0:0","pass_rtl_dse2",2276032,"file:///home/oleksii-shemshur/work/toolchains/source/gcc-9.2.0/gcc/dse.c:3682:7:3682:19","file:///home/oleksii-shemshur/work/toolchains/source/gcc-9.2.0/gcc/dse.c:3682:7:3682:19","opt_pass"
13712,"/home/oleksii-shemshur/work/toolchains/source/gcc-9.2.0/gcc/dse.c","file:///home/oleksii-shemshur/work/toolchains/source/gcc-9.2.0/gcc/dse.c:0:0:0:0","pass_rtl_dse2",2276032,"file:///home/oleksii-shemshur/work/toolchains/source/gcc-9.2.0/gcc/dse.c:3682:7:3682:19","file:///home/oleksii-shemshur/work/toolchains/source/gcc-9.2.0/gcc/dse.c:3682:7:3682:19","pass_data"
13712,"/home/oleksii-shemshur/work/toolchains/source/gcc-9.2.0/gcc/dse.c","file:///home/oleksii-shemshur/work/toolchains/source/gcc-9.2.0/gcc/dse.c:0:0:0:0","pass_rtl_dse2",2276032,"file:///home/oleksii-shemshur/work/toolchains/source/gcc-9.2.0/gcc/dse.c:3682:7:3682:19","file:///home/oleksii-shemshur/work/toolchains/source/gcc-9.2.0/gcc/dse.c:3682:7:3682:19","pass_rtl_dse2"
13712,"/home/oleksii-shemshur/work/toolchains/source/gcc-9.2.0/gcc/dse.c","file:///home/oleksii-shemshur/work/toolchains/source/gcc-9.2.0/gcc/dse.c:0:0:0:0","pass_rtl_dse1",2276036,"file:///home/oleksii-shemshur/work/toolchains/source/gcc-9.2.0/gcc/dse.c:3642:7:3642:19","file:///home/oleksii-shemshur/work/toolchains/source/gcc-9.2.0/gcc/dse.c:3642:7:3642:19","rtl_opt_pass"
13712,"/home/oleksii-shemshur/work/toolchains/source/gcc-9.2.0/gcc/dse.c","file:///home/oleksii-shemshur/work/toolchains/source/gcc-9.2.0/gcc/dse.c:0:0:0:0","pass_rtl_dse1",2276036,"file:///home/oleksii-shemshur/work/toolchains/source/gcc-9.2.0/gcc/dse.c:3642:7:3642:19","file:///home/oleksii-shemshur/work/toolchains/source/gcc-9.2.0/gcc/dse.c:3642:7:3642:19","opt_pass"
13712,"/home/oleksii-shemshur/work/toolchains/source/gcc-9.2.0/gcc/dse.c","file:///home/oleksii-shemshur/work/toolchains/source/gcc-9.2.0/gcc/dse.c:0:0:0:0","pass_rtl_dse1",2276036,"file:///home/oleksii-shemshur/work/toolchains/source/gcc-9.2.0/gcc/dse.c:3642:7:3642:19","file:///home/oleksii-shemshur/work/toolchains/source/gcc-9.2.0/gcc/dse.c:3642:7:3642:19","pass_data"
13712,"/home/oleksii-shemshur/work/toolchains/source/gcc-9.2.0/gcc/dse.c","file:///home/oleksii-shemshur/work/toolchains/source/gcc-9.2.0/gcc/dse.c:0:0:0:0","pass_rtl_dse1",2276036,"file:///home/oleksii-shemshur/work/toolchains/source/gcc-9.2.0/gcc/dse.c:3642:7:3642:19","file:///home/oleksii-shemshur/work/toolchains/source/gcc-9.2.0/gcc/dse.c:3642:7:3642:19","pass_rtl_dse1"
13980,"/home/oleksii-shemshur/work/toolchains/source/gcc-9.2.0/gcc/dwarf2cfi.c","file:///home/oleksii-shemshur/work/toolchains/source/gcc-9.2.0/gcc/dwarf2cfi.c:0:0:0:0","pass_dwarf2_frame",2304989,"file:///home/oleksii-shemshur/work/toolchains/source/gcc-9.2.0/gcc/dwarf2cfi.c:3565:7:3565:23","file:///home/oleksii-shemshur/work/toolchains/source/gcc-9.2.0/gcc/dwarf2cfi.c:3565:7:3565:23","rtl_opt_pass"
13980,"/home/oleksii-shemshur/work/toolchains/source/gcc-9.2.0/gcc/dwarf2cfi.c","file:///home/oleksii-shemshur/work/toolchains/source/gcc-9.2.0/gcc/dwarf2cfi.c:0:0:0:0","pass_dwarf2_frame",2304989,"file:///home/oleksii-shemshur/work/toolchains/source/gcc-9.2.0/gcc/dwarf2cfi.c:3565:7:3565:23","file:///home/oleksii-shemshur/work/toolchains/source/gcc-9.2.0/gcc/dwarf2cfi.c:3565:7:3565:23","opt_pass"
13980,"/home/oleksii-shemshur/work/toolchains/source/gcc-9.2.0/gcc/dwarf2cfi.c","file:///home/oleksii-shemshur/work/toolchains/source/gcc-9.2.0/gcc/dwarf2cfi.c:0:0:0:0","pass_dwarf2_frame",2304989,"file:///home/oleksii-shemshur/work/toolchains/source/gcc-9.2.0/gcc/dwarf2cfi.c:3565:7:3565:23","file:///home/oleksii-shemshur/work/toolchains/source/gcc-9.2.0/gcc/dwarf2cfi.c:3565:7:3565:23","pass_data"
13980,"/home/oleksii-shemshur/work/toolchains/source/gcc-9.2.0/gcc/dwarf2cfi.c","file:///home/oleksii-shemshur/work/toolchains/source/gcc-9.2.0/gcc/dwarf2cfi.c:0:0:0:0","pass_dwarf2_frame",2304989,"file:///home/oleksii-shemshur/work/toolchains/source/gcc-9.2.0/gcc/dwarf2cfi.c:3565:7:3565:23","file:///home/oleksii-shemshur/work/toolchains/source/gcc-9.2.0/gcc/dwarf2cfi.c:3565:7:3565:23","pass_dwarf2_frame"
14525,"/home/oleksii-shemshur/work/toolchains/source/gcc-9.2.0/gcc/early-remat.c","file:///home/oleksii-shemshur/work/toolchains/source/gcc-9.2.0/gcc/early-remat.c:0:0:0:0","pass_early_remat",2434160,"file:///home/oleksii-shemshur/work/toolchains/source/gcc-9.2.0/gcc/early-remat.c:2581:7:2581:22","file:///home/oleksii-shemshur/work/toolchains/source/gcc-9.2.0/gcc/early-remat.c:2581:7:2581:22","rtl_opt_pass"
14525,"/home/oleksii-shemshur/work/toolchains/source/gcc-9.2.0/gcc/early-remat.c","file:///home/oleksii-shemshur/work/toolchains/source/gcc-9.2.0/gcc/early-remat.c:0:0:0:0","pass_early_remat",2434160,"file:///home/oleksii-shemshur/work/toolchains/source/gcc-9.2.0/gcc/early-remat.c:2581:7:2581:22","file:///home/oleksii-shemshur/work/toolchains/source/gcc-9.2.0/gcc/early-remat.c:2581:7:2581:22","opt_pass"
14525,"/home/oleksii-shemshur/work/toolchains/source/gcc-9.2.0/gcc/early-remat.c","file:///home/oleksii-shemshur/work/toolchains/source/gcc-9.2.0/gcc/early-remat.c:0:0:0:0","pass_early_remat",2434160,"file:///home/oleksii-shemshur/work/toolchains/source/gcc-9.2.0/gcc/early-remat.c:2581:7:2581:22","file:///home/oleksii-shemshur/work/toolchains/source/gcc-9.2.0/gcc/early-remat.c:2581:7:2581:22","pass_data"
14525,"/home/oleksii-shemshur/work/toolchains/source/gcc-9.2.0/gcc/early-remat.c","file:///home/oleksii-shemshur/work/toolchains/source/gcc-9.2.0/gcc/early-remat.c:0:0:0:0","pass_early_remat",2434160,"file:///home/oleksii-shemshur/work/toolchains/source/gcc-9.2.0/gcc/early-remat.c:2581:7:2581:22","file:///home/oleksii-shemshur/work/toolchains/source/gcc-9.2.0/gcc/early-remat.c:2581:7:2581:22","pass_early_remat"
15119,"/home/oleksii-shemshur/work/toolchains/source/gcc-9.2.0/gcc/except.c","file:///home/oleksii-shemshur/work/toolchains/source/gcc-9.2.0/gcc/except.c:0:0:0:0","pass_set_nothrow_function_flags",2479091,"file:///home/oleksii-shemshur/work/toolchains/source/gcc-9.2.0/gcc/except.c:2032:7:2032:37","file:///home/oleksii-shemshur/work/toolchains/source/gcc-9.2.0/gcc/except.c:2032:7:2032:37","rtl_opt_pass"
15119,"/home/oleksii-shemshur/work/toolchains/source/gcc-9.2.0/gcc/except.c","file:///home/oleksii-shemshur/work/toolchains/source/gcc-9.2.0/gcc/except.c:0:0:0:0","pass_set_nothrow_function_flags",2479091,"file:///home/oleksii-shemshur/work/toolchains/source/gcc-9.2.0/gcc/except.c:2032:7:2032:37","file:///home/oleksii-shemshur/work/toolchains/source/gcc-9.2.0/gcc/except.c:2032:7:2032:37","opt_pass"
15119,"/home/oleksii-shemshur/work/toolchains/source/gcc-9.2.0/gcc/except.c","file:///home/oleksii-shemshur/work/toolchains/source/gcc-9.2.0/gcc/except.c:0:0:0:0","pass_set_nothrow_function_flags",2479091,"file:///home/oleksii-shemshur/work/toolchains/source/gcc-9.2.0/gcc/except.c:2032:7:2032:37","file:///home/oleksii-shemshur/work/toolchains/source/gcc-9.2.0/gcc/except.c:2032:7:2032:37","pass_data"
15119,"/home/oleksii-shemshur/work/toolchains/source/gcc-9.2.0/gcc/except.c","file:///home/oleksii-shemshur/work/toolchains/source/gcc-9.2.0/gcc/except.c:0:0:0:0","pass_set_nothrow_function_flags",2479091,"file:///home/oleksii-shemshur/work/toolchains/source/gcc-9.2.0/gcc/except.c:2032:7:2032:37","file:///home/oleksii-shemshur/work/toolchains/source/gcc-9.2.0/gcc/except.c:2032:7:2032:37","pass_set_nothrow_function_flags"
15119,"/home/oleksii-shemshur/work/toolchains/source/gcc-9.2.0/gcc/except.c","file:///home/oleksii-shemshur/work/toolchains/source/gcc-9.2.0/gcc/except.c:0:0:0:0","pass_convert_to_eh_region_ranges",2479087,"file:///home/oleksii-shemshur/work/toolchains/source/gcc-9.2.0/gcc/except.c:2707:7:2707:38","file:///home/oleksii-shemshur/work/toolchains/source/gcc-9.2.0/gcc/except.c:2707:7:2707:38","rtl_opt_pass"
15119,"/home/oleksii-shemshur/work/toolchains/source/gcc-9.2.0/gcc/except.c","file:///home/oleksii-shemshur/work/toolchains/source/gcc-9.2.0/gcc/except.c:0:0:0:0","pass_convert_to_eh_region_ranges",2479087,"file:///home/oleksii-shemshur/work/toolchains/source/gcc-9.2.0/gcc/except.c:2707:7:2707:38","file:///home/oleksii-shemshur/work/toolchains/source/gcc-9.2.0/gcc/except.c:2707:7:2707:38","opt_pass"
15119,"/home/oleksii-shemshur/work/toolchains/source/gcc-9.2.0/gcc/except.c","file:///home/oleksii-shemshur/work/toolchains/source/gcc-9.2.0/gcc/except.c:0:0:0:0","pass_convert_to_eh_region_ranges",2479087,"file:///home/oleksii-shemshur/work/toolchains/source/gcc-9.2.0/gcc/except.c:2707:7:2707:38","file:///home/oleksii-shemshur/work/toolchains/source/gcc-9.2.0/gcc/except.c:2707:7:2707:38","pass_data"
15119,"/home/oleksii-shemshur/work/toolchains/source/gcc-9.2.0/gcc/except.c","file:///home/oleksii-shemshur/work/toolchains/source/gcc-9.2.0/gcc/except.c:0:0:0:0","pass_convert_to_eh_region_ranges",2479087,"file:///home/oleksii-shemshur/work/toolchains/source/gcc-9.2.0/gcc/except.c:2707:7:2707:38","file:///home/oleksii-shemshur/work/toolchains/source/gcc-9.2.0/gcc/except.c:2707:7:2707:38","pass_convert_to_eh_region_ranges"
15555,"/home/oleksii-shemshur/work/toolchains/source/gcc-9.2.0/gcc/final.c","file:///home/oleksii-shemshur/work/toolchains/source/gcc-9.2.0/gcc/final.c:0:0:0:0","pass_clean_state",2569869,"file:///home/oleksii-shemshur/work/toolchains/source/gcc-9.2.0/gcc/final.c:4948:7:4948:22","file:///home/oleksii-shemshur/work/toolchains/source/gcc-9.2.0/gcc/final.c:4948:7:4948:22","rtl_opt_pass"
15555,"/home/oleksii-shemshur/work/toolchains/source/gcc-9.2.0/gcc/final.c","file:///home/oleksii-shemshur/work/toolchains/source/gcc-9.2.0/gcc/final.c:0:0:0:0","pass_clean_state",2569869,"file:///home/oleksii-shemshur/work/toolchains/source/gcc-9.2.0/gcc/final.c:4948:7:4948:22","file:///home/oleksii-shemshur/work/toolchains/source/gcc-9.2.0/gcc/final.c:4948:7:4948:22","opt_pass"
15555,"/home/oleksii-shemshur/work/toolchains/source/gcc-9.2.0/gcc/final.c","file:///home/oleksii-shemshur/work/toolchains/source/gcc-9.2.0/gcc/final.c:0:0:0:0","pass_clean_state",2569869,"file:///home/oleksii-shemshur/work/toolchains/source/gcc-9.2.0/gcc/final.c:4948:7:4948:22","file:///home/oleksii-shemshur/work/toolchains/source/gcc-9.2.0/gcc/final.c:4948:7:4948:22","pass_data"
15555,"/home/oleksii-shemshur/work/toolchains/source/gcc-9.2.0/gcc/final.c","file:///home/oleksii-shemshur/work/toolchains/source/gcc-9.2.0/gcc/final.c:0:0:0:0","pass_clean_state",2569869,"file:///home/oleksii-shemshur/work/toolchains/source/gcc-9.2.0/gcc/final.c:4948:7:4948:22","file:///home/oleksii-shemshur/work/toolchains/source/gcc-9.2.0/gcc/final.c:4948:7:4948:22","pass_clean_state"
15555,"/home/oleksii-shemshur/work/toolchains/source/gcc-9.2.0/gcc/final.c","file:///home/oleksii-shemshur/work/toolchains/source/gcc-9.2.0/gcc/final.c:0:0:0:0","pass_final",2569877,"file:///home/oleksii-shemshur/work/toolchains/source/gcc-9.2.0/gcc/final.c:4729:7:4729:16","file:///home/oleksii-shemshur/work/toolchains/source/gcc-9.2.0/gcc/final.c:4729:7:4729:16","rtl_opt_pass"
15555,"/home/oleksii-shemshur/work/toolchains/source/gcc-9.2.0/gcc/final.c","file:///home/oleksii-shemshur/work/toolchains/source/gcc-9.2.0/gcc/final.c:0:0:0:0","pass_final",2569877,"file:///home/oleksii-shemshur/work/toolchains/source/gcc-9.2.0/gcc/final.c:4729:7:4729:16","file:///home/oleksii-shemshur/work/toolchains/source/gcc-9.2.0/gcc/final.c:4729:7:4729:16","opt_pass"
15555,"/home/oleksii-shemshur/work/toolchains/source/gcc-9.2.0/gcc/final.c","file:///home/oleksii-shemshur/work/toolchains/source/gcc-9.2.0/gcc/final.c:0:0:0:0","pass_final",2569877,"file:///home/oleksii-shemshur/work/toolchains/source/gcc-9.2.0/gcc/final.c:4729:7:4729:16","file:///home/oleksii-shemshur/work/toolchains/source/gcc-9.2.0/gcc/final.c:4729:7:4729:16","pass_data"
15555,"/home/oleksii-shemshur/work/toolchains/source/gcc-9.2.0/gcc/final.c","file:///home/oleksii-shemshur/work/toolchains/source/gcc-9.2.0/gcc/final.c:0:0:0:0","pass_final",2569877,"file:///home/oleksii-shemshur/work/toolchains/source/gcc-9.2.0/gcc/final.c:4729:7:4729:16","file:///home/oleksii-shemshur/work/toolchains/source/gcc-9.2.0/gcc/final.c:4729:7:4729:16","pass_final"
15555,"/home/oleksii-shemshur/work/toolchains/source/gcc-9.2.0/gcc/final.c","file:///home/oleksii-shemshur/work/toolchains/source/gcc-9.2.0/gcc/final.c:0:0:0:0","pass_shorten_branches",2569873,"file:///home/oleksii-shemshur/work/toolchains/source/gcc-9.2.0/gcc/final.c:4773:7:4773:27","file:///home/oleksii-shemshur/work/toolchains/source/gcc-9.2.0/gcc/final.c:4773:7:4773:27","rtl_opt_pass"
15555,"/home/oleksii-shemshur/work/toolchains/source/gcc-9.2.0/gcc/final.c","file:///home/oleksii-shemshur/work/toolchains/source/gcc-9.2.0/gcc/final.c:0:0:0:0","pass_shorten_branches",2569873,"file:///home/oleksii-shemshur/work/toolchains/source/gcc-9.2.0/gcc/final.c:4773:7:4773:27","file:///home/oleksii-shemshur/work/toolchains/source/gcc-9.2.0/gcc/final.c:4773:7:4773:27","opt_pass"
15555,"/home/oleksii-shemshur/work/toolchains/source/gcc-9.2.0/gcc/final.c","file:///home/oleksii-shemshur/work/toolchains/source/gcc-9.2.0/gcc/final.c:0:0:0:0","pass_shorten_branches",2569873,"file:///home/oleksii-shemshur/work/toolchains/source/gcc-9.2.0/gcc/final.c:4773:7:4773:27","file:///home/oleksii-shemshur/work/toolchains/source/gcc-9.2.0/gcc/final.c:4773:7:4773:27","pass_data"
15555,"/home/oleksii-shemshur/work/toolchains/source/gcc-9.2.0/gcc/final.c","file:///home/oleksii-shemshur/work/toolchains/source/gcc-9.2.0/gcc/final.c:0:0:0:0","pass_shorten_branches",2569873,"file:///home/oleksii-shemshur/work/toolchains/source/gcc-9.2.0/gcc/final.c:4773:7:4773:27","file:///home/oleksii-shemshur/work/toolchains/source/gcc-9.2.0/gcc/final.c:4773:7:4773:27","pass_shorten_branches"
15555,"/home/oleksii-shemshur/work/toolchains/source/gcc-9.2.0/gcc/final.c","file:///home/oleksii-shemshur/work/toolchains/source/gcc-9.2.0/gcc/final.c:0:0:0:0","pass_compute_alignments",2569881,"file:///home/oleksii-shemshur/work/toolchains/source/gcc-9.2.0/gcc/final.c:817:7:817:29","file:///home/oleksii-shemshur/work/toolchains/source/gcc-9.2.0/gcc/final.c:817:7:817:29","rtl_opt_pass"
15555,"/home/oleksii-shemshur/work/toolchains/source/gcc-9.2.0/gcc/final.c","file:///home/oleksii-shemshur/work/toolchains/source/gcc-9.2.0/gcc/final.c:0:0:0:0","pass_compute_alignments",2569881,"file:///home/oleksii-shemshur/work/toolchains/source/gcc-9.2.0/gcc/final.c:817:7:817:29","file:///home/oleksii-shemshur/work/toolchains/source/gcc-9.2.0/gcc/final.c:817:7:817:29","opt_pass"
15555,"/home/oleksii-shemshur/work/toolchains/source/gcc-9.2.0/gcc/final.c","file:///home/oleksii-shemshur/work/toolchains/source/gcc-9.2.0/gcc/final.c:0:0:0:0","pass_compute_alignments",2569881,"file:///home/oleksii-shemshur/work/toolchains/source/gcc-9.2.0/gcc/final.c:817:7:817:29","file:///home/oleksii-shemshur/work/toolchains/source/gcc-9.2.0/gcc/final.c:817:7:817:29","pass_data"
15555,"/home/oleksii-shemshur/work/toolchains/source/gcc-9.2.0/gcc/final.c","file:///home/oleksii-shemshur/work/toolchains/source/gcc-9.2.0/gcc/final.c:0:0:0:0","pass_compute_alignments",2569881,"file:///home/oleksii-shemshur/work/toolchains/source/gcc-9.2.0/gcc/final.c:817:7:817:29","file:///home/oleksii-shemshur/work/toolchains/source/gcc-9.2.0/gcc/final.c:817:7:817:29","pass_compute_alignments"
16120,"/home/oleksii-shemshur/work/toolchains/source/gcc-9.2.0/gcc/function.c","file:///home/oleksii-shemshur/work/toolchains/source/gcc-9.2.0/gcc/function.c:0:0:0:0","pass_leaf_regs",2651797,"file:///home/oleksii-shemshur/work/toolchains/source/gcc-9.2.0/gcc/function.c:6315:7:6315:20","file:///home/oleksii-shemshur/work/toolchains/source/gcc-9.2.0/gcc/function.c:6315:7:6315:20","rtl_opt_pass"
16120,"/home/oleksii-shemshur/work/toolchains/source/gcc-9.2.0/gcc/function.c","file:///home/oleksii-shemshur/work/toolchains/source/gcc-9.2.0/gcc/function.c:0:0:0:0","pass_leaf_regs",2651797,"file:///home/oleksii-shemshur/work/toolchains/source/gcc-9.2.0/gcc/function.c:6315:7:6315:20","file:///home/oleksii-shemshur/work/toolchains/source/gcc-9.2.0/gcc/function.c:6315:7:6315:20","opt_pass"
16120,"/home/oleksii-shemshur/work/toolchains/source/gcc-9.2.0/gcc/function.c","file:///home/oleksii-shemshur/work/toolchains/source/gcc-9.2.0/gcc/function.c:0:0:0:0","pass_leaf_regs",2651797,"file:///home/oleksii-shemshur/work/toolchains/source/gcc-9.2.0/gcc/function.c:6315:7:6315:20","file:///home/oleksii-shemshur/work/toolchains/source/gcc-9.2.0/gcc/function.c:6315:7:6315:20","pass_data"
16120,"/home/oleksii-shemshur/work/toolchains/source/gcc-9.2.0/gcc/function.c","file:///home/oleksii-shemshur/work/toolchains/source/gcc-9.2.0/gcc/function.c:0:0:0:0","pass_leaf_regs",2651797,"file:///home/oleksii-shemshur/work/toolchains/source/gcc-9.2.0/gcc/function.c:6315:7:6315:20","file:///home/oleksii-shemshur/work/toolchains/source/gcc-9.2.0/gcc/function.c:6315:7:6315:20","pass_leaf_regs"
16120,"/home/oleksii-shemshur/work/toolchains/source/gcc-9.2.0/gcc/function.c","file:///home/oleksii-shemshur/work/toolchains/source/gcc-9.2.0/gcc/function.c:0:0:0:0","pass_thread_prologue_and_epilogue",2651793,"file:///home/oleksii-shemshur/work/toolchains/source/gcc-9.2.0/gcc/function.c:6382:7:6382:39","file:///home/oleksii-shemshur/work/toolchains/source/gcc-9.2.0/gcc/function.c:6382:7:6382:39","rtl_opt_pass"
16120,"/home/oleksii-shemshur/work/toolchains/source/gcc-9.2.0/gcc/function.c","file:///home/oleksii-shemshur/work/toolchains/source/gcc-9.2.0/gcc/function.c:0:0:0:0","pass_thread_prologue_and_epilogue",2651793,"file:///home/oleksii-shemshur/work/toolchains/source/gcc-9.2.0/gcc/function.c:6382:7:6382:39","file:///home/oleksii-shemshur/work/toolchains/source/gcc-9.2.0/gcc/function.c:6382:7:6382:39","opt_pass"
16120,"/home/oleksii-shemshur/work/toolchains/source/gcc-9.2.0/gcc/function.c","file:///home/oleksii-shemshur/work/toolchains/source/gcc-9.2.0/gcc/function.c:0:0:0:0","pass_thread_prologue_and_epilogue",2651793,"file:///home/oleksii-shemshur/work/toolchains/source/gcc-9.2.0/gcc/function.c:6382:7:6382:39","file:///home/oleksii-shemshur/work/toolchains/source/gcc-9.2.0/gcc/function.c:6382:7:6382:39","pass_data"
16120,"/home/oleksii-shemshur/work/toolchains/source/gcc-9.2.0/gcc/function.c","file:///home/oleksii-shemshur/work/toolchains/source/gcc-9.2.0/gcc/function.c:0:0:0:0","pass_thread_prologue_and_epilogue",2651793,"file:///home/oleksii-shemshur/work/toolchains/source/gcc-9.2.0/gcc/function.c:6382:7:6382:39","file:///home/oleksii-shemshur/work/toolchains/source/gcc-9.2.0/gcc/function.c:6382:7:6382:39","pass_thread_prologue_and_epilogue"
16120,"/home/oleksii-shemshur/work/toolchains/source/gcc-9.2.0/gcc/function.c","file:///home/oleksii-shemshur/work/toolchains/source/gcc-9.2.0/gcc/function.c:0:0:0:0","pass_match_asm_constraints",2651789,"file:///home/oleksii-shemshur/work/toolchains/source/gcc-9.2.0/gcc/function.c:6602:7:6602:32","file:///home/oleksii-shemshur/work/toolchains/source/gcc-9.2.0/gcc/function.c:6602:7:6602:32","rtl_opt_pass"
16120,"/home/oleksii-shemshur/work/toolchains/source/gcc-9.2.0/gcc/function.c","file:///home/oleksii-shemshur/work/toolchains/source/gcc-9.2.0/gcc/function.c:0:0:0:0","pass_match_asm_constraints",2651789,"file:///home/oleksii-shemshur/work/toolchains/source/gcc-9.2.0/gcc/function.c:6602:7:6602:32","file:///home/oleksii-shemshur/work/toolchains/source/gcc-9.2.0/gcc/function.c:6602:7:6602:32","opt_pass"
16120,"/home/oleksii-shemshur/work/toolchains/source/gcc-9.2.0/gcc/function.c","file:///home/oleksii-shemshur/work/toolchains/source/gcc-9.2.0/gcc/function.c:0:0:0:0","pass_match_asm_constraints",2651789,"file:///home/oleksii-shemshur/work/toolchains/source/gcc-9.2.0/gcc/function.c:6602:7:6602:32","file:///home/oleksii-shemshur/work/toolchains/source/gcc-9.2.0/gcc/function.c:6602:7:6602:32","pass_data"
16120,"/home/oleksii-shemshur/work/toolchains/source/gcc-9.2.0/gcc/function.c","file:///home/oleksii-shemshur/work/toolchains/source/gcc-9.2.0/gcc/function.c:0:0:0:0","pass_match_asm_constraints",2651789,"file:///home/oleksii-shemshur/work/toolchains/source/gcc-9.2.0/gcc/function.c:6602:7:6602:32","file:///home/oleksii-shemshur/work/toolchains/source/gcc-9.2.0/gcc/function.c:6602:7:6602:32","pass_match_asm_constraints"
16120,"/home/oleksii-shemshur/work/toolchains/source/gcc-9.2.0/gcc/function.c","file:///home/oleksii-shemshur/work/toolchains/source/gcc-9.2.0/gcc/function.c:0:0:0:0","pass_instantiate_virtual_regs",2651801,"file:///home/oleksii-shemshur/work/toolchains/source/gcc-9.2.0/gcc/function.c:2014:7:2014:35","file:///home/oleksii-shemshur/work/toolchains/source/gcc-9.2.0/gcc/function.c:2014:7:2014:35","rtl_opt_pass"
16120,"/home/oleksii-shemshur/work/toolchains/source/gcc-9.2.0/gcc/function.c","file:///home/oleksii-shemshur/work/toolchains/source/gcc-9.2.0/gcc/function.c:0:0:0:0","pass_instantiate_virtual_regs",2651801,"file:///home/oleksii-shemshur/work/toolchains/source/gcc-9.2.0/gcc/function.c:2014:7:2014:35","file:///home/oleksii-shemshur/work/toolchains/source/gcc-9.2.0/gcc/function.c:2014:7:2014:35","opt_pass"
16120,"/home/oleksii-shemshur/work/toolchains/source/gcc-9.2.0/gcc/function.c","file:///home/oleksii-shemshur/work/toolchains/source/gcc-9.2.0/gcc/function.c:0:0:0:0","pass_instantiate_virtual_regs",2651801,"file:///home/oleksii-shemshur/work/toolchains/source/gcc-9.2.0/gcc/function.c:2014:7:2014:35","file:///home/oleksii-shemshur/work/toolchains/source/gcc-9.2.0/gcc/function.c:2014:7:2014:35","pass_data"
16120,"/home/oleksii-shemshur/work/toolchains/source/gcc-9.2.0/gcc/function.c","file:///home/oleksii-shemshur/work/toolchains/source/gcc-9.2.0/gcc/function.c:0:0:0:0","pass_instantiate_virtual_regs",2651801,"file:///home/oleksii-shemshur/work/toolchains/source/gcc-9.2.0/gcc/function.c:2014:7:2014:35","file:///home/oleksii-shemshur/work/toolchains/source/gcc-9.2.0/gcc/function.c:2014:7:2014:35","pass_instantiate_virtual_regs"
16254,"/home/oleksii-shemshur/work/toolchains/source/gcc-9.2.0/gcc/fwprop.c","file:///home/oleksii-shemshur/work/toolchains/source/gcc-9.2.0/gcc/fwprop.c:0:0:0:0","pass_rtl_fwprop_addr",2659712,"file:///home/oleksii-shemshur/work/toolchains/source/gcc-9.2.0/gcc/fwprop.c:1594:7:1594:26","file:///home/oleksii-shemshur/work/toolchains/source/gcc-9.2.0/gcc/fwprop.c:1594:7:1594:26","rtl_opt_pass"
16254,"/home/oleksii-shemshur/work/toolchains/source/gcc-9.2.0/gcc/fwprop.c","file:///home/oleksii-shemshur/work/toolchains/source/gcc-9.2.0/gcc/fwprop.c:0:0:0:0","pass_rtl_fwprop_addr",2659712,"file:///home/oleksii-shemshur/work/toolchains/source/gcc-9.2.0/gcc/fwprop.c:1594:7:1594:26","file:///home/oleksii-shemshur/work/toolchains/source/gcc-9.2.0/gcc/fwprop.c:1594:7:1594:26","opt_pass"
16254,"/home/oleksii-shemshur/work/toolchains/source/gcc-9.2.0/gcc/fwprop.c","file:///home/oleksii-shemshur/work/toolchains/source/gcc-9.2.0/gcc/fwprop.c:0:0:0:0","pass_rtl_fwprop_addr",2659712,"file:///home/oleksii-shemshur/work/toolchains/source/gcc-9.2.0/gcc/fwprop.c:1594:7:1594:26","file:///home/oleksii-shemshur/work/toolchains/source/gcc-9.2.0/gcc/fwprop.c:1594:7:1594:26","pass_data"
16254,"/home/oleksii-shemshur/work/toolchains/source/gcc-9.2.0/gcc/fwprop.c","file:///home/oleksii-shemshur/work/toolchains/source/gcc-9.2.0/gcc/fwprop.c:0:0:0:0","pass_rtl_fwprop_addr",2659712,"file:///home/oleksii-shemshur/work/toolchains/source/gcc-9.2.0/gcc/fwprop.c:1594:7:1594:26","file:///home/oleksii-shemshur/work/toolchains/source/gcc-9.2.0/gcc/fwprop.c:1594:7:1594:26","pass_rtl_fwprop_addr"
16254,"/home/oleksii-shemshur/work/toolchains/source/gcc-9.2.0/gcc/fwprop.c","file:///home/oleksii-shemshur/work/toolchains/source/gcc-9.2.0/gcc/fwprop.c:0:0:0:0","pass_rtl_fwprop",2659716,"file:///home/oleksii-shemshur/work/toolchains/source/gcc-9.2.0/gcc/fwprop.c:1531:7:1531:21","file:///home/oleksii-shemshur/work/toolchains/source/gcc-9.2.0/gcc/fwprop.c:1531:7:1531:21","rtl_opt_pass"
16254,"/home/oleksii-shemshur/work/toolchains/source/gcc-9.2.0/gcc/fwprop.c","file:///home/oleksii-shemshur/work/toolchains/source/gcc-9.2.0/gcc/fwprop.c:0:0:0:0","pass_rtl_fwprop",2659716,"file:///home/oleksii-shemshur/work/toolchains/source/gcc-9.2.0/gcc/fwprop.c:1531:7:1531:21","file:///home/oleksii-shemshur/work/toolchains/source/gcc-9.2.0/gcc/fwprop.c:1531:7:1531:21","opt_pass"
16254,"/home/oleksii-shemshur/work/toolchains/source/gcc-9.2.0/gcc/fwprop.c","file:///home/oleksii-shemshur/work/toolchains/source/gcc-9.2.0/gcc/fwprop.c:0:0:0:0","pass_rtl_fwprop",2659716,"file:///home/oleksii-shemshur/work/toolchains/source/gcc-9.2.0/gcc/fwprop.c:1531:7:1531:21","file:///home/oleksii-shemshur/work/toolchains/source/gcc-9.2.0/gcc/fwprop.c:1531:7:1531:21","pass_data"
16254,"/home/oleksii-shemshur/work/toolchains/source/gcc-9.2.0/gcc/fwprop.c","file:///home/oleksii-shemshur/work/toolchains/source/gcc-9.2.0/gcc/fwprop.c:0:0:0:0","pass_rtl_fwprop",2659716,"file:///home/oleksii-shemshur/work/toolchains/source/gcc-9.2.0/gcc/fwprop.c:1531:7:1531:21","file:///home/oleksii-shemshur/work/toolchains/source/gcc-9.2.0/gcc/fwprop.c:1531:7:1531:21","pass_rtl_fwprop"
17693,"/home/oleksii-shemshur/work/toolchains/source/gcc-9.2.0/gcc/gcse.c","file:///home/oleksii-shemshur/work/toolchains/source/gcc-9.2.0/gcc/gcse.c:0:0:0:0","pass_rtl_hoist",2765626,"file:///home/oleksii-shemshur/work/toolchains/source/gcc-9.2.0/gcc/gcse.c:4108:7:4108:20","file:///home/oleksii-shemshur/work/toolchains/source/gcc-9.2.0/gcc/gcse.c:4108:7:4108:20","rtl_opt_pass"
17693,"/home/oleksii-shemshur/work/toolchains/source/gcc-9.2.0/gcc/gcse.c","file:///home/oleksii-shemshur/work/toolchains/source/gcc-9.2.0/gcc/gcse.c:0:0:0:0","pass_rtl_hoist",2765626,"file:///home/oleksii-shemshur/work/toolchains/source/gcc-9.2.0/gcc/gcse.c:4108:7:4108:20","file:///home/oleksii-shemshur/work/toolchains/source/gcc-9.2.0/gcc/gcse.c:4108:7:4108:20","opt_pass"
17693,"/home/oleksii-shemshur/work/toolchains/source/gcc-9.2.0/gcc/gcse.c","file:///home/oleksii-shemshur/work/toolchains/source/gcc-9.2.0/gcc/gcse.c:0:0:0:0","pass_rtl_hoist",2765626,"file:///home/oleksii-shemshur/work/toolchains/source/gcc-9.2.0/gcc/gcse.c:4108:7:4108:20","file:///home/oleksii-shemshur/work/toolchains/source/gcc-9.2.0/gcc/gcse.c:4108:7:4108:20","pass_data"
17693,"/home/oleksii-shemshur/work/toolchains/source/gcc-9.2.0/gcc/gcse.c","file:///home/oleksii-shemshur/work/toolchains/source/gcc-9.2.0/gcc/gcse.c:0:0:0:0","pass_rtl_hoist",2765626,"file:///home/oleksii-shemshur/work/toolchains/source/gcc-9.2.0/gcc/gcse.c:4108:7:4108:20","file:///home/oleksii-shemshur/work/toolchains/source/gcc-9.2.0/gcc/gcse.c:4108:7:4108:20","pass_rtl_hoist"
17693,"/home/oleksii-shemshur/work/toolchains/source/gcc-9.2.0/gcc/gcse.c","file:///home/oleksii-shemshur/work/toolchains/source/gcc-9.2.0/gcc/gcse.c:0:0:0:0","pass_rtl_pre",2765630,"file:///home/oleksii-shemshur/work/toolchains/source/gcc-9.2.0/gcc/gcse.c:4058:7:4058:18","file:///home/oleksii-shemshur/work/toolchains/source/gcc-9.2.0/gcc/gcse.c:4058:7:4058:18","rtl_opt_pass"
17693,"/home/oleksii-shemshur/work/toolchains/source/gcc-9.2.0/gcc/gcse.c","file:///home/oleksii-shemshur/work/toolchains/source/gcc-9.2.0/gcc/gcse.c:0:0:0:0","pass_rtl_pre",2765630,"file:///home/oleksii-shemshur/work/toolchains/source/gcc-9.2.0/gcc/gcse.c:4058:7:4058:18","file:///home/oleksii-shemshur/work/toolchains/source/gcc-9.2.0/gcc/gcse.c:4058:7:4058:18","opt_pass"
17693,"/home/oleksii-shemshur/work/toolchains/source/gcc-9.2.0/gcc/gcse.c","file:///home/oleksii-shemshur/work/toolchains/source/gcc-9.2.0/gcc/gcse.c:0:0:0:0","pass_rtl_pre",2765630,"file:///home/oleksii-shemshur/work/toolchains/source/gcc-9.2.0/gcc/gcse.c:4058:7:4058:18","file:///home/oleksii-shemshur/work/toolchains/source/gcc-9.2.0/gcc/gcse.c:4058:7:4058:18","pass_data"
17693,"/home/oleksii-shemshur/work/toolchains/source/gcc-9.2.0/gcc/gcse.c","file:///home/oleksii-shemshur/work/toolchains/source/gcc-9.2.0/gcc/gcse.c:0:0:0:0","pass_rtl_pre",2765630,"file:///home/oleksii-shemshur/work/toolchains/source/gcc-9.2.0/gcc/gcse.c:4058:7:4058:18","file:///home/oleksii-shemshur/work/toolchains/source/gcc-9.2.0/gcc/gcse.c:4058:7:4058:18","pass_rtl_pre"
19550,"/home/oleksii-shemshur/work/toolchains/source/gcc-9.2.0/gcc/gimple-laddress.c","file:///home/oleksii-shemshur/work/toolchains/source/gcc-9.2.0/gcc/gimple-laddress.c:0:0:0:0","pass_laddress",3096346,"file:///home/oleksii-shemshur/work/toolchains/source/gcc-9.2.0/gcc/gimple-laddress.c:61:7:61:19","file:///home/oleksii-shemshur/work/toolchains/source/gcc-9.2.0/gcc/gimple-laddress.c:61:7:61:19","opt_pass"
19550,"/home/oleksii-shemshur/work/toolchains/source/gcc-9.2.0/gcc/gimple-laddress.c","file:///home/oleksii-shemshur/work/toolchains/source/gcc-9.2.0/gcc/gimple-laddress.c:0:0:0:0","pass_laddress",3096346,"file:///home/oleksii-shemshur/work/toolchains/source/gcc-9.2.0/gcc/gimple-laddress.c:61:7:61:19","file:///home/oleksii-shemshur/work/toolchains/source/gcc-9.2.0/gcc/gimple-laddress.c:61:7:61:19","gimple_opt_pass"
19550,"/home/oleksii-shemshur/work/toolchains/source/gcc-9.2.0/gcc/gimple-laddress.c","file:///home/oleksii-shemshur/work/toolchains/source/gcc-9.2.0/gcc/gimple-laddress.c:0:0:0:0","pass_laddress",3096346,"file:///home/oleksii-shemshur/work/toolchains/source/gcc-9.2.0/gcc/gimple-laddress.c:61:7:61:19","file:///home/oleksii-shemshur/work/toolchains/source/gcc-9.2.0/gcc/gimple-laddress.c:61:7:61:19","pass_data"
19550,"/home/oleksii-shemshur/work/toolchains/source/gcc-9.2.0/gcc/gimple-laddress.c","file:///home/oleksii-shemshur/work/toolchains/source/gcc-9.2.0/gcc/gimple-laddress.c:0:0:0:0","pass_laddress",3096346,"file:///home/oleksii-shemshur/work/toolchains/source/gcc-9.2.0/gcc/gimple-laddress.c:61:7:61:19","file:///home/oleksii-shemshur/work/toolchains/source/gcc-9.2.0/gcc/gimple-laddress.c:61:7:61:19","pass_laddress"
19619,"/home/oleksii-shemshur/work/toolchains/source/gcc-9.2.0/gcc/gimple-loop-interchange.cc","file:///home/oleksii-shemshur/work/toolchains/source/gcc-9.2.0/gcc/gimple-loop-interchange.cc:0:0:0:0","pass_linterchange",3107327,"file:///home/oleksii-shemshur/work/toolchains/source/gcc-9.2.0/gcc/gimple-loop-interchange.cc:1678:7:1678:23","file:///home/oleksii-shemshur/work/toolchains/source/gcc-9.2.0/gcc/gimple-loop-interchange.cc:1678:7:1678:23","opt_pass"
19619,"/home/oleksii-shemshur/work/toolchains/source/gcc-9.2.0/gcc/gimple-loop-interchange.cc","file:///home/oleksii-shemshur/work/toolchains/source/gcc-9.2.0/gcc/gimple-loop-interchange.cc:0:0:0:0","pass_linterchange",3107327,"file:///home/oleksii-shemshur/work/toolchains/source/gcc-9.2.0/gcc/gimple-loop-interchange.cc:1678:7:1678:23","file:///home/oleksii-shemshur/work/toolchains/source/gcc-9.2.0/gcc/gimple-loop-interchange.cc:1678:7:1678:23","gimple_opt_pass"
19619,"/home/oleksii-shemshur/work/toolchains/source/gcc-9.2.0/gcc/gimple-loop-interchange.cc","file:///home/oleksii-shemshur/work/toolchains/source/gcc-9.2.0/gcc/gimple-loop-interchange.cc:0:0:0:0","pass_linterchange",3107327,"file:///home/oleksii-shemshur/work/toolchains/source/gcc-9.2.0/gcc/gimple-loop-interchange.cc:1678:7:1678:23","file:///home/oleksii-shemshur/work/toolchains/source/gcc-9.2.0/gcc/gimple-loop-interchange.cc:1678:7:1678:23","pass_data"
19619,"/home/oleksii-shemshur/work/toolchains/source/gcc-9.2.0/gcc/gimple-loop-interchange.cc","file:///home/oleksii-shemshur/work/toolchains/source/gcc-9.2.0/gcc/gimple-loop-interchange.cc:0:0:0:0","pass_linterchange",3107327,"file:///home/oleksii-shemshur/work/toolchains/source/gcc-9.2.0/gcc/gimple-loop-interchange.cc:1678:7:1678:23","file:///home/oleksii-shemshur/work/toolchains/source/gcc-9.2.0/gcc/gimple-loop-interchange.cc:1678:7:1678:23","pass_linterchange"
19668,"/home/oleksii-shemshur/work/toolchains/source/gcc-9.2.0/gcc/gimple-loop-jam.c","file:///home/oleksii-shemshur/work/toolchains/source/gcc-9.2.0/gcc/gimple-loop-jam.c:0:0:0:0","pass_loop_jam",3111823,"file:///home/oleksii-shemshur/work/toolchains/source/gcc-9.2.0/gcc/gimple-loop-jam.c:566:7:566:19","file:///home/oleksii-shemshur/work/toolchains/source/gcc-9.2.0/gcc/gimple-loop-jam.c:566:7:566:19","opt_pass"
19668,"/home/oleksii-shemshur/work/toolchains/source/gcc-9.2.0/gcc/gimple-loop-jam.c","file:///home/oleksii-shemshur/work/toolchains/source/gcc-9.2.0/gcc/gimple-loop-jam.c:0:0:0:0","pass_loop_jam",3111823,"file:///home/oleksii-shemshur/work/toolchains/source/gcc-9.2.0/gcc/gimple-loop-jam.c:566:7:566:19","file:///home/oleksii-shemshur/work/toolchains/source/gcc-9.2.0/gcc/gimple-loop-jam.c:566:7:566:19","gimple_opt_pass"
19668,"/home/oleksii-shemshur/work/toolchains/source/gcc-9.2.0/gcc/gimple-loop-jam.c","file:///home/oleksii-shemshur/work/toolchains/source/gcc-9.2.0/gcc/gimple-loop-jam.c:0:0:0:0","pass_loop_jam",3111823,"file:///home/oleksii-shemshur/work/toolchains/source/gcc-9.2.0/gcc/gimple-loop-jam.c:566:7:566:19","file:///home/oleksii-shemshur/work/toolchains/source/gcc-9.2.0/gcc/gimple-loop-jam.c:566:7:566:19","pass_data"
19668,"/home/oleksii-shemshur/work/toolchains/source/gcc-9.2.0/gcc/gimple-loop-jam.c","file:///home/oleksii-shemshur/work/toolchains/source/gcc-9.2.0/gcc/gimple-loop-jam.c:0:0:0:0","pass_loop_jam",3111823,"file:///home/oleksii-shemshur/work/toolchains/source/gcc-9.2.0/gcc/gimple-loop-jam.c:566:7:566:19","file:///home/oleksii-shemshur/work/toolchains/source/gcc-9.2.0/gcc/gimple-loop-jam.c:566:7:566:19","pass_loop_jam"
19692,"/home/oleksii-shemshur/work/toolchains/source/gcc-9.2.0/gcc/gimple-loop-versioning.cc","file:///home/oleksii-shemshur/work/toolchains/source/gcc-9.2.0/gcc/gimple-loop-versioning.cc:0:0:0:0","pass_loop_versioning",3117658,"file:///home/oleksii-shemshur/work/toolchains/source/gcc-9.2.0/gcc/gimple-loop-versioning.cc:1789:7:1789:26","file:///home/oleksii-shemshur/work/toolchains/source/gcc-9.2.0/gcc/gimple-loop-versioning.cc:1789:7:1789:26","opt_pass"
19692,"/home/oleksii-shemshur/work/toolchains/source/gcc-9.2.0/gcc/gimple-loop-versioning.cc","file:///home/oleksii-shemshur/work/toolchains/source/gcc-9.2.0/gcc/gimple-loop-versioning.cc:0:0:0:0","pass_loop_versioning",3117658,"file:///home/oleksii-shemshur/work/toolchains/source/gcc-9.2.0/gcc/gimple-loop-versioning.cc:1789:7:1789:26","file:///home/oleksii-shemshur/work/toolchains/source/gcc-9.2.0/gcc/gimple-loop-versioning.cc:1789:7:1789:26","gimple_opt_pass"
19692,"/home/oleksii-shemshur/work/toolchains/source/gcc-9.2.0/gcc/gimple-loop-versioning.cc","file:///home/oleksii-shemshur/work/toolchains/source/gcc-9.2.0/gcc/gimple-loop-versioning.cc:0:0:0:0","pass_loop_versioning",3117658,"file:///home/oleksii-shemshur/work/toolchains/source/gcc-9.2.0/gcc/gimple-loop-versioning.cc:1789:7:1789:26","file:///home/oleksii-shemshur/work/toolchains/source/gcc-9.2.0/gcc/gimple-loop-versioning.cc:1789:7:1789:26","pass_data"
19692,"/home/oleksii-shemshur/work/toolchains/source/gcc-9.2.0/gcc/gimple-loop-versioning.cc","file:///home/oleksii-shemshur/work/toolchains/source/gcc-9.2.0/gcc/gimple-loop-versioning.cc:0:0:0:0","pass_loop_versioning",3117658,"file:///home/oleksii-shemshur/work/toolchains/source/gcc-9.2.0/gcc/gimple-loop-versioning.cc:1789:7:1789:26","file:///home/oleksii-shemshur/work/toolchains/source/gcc-9.2.0/gcc/gimple-loop-versioning.cc:1789:7:1789:26","pass_loop_versioning"
19767,"/home/oleksii-shemshur/work/toolchains/source/gcc-9.2.0/gcc/gimple-low.c","file:///home/oleksii-shemshur/work/toolchains/source/gcc-9.2.0/gcc/gimple-low.c:0:0:0:0","pass_lower_cf",3121913,"file:///home/oleksii-shemshur/work/toolchains/source/gcc-9.2.0/gcc/gimple-low.c:187:7:187:19","file:///home/oleksii-shemshur/work/toolchains/source/gcc-9.2.0/gcc/gimple-low.c:187:7:187:19","opt_pass"
19767,"/home/oleksii-shemshur/work/toolchains/source/gcc-9.2.0/gcc/gimple-low.c","file:///home/oleksii-shemshur/work/toolchains/source/gcc-9.2.0/gcc/gimple-low.c:0:0:0:0","pass_lower_cf",3121913,"file:///home/oleksii-shemshur/work/toolchains/source/gcc-9.2.0/gcc/gimple-low.c:187:7:187:19","file:///home/oleksii-shemshur/work/toolchains/source/gcc-9.2.0/gcc/gimple-low.c:187:7:187:19","gimple_opt_pass"
19767,"/home/oleksii-shemshur/work/toolchains/source/gcc-9.2.0/gcc/gimple-low.c","file:///home/oleksii-shemshur/work/toolchains/source/gcc-9.2.0/gcc/gimple-low.c:0:0:0:0","pass_lower_cf",3121913,"file:///home/oleksii-shemshur/work/toolchains/source/gcc-9.2.0/gcc/gimple-low.c:187:7:187:19","file:///home/oleksii-shemshur/work/toolchains/source/gcc-9.2.0/gcc/gimple-low.c:187:7:187:19","pass_data"
19767,"/home/oleksii-shemshur/work/toolchains/source/gcc-9.2.0/gcc/gimple-low.c","file:///home/oleksii-shemshur/work/toolchains/source/gcc-9.2.0/gcc/gimple-low.c:0:0:0:0","pass_lower_cf",3121913,"file:///home/oleksii-shemshur/work/toolchains/source/gcc-9.2.0/gcc/gimple-low.c:187:7:187:19","file:///home/oleksii-shemshur/work/toolchains/source/gcc-9.2.0/gcc/gimple-low.c:187:7:187:19","pass_lower_cf"
19794,"/home/oleksii-shemshur/work/toolchains/source/gcc-9.2.0/gcc/gimple-ssa-backprop.c","file:///home/oleksii-shemshur/work/toolchains/source/gcc-9.2.0/gcc/gimple-ssa-backprop.c:0:0:0:0","pass_backprop",3134350,"file:///home/oleksii-shemshur/work/toolchains/source/gcc-9.2.0/gcc/gimple-ssa-backprop.c:939:7:939:19","file:///home/oleksii-shemshur/work/toolchains/source/gcc-9.2.0/gcc/gimple-ssa-backprop.c:939:7:939:19","opt_pass"
19794,"/home/oleksii-shemshur/work/toolchains/source/gcc-9.2.0/gcc/gimple-ssa-backprop.c","file:///home/oleksii-shemshur/work/toolchains/source/gcc-9.2.0/gcc/gimple-ssa-backprop.c:0:0:0:0","pass_backprop",3134350,"file:///home/oleksii-shemshur/work/toolchains/source/gcc-9.2.0/gcc/gimple-ssa-backprop.c:939:7:939:19","file:///home/oleksii-shemshur/work/toolchains/source/gcc-9.2.0/gcc/gimple-ssa-backprop.c:939:7:939:19","gimple_opt_pass"
19794,"/home/oleksii-shemshur/work/toolchains/source/gcc-9.2.0/gcc/gimple-ssa-backprop.c","file:///home/oleksii-shemshur/work/toolchains/source/gcc-9.2.0/gcc/gimple-ssa-backprop.c:0:0:0:0","pass_backprop",3134350,"file:///home/oleksii-shemshur/work/toolchains/source/gcc-9.2.0/gcc/gimple-ssa-backprop.c:939:7:939:19","file:///home/oleksii-shemshur/work/toolchains/source/gcc-9.2.0/gcc/gimple-ssa-backprop.c:939:7:939:19","pass_data"
19794,"/home/oleksii-shemshur/work/toolchains/source/gcc-9.2.0/gcc/gimple-ssa-backprop.c","file:///home/oleksii-shemshur/work/toolchains/source/gcc-9.2.0/gcc/gimple-ssa-backprop.c:0:0:0:0","pass_backprop",3134350,"file:///home/oleksii-shemshur/work/toolchains/source/gcc-9.2.0/gcc/gimple-ssa-backprop.c:939:7:939:19","file:///home/oleksii-shemshur/work/toolchains/source/gcc-9.2.0/gcc/gimple-ssa-backprop.c:939:7:939:19","pass_backprop"
19854,"/home/oleksii-shemshur/work/toolchains/source/gcc-9.2.0/gcc/gimple-ssa-evrp.c","file:///home/oleksii-shemshur/work/toolchains/source/gcc-9.2.0/gcc/gimple-ssa-evrp.c:0:0:0:0","pass_early_vrp",3138247,"file:///home/oleksii-shemshur/work/toolchains/source/gcc-9.2.0/gcc/gimple-ssa-evrp.c:335:7:335:20","file:///home/oleksii-shemshur/work/toolchains/source/gcc-9.2.0/gcc/gimple-ssa-evrp.c:335:7:335:20","opt_pass"
19854,"/home/oleksii-shemshur/work/toolchains/source/gcc-9.2.0/gcc/gimple-ssa-evrp.c","file:///home/oleksii-shemshur/work/toolchains/source/gcc-9.2.0/gcc/gimple-ssa-evrp.c:0:0:0:0","pass_early_vrp",3138247,"file:///home/oleksii-shemshur/work/toolchains/source/gcc-9.2.0/gcc/gimple-ssa-evrp.c:335:7:335:20","file:///home/oleksii-shemshur/work/toolchains/source/gcc-9.2.0/gcc/gimple-ssa-evrp.c:335:7:335:20","gimple_opt_pass"
19854,"/home/oleksii-shemshur/work/toolchains/source/gcc-9.2.0/gcc/gimple-ssa-evrp.c","file:///home/oleksii-shemshur/work/toolchains/source/gcc-9.2.0/gcc/gimple-ssa-evrp.c:0:0:0:0","pass_early_vrp",3138247,"file:///home/oleksii-shemshur/work/toolchains/source/gcc-9.2.0/gcc/gimple-ssa-evrp.c:335:7:335:20","file:///home/oleksii-shemshur/work/toolchains/source/gcc-9.2.0/gcc/gimple-ssa-evrp.c:335:7:335:20","pass_data"
19854,"/home/oleksii-shemshur/work/toolchains/source/gcc-9.2.0/gcc/gimple-ssa-evrp.c","file:///home/oleksii-shemshur/work/toolchains/source/gcc-9.2.0/gcc/gimple-ssa-evrp.c:0:0:0:0","pass_early_vrp",3138247,"file:///home/oleksii-shemshur/work/toolchains/source/gcc-9.2.0/gcc/gimple-ssa-evrp.c:335:7:335:20","file:///home/oleksii-shemshur/work/toolchains/source/gcc-9.2.0/gcc/gimple-ssa-evrp.c:335:7:335:20","pass_early_vrp"
19877,"/home/oleksii-shemshur/work/toolchains/source/gcc-9.2.0/gcc/gimple-ssa-isolate-paths.c","file:///home/oleksii-shemshur/work/toolchains/source/gcc-9.2.0/gcc/gimple-ssa-isolate-paths.c:0:0:0:0","pass_isolate_erroneous_paths",3139749,"file:///home/oleksii-shemshur/work/toolchains/source/gcc-9.2.0/gcc/gimple-ssa-isolate-paths.c:653:7:653:34","file:///home/oleksii-shemshur/work/toolchains/source/gcc-9.2.0/gcc/gimple-ssa-isolate-paths.c:653:7:653:34","opt_pass"
19877,"/home/oleksii-shemshur/work/toolchains/source/gcc-9.2.0/gcc/gimple-ssa-isolate-paths.c","file:///home/oleksii-shemshur/work/toolchains/source/gcc-9.2.0/gcc/gimple-ssa-isolate-paths.c:0:0:0:0","pass_isolate_erroneous_paths",3139749,"file:///home/oleksii-shemshur/work/toolchains/source/gcc-9.2.0/gcc/gimple-ssa-isolate-paths.c:653:7:653:34","file:///home/oleksii-shemshur/work/toolchains/source/gcc-9.2.0/gcc/gimple-ssa-isolate-paths.c:653:7:653:34","gimple_opt_pass"
19877,"/home/oleksii-shemshur/work/toolchains/source/gcc-9.2.0/gcc/gimple-ssa-isolate-paths.c","file:///home/oleksii-shemshur/work/toolchains/source/gcc-9.2.0/gcc/gimple-ssa-isolate-paths.c:0:0:0:0","pass_isolate_erroneous_paths",3139749,"file:///home/oleksii-shemshur/work/toolchains/source/gcc-9.2.0/gcc/gimple-ssa-isolate-paths.c:653:7:653:34","file:///home/oleksii-shemshur/work/toolchains/source/gcc-9.2.0/gcc/gimple-ssa-isolate-paths.c:653:7:653:34","pass_data"
19877,"/home/oleksii-shemshur/work/toolchains/source/gcc-9.2.0/gcc/gimple-ssa-isolate-paths.c","file:///home/oleksii-shemshur/work/toolchains/source/gcc-9.2.0/gcc/gimple-ssa-isolate-paths.c:0:0:0:0","pass_isolate_erroneous_paths",3139749,"file:///home/oleksii-shemshur/work/toolchains/source/gcc-9.2.0/gcc/gimple-ssa-isolate-paths.c:653:7:653:34","file:///home/oleksii-shemshur/work/toolchains/source/gcc-9.2.0/gcc/gimple-ssa-isolate-paths.c:653:7:653:34","pass_isolate_erroneous_paths"
19890,"/home/oleksii-shemshur/work/toolchains/source/gcc-9.2.0/gcc/gimple-ssa-nonnull-compare.c","file:///home/oleksii-shemshur/work/toolchains/source/gcc-9.2.0/gcc/gimple-ssa-nonnull-compare.c:0:0:0:0","pass_warn_nonnull_compare",3140239,"file:///home/oleksii-shemshur/work/toolchains/source/gcc-9.2.0/gcc/gimple-ssa-nonnull-compare.c:121:7:121:31","file:///home/oleksii-shemshur/work/toolchains/source/gcc-9.2.0/gcc/gimple-ssa-nonnull-compare.c:121:7:121:31","opt_pass"
19890,"/home/oleksii-shemshur/work/toolchains/source/gcc-9.2.0/gcc/gimple-ssa-nonnull-compare.c","file:///home/oleksii-shemshur/work/toolchains/source/gcc-9.2.0/gcc/gimple-ssa-nonnull-compare.c:0:0:0:0","pass_warn_nonnull_compare",3140239,"file:///home/oleksii-shemshur/work/toolchains/source/gcc-9.2.0/gcc/gimple-ssa-nonnull-compare.c:121:7:121:31","file:///home/oleksii-shemshur/work/toolchains/source/gcc-9.2.0/gcc/gimple-ssa-nonnull-compare.c:121:7:121:31","gimple_opt_pass"
19890,"/home/oleksii-shemshur/work/toolchains/source/gcc-9.2.0/gcc/gimple-ssa-nonnull-compare.c","file:///home/oleksii-shemshur/work/toolchains/source/gcc-9.2.0/gcc/gimple-ssa-nonnull-compare.c:0:0:0:0","pass_warn_nonnull_compare",3140239,"file:///home/oleksii-shemshur/work/toolchains/source/gcc-9.2.0/gcc/gimple-ssa-nonnull-compare.c:121:7:121:31","file:///home/oleksii-shemshur/work/toolchains/source/gcc-9.2.0/gcc/gimple-ssa-nonnull-compare.c:121:7:121:31","pass_data"
19890,"/home/oleksii-shemshur/work/toolchains/source/gcc-9.2.0/gcc/gimple-ssa-nonnull-compare.c","file:///home/oleksii-shemshur/work/toolchains/source/gcc-9.2.0/gcc/gimple-ssa-nonnull-compare.c:0:0:0:0","pass_warn_nonnull_compare",3140239,"file:///home/oleksii-shemshur/work/toolchains/source/gcc-9.2.0/gcc/gimple-ssa-nonnull-compare.c:121:7:121:31","file:///home/oleksii-shemshur/work/toolchains/source/gcc-9.2.0/gcc/gimple-ssa-nonnull-compare.c:121:7:121:31","pass_warn_nonnull_compare"
19903,"/home/oleksii-shemshur/work/toolchains/source/gcc-9.2.0/gcc/gimple-ssa-split-paths.c","file:///home/oleksii-shemshur/work/toolchains/source/gcc-9.2.0/gcc/gimple-ssa-split-paths.c:0:0:0:0","pass_split_paths",3144377,"file:///home/oleksii-shemshur/work/toolchains/source/gcc-9.2.0/gcc/gimple-ssa-split-paths.c:528:7:528:22","file:///home/oleksii-shemshur/work/toolchains/source/gcc-9.2.0/gcc/gimple-ssa-split-paths.c:528:7:528:22","opt_pass"
19903,"/home/oleksii-shemshur/work/toolchains/source/gcc-9.2.0/gcc/gimple-ssa-split-paths.c","file:///home/oleksii-shemshur/work/toolchains/source/gcc-9.2.0/gcc/gimple-ssa-split-paths.c:0:0:0:0","pass_split_paths",3144377,"file:///home/oleksii-shemshur/work/toolchains/source/gcc-9.2.0/gcc/gimple-ssa-split-paths.c:528:7:528:22","file:///home/oleksii-shemshur/work/toolchains/source/gcc-9.2.0/gcc/gimple-ssa-split-paths.c:528:7:528:22","gimple_opt_pass"
19903,"/home/oleksii-shemshur/work/toolchains/source/gcc-9.2.0/gcc/gimple-ssa-split-paths.c","file:///home/oleksii-shemshur/work/toolchains/source/gcc-9.2.0/gcc/gimple-ssa-split-paths.c:0:0:0:0","pass_split_paths",3144377,"file:///home/oleksii-shemshur/work/toolchains/source/gcc-9.2.0/gcc/gimple-ssa-split-paths.c:528:7:528:22","file:///home/oleksii-shemshur/work/toolchains/source/gcc-9.2.0/gcc/gimple-ssa-split-paths.c:528:7:528:22","pass_data"
19903,"/home/oleksii-shemshur/work/toolchains/source/gcc-9.2.0/gcc/gimple-ssa-split-paths.c","file:///home/oleksii-shemshur/work/toolchains/source/gcc-9.2.0/gcc/gimple-ssa-split-paths.c:0:0:0:0","pass_split_paths",3144377,"file:///home/oleksii-shemshur/work/toolchains/source/gcc-9.2.0/gcc/gimple-ssa-split-paths.c:528:7:528:22","file:///home/oleksii-shemshur/work/toolchains/source/gcc-9.2.0/gcc/gimple-ssa-split-paths.c:528:7:528:22","pass_split_paths"
19913,"/home/oleksii-shemshur/work/toolchains/source/gcc-9.2.0/gcc/gimple-ssa-sprintf.c","file:///home/oleksii-shemshur/work/toolchains/source/gcc-9.2.0/gcc/gimple-ssa-sprintf.c:0:0:0:0","pass_sprintf_length",3155810,"file:///home/oleksii-shemshur/work/toolchains/source/gcc-9.2.0/gcc/gimple-ssa-sprintf.c:140:7:140:25","file:///home/oleksii-shemshur/work/toolchains/source/gcc-9.2.0/gcc/gimple-ssa-sprintf.c:140:7:140:25","opt_pass"
19913,"/home/oleksii-shemshur/work/toolchains/source/gcc-9.2.0/gcc/gimple-ssa-sprintf.c","file:///home/oleksii-shemshur/work/toolchains/source/gcc-9.2.0/gcc/gimple-ssa-sprintf.c:0:0:0:0","pass_sprintf_length",3155810,"file:///home/oleksii-shemshur/work/toolchains/source/gcc-9.2.0/gcc/gimple-ssa-sprintf.c:140:7:140:25","file:///home/oleksii-shemshur/work/toolchains/source/gcc-9.2.0/gcc/gimple-ssa-sprintf.c:140:7:140:25","gimple_opt_pass"
19913,"/home/oleksii-shemshur/work/toolchains/source/gcc-9.2.0/gcc/gimple-ssa-sprintf.c","file:///home/oleksii-shemshur/work/toolchains/source/gcc-9.2.0/gcc/gimple-ssa-sprintf.c:0:0:0:0","pass_sprintf_length",3155810,"file:///home/oleksii-shemshur/work/toolchains/source/gcc-9.2.0/gcc/gimple-ssa-sprintf.c:140:7:140:25","file:///home/oleksii-shemshur/work/toolchains/source/gcc-9.2.0/gcc/gimple-ssa-sprintf.c:140:7:140:25","pass_data"
19913,"/home/oleksii-shemshur/work/toolchains/source/gcc-9.2.0/gcc/gimple-ssa-sprintf.c","file:///home/oleksii-shemshur/work/toolchains/source/gcc-9.2.0/gcc/gimple-ssa-sprintf.c:0:0:0:0","pass_sprintf_length",3155810,"file:///home/oleksii-shemshur/work/toolchains/source/gcc-9.2.0/gcc/gimple-ssa-sprintf.c:140:7:140:25","file:///home/oleksii-shemshur/work/toolchains/source/gcc-9.2.0/gcc/gimple-ssa-sprintf.c:140:7:140:25","pass_sprintf_length"
19970,"/home/oleksii-shemshur/work/toolchains/source/gcc-9.2.0/gcc/gimple-ssa-store-merging.c","file:///home/oleksii-shemshur/work/toolchains/source/gcc-9.2.0/gcc/gimple-ssa-store-merging.c:0:0:0:0","pass_store_merging",3171640,"file:///home/oleksii-shemshur/work/toolchains/source/gcc-9.2.0/gcc/gimple-ssa-store-merging.c:2102:7:2102:24","file:///home/oleksii-shemshur/work/toolchains/source/gcc-9.2.0/gcc/gimple-ssa-store-merging.c:2102:7:2102:24","opt_pass"
19970,"/home/oleksii-shemshur/work/toolchains/source/gcc-9.2.0/gcc/gimple-ssa-store-merging.c","file:///home/oleksii-shemshur/work/toolchains/source/gcc-9.2.0/gcc/gimple-ssa-store-merging.c:0:0:0:0","pass_store_merging",3171640,"file:///home/oleksii-shemshur/work/toolchains/source/gcc-9.2.0/gcc/gimple-ssa-store-merging.c:2102:7:2102:24","file:///home/oleksii-shemshur/work/toolchains/source/gcc-9.2.0/gcc/gimple-ssa-store-merging.c:2102:7:2102:24","gimple_opt_pass"
19970,"/home/oleksii-shemshur/work/toolchains/source/gcc-9.2.0/gcc/gimple-ssa-store-merging.c","file:///home/oleksii-shemshur/work/toolchains/source/gcc-9.2.0/gcc/gimple-ssa-store-merging.c:0:0:0:0","pass_store_merging",3171640,"file:///home/oleksii-shemshur/work/toolchains/source/gcc-9.2.0/gcc/gimple-ssa-store-merging.c:2102:7:2102:24","file:///home/oleksii-shemshur/work/toolchains/source/gcc-9.2.0/gcc/gimple-ssa-store-merging.c:2102:7:2102:24","pass_data"
19970,"/home/oleksii-shemshur/work/toolchains/source/gcc-9.2.0/gcc/gimple-ssa-store-merging.c","file:///home/oleksii-shemshur/work/toolchains/source/gcc-9.2.0/gcc/gimple-ssa-store-merging.c:0:0:0:0","pass_store_merging",3171640,"file:///home/oleksii-shemshur/work/toolchains/source/gcc-9.2.0/gcc/gimple-ssa-store-merging.c:2102:7:2102:24","file:///home/oleksii-shemshur/work/toolchains/source/gcc-9.2.0/gcc/gimple-ssa-store-merging.c:2102:7:2102:24","pass_store_merging"
19970,"/home/oleksii-shemshur/work/toolchains/source/gcc-9.2.0/gcc/gimple-ssa-store-merging.c","file:///home/oleksii-shemshur/work/toolchains/source/gcc-9.2.0/gcc/gimple-ssa-store-merging.c:0:0:0:0","pass_optimize_bswap",3171644,"file:///home/oleksii-shemshur/work/toolchains/source/gcc-9.2.0/gcc/gimple-ssa-store-merging.c:891:7:891:25","file:///home/oleksii-shemshur/work/toolchains/source/gcc-9.2.0/gcc/gimple-ssa-store-merging.c:891:7:891:25","opt_pass"
19970,"/home/oleksii-shemshur/work/toolchains/source/gcc-9.2.0/gcc/gimple-ssa-store-merging.c","file:///home/oleksii-shemshur/work/toolchains/source/gcc-9.2.0/gcc/gimple-ssa-store-merging.c:0:0:0:0","pass_optimize_bswap",3171644,"file:///home/oleksii-shemshur/work/toolchains/source/gcc-9.2.0/gcc/gimple-ssa-store-merging.c:891:7:891:25","file:///home/oleksii-shemshur/work/toolchains/source/gcc-9.2.0/gcc/gimple-ssa-store-merging.c:891:7:891:25","gimple_opt_pass"
19970,"/home/oleksii-shemshur/work/toolchains/source/gcc-9.2.0/gcc/gimple-ssa-store-merging.c","file:///home/oleksii-shemshur/work/toolchains/source/gcc-9.2.0/gcc/gimple-ssa-store-merging.c:0:0:0:0","pass_optimize_bswap",3171644,"file:///home/oleksii-shemshur/work/toolchains/source/gcc-9.2.0/gcc/gimple-ssa-store-merging.c:891:7:891:25","file:///home/oleksii-shemshur/work/toolchains/source/gcc-9.2.0/gcc/gimple-ssa-store-merging.c:891:7:891:25","pass_data"
19970,"/home/oleksii-shemshur/work/toolchains/source/gcc-9.2.0/gcc/gimple-ssa-store-merging.c","file:///home/oleksii-shemshur/work/toolchains/source/gcc-9.2.0/gcc/gimple-ssa-store-merging.c:0:0:0:0","pass_optimize_bswap",3171644,"file:///home/oleksii-shemshur/work/toolchains/source/gcc-9.2.0/gcc/gimple-ssa-store-merging.c:891:7:891:25","file:///home/oleksii-shemshur/work/toolchains/source/gcc-9.2.0/gcc/gimple-ssa-store-merging.c:891:7:891:25","pass_optimize_bswap"
20072,"/home/oleksii-shemshur/work/toolchains/source/gcc-9.2.0/gcc/gimple-ssa-strength-reduction.c","file:///home/oleksii-shemshur/work/toolchains/source/gcc-9.2.0/gcc/gimple-ssa-strength-reduction.c:0:0:0:0","pass_strength_reduction",3186160,"file:///home/oleksii-shemshur/work/toolchains/source/gcc-9.2.0/gcc/gimple-ssa-strength-reduction.c:3994:7:3994:29","file:///home/oleksii-shemshur/work/toolchains/source/gcc-9.2.0/gcc/gimple-ssa-strength-reduction.c:3994:7:3994:29","opt_pass"
20072,"/home/oleksii-shemshur/work/toolchains/source/gcc-9.2.0/gcc/gimple-ssa-strength-reduction.c","file:///home/oleksii-shemshur/work/toolchains/source/gcc-9.2.0/gcc/gimple-ssa-strength-reduction.c:0:0:0:0","pass_strength_reduction",3186160,"file:///home/oleksii-shemshur/work/toolchains/source/gcc-9.2.0/gcc/gimple-ssa-strength-reduction.c:3994:7:3994:29","file:///home/oleksii-shemshur/work/toolchains/source/gcc-9.2.0/gcc/gimple-ssa-strength-reduction.c:3994:7:3994:29","gimple_opt_pass"
20072,"/home/oleksii-shemshur/work/toolchains/source/gcc-9.2.0/gcc/gimple-ssa-strength-reduction.c","file:///home/oleksii-shemshur/work/toolchains/source/gcc-9.2.0/gcc/gimple-ssa-strength-reduction.c:0:0:0:0","pass_strength_reduction",3186160,"file:///home/oleksii-shemshur/work/toolchains/source/gcc-9.2.0/gcc/gimple-ssa-strength-reduction.c:3994:7:3994:29","file:///home/oleksii-shemshur/work/toolchains/source/gcc-9.2.0/gcc/gimple-ssa-strength-reduction.c:3994:7:3994:29","pass_data"
20072,"/home/oleksii-shemshur/work/toolchains/source/gcc-9.2.0/gcc/gimple-ssa-strength-reduction.c","file:///home/oleksii-shemshur/work/toolchains/source/gcc-9.2.0/gcc/gimple-ssa-strength-reduction.c:0:0:0:0","pass_strength_reduction",3186160,"file:///home/oleksii-shemshur/work/toolchains/source/gcc-9.2.0/gcc/gimple-ssa-strength-reduction.c:3994:7:3994:29","file:///home/oleksii-shemshur/work/toolchains/source/gcc-9.2.0/gcc/gimple-ssa-strength-reduction.c:3994:7:3994:29","pass_strength_reduction"
20139,"/home/oleksii-shemshur/work/toolchains/source/gcc-9.2.0/gcc/gimple-ssa-warn-restrict.c","file:///home/oleksii-shemshur/work/toolchains/source/gcc-9.2.0/gcc/gimple-ssa-warn-restrict.c:0:0:0:0","pass_wrestrict",3197623,"file:///home/oleksii-shemshur/work/toolchains/source/gcc-9.2.0/gcc/gimple-ssa-warn-restrict.c:62:7:62:20","file:///home/oleksii-shemshur/work/toolchains/source/gcc-9.2.0/gcc/gimple-ssa-warn-restrict.c:62:7:62:20","opt_pass"
20139,"/home/oleksii-shemshur/work/toolchains/source/gcc-9.2.0/gcc/gimple-ssa-warn-restrict.c","file:///home/oleksii-shemshur/work/toolchains/source/gcc-9.2.0/gcc/gimple-ssa-warn-restrict.c:0:0:0:0","pass_wrestrict",3197623,"file:///home/oleksii-shemshur/work/toolchains/source/gcc-9.2.0/gcc/gimple-ssa-warn-restrict.c:62:7:62:20","file:///home/oleksii-shemshur/work/toolchains/source/gcc-9.2.0/gcc/gimple-ssa-warn-restrict.c:62:7:62:20","gimple_opt_pass"
20139,"/home/oleksii-shemshur/work/toolchains/source/gcc-9.2.0/gcc/gimple-ssa-warn-restrict.c","file:///home/oleksii-shemshur/work/toolchains/source/gcc-9.2.0/gcc/gimple-ssa-warn-restrict.c:0:0:0:0","pass_wrestrict",3197623,"file:///home/oleksii-shemshur/work/toolchains/source/gcc-9.2.0/gcc/gimple-ssa-warn-restrict.c:62:7:62:20","file:///home/oleksii-shemshur/work/toolchains/source/gcc-9.2.0/gcc/gimple-ssa-warn-restrict.c:62:7:62:20","pass_data"
20139,"/home/oleksii-shemshur/work/toolchains/source/gcc-9.2.0/gcc/gimple-ssa-warn-restrict.c","file:///home/oleksii-shemshur/work/toolchains/source/gcc-9.2.0/gcc/gimple-ssa-warn-restrict.c:0:0:0:0","pass_wrestrict",3197623,"file:///home/oleksii-shemshur/work/toolchains/source/gcc-9.2.0/gcc/gimple-ssa-warn-restrict.c:62:7:62:20","file:///home/oleksii-shemshur/work/toolchains/source/gcc-9.2.0/gcc/gimple-ssa-warn-restrict.c:62:7:62:20","pass_wrestrict"
20639,"/home/oleksii-shemshur/work/toolchains/source/gcc-9.2.0/gcc/graphite.c","file:///home/oleksii-shemshur/work/toolchains/source/gcc-9.2.0/gcc/graphite.c:0:0:0:0","pass_graphite_transforms",3329046,"file:///home/oleksii-shemshur/work/toolchains/source/gcc-9.2.0/gcc/graphite.c:606:7:606:30","file:///home/oleksii-shemshur/work/toolchains/source/gcc-9.2.0/gcc/graphite.c:606:7:606:30","opt_pass"
20639,"/home/oleksii-shemshur/work/toolchains/source/gcc-9.2.0/gcc/graphite.c","file:///home/oleksii-shemshur/work/toolchains/source/gcc-9.2.0/gcc/graphite.c:0:0:0:0","pass_graphite_transforms",3329046,"file:///home/oleksii-shemshur/work/toolchains/source/gcc-9.2.0/gcc/graphite.c:606:7:606:30","file:///home/oleksii-shemshur/work/toolchains/source/gcc-9.2.0/gcc/graphite.c:606:7:606:30","gimple_opt_pass"
20639,"/home/oleksii-shemshur/work/toolchains/source/gcc-9.2.0/gcc/graphite.c","file:///home/oleksii-shemshur/work/toolchains/source/gcc-9.2.0/gcc/graphite.c:0:0:0:0","pass_graphite_transforms",3329046,"file:///home/oleksii-shemshur/work/toolchains/source/gcc-9.2.0/gcc/graphite.c:606:7:606:30","file:///home/oleksii-shemshur/work/toolchains/source/gcc-9.2.0/gcc/graphite.c:606:7:606:30","pass_data"
20639,"/home/oleksii-shemshur/work/toolchains/source/gcc-9.2.0/gcc/graphite.c","file:///home/oleksii-shemshur/work/toolchains/source/gcc-9.2.0/gcc/graphite.c:0:0:0:0","pass_graphite_transforms",3329046,"file:///home/oleksii-shemshur/work/toolchains/source/gcc-9.2.0/gcc/graphite.c:606:7:606:30","file:///home/oleksii-shemshur/work/toolchains/source/gcc-9.2.0/gcc/graphite.c:606:7:606:30","pass_graphite_transforms"
20639,"/home/oleksii-shemshur/work/toolchains/source/gcc-9.2.0/gcc/graphite.c","file:///home/oleksii-shemshur/work/toolchains/source/gcc-9.2.0/gcc/graphite.c:0:0:0:0","pass_graphite",3329050,"file:///home/oleksii-shemshur/work/toolchains/source/gcc-9.2.0/gcc/graphite.c:571:7:571:19","file:///home/oleksii-shemshur/work/toolchains/source/gcc-9.2.0/gcc/graphite.c:571:7:571:19","opt_pass"
20639,"/home/oleksii-shemshur/work/toolchains/source/gcc-9.2.0/gcc/graphite.c","file:///home/oleksii-shemshur/work/toolchains/source/gcc-9.2.0/gcc/graphite.c:0:0:0:0","pass_graphite",3329050,"file:///home/oleksii-shemshur/work/toolchains/source/gcc-9.2.0/gcc/graphite.c:571:7:571:19","file:///home/oleksii-shemshur/work/toolchains/source/gcc-9.2.0/gcc/graphite.c:571:7:571:19","gimple_opt_pass"
20639,"/home/oleksii-shemshur/work/toolchains/source/gcc-9.2.0/gcc/graphite.c","file:///home/oleksii-shemshur/work/toolchains/source/gcc-9.2.0/gcc/graphite.c:0:0:0:0","pass_graphite",3329050,"file:///home/oleksii-shemshur/work/toolchains/source/gcc-9.2.0/gcc/graphite.c:571:7:571:19","file:///home/oleksii-shemshur/work/toolchains/source/gcc-9.2.0/gcc/graphite.c:571:7:571:19","pass_data"
20639,"/home/oleksii-shemshur/work/toolchains/source/gcc-9.2.0/gcc/graphite.c","file:///home/oleksii-shemshur/work/toolchains/source/gcc-9.2.0/gcc/graphite.c:0:0:0:0","pass_graphite",3329050,"file:///home/oleksii-shemshur/work/toolchains/source/gcc-9.2.0/gcc/graphite.c:571:7:571:19","file:///home/oleksii-shemshur/work/toolchains/source/gcc-9.2.0/gcc/graphite.c:571:7:571:19","pass_graphite"
21310,"/home/oleksii-shemshur/work/toolchains/source/gcc-9.2.0/gcc/hsa-gen.c","file:///home/oleksii-shemshur/work/toolchains/source/gcc-9.2.0/gcc/hsa-gen.c:0:0:0:0","pass_gen_hsail",3411534,"file:///home/oleksii-shemshur/work/toolchains/source/gcc-9.2.0/gcc/hsa-gen.c:6649:7:6649:20","file:///home/oleksii-shemshur/work/toolchains/source/gcc-9.2.0/gcc/hsa-gen.c:6649:7:6649:20","opt_pass"
21310,"/home/oleksii-shemshur/work/toolchains/source/gcc-9.2.0/gcc/hsa-gen.c","file:///home/oleksii-shemshur/work/toolchains/source/gcc-9.2.0/gcc/hsa-gen.c:0:0:0:0","pass_gen_hsail",3411534,"file:///home/oleksii-shemshur/work/toolchains/source/gcc-9.2.0/gcc/hsa-gen.c:6649:7:6649:20","file:///home/oleksii-shemshur/work/toolchains/source/gcc-9.2.0/gcc/hsa-gen.c:6649:7:6649:20","gimple_opt_pass"
21310,"/home/oleksii-shemshur/work/toolchains/source/gcc-9.2.0/gcc/hsa-gen.c","file:///home/oleksii-shemshur/work/toolchains/source/gcc-9.2.0/gcc/hsa-gen.c:0:0:0:0","pass_gen_hsail",3411534,"file:///home/oleksii-shemshur/work/toolchains/source/gcc-9.2.0/gcc/hsa-gen.c:6649:7:6649:20","file:///home/oleksii-shemshur/work/toolchains/source/gcc-9.2.0/gcc/hsa-gen.c:6649:7:6649:20","pass_data"
21310,"/home/oleksii-shemshur/work/toolchains/source/gcc-9.2.0/gcc/hsa-gen.c","file:///home/oleksii-shemshur/work/toolchains/source/gcc-9.2.0/gcc/hsa-gen.c:0:0:0:0","pass_gen_hsail",3411534,"file:///home/oleksii-shemshur/work/toolchains/source/gcc-9.2.0/gcc/hsa-gen.c:6649:7:6649:20","file:///home/oleksii-shemshur/work/toolchains/source/gcc-9.2.0/gcc/hsa-gen.c:6649:7:6649:20","pass_gen_hsail"
21448,"/home/oleksii-shemshur/work/toolchains/source/gcc-9.2.0/gcc/ifcvt.c","file:///home/oleksii-shemshur/work/toolchains/source/gcc-9.2.0/gcc/ifcvt.c:0:0:0:0","pass_if_after_reload",3435684,"file:///home/oleksii-shemshur/work/toolchains/source/gcc-9.2.0/gcc/ifcvt.c:5583:7:5583:26","file:///home/oleksii-shemshur/work/toolchains/source/gcc-9.2.0/gcc/ifcvt.c:5583:7:5583:26","rtl_opt_pass"
21448,"/home/oleksii-shemshur/work/toolchains/source/gcc-9.2.0/gcc/ifcvt.c","file:///home/oleksii-shemshur/work/toolchains/source/gcc-9.2.0/gcc/ifcvt.c:0:0:0:0","pass_if_after_reload",3435684,"file:///home/oleksii-shemshur/work/toolchains/source/gcc-9.2.0/gcc/ifcvt.c:5583:7:5583:26","file:///home/oleksii-shemshur/work/toolchains/source/gcc-9.2.0/gcc/ifcvt.c:5583:7:5583:26","opt_pass"
21448,"/home/oleksii-shemshur/work/toolchains/source/gcc-9.2.0/gcc/ifcvt.c","file:///home/oleksii-shemshur/work/toolchains/source/gcc-9.2.0/gcc/ifcvt.c:0:0:0:0","pass_if_after_reload",3435684,"file:///home/oleksii-shemshur/work/toolchains/source/gcc-9.2.0/gcc/ifcvt.c:5583:7:5583:26","file:///home/oleksii-shemshur/work/toolchains/source/gcc-9.2.0/gcc/ifcvt.c:5583:7:5583:26","pass_data"
21448,"/home/oleksii-shemshur/work/toolchains/source/gcc-9.2.0/gcc/ifcvt.c","file:///home/oleksii-shemshur/work/toolchains/source/gcc-9.2.0/gcc/ifcvt.c:0:0:0:0","pass_if_after_reload",3435684,"file:///home/oleksii-shemshur/work/toolchains/source/gcc-9.2.0/gcc/ifcvt.c:5583:7:5583:26","file:///home/oleksii-shemshur/work/toolchains/source/gcc-9.2.0/gcc/ifcvt.c:5583:7:5583:26","pass_if_after_reload"
21448,"/home/oleksii-shemshur/work/toolchains/source/gcc-9.2.0/gcc/ifcvt.c","file:///home/oleksii-shemshur/work/toolchains/source/gcc-9.2.0/gcc/ifcvt.c:0:0:0:0","pass_if_after_combine",3435688,"file:///home/oleksii-shemshur/work/toolchains/source/gcc-9.2.0/gcc/ifcvt.c:5537:7:5537:27","file:///home/oleksii-shemshur/work/toolchains/source/gcc-9.2.0/gcc/ifcvt.c:5537:7:5537:27","rtl_opt_pass"
21448,"/home/oleksii-shemshur/work/toolchains/source/gcc-9.2.0/gcc/ifcvt.c","file:///home/oleksii-shemshur/work/toolchains/source/gcc-9.2.0/gcc/ifcvt.c:0:0:0:0","pass_if_after_combine",3435688,"file:///home/oleksii-shemshur/work/toolchains/source/gcc-9.2.0/gcc/ifcvt.c:5537:7:5537:27","file:///home/oleksii-shemshur/work/toolchains/source/gcc-9.2.0/gcc/ifcvt.c:5537:7:5537:27","opt_pass"
21448,"/home/oleksii-shemshur/work/toolchains/source/gcc-9.2.0/gcc/ifcvt.c","file:///home/oleksii-shemshur/work/toolchains/source/gcc-9.2.0/gcc/ifcvt.c:0:0:0:0","pass_if_after_combine",3435688,"file:///home/oleksii-shemshur/work/toolchains/source/gcc-9.2.0/gcc/ifcvt.c:5537:7:5537:27","file:///home/oleksii-shemshur/work/toolchains/source/gcc-9.2.0/gcc/ifcvt.c:5537:7:5537:27","pass_data"
21448,"/home/oleksii-shemshur/work/toolchains/source/gcc-9.2.0/gcc/ifcvt.c","file:///home/oleksii-shemshur/work/toolchains/source/gcc-9.2.0/gcc/ifcvt.c:0:0:0:0","pass_if_after_combine",3435688,"file:///home/oleksii-shemshur/work/toolchains/source/gcc-9.2.0/gcc/ifcvt.c:5537:7:5537:27","file:///home/oleksii-shemshur/work/toolchains/source/gcc-9.2.0/gcc/ifcvt.c:5537:7:5537:27","pass_if_after_combine"
21448,"/home/oleksii-shemshur/work/toolchains/source/gcc-9.2.0/gcc/ifcvt.c","file:///home/oleksii-shemshur/work/toolchains/source/gcc-9.2.0/gcc/ifcvt.c:0:0:0:0","pass_rtl_ifcvt",3435692,"file:///home/oleksii-shemshur/work/toolchains/source/gcc-9.2.0/gcc/ifcvt.c:5490:7:5490:20","file:///home/oleksii-shemshur/work/toolchains/source/gcc-9.2.0/gcc/ifcvt.c:5490:7:5490:20","rtl_opt_pass"
21448,"/home/oleksii-shemshur/work/toolchains/source/gcc-9.2.0/gcc/ifcvt.c","file:///home/oleksii-shemshur/work/toolchains/source/gcc-9.2.0/gcc/ifcvt.c:0:0:0:0","pass_rtl_ifcvt",3435692,"file:///home/oleksii-shemshur/work/toolchains/source/gcc-9.2.0/gcc/ifcvt.c:5490:7:5490:20","file:///home/oleksii-shemshur/work/toolchains/source/gcc-9.2.0/gcc/ifcvt.c:5490:7:5490:20","opt_pass"
21448,"/home/oleksii-shemshur/work/toolchains/source/gcc-9.2.0/gcc/ifcvt.c","file:///home/oleksii-shemshur/work/toolchains/source/gcc-9.2.0/gcc/ifcvt.c:0:0:0:0","pass_rtl_ifcvt",3435692,"file:///home/oleksii-shemshur/work/toolchains/source/gcc-9.2.0/gcc/ifcvt.c:5490:7:5490:20","file:///home/oleksii-shemshur/work/toolchains/source/gcc-9.2.0/gcc/ifcvt.c:5490:7:5490:20","pass_data"
21448,"/home/oleksii-shemshur/work/toolchains/source/gcc-9.2.0/gcc/ifcvt.c","file:///home/oleksii-shemshur/work/toolchains/source/gcc-9.2.0/gcc/ifcvt.c:0:0:0:0","pass_rtl_ifcvt",3435692,"file:///home/oleksii-shemshur/work/toolchains/source/gcc-9.2.0/gcc/ifcvt.c:5490:7:5490:20","file:///home/oleksii-shemshur/work/toolchains/source/gcc-9.2.0/gcc/ifcvt.c:5490:7:5490:20","pass_rtl_ifcvt"
21481,"/home/oleksii-shemshur/work/toolchains/source/gcc-9.2.0/gcc/init-regs.c","file:///home/oleksii-shemshur/work/toolchains/source/gcc-9.2.0/gcc/init-regs.c:0:0:0:0","pass_initialize_regs",3439296,"file:///home/oleksii-shemshur/work/toolchains/source/gcc-9.2.0/gcc/init-regs.c:145:7:145:26","file:///home/oleksii-shemshur/work/toolchains/source/gcc-9.2.0/gcc/init-regs.c:145:7:145:26","rtl_opt_pass"
21481,"/home/oleksii-shemshur/work/toolchains/source/gcc-9.2.0/gcc/init-regs.c","file:///home/oleksii-shemshur/work/toolchains/source/gcc-9.2.0/gcc/init-regs.c:0:0:0:0","pass_initialize_regs",3439296,"file:///home/oleksii-shemshur/work/toolchains/source/gcc-9.2.0/gcc/init-regs.c:145:7:145:26","file:///home/oleksii-shemshur/work/toolchains/source/gcc-9.2.0/gcc/init-regs.c:145:7:145:26","opt_pass"
21481,"/home/oleksii-shemshur/work/toolchains/source/gcc-9.2.0/gcc/init-regs.c","file:///home/oleksii-shemshur/work/toolchains/source/gcc-9.2.0/gcc/init-regs.c:0:0:0:0","pass_initialize_regs",3439296,"file:///home/oleksii-shemshur/work/toolchains/source/gcc-9.2.0/gcc/init-regs.c:145:7:145:26","file:///home/oleksii-shemshur/work/toolchains/source/gcc-9.2.0/gcc/init-regs.c:145:7:145:26","pass_data"
21481,"/home/oleksii-shemshur/work/toolchains/source/gcc-9.2.0/gcc/init-regs.c","file:///home/oleksii-shemshur/work/toolchains/source/gcc-9.2.0/gcc/init-regs.c:0:0:0:0","pass_initialize_regs",3439296,"file:///home/oleksii-shemshur/work/toolchains/source/gcc-9.2.0/gcc/init-regs.c:145:7:145:26","file:///home/oleksii-shemshur/work/toolchains/source/gcc-9.2.0/gcc/init-regs.c:145:7:145:26","pass_initialize_regs"
21569,"/home/oleksii-shemshur/work/toolchains/source/gcc-9.2.0/gcc/ipa-comdats.c","file:///home/oleksii-shemshur/work/toolchains/source/gcc-9.2.0/gcc/ipa-comdats.c:0:0:0:0","pass_ipa_comdats",3460552,"file:///home/oleksii-shemshur/work/toolchains/source/gcc-9.2.0/gcc/ipa-comdats.c:397:7:397:22","file:///home/oleksii-shemshur/work/toolchains/source/gcc-9.2.0/gcc/ipa-comdats.c:397:7:397:22","opt_pass"
21569,"/home/oleksii-shemshur/work/toolchains/source/gcc-9.2.0/gcc/ipa-comdats.c","file:///home/oleksii-shemshur/work/toolchains/source/gcc-9.2.0/gcc/ipa-comdats.c:0:0:0:0","pass_ipa_comdats",3460552,"file:///home/oleksii-shemshur/work/toolchains/source/gcc-9.2.0/gcc/ipa-comdats.c:397:7:397:22","file:///home/oleksii-shemshur/work/toolchains/source/gcc-9.2.0/gcc/ipa-comdats.c:397:7:397:22","ipa_opt_pass_d"
21569,"/home/oleksii-shemshur/work/toolchains/source/gcc-9.2.0/gcc/ipa-comdats.c","file:///home/oleksii-shemshur/work/toolchains/source/gcc-9.2.0/gcc/ipa-comdats.c:0:0:0:0","pass_ipa_comdats",3460552,"file:///home/oleksii-shemshur/work/toolchains/source/gcc-9.2.0/gcc/ipa-comdats.c:397:7:397:22","file:///home/oleksii-shemshur/work/toolchains/source/gcc-9.2.0/gcc/ipa-comdats.c:397:7:397:22","pass_data"
21569,"/home/oleksii-shemshur/work/toolchains/source/gcc-9.2.0/gcc/ipa-comdats.c","file:///home/oleksii-shemshur/work/toolchains/source/gcc-9.2.0/gcc/ipa-comdats.c:0:0:0:0","pass_ipa_comdats",3460552,"file:///home/oleksii-shemshur/work/toolchains/source/gcc-9.2.0/gcc/ipa-comdats.c:397:7:397:22","file:///home/oleksii-shemshur/work/toolchains/source/gcc-9.2.0/gcc/ipa-comdats.c:397:7:397:22","pass_ipa_comdats"
21605,"/home/oleksii-shemshur/work/toolchains/source/gcc-9.2.0/gcc/ipa-cp.c","file:///home/oleksii-shemshur/work/toolchains/source/gcc-9.2.0/gcc/ipa-cp.c:0:0:0:0","pass_ipa_cp",3478555,"file:///home/oleksii-shemshur/work/toolchains/source/gcc-9.2.0/gcc/ipa-cp.c:5146:7:5146:17","file:///home/oleksii-shemshur/work/toolchains/source/gcc-9.2.0/gcc/ipa-cp.c:5146:7:5146:17","opt_pass"
21605,"/home/oleksii-shemshur/work/toolchains/source/gcc-9.2.0/gcc/ipa-cp.c","file:///home/oleksii-shemshur/work/toolchains/source/gcc-9.2.0/gcc/ipa-cp.c:0:0:0:0","pass_ipa_cp",3478555,"file:///home/oleksii-shemshur/work/toolchains/source/gcc-9.2.0/gcc/ipa-cp.c:5146:7:5146:17","file:///home/oleksii-shemshur/work/toolchains/source/gcc-9.2.0/gcc/ipa-cp.c:5146:7:5146:17","ipa_opt_pass_d"
21605,"/home/oleksii-shemshur/work/toolchains/source/gcc-9.2.0/gcc/ipa-cp.c","file:///home/oleksii-shemshur/work/toolchains/source/gcc-9.2.0/gcc/ipa-cp.c:0:0:0:0","pass_ipa_cp",3478555,"file:///home/oleksii-shemshur/work/toolchains/source/gcc-9.2.0/gcc/ipa-cp.c:5146:7:5146:17","file:///home/oleksii-shemshur/work/toolchains/source/gcc-9.2.0/gcc/ipa-cp.c:5146:7:5146:17","pass_data"
21605,"/home/oleksii-shemshur/work/toolchains/source/gcc-9.2.0/gcc/ipa-cp.c","file:///home/oleksii-shemshur/work/toolchains/source/gcc-9.2.0/gcc/ipa-cp.c:0:0:0:0","pass_ipa_cp",3478555,"file:///home/oleksii-shemshur/work/toolchains/source/gcc-9.2.0/gcc/ipa-cp.c:5146:7:5146:17","file:///home/oleksii-shemshur/work/toolchains/source/gcc-9.2.0/gcc/ipa-cp.c:5146:7:5146:17","pass_ipa_cp"
21781,"/home/oleksii-shemshur/work/toolchains/source/gcc-9.2.0/gcc/ipa-devirt.c","file:///home/oleksii-shemshur/work/toolchains/source/gcc-9.2.0/gcc/ipa-devirt.c:0:0:0:0","pass_ipa_devirt",3494861,"file:///home/oleksii-shemshur/work/toolchains/source/gcc-9.2.0/gcc/ipa-devirt.c:4082:7:4082:21","file:///home/oleksii-shemshur/work/toolchains/source/gcc-9.2.0/gcc/ipa-devirt.c:4082:7:4082:21","opt_pass"
21781,"/home/oleksii-shemshur/work/toolchains/source/gcc-9.2.0/gcc/ipa-devirt.c","file:///home/oleksii-shemshur/work/toolchains/source/gcc-9.2.0/gcc/ipa-devirt.c:0:0:0:0","pass_ipa_devirt",3494861,"file:///home/oleksii-shemshur/work/toolchains/source/gcc-9.2.0/gcc/ipa-devirt.c:4082:7:4082:21","file:///home/oleksii-shemshur/work/toolchains/source/gcc-9.2.0/gcc/ipa-devirt.c:4082:7:4082:21","ipa_opt_pass_d"
21781,"/home/oleksii-shemshur/work/toolchains/source/gcc-9.2.0/gcc/ipa-devirt.c","file:///home/oleksii-shemshur/work/toolchains/source/gcc-9.2.0/gcc/ipa-devirt.c:0:0:0:0","pass_ipa_devirt",3494861,"file:///home/oleksii-shemshur/work/toolchains/source/gcc-9.2.0/gcc/ipa-devirt.c:4082:7:4082:21","file:///home/oleksii-shemshur/work/toolchains/source/gcc-9.2.0/gcc/ipa-devirt.c:4082:7:4082:21","pass_data"
21781,"/home/oleksii-shemshur/work/toolchains/source/gcc-9.2.0/gcc/ipa-devirt.c","file:///home/oleksii-shemshur/work/toolchains/source/gcc-9.2.0/gcc/ipa-devirt.c:0:0:0:0","pass_ipa_devirt",3494861,"file:///home/oleksii-shemshur/work/toolchains/source/gcc-9.2.0/gcc/ipa-devirt.c:4082:7:4082:21","file:///home/oleksii-shemshur/work/toolchains/source/gcc-9.2.0/gcc/ipa-devirt.c:4082:7:4082:21","pass_ipa_devirt"
21872,"/home/oleksii-shemshur/work/toolchains/source/gcc-9.2.0/gcc/ipa-fnsummary.c","file:///home/oleksii-shemshur/work/toolchains/source/gcc-9.2.0/gcc/ipa-fnsummary.c:0:0:0:0","pass_ipa_free_fn_summary",3511646,"file:///home/oleksii-shemshur/work/toolchains/source/gcc-9.2.0/gcc/ipa-fnsummary.c:3615:7:3615:30","file:///home/oleksii-shemshur/work/toolchains/source/gcc-9.2.0/gcc/ipa-fnsummary.c:3615:7:3615:30","opt_pass"
21872,"/home/oleksii-shemshur/work/toolchains/source/gcc-9.2.0/gcc/ipa-fnsummary.c","file:///home/oleksii-shemshur/work/toolchains/source/gcc-9.2.0/gcc/ipa-fnsummary.c:0:0:0:0","pass_ipa_free_fn_summary",3511646,"file:///home/oleksii-shemshur/work/toolchains/source/gcc-9.2.0/gcc/ipa-fnsummary.c:3615:7:3615:30","file:///home/oleksii-shemshur/work/toolchains/source/gcc-9.2.0/gcc/ipa-fnsummary.c:3615:7:3615:30","simple_ipa_opt_pass"
21872,"/home/oleksii-shemshur/work/toolchains/source/gcc-9.2.0/gcc/ipa-fnsummary.c","file:///home/oleksii-shemshur/work/toolchains/source/gcc-9.2.0/gcc/ipa-fnsummary.c:0:0:0:0","pass_ipa_free_fn_summary",3511646,"file:///home/oleksii-shemshur/work/toolchains/source/gcc-9.2.0/gcc/ipa-fnsummary.c:3615:7:3615:30","file:///home/oleksii-shemshur/work/toolchains/source/gcc-9.2.0/gcc/ipa-fnsummary.c:3615:7:3615:30","pass_data"
21872,"/home/oleksii-shemshur/work/toolchains/source/gcc-9.2.0/gcc/ipa-fnsummary.c","file:///home/oleksii-shemshur/work/toolchains/source/gcc-9.2.0/gcc/ipa-fnsummary.c:0:0:0:0","pass_ipa_free_fn_summary",3511646,"file:///home/oleksii-shemshur/work/toolchains/source/gcc-9.2.0/gcc/ipa-fnsummary.c:3615:7:3615:30","file:///home/oleksii-shemshur/work/toolchains/source/gcc-9.2.0/gcc/ipa-fnsummary.c:3615:7:3615:30","pass_ipa_free_fn_summary"
21872,"/home/oleksii-shemshur/work/toolchains/source/gcc-9.2.0/gcc/ipa-fnsummary.c","file:///home/oleksii-shemshur/work/toolchains/source/gcc-9.2.0/gcc/ipa-fnsummary.c:0:0:0:0","pass_ipa_fn_summary",3511642,"file:///home/oleksii-shemshur/work/toolchains/source/gcc-9.2.0/gcc/ipa-fnsummary.c:3664:7:3664:25","file:///home/oleksii-shemshur/work/toolchains/source/gcc-9.2.0/gcc/ipa-fnsummary.c:3664:7:3664:25","opt_pass"
21872,"/home/oleksii-shemshur/work/toolchains/source/gcc-9.2.0/gcc/ipa-fnsummary.c","file:///home/oleksii-shemshur/work/toolchains/source/gcc-9.2.0/gcc/ipa-fnsummary.c:0:0:0:0","pass_ipa_fn_summary",3511642,"file:///home/oleksii-shemshur/work/toolchains/source/gcc-9.2.0/gcc/ipa-fnsummary.c:3664:7:3664:25","file:///home/oleksii-shemshur/work/toolchains/source/gcc-9.2.0/gcc/ipa-fnsummary.c:3664:7:3664:25","ipa_opt_pass_d"
21872,"/home/oleksii-shemshur/work/toolchains/source/gcc-9.2.0/gcc/ipa-fnsummary.c","file:///home/oleksii-shemshur/work/toolchains/source/gcc-9.2.0/gcc/ipa-fnsummary.c:0:0:0:0","pass_ipa_fn_summary",3511642,"file:///home/oleksii-shemshur/work/toolchains/source/gcc-9.2.0/gcc/ipa-fnsummary.c:3664:7:3664:25","file:///home/oleksii-shemshur/work/toolchains/source/gcc-9.2.0/gcc/ipa-fnsummary.c:3664:7:3664:25","pass_data"
21872,"/home/oleksii-shemshur/work/toolchains/source/gcc-9.2.0/gcc/ipa-fnsummary.c","file:///home/oleksii-shemshur/work/toolchains/source/gcc-9.2.0/gcc/ipa-fnsummary.c:0:0:0:0","pass_ipa_fn_summary",3511642,"file:///home/oleksii-shemshur/work/toolchains/source/gcc-9.2.0/gcc/ipa-fnsummary.c:3664:7:3664:25","file:///home/oleksii-shemshur/work/toolchains/source/gcc-9.2.0/gcc/ipa-fnsummary.c:3664:7:3664:25","pass_ipa_fn_summary"
21872,"/home/oleksii-shemshur/work/toolchains/source/gcc-9.2.0/gcc/ipa-fnsummary.c","file:///home/oleksii-shemshur/work/toolchains/source/gcc-9.2.0/gcc/ipa-fnsummary.c:0:0:0:0","pass_local_fn_summary",3511650,"file:///home/oleksii-shemshur/work/toolchains/source/gcc-9.2.0/gcc/ipa-fnsummary.c:3573:7:3573:27","file:///home/oleksii-shemshur/work/toolchains/source/gcc-9.2.0/gcc/ipa-fnsummary.c:3573:7:3573:27","opt_pass"
21872,"/home/oleksii-shemshur/work/toolchains/source/gcc-9.2.0/gcc/ipa-fnsummary.c","file:///home/oleksii-shemshur/work/toolchains/source/gcc-9.2.0/gcc/ipa-fnsummary.c:0:0:0:0","pass_local_fn_summary",3511650,"file:///home/oleksii-shemshur/work/toolchains/source/gcc-9.2.0/gcc/ipa-fnsummary.c:3573:7:3573:27","file:///home/oleksii-shemshur/work/toolchains/source/gcc-9.2.0/gcc/ipa-fnsummary.c:3573:7:3573:27","gimple_opt_pass"
21872,"/home/oleksii-shemshur/work/toolchains/source/gcc-9.2.0/gcc/ipa-fnsummary.c","file:///home/oleksii-shemshur/work/toolchains/source/gcc-9.2.0/gcc/ipa-fnsummary.c:0:0:0:0","pass_local_fn_summary",3511650,"file:///home/oleksii-shemshur/work/toolchains/source/gcc-9.2.0/gcc/ipa-fnsummary.c:3573:7:3573:27","file:///home/oleksii-shemshur/work/toolchains/source/gcc-9.2.0/gcc/ipa-fnsummary.c:3573:7:3573:27","pass_data"
21872,"/home/oleksii-shemshur/work/toolchains/source/gcc-9.2.0/gcc/ipa-fnsummary.c","file:///home/oleksii-shemshur/work/toolchains/source/gcc-9.2.0/gcc/ipa-fnsummary.c:0:0:0:0","pass_local_fn_summary",3511650,"file:///home/oleksii-shemshur/work/toolchains/source/gcc-9.2.0/gcc/ipa-fnsummary.c:3573:7:3573:27","file:///home/oleksii-shemshur/work/toolchains/source/gcc-9.2.0/gcc/ipa-fnsummary.c:3573:7:3573:27","pass_local_fn_summary"
21929,"/home/oleksii-shemshur/work/toolchains/source/gcc-9.2.0/gcc/ipa-hsa.c","file:///home/oleksii-shemshur/work/toolchains/source/gcc-9.2.0/gcc/ipa-hsa.c:0:0:0:0","pass_ipa_hsa",3514438,"file:///home/oleksii-shemshur/work/toolchains/source/gcc-9.2.0/gcc/ipa-hsa.c:301:7:301:18","file:///home/oleksii-shemshur/work/toolchains/source/gcc-9.2.0/gcc/ipa-hsa.c:301:7:301:18","opt_pass"
21929,"/home/oleksii-shemshur/work/toolchains/source/gcc-9.2.0/gcc/ipa-hsa.c","file:///home/oleksii-shemshur/work/toolchains/source/gcc-9.2.0/gcc/ipa-hsa.c:0:0:0:0","pass_ipa_hsa",3514438,"file:///home/oleksii-shemshur/work/toolchains/source/gcc-9.2.0/gcc/ipa-hsa.c:301:7:301:18","file:///home/oleksii-shemshur/work/toolchains/source/gcc-9.2.0/gcc/ipa-hsa.c:301:7:301:18","ipa_opt_pass_d"
21929,"/home/oleksii-shemshur/work/toolchains/source/gcc-9.2.0/gcc/ipa-hsa.c","file:///home/oleksii-shemshur/work/toolchains/source/gcc-9.2.0/gcc/ipa-hsa.c:0:0:0:0","pass_ipa_hsa",3514438,"file:///home/oleksii-shemshur/work/toolchains/source/gcc-9.2.0/gcc/ipa-hsa.c:301:7:301:18","file:///home/oleksii-shemshur/work/toolchains/source/gcc-9.2.0/gcc/ipa-hsa.c:301:7:301:18","pass_data"
21929,"/home/oleksii-shemshur/work/toolchains/source/gcc-9.2.0/gcc/ipa-hsa.c","file:///home/oleksii-shemshur/work/toolchains/source/gcc-9.2.0/gcc/ipa-hsa.c:0:0:0:0","pass_ipa_hsa",3514438,"file:///home/oleksii-shemshur/work/toolchains/source/gcc-9.2.0/gcc/ipa-hsa.c:301:7:301:18","file:///home/oleksii-shemshur/work/toolchains/source/gcc-9.2.0/gcc/ipa-hsa.c:301:7:301:18","pass_ipa_hsa"
22163,"/home/oleksii-shemshur/work/toolchains/source/gcc-9.2.0/gcc/ipa-inline.c","file:///home/oleksii-shemshur/work/toolchains/source/gcc-9.2.0/gcc/ipa-inline.c:0:0:0:0","pass_ipa_inline",3552750,"file:///home/oleksii-shemshur/work/toolchains/source/gcc-9.2.0/gcc/ipa-inline.c:2927:7:2927:21","file:///home/oleksii-shemshur/work/toolchains/source/gcc-9.2.0/gcc/ipa-inline.c:2927:7:2927:21","opt_pass"
22163,"/home/oleksii-shemshur/work/toolchains/source/gcc-9.2.0/gcc/ipa-inline.c","file:///home/oleksii-shemshur/work/toolchains/source/gcc-9.2.0/gcc/ipa-inline.c:0:0:0:0","pass_ipa_inline",3552750,"file:///home/oleksii-shemshur/work/toolchains/source/gcc-9.2.0/gcc/ipa-inline.c:2927:7:2927:21","file:///home/oleksii-shemshur/work/toolchains/source/gcc-9.2.0/gcc/ipa-inline.c:2927:7:2927:21","ipa_opt_pass_d"
22163,"/home/oleksii-shemshur/work/toolchains/source/gcc-9.2.0/gcc/ipa-inline.c","file:///home/oleksii-shemshur/work/toolchains/source/gcc-9.2.0/gcc/ipa-inline.c:0:0:0:0","pass_ipa_inline",3552750,"file:///home/oleksii-shemshur/work/toolchains/source/gcc-9.2.0/gcc/ipa-inline.c:2927:7:2927:21","file:///home/oleksii-shemshur/work/toolchains/source/gcc-9.2.0/gcc/ipa-inline.c:2927:7:2927:21","pass_data"
22163,"/home/oleksii-shemshur/work/toolchains/source/gcc-9.2.0/gcc/ipa-inline.c","file:///home/oleksii-shemshur/work/toolchains/source/gcc-9.2.0/gcc/ipa-inline.c:0:0:0:0","pass_ipa_inline",3552750,"file:///home/oleksii-shemshur/work/toolchains/source/gcc-9.2.0/gcc/ipa-inline.c:2927:7:2927:21","file:///home/oleksii-shemshur/work/toolchains/source/gcc-9.2.0/gcc/ipa-inline.c:2927:7:2927:21","pass_ipa_inline"
22163,"/home/oleksii-shemshur/work/toolchains/source/gcc-9.2.0/gcc/ipa-inline.c","file:///home/oleksii-shemshur/work/toolchains/source/gcc-9.2.0/gcc/ipa-inline.c:0:0:0:0","pass_early_inline",3552754,"file:///home/oleksii-shemshur/work/toolchains/source/gcc-9.2.0/gcc/ipa-inline.c:2886:7:2886:23","file:///home/oleksii-shemshur/work/toolchains/source/gcc-9.2.0/gcc/ipa-inline.c:2886:7:2886:23","opt_pass"
22163,"/home/oleksii-shemshur/work/toolchains/source/gcc-9.2.0/gcc/ipa-inline.c","file:///home/oleksii-shemshur/work/toolchains/source/gcc-9.2.0/gcc/ipa-inline.c:0:0:0:0","pass_early_inline",3552754,"file:///home/oleksii-shemshur/work/toolchains/source/gcc-9.2.0/gcc/ipa-inline.c:2886:7:2886:23","file:///home/oleksii-shemshur/work/toolchains/source/gcc-9.2.0/gcc/ipa-inline.c:2886:7:2886:23","gimple_opt_pass"
22163,"/home/oleksii-shemshur/work/toolchains/source/gcc-9.2.0/gcc/ipa-inline.c","file:///home/oleksii-shemshur/work/toolchains/source/gcc-9.2.0/gcc/ipa-inline.c:0:0:0:0","pass_early_inline",3552754,"file:///home/oleksii-shemshur/work/toolchains/source/gcc-9.2.0/gcc/ipa-inline.c:2886:7:2886:23","file:///home/oleksii-shemshur/work/toolchains/source/gcc-9.2.0/gcc/ipa-inline.c:2886:7:2886:23","pass_data"
22163,"/home/oleksii-shemshur/work/toolchains/source/gcc-9.2.0/gcc/ipa-inline.c","file:///home/oleksii-shemshur/work/toolchains/source/gcc-9.2.0/gcc/ipa-inline.c:0:0:0:0","pass_early_inline",3552754,"file:///home/oleksii-shemshur/work/toolchains/source/gcc-9.2.0/gcc/ipa-inline.c:2886:7:2886:23","file:///home/oleksii-shemshur/work/toolchains/source/gcc-9.2.0/gcc/ipa-inline.c:2886:7:2886:23","pass_early_inline"
22238,"/home/oleksii-shemshur/work/toolchains/source/gcc-9.2.0/gcc/ipa-profile.c","file:///home/oleksii-shemshur/work/toolchains/source/gcc-9.2.0/gcc/ipa-profile.c:0:0:0:0","pass_ipa_profile",3568711,"file:///home/oleksii-shemshur/work/toolchains/source/gcc-9.2.0/gcc/ipa-profile.c:737:7:737:22","file:///home/oleksii-shemshur/work/toolchains/source/gcc-9.2.0/gcc/ipa-profile.c:737:7:737:22","opt_pass"
22238,"/home/oleksii-shemshur/work/toolchains/source/gcc-9.2.0/gcc/ipa-profile.c","file:///home/oleksii-shemshur/work/toolchains/source/gcc-9.2.0/gcc/ipa-profile.c:0:0:0:0","pass_ipa_profile",3568711,"file:///home/oleksii-shemshur/work/toolchains/source/gcc-9.2.0/gcc/ipa-profile.c:737:7:737:22","file:///home/oleksii-shemshur/work/toolchains/source/gcc-9.2.0/gcc/ipa-profile.c:737:7:737:22","ipa_opt_pass_d"
22238,"/home/oleksii-shemshur/work/toolchains/source/gcc-9.2.0/gcc/ipa-profile.c","file:///home/oleksii-shemshur/work/toolchains/source/gcc-9.2.0/gcc/ipa-profile.c:0:0:0:0","pass_ipa_profile",3568711,"file:///home/oleksii-shemshur/work/toolchains/source/gcc-9.2.0/gcc/ipa-profile.c:737:7:737:22","file:///home/oleksii-shemshur/work/toolchains/source/gcc-9.2.0/gcc/ipa-profile.c:737:7:737:22","pass_data"
22238,"/home/oleksii-shemshur/work/toolchains/source/gcc-9.2.0/gcc/ipa-profile.c","file:///home/oleksii-shemshur/work/toolchains/source/gcc-9.2.0/gcc/ipa-profile.c:0:0:0:0","pass_ipa_profile",3568711,"file:///home/oleksii-shemshur/work/toolchains/source/gcc-9.2.0/gcc/ipa-profile.c:737:7:737:22","file:///home/oleksii-shemshur/work/toolchains/source/gcc-9.2.0/gcc/ipa-profile.c:737:7:737:22","pass_ipa_profile"
22368,"/home/oleksii-shemshur/work/toolchains/source/gcc-9.2.0/gcc/ipa-pure-const.c","file:///home/oleksii-shemshur/work/toolchains/source/gcc-9.2.0/gcc/ipa-pure-const.c:0:0:0:0","pass_warn_function_noreturn",3595928,"file:///home/oleksii-shemshur/work/toolchains/source/gcc-9.2.0/gcc/ipa-pure-const.c:2230:7:2230:33","file:///home/oleksii-shemshur/work/toolchains/source/gcc-9.2.0/gcc/ipa-pure-const.c:2230:7:2230:33","opt_pass"
22368,"/home/oleksii-shemshur/work/toolchains/source/gcc-9.2.0/gcc/ipa-pure-const.c","file:///home/oleksii-shemshur/work/toolchains/source/gcc-9.2.0/gcc/ipa-pure-const.c:0:0:0:0","pass_warn_function_noreturn",3595928,"file:///home/oleksii-shemshur/work/toolchains/source/gcc-9.2.0/gcc/ipa-pure-const.c:2230:7:2230:33","file:///home/oleksii-shemshur/work/toolchains/source/gcc-9.2.0/gcc/ipa-pure-const.c:2230:7:2230:33","gimple_opt_pass"
22368,"/home/oleksii-shemshur/work/toolchains/source/gcc-9.2.0/gcc/ipa-pure-const.c","file:///home/oleksii-shemshur/work/toolchains/source/gcc-9.2.0/gcc/ipa-pure-const.c:0:0:0:0","pass_warn_function_noreturn",3595928,"file:///home/oleksii-shemshur/work/toolchains/source/gcc-9.2.0/gcc/ipa-pure-const.c:2230:7:2230:33","file:///home/oleksii-shemshur/work/toolchains/source/gcc-9.2.0/gcc/ipa-pure-const.c:2230:7:2230:33","pass_data"
22368,"/home/oleksii-shemshur/work/toolchains/source/gcc-9.2.0/gcc/ipa-pure-const.c","file:///home/oleksii-shemshur/work/toolchains/source/gcc-9.2.0/gcc/ipa-pure-const.c:0:0:0:0","pass_warn_function_noreturn",3595928,"file:///home/oleksii-shemshur/work/toolchains/source/gcc-9.2.0/gcc/ipa-pure-const.c:2230:7:2230:33","file:///home/oleksii-shemshur/work/toolchains/source/gcc-9.2.0/gcc/ipa-pure-const.c:2230:7:2230:33","pass_warn_function_noreturn"
22368,"/home/oleksii-shemshur/work/toolchains/source/gcc-9.2.0/gcc/ipa-pure-const.c","file:///home/oleksii-shemshur/work/toolchains/source/gcc-9.2.0/gcc/ipa-pure-const.c:0:0:0:0","pass_local_pure_const",3595932,"file:///home/oleksii-shemshur/work/toolchains/source/gcc-9.2.0/gcc/ipa-pure-const.c:2071:7:2071:27","file:///home/oleksii-shemshur/work/toolchains/source/gcc-9.2.0/gcc/ipa-pure-const.c:2071:7:2071:27","opt_pass"
22368,"/home/oleksii-shemshur/work/toolchains/source/gcc-9.2.0/gcc/ipa-pure-const.c","file:///home/oleksii-shemshur/work/toolchains/source/gcc-9.2.0/gcc/ipa-pure-const.c:0:0:0:0","pass_local_pure_const",3595932,"file:///home/oleksii-shemshur/work/toolchains/source/gcc-9.2.0/gcc/ipa-pure-const.c:2071:7:2071:27","file:///home/oleksii-shemshur/work/toolchains/source/gcc-9.2.0/gcc/ipa-pure-const.c:2071:7:2071:27","gimple_opt_pass"
22368,"/home/oleksii-shemshur/work/toolchains/source/gcc-9.2.0/gcc/ipa-pure-const.c","file:///home/oleksii-shemshur/work/toolchains/source/gcc-9.2.0/gcc/ipa-pure-const.c:0:0:0:0","pass_local_pure_const",3595932,"file:///home/oleksii-shemshur/work/toolchains/source/gcc-9.2.0/gcc/ipa-pure-const.c:2071:7:2071:27","file:///home/oleksii-shemshur/work/toolchains/source/gcc-9.2.0/gcc/ipa-pure-const.c:2071:7:2071:27","pass_data"
22368,"/home/oleksii-shemshur/work/toolchains/source/gcc-9.2.0/gcc/ipa-pure-const.c","file:///home/oleksii-shemshur/work/toolchains/source/gcc-9.2.0/gcc/ipa-pure-const.c:0:0:0:0","pass_local_pure_const",3595932,"file:///home/oleksii-shemshur/work/toolchains/source/gcc-9.2.0/gcc/ipa-pure-const.c:2071:7:2071:27","file:///home/oleksii-shemshur/work/toolchains/source/gcc-9.2.0/gcc/ipa-pure-const.c:2071:7:2071:27","pass_local_pure_const"
22368,"/home/oleksii-shemshur/work/toolchains/source/gcc-9.2.0/gcc/ipa-pure-const.c","file:///home/oleksii-shemshur/work/toolchains/source/gcc-9.2.0/gcc/ipa-pure-const.c:0:0:0:0","pass_ipa_pure_const",3595936,"file:///home/oleksii-shemshur/work/toolchains/source/gcc-9.2.0/gcc/ipa-pure-const.c:163:7:163:25","file:///home/oleksii-shemshur/work/toolchains/source/gcc-9.2.0/gcc/ipa-pure-const.c:163:7:163:25","opt_pass"
22368,"/home/oleksii-shemshur/work/toolchains/source/gcc-9.2.0/gcc/ipa-pure-const.c","file:///home/oleksii-shemshur/work/toolchains/source/gcc-9.2.0/gcc/ipa-pure-const.c:0:0:0:0","pass_ipa_pure_const",3595936,"file:///home/oleksii-shemshur/work/toolchains/source/gcc-9.2.0/gcc/ipa-pure-const.c:163:7:163:25","file:///home/oleksii-shemshur/work/toolchains/source/gcc-9.2.0/gcc/ipa-pure-const.c:163:7:163:25","ipa_opt_pass_d"
22368,"/home/oleksii-shemshur/work/toolchains/source/gcc-9.2.0/gcc/ipa-pure-const.c","file:///home/oleksii-shemshur/work/toolchains/source/gcc-9.2.0/gcc/ipa-pure-const.c:0:0:0:0","pass_ipa_pure_const",3595936,"file:///home/oleksii-shemshur/work/toolchains/source/gcc-9.2.0/gcc/ipa-pure-const.c:163:7:163:25","file:///home/oleksii-shemshur/work/toolchains/source/gcc-9.2.0/gcc/ipa-pure-const.c:163:7:163:25","pass_data"
22368,"/home/oleksii-shemshur/work/toolchains/source/gcc-9.2.0/gcc/ipa-pure-const.c","file:///home/oleksii-shemshur/work/toolchains/source/gcc-9.2.0/gcc/ipa-pure-const.c:0:0:0:0","pass_ipa_pure_const",3595936,"file:///home/oleksii-shemshur/work/toolchains/source/gcc-9.2.0/gcc/ipa-pure-const.c:163:7:163:25","file:///home/oleksii-shemshur/work/toolchains/source/gcc-9.2.0/gcc/ipa-pure-const.c:163:7:163:25","pass_ipa_pure_const"
22368,"/home/oleksii-shemshur/work/toolchains/source/gcc-9.2.0/gcc/ipa-pure-const.c","file:///home/oleksii-shemshur/work/toolchains/source/gcc-9.2.0/gcc/ipa-pure-const.c:0:0:0:0","pass_nothrow",3595914,"file:///home/oleksii-shemshur/work/toolchains/source/gcc-9.2.0/gcc/ipa-pure-const.c:2276:7:2276:18","file:///home/oleksii-shemshur/work/toolchains/source/gcc-9.2.0/gcc/ipa-pure-const.c:2276:7:2276:18","opt_pass"
22368,"/home/oleksii-shemshur/work/toolchains/source/gcc-9.2.0/gcc/ipa-pure-const.c","file:///home/oleksii-shemshur/work/toolchains/source/gcc-9.2.0/gcc/ipa-pure-const.c:0:0:0:0","pass_nothrow",3595914,"file:///home/oleksii-shemshur/work/toolchains/source/gcc-9.2.0/gcc/ipa-pure-const.c:2276:7:2276:18","file:///home/oleksii-shemshur/work/toolchains/source/gcc-9.2.0/gcc/ipa-pure-const.c:2276:7:2276:18","gimple_opt_pass"
22368,"/home/oleksii-shemshur/work/toolchains/source/gcc-9.2.0/gcc/ipa-pure-const.c","file:///home/oleksii-shemshur/work/toolchains/source/gcc-9.2.0/gcc/ipa-pure-const.c:0:0:0:0","pass_nothrow",3595914,"file:///home/oleksii-shemshur/work/toolchains/source/gcc-9.2.0/gcc/ipa-pure-const.c:2276:7:2276:18","file:///home/oleksii-shemshur/work/toolchains/source/gcc-9.2.0/gcc/ipa-pure-const.c:2276:7:2276:18","pass_data"
22368,"/home/oleksii-shemshur/work/toolchains/source/gcc-9.2.0/gcc/ipa-pure-const.c","file:///home/oleksii-shemshur/work/toolchains/source/gcc-9.2.0/gcc/ipa-pure-const.c:0:0:0:0","pass_nothrow",3595914,"file:///home/oleksii-shemshur/work/toolchains/source/gcc-9.2.0/gcc/ipa-pure-const.c:2276:7:2276:18","file:///home/oleksii-shemshur/work/toolchains/source/gcc-9.2.0/gcc/ipa-pure-const.c:2276:7:2276:18","pass_nothrow"
22436,"/home/oleksii-shemshur/work/toolchains/source/gcc-9.2.0/gcc/ipa-reference.c","file:///home/oleksii-shemshur/work/toolchains/source/gcc-9.2.0/gcc/ipa-reference.c:0:0:0:0","pass_ipa_reference",3600846,"file:///home/oleksii-shemshur/work/toolchains/source/gcc-9.2.0/gcc/ipa-reference.c:1188:7:1188:24","file:///home/oleksii-shemshur/work/toolchains/source/gcc-9.2.0/gcc/ipa-reference.c:1188:7:1188:24","opt_pass"
22436,"/home/oleksii-shemshur/work/toolchains/source/gcc-9.2.0/gcc/ipa-reference.c","file:///home/oleksii-shemshur/work/toolchains/source/gcc-9.2.0/gcc/ipa-reference.c:0:0:0:0","pass_ipa_reference",3600846,"file:///home/oleksii-shemshur/work/toolchains/source/gcc-9.2.0/gcc/ipa-reference.c:1188:7:1188:24","file:///home/oleksii-shemshur/work/toolchains/source/gcc-9.2.0/gcc/ipa-reference.c:1188:7:1188:24","ipa_opt_pass_d"
22436,"/home/oleksii-shemshur/work/toolchains/source/gcc-9.2.0/gcc/ipa-reference.c","file:///home/oleksii-shemshur/work/toolchains/source/gcc-9.2.0/gcc/ipa-reference.c:0:0:0:0","pass_ipa_reference",3600846,"file:///home/oleksii-shemshur/work/toolchains/source/gcc-9.2.0/gcc/ipa-reference.c:1188:7:1188:24","file:///home/oleksii-shemshur/work/toolchains/source/gcc-9.2.0/gcc/ipa-reference.c:1188:7:1188:24","pass_data"
22436,"/home/oleksii-shemshur/work/toolchains/source/gcc-9.2.0/gcc/ipa-reference.c","file:///home/oleksii-shemshur/work/toolchains/source/gcc-9.2.0/gcc/ipa-reference.c:0:0:0:0","pass_ipa_reference",3600846,"file:///home/oleksii-shemshur/work/toolchains/source/gcc-9.2.0/gcc/ipa-reference.c:1188:7:1188:24","file:///home/oleksii-shemshur/work/toolchains/source/gcc-9.2.0/gcc/ipa-reference.c:1188:7:1188:24","pass_ipa_reference"
22462,"/home/oleksii-shemshur/work/toolchains/source/gcc-9.2.0/gcc/ipa-split.c","file:///home/oleksii-shemshur/work/toolchains/source/gcc-9.2.0/gcc/ipa-split.c:0:0:0:0","pass_feedback_split_functions",3607570,"file:///home/oleksii-shemshur/work/toolchains/source/gcc-9.2.0/gcc/ipa-split.c:1924:7:1924:35","file:///home/oleksii-shemshur/work/toolchains/source/gcc-9.2.0/gcc/ipa-split.c:1924:7:1924:35","opt_pass"
22462,"/home/oleksii-shemshur/work/toolchains/source/gcc-9.2.0/gcc/ipa-split.c","file:///home/oleksii-shemshur/work/toolchains/source/gcc-9.2.0/gcc/ipa-split.c:0:0:0:0","pass_feedback_split_functions",3607570,"file:///home/oleksii-shemshur/work/toolchains/source/gcc-9.2.0/gcc/ipa-split.c:1924:7:1924:35","file:///home/oleksii-shemshur/work/toolchains/source/gcc-9.2.0/gcc/ipa-split.c:1924:7:1924:35","gimple_opt_pass"
22462,"/home/oleksii-shemshur/work/toolchains/source/gcc-9.2.0/gcc/ipa-split.c","file:///home/oleksii-shemshur/work/toolchains/source/gcc-9.2.0/gcc/ipa-split.c:0:0:0:0","pass_feedback_split_functions",3607570,"file:///home/oleksii-shemshur/work/toolchains/source/gcc-9.2.0/gcc/ipa-split.c:1924:7:1924:35","file:///home/oleksii-shemshur/work/toolchains/source/gcc-9.2.0/gcc/ipa-split.c:1924:7:1924:35","pass_data"
22462,"/home/oleksii-shemshur/work/toolchains/source/gcc-9.2.0/gcc/ipa-split.c","file:///home/oleksii-shemshur/work/toolchains/source/gcc-9.2.0/gcc/ipa-split.c:0:0:0:0","pass_feedback_split_functions",3607570,"file:///home/oleksii-shemshur/work/toolchains/source/gcc-9.2.0/gcc/ipa-split.c:1924:7:1924:35","file:///home/oleksii-shemshur/work/toolchains/source/gcc-9.2.0/gcc/ipa-split.c:1924:7:1924:35","pass_feedback_split_functions"
22462,"/home/oleksii-shemshur/work/toolchains/source/gcc-9.2.0/gcc/ipa-split.c","file:///home/oleksii-shemshur/work/toolchains/source/gcc-9.2.0/gcc/ipa-split.c:0:0:0:0","pass_split_functions",3607574,"file:///home/oleksii-shemshur/work/toolchains/source/gcc-9.2.0/gcc/ipa-split.c:1865:7:1865:26","file:///home/oleksii-shemshur/work/toolchains/source/gcc-9.2.0/gcc/ipa-split.c:1865:7:1865:26","opt_pass"
22462,"/home/oleksii-shemshur/work/toolchains/source/gcc-9.2.0/gcc/ipa-split.c","file:///home/oleksii-shemshur/work/toolchains/source/gcc-9.2.0/gcc/ipa-split.c:0:0:0:0","pass_split_functions",3607574,"file:///home/oleksii-shemshur/work/toolchains/source/gcc-9.2.0/gcc/ipa-split.c:1865:7:1865:26","file:///home/oleksii-shemshur/work/toolchains/source/gcc-9.2.0/gcc/ipa-split.c:1865:7:1865:26","gimple_opt_pass"
22462,"/home/oleksii-shemshur/work/toolchains/source/gcc-9.2.0/gcc/ipa-split.c","file:///home/oleksii-shemshur/work/toolchains/source/gcc-9.2.0/gcc/ipa-split.c:0:0:0:0","pass_split_functions",3607574,"file:///home/oleksii-shemshur/work/toolchains/source/gcc-9.2.0/gcc/ipa-split.c:1865:7:1865:26","file:///home/oleksii-shemshur/work/toolchains/source/gcc-9.2.0/gcc/ipa-split.c:1865:7:1865:26","pass_data"
22462,"/home/oleksii-shemshur/work/toolchains/source/gcc-9.2.0/gcc/ipa-split.c","file:///home/oleksii-shemshur/work/toolchains/source/gcc-9.2.0/gcc/ipa-split.c:0:0:0:0","pass_split_functions",3607574,"file:///home/oleksii-shemshur/work/toolchains/source/gcc-9.2.0/gcc/ipa-split.c:1865:7:1865:26","file:///home/oleksii-shemshur/work/toolchains/source/gcc-9.2.0/gcc/ipa-split.c:1865:7:1865:26","pass_split_functions"
22506,"/home/oleksii-shemshur/work/toolchains/source/gcc-9.2.0/gcc/ipa-visibility.c","file:///home/oleksii-shemshur/work/toolchains/source/gcc-9.2.0/gcc/ipa-visibility.c:0:0:0:0","pass_ipa_whole_program_visibility",3613589,"file:///home/oleksii-shemshur/work/toolchains/source/gcc-9.2.0/gcc/ipa-visibility.c:935:7:935:39","file:///home/oleksii-shemshur/work/toolchains/source/gcc-9.2.0/gcc/ipa-visibility.c:935:7:935:39","opt_pass"
22506,"/home/oleksii-shemshur/work/toolchains/source/gcc-9.2.0/gcc/ipa-visibility.c","file:///home/oleksii-shemshur/work/toolchains/source/gcc-9.2.0/gcc/ipa-visibility.c:0:0:0:0","pass_ipa_whole_program_visibility",3613589,"file:///home/oleksii-shemshur/work/toolchains/source/gcc-9.2.0/gcc/ipa-visibility.c:935:7:935:39","file:///home/oleksii-shemshur/work/toolchains/source/gcc-9.2.0/gcc/ipa-visibility.c:935:7:935:39","ipa_opt_pass_d"
22506,"/home/oleksii-shemshur/work/toolchains/source/gcc-9.2.0/gcc/ipa-visibility.c","file:///home/oleksii-shemshur/work/toolchains/source/gcc-9.2.0/gcc/ipa-visibility.c:0:0:0:0","pass_ipa_whole_program_visibility",3613589,"file:///home/oleksii-shemshur/work/toolchains/source/gcc-9.2.0/gcc/ipa-visibility.c:935:7:935:39","file:///home/oleksii-shemshur/work/toolchains/source/gcc-9.2.0/gcc/ipa-visibility.c:935:7:935:39","pass_data"
22506,"/home/oleksii-shemshur/work/toolchains/source/gcc-9.2.0/gcc/ipa-visibility.c","file:///home/oleksii-shemshur/work/toolchains/source/gcc-9.2.0/gcc/ipa-visibility.c:0:0:0:0","pass_ipa_whole_program_visibility",3613589,"file:///home/oleksii-shemshur/work/toolchains/source/gcc-9.2.0/gcc/ipa-visibility.c:935:7:935:39","file:///home/oleksii-shemshur/work/toolchains/source/gcc-9.2.0/gcc/ipa-visibility.c:935:7:935:39","pass_ipa_whole_program_visibility"
22506,"/home/oleksii-shemshur/work/toolchains/source/gcc-9.2.0/gcc/ipa-visibility.c","file:///home/oleksii-shemshur/work/toolchains/source/gcc-9.2.0/gcc/ipa-visibility.c:0:0:0:0","pass_ipa_function_and_variable_visibility",3613593,"file:///home/oleksii-shemshur/work/toolchains/source/gcc-9.2.0/gcc/ipa-visibility.c:973:7:973:47","file:///home/oleksii-shemshur/work/toolchains/source/gcc-9.2.0/gcc/ipa-visibility.c:973:7:973:47","opt_pass"
22506,"/home/oleksii-shemshur/work/toolchains/source/gcc-9.2.0/gcc/ipa-visibility.c","file:///home/oleksii-shemshur/work/toolchains/source/gcc-9.2.0/gcc/ipa-visibility.c:0:0:0:0","pass_ipa_function_and_variable_visibility",3613593,"file:///home/oleksii-shemshur/work/toolchains/source/gcc-9.2.0/gcc/ipa-visibility.c:973:7:973:47","file:///home/oleksii-shemshur/work/toolchains/source/gcc-9.2.0/gcc/ipa-visibility.c:973:7:973:47","simple_ipa_opt_pass"
22506,"/home/oleksii-shemshur/work/toolchains/source/gcc-9.2.0/gcc/ipa-visibility.c","file:///home/oleksii-shemshur/work/toolchains/source/gcc-9.2.0/gcc/ipa-visibility.c:0:0:0:0","pass_ipa_function_and_variable_visibility",3613593,"file:///home/oleksii-shemshur/work/toolchains/source/gcc-9.2.0/gcc/ipa-visibility.c:973:7:973:47","file:///home/oleksii-shemshur/work/toolchains/source/gcc-9.2.0/gcc/ipa-visibility.c:973:7:973:47","pass_data"
22506,"/home/oleksii-shemshur/work/toolchains/source/gcc-9.2.0/gcc/ipa-visibility.c","file:///home/oleksii-shemshur/work/toolchains/source/gcc-9.2.0/gcc/ipa-visibility.c:0:0:0:0","pass_ipa_function_and_variable_visibility",3613593,"file:///home/oleksii-shemshur/work/toolchains/source/gcc-9.2.0/gcc/ipa-visibility.c:973:7:973:47","file:///home/oleksii-shemshur/work/toolchains/source/gcc-9.2.0/gcc/ipa-visibility.c:973:7:973:47","pass_ipa_function_and_variable_visibility"
22522,"/home/oleksii-shemshur/work/toolchains/source/gcc-9.2.0/gcc/ipa.c","file:///home/oleksii-shemshur/work/toolchains/source/gcc-9.2.0/gcc/ipa.c:0:0:0:0","pass_materialize_all_clones",3617751,"file:///home/oleksii-shemshur/work/toolchains/source/gcc-9.2.0/gcc/ipa.c:1381:7:1381:33","file:///home/oleksii-shemshur/work/toolchains/source/gcc-9.2.0/gcc/ipa.c:1381:7:1381:33","opt_pass"
22522,"/home/oleksii-shemshur/work/toolchains/source/gcc-9.2.0/gcc/ipa.c","file:///home/oleksii-shemshur/work/toolchains/source/gcc-9.2.0/gcc/ipa.c:0:0:0:0","pass_materialize_all_clones",3617751,"file:///home/oleksii-shemshur/work/toolchains/source/gcc-9.2.0/gcc/ipa.c:1381:7:1381:33","file:///home/oleksii-shemshur/work/toolchains/source/gcc-9.2.0/gcc/ipa.c:1381:7:1381:33","simple_ipa_opt_pass"
22522,"/home/oleksii-shemshur/work/toolchains/source/gcc-9.2.0/gcc/ipa.c","file:///home/oleksii-shemshur/work/toolchains/source/gcc-9.2.0/gcc/ipa.c:0:0:0:0","pass_materialize_all_clones",3617751,"file:///home/oleksii-shemshur/work/toolchains/source/gcc-9.2.0/gcc/ipa.c:1381:7:1381:33","file:///home/oleksii-shemshur/work/toolchains/source/gcc-9.2.0/gcc/ipa.c:1381:7:1381:33","pass_data"
22522,"/home/oleksii-shemshur/work/toolchains/source/gcc-9.2.0/gcc/ipa.c","file:///home/oleksii-shemshur/work/toolchains/source/gcc-9.2.0/gcc/ipa.c:0:0:0:0","pass_materialize_all_clones",3617751,"file:///home/oleksii-shemshur/work/toolchains/source/gcc-9.2.0/gcc/ipa.c:1381:7:1381:33","file:///home/oleksii-shemshur/work/toolchains/source/gcc-9.2.0/gcc/ipa.c:1381:7:1381:33","pass_materialize_all_clones"
22522,"/home/oleksii-shemshur/work/toolchains/source/gcc-9.2.0/gcc/ipa.c","file:///home/oleksii-shemshur/work/toolchains/source/gcc-9.2.0/gcc/ipa.c:0:0:0:0","pass_ipa_single_use",3617755,"file:///home/oleksii-shemshur/work/toolchains/source/gcc-9.2.0/gcc/ipa.c:1335:7:1335:25","file:///home/oleksii-shemshur/work/toolchains/source/gcc-9.2.0/gcc/ipa.c:1335:7:1335:25","opt_pass"
22522,"/home/oleksii-shemshur/work/toolchains/source/gcc-9.2.0/gcc/ipa.c","file:///home/oleksii-shemshur/work/toolchains/source/gcc-9.2.0/gcc/ipa.c:0:0:0:0","pass_ipa_single_use",3617755,"file:///home/oleksii-shemshur/work/toolchains/source/gcc-9.2.0/gcc/ipa.c:1335:7:1335:25","file:///home/oleksii-shemshur/work/toolchains/source/gcc-9.2.0/gcc/ipa.c:1335:7:1335:25","ipa_opt_pass_d"
22522,"/home/oleksii-shemshur/work/toolchains/source/gcc-9.2.0/gcc/ipa.c","file:///home/oleksii-shemshur/work/toolchains/source/gcc-9.2.0/gcc/ipa.c:0:0:0:0","pass_ipa_single_use",3617755,"file:///home/oleksii-shemshur/work/toolchains/source/gcc-9.2.0/gcc/ipa.c:1335:7:1335:25","file:///home/oleksii-shemshur/work/toolchains/source/gcc-9.2.0/gcc/ipa.c:1335:7:1335:25","pass_data"
22522,"/home/oleksii-shemshur/work/toolchains/source/gcc-9.2.0/gcc/ipa.c","file:///home/oleksii-shemshur/work/toolchains/source/gcc-9.2.0/gcc/ipa.c:0:0:0:0","pass_ipa_single_use",3617755,"file:///home/oleksii-shemshur/work/toolchains/source/gcc-9.2.0/gcc/ipa.c:1335:7:1335:25","file:///home/oleksii-shemshur/work/toolchains/source/gcc-9.2.0/gcc/ipa.c:1335:7:1335:25","pass_ipa_single_use"
22522,"/home/oleksii-shemshur/work/toolchains/source/gcc-9.2.0/gcc/ipa.c","file:///home/oleksii-shemshur/work/toolchains/source/gcc-9.2.0/gcc/ipa.c:0:0:0:0","pass_ipa_cdtor_merge",3617759,"file:///home/oleksii-shemshur/work/toolchains/source/gcc-9.2.0/gcc/ipa.c:1112:7:1112:26","file:///home/oleksii-shemshur/work/toolchains/source/gcc-9.2.0/gcc/ipa.c:1112:7:1112:26","opt_pass"
22522,"/home/oleksii-shemshur/work/toolchains/source/gcc-9.2.0/gcc/ipa.c","file:///home/oleksii-shemshur/work/toolchains/source/gcc-9.2.0/gcc/ipa.c:0:0:0:0","pass_ipa_cdtor_merge",3617759,"file:///home/oleksii-shemshur/work/toolchains/source/gcc-9.2.0/gcc/ipa.c:1112:7:1112:26","file:///home/oleksii-shemshur/work/toolchains/source/gcc-9.2.0/gcc/ipa.c:1112:7:1112:26","ipa_opt_pass_d"
22522,"/home/oleksii-shemshur/work/toolchains/source/gcc-9.2.0/gcc/ipa.c","file:///home/oleksii-shemshur/work/toolchains/source/gcc-9.2.0/gcc/ipa.c:0:0:0:0","pass_ipa_cdtor_merge",3617759,"file:///home/oleksii-shemshur/work/toolchains/source/gcc-9.2.0/gcc/ipa.c:1112:7:1112:26","file:///home/oleksii-shemshur/work/toolchains/source/gcc-9.2.0/gcc/ipa.c:1112:7:1112:26","pass_data"
22522,"/home/oleksii-shemshur/work/toolchains/source/gcc-9.2.0/gcc/ipa.c","file:///home/oleksii-shemshur/work/toolchains/source/gcc-9.2.0/gcc/ipa.c:0:0:0:0","pass_ipa_cdtor_merge",3617759,"file:///home/oleksii-shemshur/work/toolchains/source/gcc-9.2.0/gcc/ipa.c:1112:7:1112:26","file:///home/oleksii-shemshur/work/toolchains/source/gcc-9.2.0/gcc/ipa.c:1112:7:1112:26","pass_ipa_cdtor_merge"
22752,"/home/oleksii-shemshur/work/toolchains/source/gcc-9.2.0/gcc/ira.c","file:///home/oleksii-shemshur/work/toolchains/source/gcc-9.2.0/gcc/ira.c:0:0:0:0","pass_reload",3691177,"file:///home/oleksii-shemshur/work/toolchains/source/gcc-9.2.0/gcc/ira.c:5686:7:5686:17","file:///home/oleksii-shemshur/work/toolchains/source/gcc-9.2.0/gcc/ira.c:5686:7:5686:17","rtl_opt_pass"
22752,"/home/oleksii-shemshur/work/toolchains/source/gcc-9.2.0/gcc/ira.c","file:///home/oleksii-shemshur/work/toolchains/source/gcc-9.2.0/gcc/ira.c:0:0:0:0","pass_reload",3691177,"file:///home/oleksii-shemshur/work/toolchains/source/gcc-9.2.0/gcc/ira.c:5686:7:5686:17","file:///home/oleksii-shemshur/work/toolchains/source/gcc-9.2.0/gcc/ira.c:5686:7:5686:17","opt_pass"
22752,"/home/oleksii-shemshur/work/toolchains/source/gcc-9.2.0/gcc/ira.c","file:///home/oleksii-shemshur/work/toolchains/source/gcc-9.2.0/gcc/ira.c:0:0:0:0","pass_reload",3691177,"file:///home/oleksii-shemshur/work/toolchains/source/gcc-9.2.0/gcc/ira.c:5686:7:5686:17","file:///home/oleksii-shemshur/work/toolchains/source/gcc-9.2.0/gcc/ira.c:5686:7:5686:17","pass_data"
22752,"/home/oleksii-shemshur/work/toolchains/source/gcc-9.2.0/gcc/ira.c","file:///home/oleksii-shemshur/work/toolchains/source/gcc-9.2.0/gcc/ira.c:0:0:0:0","pass_reload",3691177,"file:///home/oleksii-shemshur/work/toolchains/source/gcc-9.2.0/gcc/ira.c:5686:7:5686:17","file:///home/oleksii-shemshur/work/toolchains/source/gcc-9.2.0/gcc/ira.c:5686:7:5686:17","pass_reload"
22752,"/home/oleksii-shemshur/work/toolchains/source/gcc-9.2.0/gcc/ira.c","file:///home/oleksii-shemshur/work/toolchains/source/gcc-9.2.0/gcc/ira.c:0:0:0:0","pass_ira",3691181,"file:///home/oleksii-shemshur/work/toolchains/source/gcc-9.2.0/gcc/ira.c:5643:7:5643:14","file:///home/oleksii-shemshur/work/toolchains/source/gcc-9.2.0/gcc/ira.c:5643:7:5643:14","rtl_opt_pass"
22752,"/home/oleksii-shemshur/work/toolchains/source/gcc-9.2.0/gcc/ira.c","file:///home/oleksii-shemshur/work/toolchains/source/gcc-9.2.0/gcc/ira.c:0:0:0:0","pass_ira",3691181,"file:///home/oleksii-shemshur/work/toolchains/source/gcc-9.2.0/gcc/ira.c:5643:7:5643:14","file:///home/oleksii-shemshur/work/toolchains/source/gcc-9.2.0/gcc/ira.c:5643:7:5643:14","opt_pass"
22752,"/home/oleksii-shemshur/work/toolchains/source/gcc-9.2.0/gcc/ira.c","file:///home/oleksii-shemshur/work/toolchains/source/gcc-9.2.0/gcc/ira.c:0:0:0:0","pass_ira",3691181,"file:///home/oleksii-shemshur/work/toolchains/source/gcc-9.2.0/gcc/ira.c:5643:7:5643:14","file:///home/oleksii-shemshur/work/toolchains/source/gcc-9.2.0/gcc/ira.c:5643:7:5643:14","pass_data"
22752,"/home/oleksii-shemshur/work/toolchains/source/gcc-9.2.0/gcc/ira.c","file:///home/oleksii-shemshur/work/toolchains/source/gcc-9.2.0/gcc/ira.c:0:0:0:0","pass_ira",3691181,"file:///home/oleksii-shemshur/work/toolchains/source/gcc-9.2.0/gcc/ira.c:5643:7:5643:14","file:///home/oleksii-shemshur/work/toolchains/source/gcc-9.2.0/gcc/ira.c:5643:7:5643:14","pass_ira"
22839,"/home/oleksii-shemshur/work/toolchains/source/gcc-9.2.0/gcc/jump.c","file:///home/oleksii-shemshur/work/toolchains/source/gcc-9.2.0/gcc/jump.c:0:0:0:0","pass_cleanup_barriers",3698171,"file:///home/oleksii-shemshur/work/toolchains/source/gcc-9.2.0/gcc/jump.c:177:7:177:27","file:///home/oleksii-shemshur/work/toolchains/source/gcc-9.2.0/gcc/jump.c:177:7:177:27","rtl_opt_pass"
22839,"/home/oleksii-shemshur/work/toolchains/source/gcc-9.2.0/gcc/jump.c","file:///home/oleksii-shemshur/work/toolchains/source/gcc-9.2.0/gcc/jump.c:0:0:0:0","pass_cleanup_barriers",3698171,"file:///home/oleksii-shemshur/work/toolchains/source/gcc-9.2.0/gcc/jump.c:177:7:177:27","file:///home/oleksii-shemshur/work/toolchains/source/gcc-9.2.0/gcc/jump.c:177:7:177:27","opt_pass"
22839,"/home/oleksii-shemshur/work/toolchains/source/gcc-9.2.0/gcc/jump.c","file:///home/oleksii-shemshur/work/toolchains/source/gcc-9.2.0/gcc/jump.c:0:0:0:0","pass_cleanup_barriers",3698171,"file:///home/oleksii-shemshur/work/toolchains/source/gcc-9.2.0/gcc/jump.c:177:7:177:27","file:///home/oleksii-shemshur/work/toolchains/source/gcc-9.2.0/gcc/jump.c:177:7:177:27","pass_data"
22839,"/home/oleksii-shemshur/work/toolchains/source/gcc-9.2.0/gcc/jump.c","file:///home/oleksii-shemshur/work/toolchains/source/gcc-9.2.0/gcc/jump.c:0:0:0:0","pass_cleanup_barriers",3698171,"file:///home/oleksii-shemshur/work/toolchains/source/gcc-9.2.0/gcc/jump.c:177:7:177:27","file:///home/oleksii-shemshur/work/toolchains/source/gcc-9.2.0/gcc/jump.c:177:7:177:27","pass_cleanup_barriers"
22964,"/home/oleksii-shemshur/work/toolchains/source/gcc-9.2.0/gcc/loop-init.c","file:///home/oleksii-shemshur/work/toolchains/source/gcc-9.2.0/gcc/loop-init.c:0:0:0:0","pass_rtl_loop_done",3707304,"file:///home/oleksii-shemshur/work/toolchains/source/gcc-9.2.0/gcc/loop-init.c:455:7:455:24","file:///home/oleksii-shemshur/work/toolchains/source/gcc-9.2.0/gcc/loop-init.c:455:7:455:24","rtl_opt_pass"
22964,"/home/oleksii-shemshur/work/toolchains/source/gcc-9.2.0/gcc/loop-init.c","file:///home/oleksii-shemshur/work/toolchains/source/gcc-9.2.0/gcc/loop-init.c:0:0:0:0","pass_rtl_loop_done",3707304,"file:///home/oleksii-shemshur/work/toolchains/source/gcc-9.2.0/gcc/loop-init.c:455:7:455:24","file:///home/oleksii-shemshur/work/toolchains/source/gcc-9.2.0/gcc/loop-init.c:455:7:455:24","opt_pass"
22964,"/home/oleksii-shemshur/work/toolchains/source/gcc-9.2.0/gcc/loop-init.c","file:///home/oleksii-shemshur/work/toolchains/source/gcc-9.2.0/gcc/loop-init.c:0:0:0:0","pass_rtl_loop_done",3707304,"file:///home/oleksii-shemshur/work/toolchains/source/gcc-9.2.0/gcc/loop-init.c:455:7:455:24","file:///home/oleksii-shemshur/work/toolchains/source/gcc-9.2.0/gcc/loop-init.c:455:7:455:24","pass_data"
22964,"/home/oleksii-shemshur/work/toolchains/source/gcc-9.2.0/gcc/loop-init.c","file:///home/oleksii-shemshur/work/toolchains/source/gcc-9.2.0/gcc/loop-init.c:0:0:0:0","pass_rtl_loop_done",3707304,"file:///home/oleksii-shemshur/work/toolchains/source/gcc-9.2.0/gcc/loop-init.c:455:7:455:24","file:///home/oleksii-shemshur/work/toolchains/source/gcc-9.2.0/gcc/loop-init.c:455:7:455:24","pass_rtl_loop_done"
22964,"/home/oleksii-shemshur/work/toolchains/source/gcc-9.2.0/gcc/loop-init.c","file:///home/oleksii-shemshur/work/toolchains/source/gcc-9.2.0/gcc/loop-init.c:0:0:0:0","pass_rtl_doloop",3707292,"file:///home/oleksii-shemshur/work/toolchains/source/gcc-9.2.0/gcc/loop-init.c:613:7:613:21","file:///home/oleksii-shemshur/work/toolchains/source/gcc-9.2.0/gcc/loop-init.c:613:7:613:21","rtl_opt_pass"
22964,"/home/oleksii-shemshur/work/toolchains/source/gcc-9.2.0/gcc/loop-init.c","file:///home/oleksii-shemshur/work/toolchains/source/gcc-9.2.0/gcc/loop-init.c:0:0:0:0","pass_rtl_doloop",3707292,"file:///home/oleksii-shemshur/work/toolchains/source/gcc-9.2.0/gcc/loop-init.c:613:7:613:21","file:///home/oleksii-shemshur/work/toolchains/source/gcc-9.2.0/gcc/loop-init.c:613:7:613:21","opt_pass"
22964,"/home/oleksii-shemshur/work/toolchains/source/gcc-9.2.0/gcc/loop-init.c","file:///home/oleksii-shemshur/work/toolchains/source/gcc-9.2.0/gcc/loop-init.c:0:0:0:0","pass_rtl_doloop",3707292,"file:///home/oleksii-shemshur/work/toolchains/source/gcc-9.2.0/gcc/loop-init.c:613:7:613:21","file:///home/oleksii-shemshur/work/toolchains/source/gcc-9.2.0/gcc/loop-init.c:613:7:613:21","pass_data"
22964,"/home/oleksii-shemshur/work/toolchains/source/gcc-9.2.0/gcc/loop-init.c","file:///home/oleksii-shemshur/work/toolchains/source/gcc-9.2.0/gcc/loop-init.c:0:0:0:0","pass_rtl_doloop",3707292,"file:///home/oleksii-shemshur/work/toolchains/source/gcc-9.2.0/gcc/loop-init.c:613:7:613:21","file:///home/oleksii-shemshur/work/toolchains/source/gcc-9.2.0/gcc/loop-init.c:613:7:613:21","pass_rtl_doloop"
22964,"/home/oleksii-shemshur/work/toolchains/source/gcc-9.2.0/gcc/loop-init.c","file:///home/oleksii-shemshur/work/toolchains/source/gcc-9.2.0/gcc/loop-init.c:0:0:0:0","pass_rtl_unroll_loops",3707296,"file:///home/oleksii-shemshur/work/toolchains/source/gcc-9.2.0/gcc/loop-init.c:553:7:553:27","file:///home/oleksii-shemshur/work/toolchains/source/gcc-9.2.0/gcc/loop-init.c:553:7:553:27","rtl_opt_pass"
22964,"/home/oleksii-shemshur/work/toolchains/source/gcc-9.2.0/gcc/loop-init.c","file:///home/oleksii-shemshur/work/toolchains/source/gcc-9.2.0/gcc/loop-init.c:0:0:0:0","pass_rtl_unroll_loops",3707296,"file:///home/oleksii-shemshur/work/toolchains/source/gcc-9.2.0/gcc/loop-init.c:553:7:553:27","file:///home/oleksii-shemshur/work/toolchains/source/gcc-9.2.0/gcc/loop-init.c:553:7:553:27","opt_pass"
22964,"/home/oleksii-shemshur/work/toolchains/source/gcc-9.2.0/gcc/loop-init.c","file:///home/oleksii-shemshur/work/toolchains/source/gcc-9.2.0/gcc/loop-init.c:0:0:0:0","pass_rtl_unroll_loops",3707296,"file:///home/oleksii-shemshur/work/toolchains/source/gcc-9.2.0/gcc/loop-init.c:553:7:553:27","file:///home/oleksii-shemshur/work/toolchains/source/gcc-9.2.0/gcc/loop-init.c:553:7:553:27","pass_data"
22964,"/home/oleksii-shemshur/work/toolchains/source/gcc-9.2.0/gcc/loop-init.c","file:///home/oleksii-shemshur/work/toolchains/source/gcc-9.2.0/gcc/loop-init.c:0:0:0:0","pass_rtl_unroll_loops",3707296,"file:///home/oleksii-shemshur/work/toolchains/source/gcc-9.2.0/gcc/loop-init.c:553:7:553:27","file:///home/oleksii-shemshur/work/toolchains/source/gcc-9.2.0/gcc/loop-init.c:553:7:553:27","pass_rtl_unroll_loops"
22964,"/home/oleksii-shemshur/work/toolchains/source/gcc-9.2.0/gcc/loop-init.c","file:///home/oleksii-shemshur/work/toolchains/source/gcc-9.2.0/gcc/loop-init.c:0:0:0:0","pass_rtl_move_loop_invariants",3707300,"file:///home/oleksii-shemshur/work/toolchains/source/gcc-9.2.0/gcc/loop-init.c:511:7:511:35","file:///home/oleksii-shemshur/work/toolchains/source/gcc-9.2.0/gcc/loop-init.c:511:7:511:35","rtl_opt_pass"
22964,"/home/oleksii-shemshur/work/toolchains/source/gcc-9.2.0/gcc/loop-init.c","file:///home/oleksii-shemshur/work/toolchains/source/gcc-9.2.0/gcc/loop-init.c:0:0:0:0","pass_rtl_move_loop_invariants",3707300,"file:///home/oleksii-shemshur/work/toolchains/source/gcc-9.2.0/gcc/loop-init.c:511:7:511:35","file:///home/oleksii-shemshur/work/toolchains/source/gcc-9.2.0/gcc/loop-init.c:511:7:511:35","opt_pass"
22964,"/home/oleksii-shemshur/work/toolchains/source/gcc-9.2.0/gcc/loop-init.c","file:///home/oleksii-shemshur/work/toolchains/source/gcc-9.2.0/gcc/loop-init.c:0:0:0:0","pass_rtl_move_loop_invariants",3707300,"file:///home/oleksii-shemshur/work/toolchains/source/gcc-9.2.0/gcc/loop-init.c:511:7:511:35","file:///home/oleksii-shemshur/work/toolchains/source/gcc-9.2.0/gcc/loop-init.c:511:7:511:35","pass_data"
22964,"/home/oleksii-shemshur/work/toolchains/source/gcc-9.2.0/gcc/loop-init.c","file:///home/oleksii-shemshur/work/toolchains/source/gcc-9.2.0/gcc/loop-init.c:0:0:0:0","pass_rtl_move_loop_invariants",3707300,"file:///home/oleksii-shemshur/work/toolchains/source/gcc-9.2.0/gcc/loop-init.c:511:7:511:35","file:///home/oleksii-shemshur/work/toolchains/source/gcc-9.2.0/gcc/loop-init.c:511:7:511:35","pass_rtl_move_loop_invariants"
22964,"/home/oleksii-shemshur/work/toolchains/source/gcc-9.2.0/gcc/loop-init.c","file:///home/oleksii-shemshur/work/toolchains/source/gcc-9.2.0/gcc/loop-init.c:0:0:0:0","pass_rtl_loop_init",3707308,"file:///home/oleksii-shemshur/work/toolchains/source/gcc-9.2.0/gcc/loop-init.c:417:7:417:24","file:///home/oleksii-shemshur/work/toolchains/source/gcc-9.2.0/gcc/loop-init.c:417:7:417:24","rtl_opt_pass"
22964,"/home/oleksii-shemshur/work/toolchains/source/gcc-9.2.0/gcc/loop-init.c","file:///home/oleksii-shemshur/work/toolchains/source/gcc-9.2.0/gcc/loop-init.c:0:0:0:0","pass_rtl_loop_init",3707308,"file:///home/oleksii-shemshur/work/toolchains/source/gcc-9.2.0/gcc/loop-init.c:417:7:417:24","file:///home/oleksii-shemshur/work/toolchains/source/gcc-9.2.0/gcc/loop-init.c:417:7:417:24","opt_pass"
22964,"/home/oleksii-shemshur/work/toolchains/source/gcc-9.2.0/gcc/loop-init.c","file:///home/oleksii-shemshur/work/toolchains/source/gcc-9.2.0/gcc/loop-init.c:0:0:0:0","pass_rtl_loop_init",3707308,"file:///home/oleksii-shemshur/work/toolchains/source/gcc-9.2.0/gcc/loop-init.c:417:7:417:24","file:///home/oleksii-shemshur/work/toolchains/source/gcc-9.2.0/gcc/loop-init.c:417:7:417:24","pass_data"
22964,"/home/oleksii-shemshur/work/toolchains/source/gcc-9.2.0/gcc/loop-init.c","file:///home/oleksii-shemshur/work/toolchains/source/gcc-9.2.0/gcc/loop-init.c:0:0:0:0","pass_rtl_loop_init",3707308,"file:///home/oleksii-shemshur/work/toolchains/source/gcc-9.2.0/gcc/loop-init.c:417:7:417:24","file:///home/oleksii-shemshur/work/toolchains/source/gcc-9.2.0/gcc/loop-init.c:417:7:417:24","pass_rtl_loop_init"
22964,"/home/oleksii-shemshur/work/toolchains/source/gcc-9.2.0/gcc/loop-init.c","file:///home/oleksii-shemshur/work/toolchains/source/gcc-9.2.0/gcc/loop-init.c:0:0:0:0","pass_loop2",3707312,"file:///home/oleksii-shemshur/work/toolchains/source/gcc-9.2.0/gcc/loop-init.c:345:7:345:16","file:///home/oleksii-shemshur/work/toolchains/source/gcc-9.2.0/gcc/loop-init.c:345:7:345:16","rtl_opt_pass"
22964,"/home/oleksii-shemshur/work/toolchains/source/gcc-9.2.0/gcc/loop-init.c","file:///home/oleksii-shemshur/work/toolchains/source/gcc-9.2.0/gcc/loop-init.c:0:0:0:0","pass_loop2",3707312,"file:///home/oleksii-shemshur/work/toolchains/source/gcc-9.2.0/gcc/loop-init.c:345:7:345:16","file:///home/oleksii-shemshur/work/toolchains/source/gcc-9.2.0/gcc/loop-init.c:345:7:345:16","opt_pass"
22964,"/home/oleksii-shemshur/work/toolchains/source/gcc-9.2.0/gcc/loop-init.c","file:///home/oleksii-shemshur/work/toolchains/source/gcc-9.2.0/gcc/loop-init.c:0:0:0:0","pass_loop2",3707312,"file:///home/oleksii-shemshur/work/toolchains/source/gcc-9.2.0/gcc/loop-init.c:345:7:345:16","file:///home/oleksii-shemshur/work/toolchains/source/gcc-9.2.0/gcc/loop-init.c:345:7:345:16","pass_data"
22964,"/home/oleksii-shemshur/work/toolchains/source/gcc-9.2.0/gcc/loop-init.c","file:///home/oleksii-shemshur/work/toolchains/source/gcc-9.2.0/gcc/loop-init.c:0:0:0:0","pass_loop2",3707312,"file:///home/oleksii-shemshur/work/toolchains/source/gcc-9.2.0/gcc/loop-init.c:345:7:345:16","file:///home/oleksii-shemshur/work/toolchains/source/gcc-9.2.0/gcc/loop-init.c:345:7:345:16","pass_loop2"
23072,"/home/oleksii-shemshur/work/toolchains/source/gcc-9.2.0/gcc/lower-subreg.c","file:///home/oleksii-shemshur/work/toolchains/source/gcc-9.2.0/gcc/lower-subreg.c:0:0:0:0","pass_lower_subreg2",3737419,"file:///home/oleksii-shemshur/work/toolchains/source/gcc-9.2.0/gcc/lower-subreg.c:1796:7:1796:24","file:///home/oleksii-shemshur/work/toolchains/source/gcc-9.2.0/gcc/lower-subreg.c:1796:7:1796:24","rtl_opt_pass"
23072,"/home/oleksii-shemshur/work/toolchains/source/gcc-9.2.0/gcc/lower-subreg.c","file:///home/oleksii-shemshur/work/toolchains/source/gcc-9.2.0/gcc/lower-subreg.c:0:0:0:0","pass_lower_subreg2",3737419,"file:///home/oleksii-shemshur/work/toolchains/source/gcc-9.2.0/gcc/lower-subreg.c:1796:7:1796:24","file:///home/oleksii-shemshur/work/toolchains/source/gcc-9.2.0/gcc/lower-subreg.c:1796:7:1796:24","opt_pass"
23072,"/home/oleksii-shemshur/work/toolchains/source/gcc-9.2.0/gcc/lower-subreg.c","file:///home/oleksii-shemshur/work/toolchains/source/gcc-9.2.0/gcc/lower-subreg.c:0:0:0:0","pass_lower_subreg2",3737419,"file:///home/oleksii-shemshur/work/toolchains/source/gcc-9.2.0/gcc/lower-subreg.c:1796:7:1796:24","file:///home/oleksii-shemshur/work/toolchains/source/gcc-9.2.0/gcc/lower-subreg.c:1796:7:1796:24","pass_data"
23072,"/home/oleksii-shemshur/work/toolchains/source/gcc-9.2.0/gcc/lower-subreg.c","file:///home/oleksii-shemshur/work/toolchains/source/gcc-9.2.0/gcc/lower-subreg.c:0:0:0:0","pass_lower_subreg2",3737419,"file:///home/oleksii-shemshur/work/toolchains/source/gcc-9.2.0/gcc/lower-subreg.c:1796:7:1796:24","file:///home/oleksii-shemshur/work/toolchains/source/gcc-9.2.0/gcc/lower-subreg.c:1796:7:1796:24","pass_lower_subreg2"
23072,"/home/oleksii-shemshur/work/toolchains/source/gcc-9.2.0/gcc/lower-subreg.c","file:///home/oleksii-shemshur/work/toolchains/source/gcc-9.2.0/gcc/lower-subreg.c:0:0:0:0","pass_lower_subreg",3737423,"file:///home/oleksii-shemshur/work/toolchains/source/gcc-9.2.0/gcc/lower-subreg.c:1754:7:1754:23","file:///home/oleksii-shemshur/work/toolchains/source/gcc-9.2.0/gcc/lower-subreg.c:1754:7:1754:23","rtl_opt_pass"
23072,"/home/oleksii-shemshur/work/toolchains/source/gcc-9.2.0/gcc/lower-subreg.c","file:///home/oleksii-shemshur/work/toolchains/source/gcc-9.2.0/gcc/lower-subreg.c:0:0:0:0","pass_lower_subreg",3737423,"file:///home/oleksii-shemshur/work/toolchains/source/gcc-9.2.0/gcc/lower-subreg.c:1754:7:1754:23","file:///home/oleksii-shemshur/work/toolchains/source/gcc-9.2.0/gcc/lower-subreg.c:1754:7:1754:23","opt_pass"
23072,"/home/oleksii-shemshur/work/toolchains/source/gcc-9.2.0/gcc/lower-subreg.c","file:///home/oleksii-shemshur/work/toolchains/source/gcc-9.2.0/gcc/lower-subreg.c:0:0:0:0","pass_lower_subreg",3737423,"file:///home/oleksii-shemshur/work/toolchains/source/gcc-9.2.0/gcc/lower-subreg.c:1754:7:1754:23","file:///home/oleksii-shemshur/work/toolchains/source/gcc-9.2.0/gcc/lower-subreg.c:1754:7:1754:23","pass_data"
23072,"/home/oleksii-shemshur/work/toolchains/source/gcc-9.2.0/gcc/lower-subreg.c","file:///home/oleksii-shemshur/work/toolchains/source/gcc-9.2.0/gcc/lower-subreg.c:0:0:0:0","pass_lower_subreg",3737423,"file:///home/oleksii-shemshur/work/toolchains/source/gcc-9.2.0/gcc/lower-subreg.c:1754:7:1754:23","file:///home/oleksii-shemshur/work/toolchains/source/gcc-9.2.0/gcc/lower-subreg.c:1754:7:1754:23","pass_lower_subreg"
23506,"/home/oleksii-shemshur/work/toolchains/source/gcc-9.2.0/gcc/mode-switching.c","file:///home/oleksii-shemshur/work/toolchains/source/gcc-9.2.0/gcc/mode-switching.c:0:0:0:0","pass_mode_switching",3884949,"file:///home/oleksii-shemshur/work/toolchains/source/gcc-9.2.0/gcc/mode-switching.c:886:7:886:25","file:///home/oleksii-shemshur/work/toolchains/source/gcc-9.2.0/gcc/mode-switching.c:886:7:886:25","rtl_opt_pass"
23506,"/home/oleksii-shemshur/work/toolchains/source/gcc-9.2.0/gcc/mode-switching.c","file:///home/oleksii-shemshur/work/toolchains/source/gcc-9.2.0/gcc/mode-switching.c:0:0:0:0","pass_mode_switching",3884949,"file:///home/oleksii-shemshur/work/toolchains/source/gcc-9.2.0/gcc/mode-switching.c:886:7:886:25","file:///home/oleksii-shemshur/work/toolchains/source/gcc-9.2.0/gcc/mode-switching.c:886:7:886:25","opt_pass"
23506,"/home/oleksii-shemshur/work/toolchains/source/gcc-9.2.0/gcc/mode-switching.c","file:///home/oleksii-shemshur/work/toolchains/source/gcc-9.2.0/gcc/mode-switching.c:0:0:0:0","pass_mode_switching",3884949,"file:///home/oleksii-shemshur/work/toolchains/source/gcc-9.2.0/gcc/mode-switching.c:886:7:886:25","file:///home/oleksii-shemshur/work/toolchains/source/gcc-9.2.0/gcc/mode-switching.c:886:7:886:25","pass_data"
23506,"/home/oleksii-shemshur/work/toolchains/source/gcc-9.2.0/gcc/mode-switching.c","file:///home/oleksii-shemshur/work/toolchains/source/gcc-9.2.0/gcc/mode-switching.c:0:0:0:0","pass_mode_switching",3884949,"file:///home/oleksii-shemshur/work/toolchains/source/gcc-9.2.0/gcc/mode-switching.c:886:7:886:25","file:///home/oleksii-shemshur/work/toolchains/source/gcc-9.2.0/gcc/mode-switching.c:886:7:886:25","pass_mode_switching"
23520,"/home/oleksii-shemshur/work/toolchains/source/gcc-9.2.0/gcc/modulo-sched.c","file:///home/oleksii-shemshur/work/toolchains/source/gcc-9.2.0/gcc/modulo-sched.c:0:0:0:0","pass_sms",3894949,"file:///home/oleksii-shemshur/work/toolchains/source/gcc-9.2.0/gcc/modulo-sched.c:3311:7:3311:14","file:///home/oleksii-shemshur/work/toolchains/source/gcc-9.2.0/gcc/modulo-sched.c:3311:7:3311:14","rtl_opt_pass"
23520,"/home/oleksii-shemshur/work/toolchains/source/gcc-9.2.0/gcc/modulo-sched.c","file:///home/oleksii-shemshur/work/toolchains/source/gcc-9.2.0/gcc/modulo-sched.c:0:0:0:0","pass_sms",3894949,"file:///home/oleksii-shemshur/work/toolchains/source/gcc-9.2.0/gcc/modulo-sched.c:3311:7:3311:14","file:///home/oleksii-shemshur/work/toolchains/source/gcc-9.2.0/gcc/modulo-sched.c:3311:7:3311:14","opt_pass"
23520,"/home/oleksii-shemshur/work/toolchains/source/gcc-9.2.0/gcc/modulo-sched.c","file:///home/oleksii-shemshur/work/toolchains/source/gcc-9.2.0/gcc/modulo-sched.c:0:0:0:0","pass_sms",3894949,"file:///home/oleksii-shemshur/work/toolchains/source/gcc-9.2.0/gcc/modulo-sched.c:3311:7:3311:14","file:///home/oleksii-shemshur/work/toolchains/source/gcc-9.2.0/gcc/modulo-sched.c:3311:7:3311:14","pass_data"
23520,"/home/oleksii-shemshur/work/toolchains/source/gcc-9.2.0/gcc/modulo-sched.c","file:///home/oleksii-shemshur/work/toolchains/source/gcc-9.2.0/gcc/modulo-sched.c:0:0:0:0","pass_sms",3894949,"file:///home/oleksii-shemshur/work/toolchains/source/gcc-9.2.0/gcc/modulo-sched.c:3311:7:3311:14","file:///home/oleksii-shemshur/work/toolchains/source/gcc-9.2.0/gcc/modulo-sched.c:3311:7:3311:14","pass_sms"
23541,"/home/oleksii-shemshur/work/toolchains/source/gcc-9.2.0/gcc/multiple_target.c","file:///home/oleksii-shemshur/work/toolchains/source/gcc-9.2.0/gcc/multiple_target.c:0:0:0:0","pass_target_clone",3898042,"file:///home/oleksii-shemshur/work/toolchains/source/gcc-9.2.0/gcc/multiple_target.c:544:7:544:23","file:///home/oleksii-shemshur/work/toolchains/source/gcc-9.2.0/gcc/multiple_target.c:544:7:544:23","opt_pass"
23541,"/home/oleksii-shemshur/work/toolchains/source/gcc-9.2.0/gcc/multiple_target.c","file:///home/oleksii-shemshur/work/toolchains/source/gcc-9.2.0/gcc/multiple_target.c:0:0:0:0","pass_target_clone",3898042,"file:///home/oleksii-shemshur/work/toolchains/source/gcc-9.2.0/gcc/multiple_target.c:544:7:544:23","file:///home/oleksii-shemshur/work/toolchains/source/gcc-9.2.0/gcc/multiple_target.c:544:7:544:23","simple_ipa_opt_pass"
23541,"/home/oleksii-shemshur/work/toolchains/source/gcc-9.2.0/gcc/multiple_target.c","file:///home/oleksii-shemshur/work/toolchains/source/gcc-9.2.0/gcc/multiple_target.c:0:0:0:0","pass_target_clone",3898042,"file:///home/oleksii-shemshur/work/toolchains/source/gcc-9.2.0/gcc/multiple_target.c:544:7:544:23","file:///home/oleksii-shemshur/work/toolchains/source/gcc-9.2.0/gcc/multiple_target.c:544:7:544:23","pass_data"
23541,"/home/oleksii-shemshur/work/toolchains/source/gcc-9.2.0/gcc/multiple_target.c","file:///home/oleksii-shemshur/work/toolchains/source/gcc-9.2.0/gcc/multiple_target.c:0:0:0:0","pass_target_clone",3898042,"file:///home/oleksii-shemshur/work/toolchains/source/gcc-9.2.0/gcc/multiple_target.c:544:7:544:23","file:///home/oleksii-shemshur/work/toolchains/source/gcc-9.2.0/gcc/multiple_target.c:544:7:544:23","pass_target_clone"
23558,"/home/oleksii-shemshur/work/toolchains/source/gcc-9.2.0/gcc/omp-expand.c","file:///home/oleksii-shemshur/work/toolchains/source/gcc-9.2.0/gcc/omp-expand.c:0:0:0:0","pass_expand_omp_ssa",3929636,"file:///home/oleksii-shemshur/work/toolchains/source/gcc-9.2.0/gcc/omp-expand.c:8469:7:8469:25","file:///home/oleksii-shemshur/work/toolchains/source/gcc-9.2.0/gcc/omp-expand.c:8469:7:8469:25","opt_pass"
23558,"/home/oleksii-shemshur/work/toolchains/source/gcc-9.2.0/gcc/omp-expand.c","file:///home/oleksii-shemshur/work/toolchains/source/gcc-9.2.0/gcc/omp-expand.c:0:0:0:0","pass_expand_omp_ssa",3929636,"file:///home/oleksii-shemshur/work/toolchains/source/gcc-9.2.0/gcc/omp-expand.c:8469:7:8469:25","file:///home/oleksii-shemshur/work/toolchains/source/gcc-9.2.0/gcc/omp-expand.c:8469:7:8469:25","gimple_opt_pass"
23558,"/home/oleksii-shemshur/work/toolchains/source/gcc-9.2.0/gcc/omp-expand.c","file:///home/oleksii-shemshur/work/toolchains/source/gcc-9.2.0/gcc/omp-expand.c:0:0:0:0","pass_expand_omp_ssa",3929636,"file:///home/oleksii-shemshur/work/toolchains/source/gcc-9.2.0/gcc/omp-expand.c:8469:7:8469:25","file:///home/oleksii-shemshur/work/toolchains/source/gcc-9.2.0/gcc/omp-expand.c:8469:7:8469:25","pass_data"
23558,"/home/oleksii-shemshur/work/toolchains/source/gcc-9.2.0/gcc/omp-expand.c","file:///home/oleksii-shemshur/work/toolchains/source/gcc-9.2.0/gcc/omp-expand.c:0:0:0:0","pass_expand_omp_ssa",3929636,"file:///home/oleksii-shemshur/work/toolchains/source/gcc-9.2.0/gcc/omp-expand.c:8469:7:8469:25","file:///home/oleksii-shemshur/work/toolchains/source/gcc-9.2.0/gcc/omp-expand.c:8469:7:8469:25","pass_expand_omp_ssa"
23558,"/home/oleksii-shemshur/work/toolchains/source/gcc-9.2.0/gcc/omp-expand.c","file:///home/oleksii-shemshur/work/toolchains/source/gcc-9.2.0/gcc/omp-expand.c:0:0:0:0","pass_expand_omp",3929640,"file:///home/oleksii-shemshur/work/toolchains/source/gcc-9.2.0/gcc/omp-expand.c:8422:7:8422:21","file:///home/oleksii-shemshur/work/toolchains/source/gcc-9.2.0/gcc/omp-expand.c:8422:7:8422:21","opt_pass"
23558,"/home/oleksii-shemshur/work/toolchains/source/gcc-9.2.0/gcc/omp-expand.c","file:///home/oleksii-shemshur/work/toolchains/source/gcc-9.2.0/gcc/omp-expand.c:0:0:0:0","pass_expand_omp",3929640,"file:///home/oleksii-shemshur/work/toolchains/source/gcc-9.2.0/gcc/omp-expand.c:8422:7:8422:21","file:///home/oleksii-shemshur/work/toolchains/source/gcc-9.2.0/gcc/omp-expand.c:8422:7:8422:21","gimple_opt_pass"
23558,"/home/oleksii-shemshur/work/toolchains/source/gcc-9.2.0/gcc/omp-expand.c","file:///home/oleksii-shemshur/work/toolchains/source/gcc-9.2.0/gcc/omp-expand.c:0:0:0:0","pass_expand_omp",3929640,"file:///home/oleksii-shemshur/work/toolchains/source/gcc-9.2.0/gcc/omp-expand.c:8422:7:8422:21","file:///home/oleksii-shemshur/work/toolchains/source/gcc-9.2.0/gcc/omp-expand.c:8422:7:8422:21","pass_data"
23558,"/home/oleksii-shemshur/work/toolchains/source/gcc-9.2.0/gcc/omp-expand.c","file:///home/oleksii-shemshur/work/toolchains/source/gcc-9.2.0/gcc/omp-expand.c:0:0:0:0","pass_expand_omp",3929640,"file:///home/oleksii-shemshur/work/toolchains/source/gcc-9.2.0/gcc/omp-expand.c:8422:7:8422:21","file:///home/oleksii-shemshur/work/toolchains/source/gcc-9.2.0/gcc/omp-expand.c:8422:7:8422:21","pass_expand_omp"
23627,"/home/oleksii-shemshur/work/toolchains/source/gcc-9.2.0/gcc/omp-low.c","file:///home/oleksii-shemshur/work/toolchains/source/gcc-9.2.0/gcc/omp-low.c:0:0:0:0","pass_lower_omp",3975742,"file:///home/oleksii-shemshur/work/toolchains/source/gcc-9.2.0/gcc/omp-low.c:10634:7:10634:20","file:///home/oleksii-shemshur/work/toolchains/source/gcc-9.2.0/gcc/omp-low.c:10634:7:10634:20","opt_pass"
23627,"/home/oleksii-shemshur/work/toolchains/source/gcc-9.2.0/gcc/omp-low.c","file:///home/oleksii-shemshur/work/toolchains/source/gcc-9.2.0/gcc/omp-low.c:0:0:0:0","pass_lower_omp",3975742,"file:///home/oleksii-shemshur/work/toolchains/source/gcc-9.2.0/gcc/omp-low.c:10634:7:10634:20","file:///home/oleksii-shemshur/work/toolchains/source/gcc-9.2.0/gcc/omp-low.c:10634:7:10634:20","gimple_opt_pass"
23627,"/home/oleksii-shemshur/work/toolchains/source/gcc-9.2.0/gcc/omp-low.c","file:///home/oleksii-shemshur/work/toolchains/source/gcc-9.2.0/gcc/omp-low.c:0:0:0:0","pass_lower_omp",3975742,"file:///home/oleksii-shemshur/work/toolchains/source/gcc-9.2.0/gcc/omp-low.c:10634:7:10634:20","file:///home/oleksii-shemshur/work/toolchains/source/gcc-9.2.0/gcc/omp-low.c:10634:7:10634:20","pass_data"
23627,"/home/oleksii-shemshur/work/toolchains/source/gcc-9.2.0/gcc/omp-low.c","file:///home/oleksii-shemshur/work/toolchains/source/gcc-9.2.0/gcc/omp-low.c:0:0:0:0","pass_lower_omp",3975742,"file:///home/oleksii-shemshur/work/toolchains/source/gcc-9.2.0/gcc/omp-low.c:10634:7:10634:20","file:///home/oleksii-shemshur/work/toolchains/source/gcc-9.2.0/gcc/omp-low.c:10634:7:10634:20","pass_lower_omp"
23627,"/home/oleksii-shemshur/work/toolchains/source/gcc-9.2.0/gcc/omp-low.c","file:///home/oleksii-shemshur/work/toolchains/source/gcc-9.2.0/gcc/omp-low.c:0:0:0:0","pass_diagnose_omp_blocks",3975738,"file:///home/oleksii-shemshur/work/toolchains/source/gcc-9.2.0/gcc/omp-low.c:10936:7:10936:30","file:///home/oleksii-shemshur/work/toolchains/source/gcc-9.2.0/gcc/omp-low.c:10936:7:10936:30","opt_pass"
23627,"/home/oleksii-shemshur/work/toolchains/source/gcc-9.2.0/gcc/omp-low.c","file:///home/oleksii-shemshur/work/toolchains/source/gcc-9.2.0/gcc/omp-low.c:0:0:0:0","pass_diagnose_omp_blocks",3975738,"file:///home/oleksii-shemshur/work/toolchains/source/gcc-9.2.0/gcc/omp-low.c:10936:7:10936:30","file:///home/oleksii-shemshur/work/toolchains/source/gcc-9.2.0/gcc/omp-low.c:10936:7:10936:30","gimple_opt_pass"
23627,"/home/oleksii-shemshur/work/toolchains/source/gcc-9.2.0/gcc/omp-low.c","file:///home/oleksii-shemshur/work/toolchains/source/gcc-9.2.0/gcc/omp-low.c:0:0:0:0","pass_diagnose_omp_blocks",3975738,"file:///home/oleksii-shemshur/work/toolchains/source/gcc-9.2.0/gcc/omp-low.c:10936:7:10936:30","file:///home/oleksii-shemshur/work/toolchains/source/gcc-9.2.0/gcc/omp-low.c:10936:7:10936:30","pass_data"
23627,"/home/oleksii-shemshur/work/toolchains/source/gcc-9.2.0/gcc/omp-low.c","file:///home/oleksii-shemshur/work/toolchains/source/gcc-9.2.0/gcc/omp-low.c:0:0:0:0","pass_diagnose_omp_blocks",3975738,"file:///home/oleksii-shemshur/work/toolchains/source/gcc-9.2.0/gcc/omp-low.c:10936:7:10936:30","file:///home/oleksii-shemshur/work/toolchains/source/gcc-9.2.0/gcc/omp-low.c:10936:7:10936:30","pass_diagnose_omp_blocks"
23658,"/home/oleksii-shemshur/work/toolchains/source/gcc-9.2.0/gcc/omp-offload.c","file:///home/oleksii-shemshur/work/toolchains/source/gcc-9.2.0/gcc/omp-offload.c:0:0:0:0","pass_omp_target_link",3983240,"file:///home/oleksii-shemshur/work/toolchains/source/gcc-9.2.0/gcc/omp-offload.c:2021:7:2021:26","file:///home/oleksii-shemshur/work/toolchains/source/gcc-9.2.0/gcc/omp-offload.c:2021:7:2021:26","opt_pass"
23658,"/home/oleksii-shemshur/work/toolchains/source/gcc-9.2.0/gcc/omp-offload.c","file:///home/oleksii-shemshur/work/toolchains/source/gcc-9.2.0/gcc/omp-offload.c:0:0:0:0","pass_omp_target_link",3983240,"file:///home/oleksii-shemshur/work/toolchains/source/gcc-9.2.0/gcc/omp-offload.c:2021:7:2021:26","file:///home/oleksii-shemshur/work/toolchains/source/gcc-9.2.0/gcc/omp-offload.c:2021:7:2021:26","gimple_opt_pass"
23658,"/home/oleksii-shemshur/work/toolchains/source/gcc-9.2.0/gcc/omp-offload.c","file:///home/oleksii-shemshur/work/toolchains/source/gcc-9.2.0/gcc/omp-offload.c:0:0:0:0","pass_omp_target_link",3983240,"file:///home/oleksii-shemshur/work/toolchains/source/gcc-9.2.0/gcc/omp-offload.c:2021:7:2021:26","file:///home/oleksii-shemshur/work/toolchains/source/gcc-9.2.0/gcc/omp-offload.c:2021:7:2021:26","pass_data"
23658,"/home/oleksii-shemshur/work/toolchains/source/gcc-9.2.0/gcc/omp-offload.c","file:///home/oleksii-shemshur/work/toolchains/source/gcc-9.2.0/gcc/omp-offload.c:0:0:0:0","pass_omp_target_link",3983240,"file:///home/oleksii-shemshur/work/toolchains/source/gcc-9.2.0/gcc/omp-offload.c:2021:7:2021:26","file:///home/oleksii-shemshur/work/toolchains/source/gcc-9.2.0/gcc/omp-offload.c:2021:7:2021:26","pass_omp_target_link"
23658,"/home/oleksii-shemshur/work/toolchains/source/gcc-9.2.0/gcc/omp-offload.c","file:///home/oleksii-shemshur/work/toolchains/source/gcc-9.2.0/gcc/omp-offload.c:0:0:0:0","pass_omp_device_lower",3983244,"file:///home/oleksii-shemshur/work/toolchains/source/gcc-9.2.0/gcc/omp-offload.c:1977:7:1977:27","file:///home/oleksii-shemshur/work/toolchains/source/gcc-9.2.0/gcc/omp-offload.c:1977:7:1977:27","opt_pass"
23658,"/home/oleksii-shemshur/work/toolchains/source/gcc-9.2.0/gcc/omp-offload.c","file:///home/oleksii-shemshur/work/toolchains/source/gcc-9.2.0/gcc/omp-offload.c:0:0:0:0","pass_omp_device_lower",3983244,"file:///home/oleksii-shemshur/work/toolchains/source/gcc-9.2.0/gcc/omp-offload.c:1977:7:1977:27","file:///home/oleksii-shemshur/work/toolchains/source/gcc-9.2.0/gcc/omp-offload.c:1977:7:1977:27","gimple_opt_pass"
23658,"/home/oleksii-shemshur/work/toolchains/source/gcc-9.2.0/gcc/omp-offload.c","file:///home/oleksii-shemshur/work/toolchains/source/gcc-9.2.0/gcc/omp-offload.c:0:0:0:0","pass_omp_device_lower",3983244,"file:///home/oleksii-shemshur/work/toolchains/source/gcc-9.2.0/gcc/omp-offload.c:1977:7:1977:27","file:///home/oleksii-shemshur/work/toolchains/source/gcc-9.2.0/gcc/omp-offload.c:1977:7:1977:27","pass_data"
23658,"/home/oleksii-shemshur/work/toolchains/source/gcc-9.2.0/gcc/omp-offload.c","file:///home/oleksii-shemshur/work/toolchains/source/gcc-9.2.0/gcc/omp-offload.c:0:0:0:0","pass_omp_device_lower",3983244,"file:///home/oleksii-shemshur/work/toolchains/source/gcc-9.2.0/gcc/omp-offload.c:1977:7:1977:27","file:///home/oleksii-shemshur/work/toolchains/source/gcc-9.2.0/gcc/omp-offload.c:1977:7:1977:27","pass_omp_device_lower"
23658,"/home/oleksii-shemshur/work/toolchains/source/gcc-9.2.0/gcc/omp-offload.c","file:///home/oleksii-shemshur/work/toolchains/source/gcc-9.2.0/gcc/omp-offload.c:0:0:0:0","pass_oacc_device_lower",3983248,"file:///home/oleksii-shemshur/work/toolchains/source/gcc-9.2.0/gcc/omp-offload.c:1764:7:1764:28","file:///home/oleksii-shemshur/work/toolchains/source/gcc-9.2.0/gcc/omp-offload.c:1764:7:1764:28","opt_pass"
23658,"/home/oleksii-shemshur/work/toolchains/source/gcc-9.2.0/gcc/omp-offload.c","file:///home/oleksii-shemshur/work/toolchains/source/gcc-9.2.0/gcc/omp-offload.c:0:0:0:0","pass_oacc_device_lower",3983248,"file:///home/oleksii-shemshur/work/toolchains/source/gcc-9.2.0/gcc/omp-offload.c:1764:7:1764:28","file:///home/oleksii-shemshur/work/toolchains/source/gcc-9.2.0/gcc/omp-offload.c:1764:7:1764:28","gimple_opt_pass"
23658,"/home/oleksii-shemshur/work/toolchains/source/gcc-9.2.0/gcc/omp-offload.c","file:///home/oleksii-shemshur/work/toolchains/source/gcc-9.2.0/gcc/omp-offload.c:0:0:0:0","pass_oacc_device_lower",3983248,"file:///home/oleksii-shemshur/work/toolchains/source/gcc-9.2.0/gcc/omp-offload.c:1764:7:1764:28","file:///home/oleksii-shemshur/work/toolchains/source/gcc-9.2.0/gcc/omp-offload.c:1764:7:1764:28","pass_data"
23658,"/home/oleksii-shemshur/work/toolchains/source/gcc-9.2.0/gcc/omp-offload.c","file:///home/oleksii-shemshur/work/toolchains/source/gcc-9.2.0/gcc/omp-offload.c:0:0:0:0","pass_oacc_device_lower",3983248,"file:///home/oleksii-shemshur/work/toolchains/source/gcc-9.2.0/gcc/omp-offload.c:1764:7:1764:28","file:///home/oleksii-shemshur/work/toolchains/source/gcc-9.2.0/gcc/omp-offload.c:1764:7:1764:28","pass_oacc_device_lower"
23696,"/home/oleksii-shemshur/work/toolchains/source/gcc-9.2.0/gcc/omp-simd-clone.c","file:///home/oleksii-shemshur/work/toolchains/source/gcc-9.2.0/gcc/omp-simd-clone.c:0:0:0:0","pass_omp_simd_clone",3990593,"file:///home/oleksii-shemshur/work/toolchains/source/gcc-9.2.0/gcc/omp-simd-clone.c:1775:7:1775:25","file:///home/oleksii-shemshur/work/toolchains/source/gcc-9.2.0/gcc/omp-simd-clone.c:1775:7:1775:25","opt_pass"
23696,"/home/oleksii-shemshur/work/toolchains/source/gcc-9.2.0/gcc/omp-simd-clone.c","file:///home/oleksii-shemshur/work/toolchains/source/gcc-9.2.0/gcc/omp-simd-clone.c:0:0:0:0","pass_omp_simd_clone",3990593,"file:///home/oleksii-shemshur/work/toolchains/source/gcc-9.2.0/gcc/omp-simd-clone.c:1775:7:1775:25","file:///home/oleksii-shemshur/work/toolchains/source/gcc-9.2.0/gcc/omp-simd-clone.c:1775:7:1775:25","simple_ipa_opt_pass"
23696,"/home/oleksii-shemshur/work/toolchains/source/gcc-9.2.0/gcc/omp-simd-clone.c","file:///home/oleksii-shemshur/work/toolchains/source/gcc-9.2.0/gcc/omp-simd-clone.c:0:0:0:0","pass_omp_simd_clone",3990593,"file:///home/oleksii-shemshur/work/toolchains/source/gcc-9.2.0/gcc/omp-simd-clone.c:1775:7:1775:25","file:///home/oleksii-shemshur/work/toolchains/source/gcc-9.2.0/gcc/omp-simd-clone.c:1775:7:1775:25","pass_data"
23696,"/home/oleksii-shemshur/work/toolchains/source/gcc-9.2.0/gcc/omp-simd-clone.c","file:///home/oleksii-shemshur/work/toolchains/source/gcc-9.2.0/gcc/omp-simd-clone.c:0:0:0:0","pass_omp_simd_clone",3990593,"file:///home/oleksii-shemshur/work/toolchains/source/gcc-9.2.0/gcc/omp-simd-clone.c:1775:7:1775:25","file:///home/oleksii-shemshur/work/toolchains/source/gcc-9.2.0/gcc/omp-simd-clone.c:1775:7:1775:25","pass_omp_simd_clone"
24035,"/home/oleksii-shemshur/work/toolchains/source/gcc-9.2.0/gcc/passes.c","file:///home/oleksii-shemshur/work/toolchains/source/gcc-9.2.0/gcc/passes.c:0:0:0:0","pass_late_compilation",4054663,"file:///home/oleksii-shemshur/work/toolchains/source/gcc-9.2.0/gcc/passes.c:711:7:711:27","file:///home/oleksii-shemshur/work/toolchains/source/gcc-9.2.0/gcc/passes.c:711:7:711:27","rtl_opt_pass"
24035,"/home/oleksii-shemshur/work/toolchains/source/gcc-9.2.0/gcc/passes.c","file:///home/oleksii-shemshur/work/toolchains/source/gcc-9.2.0/gcc/passes.c:0:0:0:0","pass_late_compilation",4054663,"file:///home/oleksii-shemshur/work/toolchains/source/gcc-9.2.0/gcc/passes.c:711:7:711:27","file:///home/oleksii-shemshur/work/toolchains/source/gcc-9.2.0/gcc/passes.c:711:7:711:27","opt_pass"
24035,"/home/oleksii-shemshur/work/toolchains/source/gcc-9.2.0/gcc/passes.c","file:///home/oleksii-shemshur/work/toolchains/source/gcc-9.2.0/gcc/passes.c:0:0:0:0","pass_late_compilation",4054663,"file:///home/oleksii-shemshur/work/toolchains/source/gcc-9.2.0/gcc/passes.c:711:7:711:27","file:///home/oleksii-shemshur/work/toolchains/source/gcc-9.2.0/gcc/passes.c:711:7:711:27","pass_data"
24035,"/home/oleksii-shemshur/work/toolchains/source/gcc-9.2.0/gcc/passes.c","file:///home/oleksii-shemshur/work/toolchains/source/gcc-9.2.0/gcc/passes.c:0:0:0:0","pass_late_compilation",4054663,"file:///home/oleksii-shemshur/work/toolchains/source/gcc-9.2.0/gcc/passes.c:711:7:711:27","file:///home/oleksii-shemshur/work/toolchains/source/gcc-9.2.0/gcc/passes.c:711:7:711:27","pass_late_compilation"
24035,"/home/oleksii-shemshur/work/toolchains/source/gcc-9.2.0/gcc/passes.c","file:///home/oleksii-shemshur/work/toolchains/source/gcc-9.2.0/gcc/passes.c:0:0:0:0","pass_postreload",4054667,"file:///home/oleksii-shemshur/work/toolchains/source/gcc-9.2.0/gcc/passes.c:676:7:676:21","file:///home/oleksii-shemshur/work/toolchains/source/gcc-9.2.0/gcc/passes.c:676:7:676:21","rtl_opt_pass"
24035,"/home/oleksii-shemshur/work/toolchains/source/gcc-9.2.0/gcc/passes.c","file:///home/oleksii-shemshur/work/toolchains/source/gcc-9.2.0/gcc/passes.c:0:0:0:0","pass_postreload",4054667,"file:///home/oleksii-shemshur/work/toolchains/source/gcc-9.2.0/gcc/passes.c:676:7:676:21","file:///home/oleksii-shemshur/work/toolchains/source/gcc-9.2.0/gcc/passes.c:676:7:676:21","opt_pass"
24035,"/home/oleksii-shemshur/work/toolchains/source/gcc-9.2.0/gcc/passes.c","file:///home/oleksii-shemshur/work/toolchains/source/gcc-9.2.0/gcc/passes.c:0:0:0:0","pass_postreload",4054667,"file:///home/oleksii-shemshur/work/toolchains/source/gcc-9.2.0/gcc/passes.c:676:7:676:21","file:///home/oleksii-shemshur/work/toolchains/source/gcc-9.2.0/gcc/passes.c:676:7:676:21","pass_data"
24035,"/home/oleksii-shemshur/work/toolchains/source/gcc-9.2.0/gcc/passes.c","file:///home/oleksii-shemshur/work/toolchains/source/gcc-9.2.0/gcc/passes.c:0:0:0:0","pass_postreload",4054667,"file:///home/oleksii-shemshur/work/toolchains/source/gcc-9.2.0/gcc/passes.c:676:7:676:21","file:///home/oleksii-shemshur/work/toolchains/source/gcc-9.2.0/gcc/passes.c:676:7:676:21","pass_postreload"
24035,"/home/oleksii-shemshur/work/toolchains/source/gcc-9.2.0/gcc/passes.c","file:///home/oleksii-shemshur/work/toolchains/source/gcc-9.2.0/gcc/passes.c:0:0:0:0","pass_rest_of_compilation",4054671,"file:///home/oleksii-shemshur/work/toolchains/source/gcc-9.2.0/gcc/passes.c:636:7:636:30","file:///home/oleksii-shemshur/work/toolchains/source/gcc-9.2.0/gcc/passes.c:636:7:636:30","rtl_opt_pass"
24035,"/home/oleksii-shemshur/work/toolchains/source/gcc-9.2.0/gcc/passes.c","file:///home/oleksii-shemshur/work/toolchains/source/gcc-9.2.0/gcc/passes.c:0:0:0:0","pass_rest_of_compilation",4054671,"file:///home/oleksii-shemshur/work/toolchains/source/gcc-9.2.0/gcc/passes.c:636:7:636:30","file:///home/oleksii-shemshur/work/toolchains/source/gcc-9.2.0/gcc/passes.c:636:7:636:30","opt_pass"
24035,"/home/oleksii-shemshur/work/toolchains/source/gcc-9.2.0/gcc/passes.c","file:///home/oleksii-shemshur/work/toolchains/source/gcc-9.2.0/gcc/passes.c:0:0:0:0","pass_rest_of_compilation",4054671,"file:///home/oleksii-shemshur/work/toolchains/source/gcc-9.2.0/gcc/passes.c:636:7:636:30","file:///home/oleksii-shemshur/work/toolchains/source/gcc-9.2.0/gcc/passes.c:636:7:636:30","pass_data"
24035,"/home/oleksii-shemshur/work/toolchains/source/gcc-9.2.0/gcc/passes.c","file:///home/oleksii-shemshur/work/toolchains/source/gcc-9.2.0/gcc/passes.c:0:0:0:0","pass_rest_of_compilation",4054671,"file:///home/oleksii-shemshur/work/toolchains/source/gcc-9.2.0/gcc/passes.c:636:7:636:30","file:///home/oleksii-shemshur/work/toolchains/source/gcc-9.2.0/gcc/passes.c:636:7:636:30","pass_rest_of_compilation"
24035,"/home/oleksii-shemshur/work/toolchains/source/gcc-9.2.0/gcc/passes.c","file:///home/oleksii-shemshur/work/toolchains/source/gcc-9.2.0/gcc/passes.c:0:0:0:0","pass_all_optimizations_g",4054675,"file:///home/oleksii-shemshur/work/toolchains/source/gcc-9.2.0/gcc/passes.c:601:7:601:30","file:///home/oleksii-shemshur/work/toolchains/source/gcc-9.2.0/gcc/passes.c:601:7:601:30","opt_pass"
24035,"/home/oleksii-shemshur/work/toolchains/source/gcc-9.2.0/gcc/passes.c","file:///home/oleksii-shemshur/work/toolchains/source/gcc-9.2.0/gcc/passes.c:0:0:0:0","pass_all_optimizations_g",4054675,"file:///home/oleksii-shemshur/work/toolchains/source/gcc-9.2.0/gcc/passes.c:601:7:601:30","file:///home/oleksii-shemshur/work/toolchains/source/gcc-9.2.0/gcc/passes.c:601:7:601:30","gimple_opt_pass"
24035,"/home/oleksii-shemshur/work/toolchains/source/gcc-9.2.0/gcc/passes.c","file:///home/oleksii-shemshur/work/toolchains/source/gcc-9.2.0/gcc/passes.c:0:0:0:0","pass_all_optimizations_g",4054675,"file:///home/oleksii-shemshur/work/toolchains/source/gcc-9.2.0/gcc/passes.c:601:7:601:30","file:///home/oleksii-shemshur/work/toolchains/source/gcc-9.2.0/gcc/passes.c:601:7:601:30","pass_data"
24035,"/home/oleksii-shemshur/work/toolchains/source/gcc-9.2.0/gcc/passes.c","file:///home/oleksii-shemshur/work/toolchains/source/gcc-9.2.0/gcc/passes.c:0:0:0:0","pass_all_optimizations_g",4054675,"file:///home/oleksii-shemshur/work/toolchains/source/gcc-9.2.0/gcc/passes.c:601:7:601:30","file:///home/oleksii-shemshur/work/toolchains/source/gcc-9.2.0/gcc/passes.c:601:7:601:30","pass_all_optimizations_g"
24035,"/home/oleksii-shemshur/work/toolchains/source/gcc-9.2.0/gcc/passes.c","file:///home/oleksii-shemshur/work/toolchains/source/gcc-9.2.0/gcc/passes.c:0:0:0:0","pass_all_optimizations",4054679,"file:///home/oleksii-shemshur/work/toolchains/source/gcc-9.2.0/gcc/passes.c:566:7:566:28","file:///home/oleksii-shemshur/work/toolchains/source/gcc-9.2.0/gcc/passes.c:566:7:566:28","opt_pass"
24035,"/home/oleksii-shemshur/work/toolchains/source/gcc-9.2.0/gcc/passes.c","file:///home/oleksii-shemshur/work/toolchains/source/gcc-9.2.0/gcc/passes.c:0:0:0:0","pass_all_optimizations",4054679,"file:///home/oleksii-shemshur/work/toolchains/source/gcc-9.2.0/gcc/passes.c:566:7:566:28","file:///home/oleksii-shemshur/work/toolchains/source/gcc-9.2.0/gcc/passes.c:566:7:566:28","gimple_opt_pass"
24035,"/home/oleksii-shemshur/work/toolchains/source/gcc-9.2.0/gcc/passes.c","file:///home/oleksii-shemshur/work/toolchains/source/gcc-9.2.0/gcc/passes.c:0:0:0:0","pass_all_optimizations",4054679,"file:///home/oleksii-shemshur/work/toolchains/source/gcc-9.2.0/gcc/passes.c:566:7:566:28","file:///home/oleksii-shemshur/work/toolchains/source/gcc-9.2.0/gcc/passes.c:566:7:566:28","pass_data"
24035,"/home/oleksii-shemshur/work/toolchains/source/gcc-9.2.0/gcc/passes.c","file:///home/oleksii-shemshur/work/toolchains/source/gcc-9.2.0/gcc/passes.c:0:0:0:0","pass_all_optimizations",4054679,"file:///home/oleksii-shemshur/work/toolchains/source/gcc-9.2.0/gcc/passes.c:566:7:566:28","file:///home/oleksii-shemshur/work/toolchains/source/gcc-9.2.0/gcc/passes.c:566:7:566:28","pass_all_optimizations"
24035,"/home/oleksii-shemshur/work/toolchains/source/gcc-9.2.0/gcc/passes.c","file:///home/oleksii-shemshur/work/toolchains/source/gcc-9.2.0/gcc/passes.c:0:0:0:0","pass_ipa_remove_symbols",4054687,"file:///home/oleksii-shemshur/work/toolchains/source/gcc-9.2.0/gcc/passes.c:475:7:475:29","file:///home/oleksii-shemshur/work/toolchains/source/gcc-9.2.0/gcc/passes.c:475:7:475:29","opt_pass"
24035,"/home/oleksii-shemshur/work/toolchains/source/gcc-9.2.0/gcc/passes.c","file:///home/oleksii-shemshur/work/toolchains/source/gcc-9.2.0/gcc/passes.c:0:0:0:0","pass_ipa_remove_symbols",4054687,"file:///home/oleksii-shemshur/work/toolchains/source/gcc-9.2.0/gcc/passes.c:475:7:475:29","file:///home/oleksii-shemshur/work/toolchains/source/gcc-9.2.0/gcc/passes.c:475:7:475:29","simple_ipa_opt_pass"
24035,"/home/oleksii-shemshur/work/toolchains/source/gcc-9.2.0/gcc/passes.c","file:///home/oleksii-shemshur/work/toolchains/source/gcc-9.2.0/gcc/passes.c:0:0:0:0","pass_ipa_remove_symbols",4054687,"file:///home/oleksii-shemshur/work/toolchains/source/gcc-9.2.0/gcc/passes.c:475:7:475:29","file:///home/oleksii-shemshur/work/toolchains/source/gcc-9.2.0/gcc/passes.c:475:7:475:29","pass_data"
24035,"/home/oleksii-shemshur/work/toolchains/source/gcc-9.2.0/gcc/passes.c","file:///home/oleksii-shemshur/work/toolchains/source/gcc-9.2.0/gcc/passes.c:0:0:0:0","pass_ipa_remove_symbols",4054687,"file:///home/oleksii-shemshur/work/toolchains/source/gcc-9.2.0/gcc/passes.c:475:7:475:29","file:///home/oleksii-shemshur/work/toolchains/source/gcc-9.2.0/gcc/passes.c:475:7:475:29","pass_ipa_remove_symbols"
24035,"/home/oleksii-shemshur/work/toolchains/source/gcc-9.2.0/gcc/passes.c","file:///home/oleksii-shemshur/work/toolchains/source/gcc-9.2.0/gcc/passes.c:0:0:0:0","pass_all_early_optimizations",4054683,"file:///home/oleksii-shemshur/work/toolchains/source/gcc-9.2.0/gcc/passes.c:526:7:526:34","file:///home/oleksii-shemshur/work/toolchains/source/gcc-9.2.0/gcc/passes.c:526:7:526:34","opt_pass"
24035,"/home/oleksii-shemshur/work/toolchains/source/gcc-9.2.0/gcc/passes.c","file:///home/oleksii-shemshur/work/toolchains/source/gcc-9.2.0/gcc/passes.c:0:0:0:0","pass_all_early_optimizations",4054683,"file:///home/oleksii-shemshur/work/toolchains/source/gcc-9.2.0/gcc/passes.c:526:7:526:34","file:///home/oleksii-shemshur/work/toolchains/source/gcc-9.2.0/gcc/passes.c:526:7:526:34","gimple_opt_pass"
24035,"/home/oleksii-shemshur/work/toolchains/source/gcc-9.2.0/gcc/passes.c","file:///home/oleksii-shemshur/work/toolchains/source/gcc-9.2.0/gcc/passes.c:0:0:0:0","pass_all_early_optimizations",4054683,"file:///home/oleksii-shemshur/work/toolchains/source/gcc-9.2.0/gcc/passes.c:526:7:526:34","file:///home/oleksii-shemshur/work/toolchains/source/gcc-9.2.0/gcc/passes.c:526:7:526:34","pass_data"
24035,"/home/oleksii-shemshur/work/toolchains/source/gcc-9.2.0/gcc/passes.c","file:///home/oleksii-shemshur/work/toolchains/source/gcc-9.2.0/gcc/passes.c:0:0:0:0","pass_all_early_optimizations",4054683,"file:///home/oleksii-shemshur/work/toolchains/source/gcc-9.2.0/gcc/passes.c:526:7:526:34","file:///home/oleksii-shemshur/work/toolchains/source/gcc-9.2.0/gcc/passes.c:526:7:526:34","pass_all_early_optimizations"
24035,"/home/oleksii-shemshur/work/toolchains/source/gcc-9.2.0/gcc/passes.c","file:///home/oleksii-shemshur/work/toolchains/source/gcc-9.2.0/gcc/passes.c:0:0:0:0","pass_local_optimization_passes",4054691,"file:///home/oleksii-shemshur/work/toolchains/source/gcc-9.2.0/gcc/passes.c:446:7:446:36","file:///home/oleksii-shemshur/work/toolchains/source/gcc-9.2.0/gcc/passes.c:446:7:446:36","opt_pass"
24035,"/home/oleksii-shemshur/work/toolchains/source/gcc-9.2.0/gcc/passes.c","file:///home/oleksii-shemshur/work/toolchains/source/gcc-9.2.0/gcc/passes.c:0:0:0:0","pass_local_optimization_passes",4054691,"file:///home/oleksii-shemshur/work/toolchains/source/gcc-9.2.0/gcc/passes.c:446:7:446:36","file:///home/oleksii-shemshur/work/toolchains/source/gcc-9.2.0/gcc/passes.c:446:7:446:36","simple_ipa_opt_pass"
24035,"/home/oleksii-shemshur/work/toolchains/source/gcc-9.2.0/gcc/passes.c","file:///home/oleksii-shemshur/work/toolchains/source/gcc-9.2.0/gcc/passes.c:0:0:0:0","pass_local_optimization_passes",4054691,"file:///home/oleksii-shemshur/work/toolchains/source/gcc-9.2.0/gcc/passes.c:446:7:446:36","file:///home/oleksii-shemshur/work/toolchains/source/gcc-9.2.0/gcc/passes.c:446:7:446:36","pass_data"
24035,"/home/oleksii-shemshur/work/toolchains/source/gcc-9.2.0/gcc/passes.c","file:///home/oleksii-shemshur/work/toolchains/source/gcc-9.2.0/gcc/passes.c:0:0:0:0","pass_local_optimization_passes",4054691,"file:///home/oleksii-shemshur/work/toolchains/source/gcc-9.2.0/gcc/passes.c:446:7:446:36","file:///home/oleksii-shemshur/work/toolchains/source/gcc-9.2.0/gcc/passes.c:446:7:446:36","pass_local_optimization_passes"
24035,"/home/oleksii-shemshur/work/toolchains/source/gcc-9.2.0/gcc/passes.c","file:///home/oleksii-shemshur/work/toolchains/source/gcc-9.2.0/gcc/passes.c:0:0:0:0","pass_build_ssa_passes",4054695,"file:///home/oleksii-shemshur/work/toolchains/source/gcc-9.2.0/gcc/passes.c:412:7:412:27","file:///home/oleksii-shemshur/work/toolchains/source/gcc-9.2.0/gcc/passes.c:412:7:412:27","opt_pass"
24035,"/home/oleksii-shemshur/work/toolchains/source/gcc-9.2.0/gcc/passes.c","file:///home/oleksii-shemshur/work/toolchains/source/gcc-9.2.0/gcc/passes.c:0:0:0:0","pass_build_ssa_passes",4054695,"file:///home/oleksii-shemshur/work/toolchains/source/gcc-9.2.0/gcc/passes.c:412:7:412:27","file:///home/oleksii-shemshur/work/toolchains/source/gcc-9.2.0/gcc/passes.c:412:7:412:27","simple_ipa_opt_pass"
24035,"/home/oleksii-shemshur/work/toolchains/source/gcc-9.2.0/gcc/passes.c","file:///home/oleksii-shemshur/work/toolchains/source/gcc-9.2.0/gcc/passes.c:0:0:0:0","pass_build_ssa_passes",4054695,"file:///home/oleksii-shemshur/work/toolchains/source/gcc-9.2.0/gcc/passes.c:412:7:412:27","file:///home/oleksii-shemshur/work/toolchains/source/gcc-9.2.0/gcc/passes.c:412:7:412:27","pass_data"
24035,"/home/oleksii-shemshur/work/toolchains/source/gcc-9.2.0/gcc/passes.c","file:///home/oleksii-shemshur/work/toolchains/source/gcc-9.2.0/gcc/passes.c:0:0:0:0","pass_build_ssa_passes",4054695,"file:///home/oleksii-shemshur/work/toolchains/source/gcc-9.2.0/gcc/passes.c:412:7:412:27","file:///home/oleksii-shemshur/work/toolchains/source/gcc-9.2.0/gcc/passes.c:412:7:412:27","pass_build_ssa_passes"
24175,"/home/oleksii-shemshur/work/toolchains/source/gcc-9.2.0/gcc/postreload-gcse.c","file:///home/oleksii-shemshur/work/toolchains/source/gcc-9.2.0/gcc/postreload-gcse.c:0:0:0:0","pass_gcse2",4063109,"file:///home/oleksii-shemshur/work/toolchains/source/gcc-9.2.0/gcc/postreload-gcse.c:1453:7:1453:16","file:///home/oleksii-shemshur/work/toolchains/source/gcc-9.2.0/gcc/postreload-gcse.c:1453:7:1453:16","rtl_opt_pass"
24175,"/home/oleksii-shemshur/work/toolchains/source/gcc-9.2.0/gcc/postreload-gcse.c","file:///home/oleksii-shemshur/work/toolchains/source/gcc-9.2.0/gcc/postreload-gcse.c:0:0:0:0","pass_gcse2",4063109,"file:///home/oleksii-shemshur/work/toolchains/source/gcc-9.2.0/gcc/postreload-gcse.c:1453:7:1453:16","file:///home/oleksii-shemshur/work/toolchains/source/gcc-9.2.0/gcc/postreload-gcse.c:1453:7:1453:16","opt_pass"
24175,"/home/oleksii-shemshur/work/toolchains/source/gcc-9.2.0/gcc/postreload-gcse.c","file:///home/oleksii-shemshur/work/toolchains/source/gcc-9.2.0/gcc/postreload-gcse.c:0:0:0:0","pass_gcse2",4063109,"file:///home/oleksii-shemshur/work/toolchains/source/gcc-9.2.0/gcc/postreload-gcse.c:1453:7:1453:16","file:///home/oleksii-shemshur/work/toolchains/source/gcc-9.2.0/gcc/postreload-gcse.c:1453:7:1453:16","pass_data"
24175,"/home/oleksii-shemshur/work/toolchains/source/gcc-9.2.0/gcc/postreload-gcse.c","file:///home/oleksii-shemshur/work/toolchains/source/gcc-9.2.0/gcc/postreload-gcse.c:0:0:0:0","pass_gcse2",4063109,"file:///home/oleksii-shemshur/work/toolchains/source/gcc-9.2.0/gcc/postreload-gcse.c:1453:7:1453:16","file:///home/oleksii-shemshur/work/toolchains/source/gcc-9.2.0/gcc/postreload-gcse.c:1453:7:1453:16","pass_gcse2"
24201,"/home/oleksii-shemshur/work/toolchains/source/gcc-9.2.0/gcc/postreload.c","file:///home/oleksii-shemshur/work/toolchains/source/gcc-9.2.0/gcc/postreload.c:0:0:0:0","pass_postreload_cse",4071177,"file:///home/oleksii-shemshur/work/toolchains/source/gcc-9.2.0/gcc/postreload.c:2347:7:2347:25","file:///home/oleksii-shemshur/work/toolchains/source/gcc-9.2.0/gcc/postreload.c:2347:7:2347:25","rtl_opt_pass"
24201,"/home/oleksii-shemshur/work/toolchains/source/gcc-9.2.0/gcc/postreload.c","file:///home/oleksii-shemshur/work/toolchains/source/gcc-9.2.0/gcc/postreload.c:0:0:0:0","pass_postreload_cse",4071177,"file:///home/oleksii-shemshur/work/toolchains/source/gcc-9.2.0/gcc/postreload.c:2347:7:2347:25","file:///home/oleksii-shemshur/work/toolchains/source/gcc-9.2.0/gcc/postreload.c:2347:7:2347:25","opt_pass"
24201,"/home/oleksii-shemshur/work/toolchains/source/gcc-9.2.0/gcc/postreload.c","file:///home/oleksii-shemshur/work/toolchains/source/gcc-9.2.0/gcc/postreload.c:0:0:0:0","pass_postreload_cse",4071177,"file:///home/oleksii-shemshur/work/toolchains/source/gcc-9.2.0/gcc/postreload.c:2347:7:2347:25","file:///home/oleksii-shemshur/work/toolchains/source/gcc-9.2.0/gcc/postreload.c:2347:7:2347:25","pass_data"
24201,"/home/oleksii-shemshur/work/toolchains/source/gcc-9.2.0/gcc/postreload.c","file:///home/oleksii-shemshur/work/toolchains/source/gcc-9.2.0/gcc/postreload.c:0:0:0:0","pass_postreload_cse",4071177,"file:///home/oleksii-shemshur/work/toolchains/source/gcc-9.2.0/gcc/postreload.c:2347:7:2347:25","file:///home/oleksii-shemshur/work/toolchains/source/gcc-9.2.0/gcc/postreload.c:2347:7:2347:25","pass_postreload_cse"
24214,"/home/oleksii-shemshur/work/toolchains/source/gcc-9.2.0/gcc/predict.c","file:///home/oleksii-shemshur/work/toolchains/source/gcc-9.2.0/gcc/predict.c:0:0:0:0","pass_strip_predict_hints",4085309,"file:///home/oleksii-shemshur/work/toolchains/source/gcc-9.2.0/gcc/predict.c:4167:7:4167:30","file:///home/oleksii-shemshur/work/toolchains/source/gcc-9.2.0/gcc/predict.c:4167:7:4167:30","opt_pass"
24214,"/home/oleksii-shemshur/work/toolchains/source/gcc-9.2.0/gcc/predict.c","file:///home/oleksii-shemshur/work/toolchains/source/gcc-9.2.0/gcc/predict.c:0:0:0:0","pass_strip_predict_hints",4085309,"file:///home/oleksii-shemshur/work/toolchains/source/gcc-9.2.0/gcc/predict.c:4167:7:4167:30","file:///home/oleksii-shemshur/work/toolchains/source/gcc-9.2.0/gcc/predict.c:4167:7:4167:30","gimple_opt_pass"
24214,"/home/oleksii-shemshur/work/toolchains/source/gcc-9.2.0/gcc/predict.c","file:///home/oleksii-shemshur/work/toolchains/source/gcc-9.2.0/gcc/predict.c:0:0:0:0","pass_strip_predict_hints",4085309,"file:///home/oleksii-shemshur/work/toolchains/source/gcc-9.2.0/gcc/predict.c:4167:7:4167:30","file:///home/oleksii-shemshur/work/toolchains/source/gcc-9.2.0/gcc/predict.c:4167:7:4167:30","pass_data"
24214,"/home/oleksii-shemshur/work/toolchains/source/gcc-9.2.0/gcc/predict.c","file:///home/oleksii-shemshur/work/toolchains/source/gcc-9.2.0/gcc/predict.c:0:0:0:0","pass_strip_predict_hints",4085309,"file:///home/oleksii-shemshur/work/toolchains/source/gcc-9.2.0/gcc/predict.c:4167:7:4167:30","file:///home/oleksii-shemshur/work/toolchains/source/gcc-9.2.0/gcc/predict.c:4167:7:4167:30","pass_strip_predict_hints"
24214,"/home/oleksii-shemshur/work/toolchains/source/gcc-9.2.0/gcc/predict.c","file:///home/oleksii-shemshur/work/toolchains/source/gcc-9.2.0/gcc/predict.c:0:0:0:0","pass_profile",4085313,"file:///home/oleksii-shemshur/work/toolchains/source/gcc-9.2.0/gcc/predict.c:4010:7:4010:18","file:///home/oleksii-shemshur/work/toolchains/source/gcc-9.2.0/gcc/predict.c:4010:7:4010:18","opt_pass"
24214,"/home/oleksii-shemshur/work/toolchains/source/gcc-9.2.0/gcc/predict.c","file:///home/oleksii-shemshur/work/toolchains/source/gcc-9.2.0/gcc/predict.c:0:0:0:0","pass_profile",4085313,"file:///home/oleksii-shemshur/work/toolchains/source/gcc-9.2.0/gcc/predict.c:4010:7:4010:18","file:///home/oleksii-shemshur/work/toolchains/source/gcc-9.2.0/gcc/predict.c:4010:7:4010:18","gimple_opt_pass"
24214,"/home/oleksii-shemshur/work/toolchains/source/gcc-9.2.0/gcc/predict.c","file:///home/oleksii-shemshur/work/toolchains/source/gcc-9.2.0/gcc/predict.c:0:0:0:0","pass_profile",4085313,"file:///home/oleksii-shemshur/work/toolchains/source/gcc-9.2.0/gcc/predict.c:4010:7:4010:18","file:///home/oleksii-shemshur/work/toolchains/source/gcc-9.2.0/gcc/predict.c:4010:7:4010:18","pass_data"
24214,"/home/oleksii-shemshur/work/toolchains/source/gcc-9.2.0/gcc/predict.c","file:///home/oleksii-shemshur/work/toolchains/source/gcc-9.2.0/gcc/predict.c:0:0:0:0","pass_profile",4085313,"file:///home/oleksii-shemshur/work/toolchains/source/gcc-9.2.0/gcc/predict.c:4010:7:4010:18","file:///home/oleksii-shemshur/work/toolchains/source/gcc-9.2.0/gcc/predict.c:4010:7:4010:18","pass_profile"
24786,"/home/oleksii-shemshur/work/toolchains/source/gcc-9.2.0/gcc/recog.c","file:///home/oleksii-shemshur/work/toolchains/source/gcc-9.2.0/gcc/recog.c:0:0:0:0","pass_split_for_shorten_branches",4157900,"file:///home/oleksii-shemshur/work/toolchains/source/gcc-9.2.0/gcc/recog.c:4100:7:4100:37","file:///home/oleksii-shemshur/work/toolchains/source/gcc-9.2.0/gcc/recog.c:4100:7:4100:37","rtl_opt_pass"
24786,"/home/oleksii-shemshur/work/toolchains/source/gcc-9.2.0/gcc/recog.c","file:///home/oleksii-shemshur/work/toolchains/source/gcc-9.2.0/gcc/recog.c:0:0:0:0","pass_split_for_shorten_branches",4157900,"file:///home/oleksii-shemshur/work/toolchains/source/gcc-9.2.0/gcc/recog.c:4100:7:4100:37","file:///home/oleksii-shemshur/work/toolchains/source/gcc-9.2.0/gcc/recog.c:4100:7:4100:37","opt_pass"
24786,"/home/oleksii-shemshur/work/toolchains/source/gcc-9.2.0/gcc/recog.c","file:///home/oleksii-shemshur/work/toolchains/source/gcc-9.2.0/gcc/recog.c:0:0:0:0","pass_split_for_shorten_branches",4157900,"file:///home/oleksii-shemshur/work/toolchains/source/gcc-9.2.0/gcc/recog.c:4100:7:4100:37","file:///home/oleksii-shemshur/work/toolchains/source/gcc-9.2.0/gcc/recog.c:4100:7:4100:37","pass_data"
24786,"/home/oleksii-shemshur/work/toolchains/source/gcc-9.2.0/gcc/recog.c","file:///home/oleksii-shemshur/work/toolchains/source/gcc-9.2.0/gcc/recog.c:0:0:0:0","pass_split_for_shorten_branches",4157900,"file:///home/oleksii-shemshur/work/toolchains/source/gcc-9.2.0/gcc/recog.c:4100:7:4100:37","file:///home/oleksii-shemshur/work/toolchains/source/gcc-9.2.0/gcc/recog.c:4100:7:4100:37","pass_split_for_shorten_branches"
24786,"/home/oleksii-shemshur/work/toolchains/source/gcc-9.2.0/gcc/recog.c","file:///home/oleksii-shemshur/work/toolchains/source/gcc-9.2.0/gcc/recog.c:0:0:0:0","pass_split_before_regstack",4157908,"file:///home/oleksii-shemshur/work/toolchains/source/gcc-9.2.0/gcc/recog.c:3986:7:3986:32","file:///home/oleksii-shemshur/work/toolchains/source/gcc-9.2.0/gcc/recog.c:3986:7:3986:32","rtl_opt_pass"
24786,"/home/oleksii-shemshur/work/toolchains/source/gcc-9.2.0/gcc/recog.c","file:///home/oleksii-shemshur/work/toolchains/source/gcc-9.2.0/gcc/recog.c:0:0:0:0","pass_split_before_regstack",4157908,"file:///home/oleksii-shemshur/work/toolchains/source/gcc-9.2.0/gcc/recog.c:3986:7:3986:32","file:///home/oleksii-shemshur/work/toolchains/source/gcc-9.2.0/gcc/recog.c:3986:7:3986:32","opt_pass"
24786,"/home/oleksii-shemshur/work/toolchains/source/gcc-9.2.0/gcc/recog.c","file:///home/oleksii-shemshur/work/toolchains/source/gcc-9.2.0/gcc/recog.c:0:0:0:0","pass_split_before_regstack",4157908,"file:///home/oleksii-shemshur/work/toolchains/source/gcc-9.2.0/gcc/recog.c:3986:7:3986:32","file:///home/oleksii-shemshur/work/toolchains/source/gcc-9.2.0/gcc/recog.c:3986:7:3986:32","pass_data"
24786,"/home/oleksii-shemshur/work/toolchains/source/gcc-9.2.0/gcc/recog.c","file:///home/oleksii-shemshur/work/toolchains/source/gcc-9.2.0/gcc/recog.c:0:0:0:0","pass_split_before_regstack",4157908,"file:///home/oleksii-shemshur/work/toolchains/source/gcc-9.2.0/gcc/recog.c:3986:7:3986:32","file:///home/oleksii-shemshur/work/toolchains/source/gcc-9.2.0/gcc/recog.c:3986:7:3986:32","pass_split_before_regstack"
24786,"/home/oleksii-shemshur/work/toolchains/source/gcc-9.2.0/gcc/recog.c","file:///home/oleksii-shemshur/work/toolchains/source/gcc-9.2.0/gcc/recog.c:0:0:0:0","pass_split_before_sched2",4157904,"file:///home/oleksii-shemshur/work/toolchains/source/gcc-9.2.0/gcc/recog.c:4053:7:4053:30","file:///home/oleksii-shemshur/work/toolchains/source/gcc-9.2.0/gcc/recog.c:4053:7:4053:30","rtl_opt_pass"
24786,"/home/oleksii-shemshur/work/toolchains/source/gcc-9.2.0/gcc/recog.c","file:///home/oleksii-shemshur/work/toolchains/source/gcc-9.2.0/gcc/recog.c:0:0:0:0","pass_split_before_sched2",4157904,"file:///home/oleksii-shemshur/work/toolchains/source/gcc-9.2.0/gcc/recog.c:4053:7:4053:30","file:///home/oleksii-shemshur/work/toolchains/source/gcc-9.2.0/gcc/recog.c:4053:7:4053:30","opt_pass"
24786,"/home/oleksii-shemshur/work/toolchains/source/gcc-9.2.0/gcc/recog.c","file:///home/oleksii-shemshur/work/toolchains/source/gcc-9.2.0/gcc/recog.c:0:0:0:0","pass_split_before_sched2",4157904,"file:///home/oleksii-shemshur/work/toolchains/source/gcc-9.2.0/gcc/recog.c:4053:7:4053:30","file:///home/oleksii-shemshur/work/toolchains/source/gcc-9.2.0/gcc/recog.c:4053:7:4053:30","pass_data"
24786,"/home/oleksii-shemshur/work/toolchains/source/gcc-9.2.0/gcc/recog.c","file:///home/oleksii-shemshur/work/toolchains/source/gcc-9.2.0/gcc/recog.c:0:0:0:0","pass_split_before_sched2",4157904,"file:///home/oleksii-shemshur/work/toolchains/source/gcc-9.2.0/gcc/recog.c:4053:7:4053:30","file:///home/oleksii-shemshur/work/toolchains/source/gcc-9.2.0/gcc/recog.c:4053:7:4053:30","pass_split_before_sched2"
24786,"/home/oleksii-shemshur/work/toolchains/source/gcc-9.2.0/gcc/recog.c","file:///home/oleksii-shemshur/work/toolchains/source/gcc-9.2.0/gcc/recog.c:0:0:0:0","pass_peephole2",4157920,"file:///home/oleksii-shemshur/work/toolchains/source/gcc-9.2.0/gcc/recog.c:3850:7:3850:20","file:///home/oleksii-shemshur/work/toolchains/source/gcc-9.2.0/gcc/recog.c:3850:7:3850:20","rtl_opt_pass"
24786,"/home/oleksii-shemshur/work/toolchains/source/gcc-9.2.0/gcc/recog.c","file:///home/oleksii-shemshur/work/toolchains/source/gcc-9.2.0/gcc/recog.c:0:0:0:0","pass_peephole2",4157920,"file:///home/oleksii-shemshur/work/toolchains/source/gcc-9.2.0/gcc/recog.c:3850:7:3850:20","file:///home/oleksii-shemshur/work/toolchains/source/gcc-9.2.0/gcc/recog.c:3850:7:3850:20","opt_pass"
24786,"/home/oleksii-shemshur/work/toolchains/source/gcc-9.2.0/gcc/recog.c","file:///home/oleksii-shemshur/work/toolchains/source/gcc-9.2.0/gcc/recog.c:0:0:0:0","pass_peephole2",4157920,"file:///home/oleksii-shemshur/work/toolchains/source/gcc-9.2.0/gcc/recog.c:3850:7:3850:20","file:///home/oleksii-shemshur/work/toolchains/source/gcc-9.2.0/gcc/recog.c:3850:7:3850:20","pass_data"
24786,"/home/oleksii-shemshur/work/toolchains/source/gcc-9.2.0/gcc/recog.c","file:///home/oleksii-shemshur/work/toolchains/source/gcc-9.2.0/gcc/recog.c:0:0:0:0","pass_peephole2",4157920,"file:///home/oleksii-shemshur/work/toolchains/source/gcc-9.2.0/gcc/recog.c:3850:7:3850:20","file:///home/oleksii-shemshur/work/toolchains/source/gcc-9.2.0/gcc/recog.c:3850:7:3850:20","pass_peephole2"
24786,"/home/oleksii-shemshur/work/toolchains/source/gcc-9.2.0/gcc/recog.c","file:///home/oleksii-shemshur/work/toolchains/source/gcc-9.2.0/gcc/recog.c:0:0:0:0","pass_split_after_reload",4157912,"file:///home/oleksii-shemshur/work/toolchains/source/gcc-9.2.0/gcc/recog.c:3934:7:3934:29","file:///home/oleksii-shemshur/work/toolchains/source/gcc-9.2.0/gcc/recog.c:3934:7:3934:29","rtl_opt_pass"
24786,"/home/oleksii-shemshur/work/toolchains/source/gcc-9.2.0/gcc/recog.c","file:///home/oleksii-shemshur/work/toolchains/source/gcc-9.2.0/gcc/recog.c:0:0:0:0","pass_split_after_reload",4157912,"file:///home/oleksii-shemshur/work/toolchains/source/gcc-9.2.0/gcc/recog.c:3934:7:3934:29","file:///home/oleksii-shemshur/work/toolchains/source/gcc-9.2.0/gcc/recog.c:3934:7:3934:29","opt_pass"
24786,"/home/oleksii-shemshur/work/toolchains/source/gcc-9.2.0/gcc/recog.c","file:///home/oleksii-shemshur/work/toolchains/source/gcc-9.2.0/gcc/recog.c:0:0:0:0","pass_split_after_reload",4157912,"file:///home/oleksii-shemshur/work/toolchains/source/gcc-9.2.0/gcc/recog.c:3934:7:3934:29","file:///home/oleksii-shemshur/work/toolchains/source/gcc-9.2.0/gcc/recog.c:3934:7:3934:29","pass_data"
24786,"/home/oleksii-shemshur/work/toolchains/source/gcc-9.2.0/gcc/recog.c","file:///home/oleksii-shemshur/work/toolchains/source/gcc-9.2.0/gcc/recog.c:0:0:0:0","pass_split_after_reload",4157912,"file:///home/oleksii-shemshur/work/toolchains/source/gcc-9.2.0/gcc/recog.c:3934:7:3934:29","file:///home/oleksii-shemshur/work/toolchains/source/gcc-9.2.0/gcc/recog.c:3934:7:3934:29","pass_split_after_reload"
24786,"/home/oleksii-shemshur/work/toolchains/source/gcc-9.2.0/gcc/recog.c","file:///home/oleksii-shemshur/work/toolchains/source/gcc-9.2.0/gcc/recog.c:0:0:0:0","pass_split_all_insns",4157916,"file:///home/oleksii-shemshur/work/toolchains/source/gcc-9.2.0/gcc/recog.c:3892:7:3892:26","file:///home/oleksii-shemshur/work/toolchains/source/gcc-9.2.0/gcc/recog.c:3892:7:3892:26","rtl_opt_pass"
24786,"/home/oleksii-shemshur/work/toolchains/source/gcc-9.2.0/gcc/recog.c","file:///home/oleksii-shemshur/work/toolchains/source/gcc-9.2.0/gcc/recog.c:0:0:0:0","pass_split_all_insns",4157916,"file:///home/oleksii-shemshur/work/toolchains/source/gcc-9.2.0/gcc/recog.c:3892:7:3892:26","file:///home/oleksii-shemshur/work/toolchains/source/gcc-9.2.0/gcc/recog.c:3892:7:3892:26","opt_pass"
24786,"/home/oleksii-shemshur/work/toolchains/source/gcc-9.2.0/gcc/recog.c","file:///home/oleksii-shemshur/work/toolchains/source/gcc-9.2.0/gcc/recog.c:0:0:0:0","pass_split_all_insns",4157916,"file:///home/oleksii-shemshur/work/toolchains/source/gcc-9.2.0/gcc/recog.c:3892:7:3892:26","file:///home/oleksii-shemshur/work/toolchains/source/gcc-9.2.0/gcc/recog.c:3892:7:3892:26","pass_data"
24786,"/home/oleksii-shemshur/work/toolchains/source/gcc-9.2.0/gcc/recog.c","file:///home/oleksii-shemshur/work/toolchains/source/gcc-9.2.0/gcc/recog.c:0:0:0:0","pass_split_all_insns",4157916,"file:///home/oleksii-shemshur/work/toolchains/source/gcc-9.2.0/gcc/recog.c:3892:7:3892:26","file:///home/oleksii-shemshur/work/toolchains/source/gcc-9.2.0/gcc/recog.c:3892:7:3892:26","pass_split_all_insns"
24928,"/home/oleksii-shemshur/work/toolchains/source/gcc-9.2.0/gcc/ree.c","file:///home/oleksii-shemshur/work/toolchains/source/gcc-9.2.0/gcc/ree.c:0:0:0:0","pass_ree",4162292,"file:///home/oleksii-shemshur/work/toolchains/source/gcc-9.2.0/gcc/ree.c:1402:7:1402:14","file:///home/oleksii-shemshur/work/toolchains/source/gcc-9.2.0/gcc/ree.c:1402:7:1402:14","rtl_opt_pass"
24928,"/home/oleksii-shemshur/work/toolchains/source/gcc-9.2.0/gcc/ree.c","file:///home/oleksii-shemshur/work/toolchains/source/gcc-9.2.0/gcc/ree.c:0:0:0:0","pass_ree",4162292,"file:///home/oleksii-shemshur/work/toolchains/source/gcc-9.2.0/gcc/ree.c:1402:7:1402:14","file:///home/oleksii-shemshur/work/toolchains/source/gcc-9.2.0/gcc/ree.c:1402:7:1402:14","opt_pass"
24928,"/home/oleksii-shemshur/work/toolchains/source/gcc-9.2.0/gcc/ree.c","file:///home/oleksii-shemshur/work/toolchains/source/gcc-9.2.0/gcc/ree.c:0:0:0:0","pass_ree",4162292,"file:///home/oleksii-shemshur/work/toolchains/source/gcc-9.2.0/gcc/ree.c:1402:7:1402:14","file:///home/oleksii-shemshur/work/toolchains/source/gcc-9.2.0/gcc/ree.c:1402:7:1402:14","pass_data"
24928,"/home/oleksii-shemshur/work/toolchains/source/gcc-9.2.0/gcc/ree.c","file:///home/oleksii-shemshur/work/toolchains/source/gcc-9.2.0/gcc/ree.c:0:0:0:0","pass_ree",4162292,"file:///home/oleksii-shemshur/work/toolchains/source/gcc-9.2.0/gcc/ree.c:1402:7:1402:14","file:///home/oleksii-shemshur/work/toolchains/source/gcc-9.2.0/gcc/ree.c:1402:7:1402:14","pass_ree"
24945,"/home/oleksii-shemshur/work/toolchains/source/gcc-9.2.0/gcc/reg-stack.c","file:///home/oleksii-shemshur/work/toolchains/source/gcc-9.2.0/gcc/reg-stack.c:0:0:0:0","pass_stack_regs_run",4172129,"file:///home/oleksii-shemshur/work/toolchains/source/gcc-9.2.0/gcc/reg-stack.c:3447:7:3447:25","file:///home/oleksii-shemshur/work/toolchains/source/gcc-9.2.0/gcc/reg-stack.c:3447:7:3447:25","rtl_opt_pass"
24945,"/home/oleksii-shemshur/work/toolchains/source/gcc-9.2.0/gcc/reg-stack.c","file:///home/oleksii-shemshur/work/toolchains/source/gcc-9.2.0/gcc/reg-stack.c:0:0:0:0","pass_stack_regs_run",4172129,"file:///home/oleksii-shemshur/work/toolchains/source/gcc-9.2.0/gcc/reg-stack.c:3447:7:3447:25","file:///home/oleksii-shemshur/work/toolchains/source/gcc-9.2.0/gcc/reg-stack.c:3447:7:3447:25","opt_pass"
24945,"/home/oleksii-shemshur/work/toolchains/source/gcc-9.2.0/gcc/reg-stack.c","file:///home/oleksii-shemshur/work/toolchains/source/gcc-9.2.0/gcc/reg-stack.c:0:0:0:0","pass_stack_regs_run",4172129,"file:///home/oleksii-shemshur/work/toolchains/source/gcc-9.2.0/gcc/reg-stack.c:3447:7:3447:25","file:///home/oleksii-shemshur/work/toolchains/source/gcc-9.2.0/gcc/reg-stack.c:3447:7:3447:25","pass_data"
24945,"/home/oleksii-shemshur/work/toolchains/source/gcc-9.2.0/gcc/reg-stack.c","file:///home/oleksii-shemshur/work/toolchains/source/gcc-9.2.0/gcc/reg-stack.c:0:0:0:0","pass_stack_regs_run",4172129,"file:///home/oleksii-shemshur/work/toolchains/source/gcc-9.2.0/gcc/reg-stack.c:3447:7:3447:25","file:///home/oleksii-shemshur/work/toolchains/source/gcc-9.2.0/gcc/reg-stack.c:3447:7:3447:25","pass_stack_regs_run"
24945,"/home/oleksii-shemshur/work/toolchains/source/gcc-9.2.0/gcc/reg-stack.c","file:///home/oleksii-shemshur/work/toolchains/source/gcc-9.2.0/gcc/reg-stack.c:0:0:0:0","pass_stack_regs",4172133,"file:///home/oleksii-shemshur/work/toolchains/source/gcc-9.2.0/gcc/reg-stack.c:3393:7:3393:21","file:///home/oleksii-shemshur/work/toolchains/source/gcc-9.2.0/gcc/reg-stack.c:3393:7:3393:21","rtl_opt_pass"
24945,"/home/oleksii-shemshur/work/toolchains/source/gcc-9.2.0/gcc/reg-stack.c","file:///home/oleksii-shemshur/work/toolchains/source/gcc-9.2.0/gcc/reg-stack.c:0:0:0:0","pass_stack_regs",4172133,"file:///home/oleksii-shemshur/work/toolchains/source/gcc-9.2.0/gcc/reg-stack.c:3393:7:3393:21","file:///home/oleksii-shemshur/work/toolchains/source/gcc-9.2.0/gcc/reg-stack.c:3393:7:3393:21","opt_pass"
24945,"/home/oleksii-shemshur/work/toolchains/source/gcc-9.2.0/gcc/reg-stack.c","file:///home/oleksii-shemshur/work/toolchains/source/gcc-9.2.0/gcc/reg-stack.c:0:0:0:0","pass_stack_regs",4172133,"file:///home/oleksii-shemshur/work/toolchains/source/gcc-9.2.0/gcc/reg-stack.c:3393:7:3393:21","file:///home/oleksii-shemshur/work/toolchains/source/gcc-9.2.0/gcc/reg-stack.c:3393:7:3393:21","pass_data"
24945,"/home/oleksii-shemshur/work/toolchains/source/gcc-9.2.0/gcc/reg-stack.c","file:///home/oleksii-shemshur/work/toolchains/source/gcc-9.2.0/gcc/reg-stack.c:0:0:0:0","pass_stack_regs",4172133,"file:///home/oleksii-shemshur/work/toolchains/source/gcc-9.2.0/gcc/reg-stack.c:3393:7:3393:21","file:///home/oleksii-shemshur/work/toolchains/source/gcc-9.2.0/gcc/reg-stack.c:3393:7:3393:21","pass_stack_regs"
24965,"/home/oleksii-shemshur/work/toolchains/source/gcc-9.2.0/gcc/regcprop.c","file:///home/oleksii-shemshur/work/toolchains/source/gcc-9.2.0/gcc/regcprop.c:0:0:0:0","pass_cprop_hardreg",4177737,"file:///home/oleksii-shemshur/work/toolchains/source/gcc-9.2.0/gcc/regcprop.c:1267:7:1267:24","file:///home/oleksii-shemshur/work/toolchains/source/gcc-9.2.0/gcc/regcprop.c:1267:7:1267:24","rtl_opt_pass"
24965,"/home/oleksii-shemshur/work/toolchains/source/gcc-9.2.0/gcc/regcprop.c","file:///home/oleksii-shemshur/work/toolchains/source/gcc-9.2.0/gcc/regcprop.c:0:0:0:0","pass_cprop_hardreg",4177737,"file:///home/oleksii-shemshur/work/toolchains/source/gcc-9.2.0/gcc/regcprop.c:1267:7:1267:24","file:///home/oleksii-shemshur/work/toolchains/source/gcc-9.2.0/gcc/regcprop.c:1267:7:1267:24","opt_pass"
24965,"/home/oleksii-shemshur/work/toolchains/source/gcc-9.2.0/gcc/regcprop.c","file:///home/oleksii-shemshur/work/toolchains/source/gcc-9.2.0/gcc/regcprop.c:0:0:0:0","pass_cprop_hardreg",4177737,"file:///home/oleksii-shemshur/work/toolchains/source/gcc-9.2.0/gcc/regcprop.c:1267:7:1267:24","file:///home/oleksii-shemshur/work/toolchains/source/gcc-9.2.0/gcc/regcprop.c:1267:7:1267:24","pass_data"
24965,"/home/oleksii-shemshur/work/toolchains/source/gcc-9.2.0/gcc/regcprop.c","file:///home/oleksii-shemshur/work/toolchains/source/gcc-9.2.0/gcc/regcprop.c:0:0:0:0","pass_cprop_hardreg",4177737,"file:///home/oleksii-shemshur/work/toolchains/source/gcc-9.2.0/gcc/regcprop.c:1267:7:1267:24","file:///home/oleksii-shemshur/work/toolchains/source/gcc-9.2.0/gcc/regcprop.c:1267:7:1267:24","pass_cprop_hardreg"
24992,"/home/oleksii-shemshur/work/toolchains/source/gcc-9.2.0/gcc/reginfo.c","file:///home/oleksii-shemshur/work/toolchains/source/gcc-9.2.0/gcc/reginfo.c:0:0:0:0","pass_reginfo_init",4181774,"file:///home/oleksii-shemshur/work/toolchains/source/gcc-9.2.0/gcc/reginfo.c:996:7:996:23","file:///home/oleksii-shemshur/work/toolchains/source/gcc-9.2.0/gcc/reginfo.c:996:7:996:23","rtl_opt_pass"
24992,"/home/oleksii-shemshur/work/toolchains/source/gcc-9.2.0/gcc/reginfo.c","file:///home/oleksii-shemshur/work/toolchains/source/gcc-9.2.0/gcc/reginfo.c:0:0:0:0","pass_reginfo_init",4181774,"file:///home/oleksii-shemshur/work/toolchains/source/gcc-9.2.0/gcc/reginfo.c:996:7:996:23","file:///home/oleksii-shemshur/work/toolchains/source/gcc-9.2.0/gcc/reginfo.c:996:7:996:23","opt_pass"
24992,"/home/oleksii-shemshur/work/toolchains/source/gcc-9.2.0/gcc/reginfo.c","file:///home/oleksii-shemshur/work/toolchains/source/gcc-9.2.0/gcc/reginfo.c:0:0:0:0","pass_reginfo_init",4181774,"file:///home/oleksii-shemshur/work/toolchains/source/gcc-9.2.0/gcc/reginfo.c:996:7:996:23","file:///home/oleksii-shemshur/work/toolchains/source/gcc-9.2.0/gcc/reginfo.c:996:7:996:23","pass_data"
24992,"/home/oleksii-shemshur/work/toolchains/source/gcc-9.2.0/gcc/reginfo.c","file:///home/oleksii-shemshur/work/toolchains/source/gcc-9.2.0/gcc/reginfo.c:0:0:0:0","pass_reginfo_init",4181774,"file:///home/oleksii-shemshur/work/toolchains/source/gcc-9.2.0/gcc/reginfo.c:996:7:996:23","file:///home/oleksii-shemshur/work/toolchains/source/gcc-9.2.0/gcc/reginfo.c:996:7:996:23","pass_reginfo_init"
25062,"/home/oleksii-shemshur/work/toolchains/source/gcc-9.2.0/gcc/regrename.c","file:///home/oleksii-shemshur/work/toolchains/source/gcc-9.2.0/gcc/regrename.c:0:0:0:0","pass_regrename",4189148,"file:///home/oleksii-shemshur/work/toolchains/source/gcc-9.2.0/gcc/regrename.c:1973:7:1973:20","file:///home/oleksii-shemshur/work/toolchains/source/gcc-9.2.0/gcc/regrename.c:1973:7:1973:20","rtl_opt_pass"
25062,"/home/oleksii-shemshur/work/toolchains/source/gcc-9.2.0/gcc/regrename.c","file:///home/oleksii-shemshur/work/toolchains/source/gcc-9.2.0/gcc/regrename.c:0:0:0:0","pass_regrename",4189148,"file:///home/oleksii-shemshur/work/toolchains/source/gcc-9.2.0/gcc/regrename.c:1973:7:1973:20","file:///home/oleksii-shemshur/work/toolchains/source/gcc-9.2.0/gcc/regrename.c:1973:7:1973:20","opt_pass"
25062,"/home/oleksii-shemshur/work/toolchains/source/gcc-9.2.0/gcc/regrename.c","file:///home/oleksii-shemshur/work/toolchains/source/gcc-9.2.0/gcc/regrename.c:0:0:0:0","pass_regrename",4189148,"file:///home/oleksii-shemshur/work/toolchains/source/gcc-9.2.0/gcc/regrename.c:1973:7:1973:20","file:///home/oleksii-shemshur/work/toolchains/source/gcc-9.2.0/gcc/regrename.c:1973:7:1973:20","pass_data"
25062,"/home/oleksii-shemshur/work/toolchains/source/gcc-9.2.0/gcc/regrename.c","file:///home/oleksii-shemshur/work/toolchains/source/gcc-9.2.0/gcc/regrename.c:0:0:0:0","pass_regrename",4189148,"file:///home/oleksii-shemshur/work/toolchains/source/gcc-9.2.0/gcc/regrename.c:1973:7:1973:20","file:///home/oleksii-shemshur/work/toolchains/source/gcc-9.2.0/gcc/regrename.c:1973:7:1973:20","pass_regrename"
25161,"/home/oleksii-shemshur/work/toolchains/source/gcc-9.2.0/gcc/reorg.c","file:///home/oleksii-shemshur/work/toolchains/source/gcc-9.2.0/gcc/reorg.c:0:0:0:0","pass_delay_slots",4252361,"file:///home/oleksii-shemshur/work/toolchains/source/gcc-9.2.0/gcc/reorg.c:3926:7:3926:22","file:///home/oleksii-shemshur/work/toolchains/source/gcc-9.2.0/gcc/reorg.c:3926:7:3926:22","rtl_opt_pass"
25161,"/home/oleksii-shemshur/work/toolchains/source/gcc-9.2.0/gcc/reorg.c","file:///home/oleksii-shemshur/work/toolchains/source/gcc-9.2.0/gcc/reorg.c:0:0:0:0","pass_delay_slots",4252361,"file:///home/oleksii-shemshur/work/toolchains/source/gcc-9.2.0/gcc/reorg.c:3926:7:3926:22","file:///home/oleksii-shemshur/work/toolchains/source/gcc-9.2.0/gcc/reorg.c:3926:7:3926:22","opt_pass"
25161,"/home/oleksii-shemshur/work/toolchains/source/gcc-9.2.0/gcc/reorg.c","file:///home/oleksii-shemshur/work/toolchains/source/gcc-9.2.0/gcc/reorg.c:0:0:0:0","pass_delay_slots",4252361,"file:///home/oleksii-shemshur/work/toolchains/source/gcc-9.2.0/gcc/reorg.c:3926:7:3926:22","file:///home/oleksii-shemshur/work/toolchains/source/gcc-9.2.0/gcc/reorg.c:3926:7:3926:22","pass_data"
25161,"/home/oleksii-shemshur/work/toolchains/source/gcc-9.2.0/gcc/reorg.c","file:///home/oleksii-shemshur/work/toolchains/source/gcc-9.2.0/gcc/reorg.c:0:0:0:0","pass_delay_slots",4252361,"file:///home/oleksii-shemshur/work/toolchains/source/gcc-9.2.0/gcc/reorg.c:3926:7:3926:22","file:///home/oleksii-shemshur/work/toolchains/source/gcc-9.2.0/gcc/reorg.c:3926:7:3926:22","pass_delay_slots"
25161,"/home/oleksii-shemshur/work/toolchains/source/gcc-9.2.0/gcc/reorg.c","file:///home/oleksii-shemshur/work/toolchains/source/gcc-9.2.0/gcc/reorg.c:0:0:0:0","pass_machine_reorg",4252357,"file:///home/oleksii-shemshur/work/toolchains/source/gcc-9.2.0/gcc/reorg.c:3977:7:3977:24","file:///home/oleksii-shemshur/work/toolchains/source/gcc-9.2.0/gcc/reorg.c:3977:7:3977:24","rtl_opt_pass"
25161,"/home/oleksii-shemshur/work/toolchains/source/gcc-9.2.0/gcc/reorg.c","file:///home/oleksii-shemshur/work/toolchains/source/gcc-9.2.0/gcc/reorg.c:0:0:0:0","pass_machine_reorg",4252357,"file:///home/oleksii-shemshur/work/toolchains/source/gcc-9.2.0/gcc/reorg.c:3977:7:3977:24","file:///home/oleksii-shemshur/work/toolchains/source/gcc-9.2.0/gcc/reorg.c:3977:7:3977:24","opt_pass"
25161,"/home/oleksii-shemshur/work/toolchains/source/gcc-9.2.0/gcc/reorg.c","file:///home/oleksii-shemshur/work/toolchains/source/gcc-9.2.0/gcc/reorg.c:0:0:0:0","pass_machine_reorg",4252357,"file:///home/oleksii-shemshur/work/toolchains/source/gcc-9.2.0/gcc/reorg.c:3977:7:3977:24","file:///home/oleksii-shemshur/work/toolchains/source/gcc-9.2.0/gcc/reorg.c:3977:7:3977:24","pass_data"
25161,"/home/oleksii-shemshur/work/toolchains/source/gcc-9.2.0/gcc/reorg.c","file:///home/oleksii-shemshur/work/toolchains/source/gcc-9.2.0/gcc/reorg.c:0:0:0:0","pass_machine_reorg",4252357,"file:///home/oleksii-shemshur/work/toolchains/source/gcc-9.2.0/gcc/reorg.c:3977:7:3977:24","file:///home/oleksii-shemshur/work/toolchains/source/gcc-9.2.0/gcc/reorg.c:3977:7:3977:24","pass_machine_reorg"
25410,"/home/oleksii-shemshur/work/toolchains/source/gcc-9.2.0/gcc/sancov.c","file:///home/oleksii-shemshur/work/toolchains/source/gcc-9.2.0/gcc/sancov.c:0:0:0:0","pass_sancov<O0>",4283453,"file:///home/oleksii-shemshur/work/toolchains/source/gcc-9.2.0/gcc/sancov.c:304:26:304:36","file:///home/oleksii-shemshur/work/toolchains/source/gcc-9.2.0/gcc/sancov.c:304:26:304:36","opt_pass"
25410,"/home/oleksii-shemshur/work/toolchains/source/gcc-9.2.0/gcc/sancov.c","file:///home/oleksii-shemshur/work/toolchains/source/gcc-9.2.0/gcc/sancov.c:0:0:0:0","pass_sancov<O0>",4283453,"file:///home/oleksii-shemshur/work/toolchains/source/gcc-9.2.0/gcc/sancov.c:304:26:304:36","file:///home/oleksii-shemshur/work/toolchains/source/gcc-9.2.0/gcc/sancov.c:304:26:304:36","gimple_opt_pass"
25410,"/home/oleksii-shemshur/work/toolchains/source/gcc-9.2.0/gcc/sancov.c","file:///home/oleksii-shemshur/work/toolchains/source/gcc-9.2.0/gcc/sancov.c:0:0:0:0","pass_sancov<O0>",4283453,"file:///home/oleksii-shemshur/work/toolchains/source/gcc-9.2.0/gcc/sancov.c:304:26:304:36","file:///home/oleksii-shemshur/work/toolchains/source/gcc-9.2.0/gcc/sancov.c:304:26:304:36","pass_data"
25410,"/home/oleksii-shemshur/work/toolchains/source/gcc-9.2.0/gcc/sancov.c","file:///home/oleksii-shemshur/work/toolchains/source/gcc-9.2.0/gcc/sancov.c:0:0:0:0","pass_sancov<O0>",4283453,"file:///home/oleksii-shemshur/work/toolchains/source/gcc-9.2.0/gcc/sancov.c:304:26:304:36","file:///home/oleksii-shemshur/work/toolchains/source/gcc-9.2.0/gcc/sancov.c:304:26:304:36","pass_sancov<O0>"
25410,"/home/oleksii-shemshur/work/toolchains/source/gcc-9.2.0/gcc/sancov.c","file:///home/oleksii-shemshur/work/toolchains/source/gcc-9.2.0/gcc/sancov.c:0:0:0:0","pass_sancov<false>",4283453,"file:///home/oleksii-shemshur/work/toolchains/source/gcc-9.2.0/gcc/sancov.c:304:26:304:36","file:///home/oleksii-shemshur/work/toolchains/source/gcc-9.2.0/gcc/sancov.c:304:26:304:36","opt_pass"
25410,"/home/oleksii-shemshur/work/toolchains/source/gcc-9.2.0/gcc/sancov.c","file:///home/oleksii-shemshur/work/toolchains/source/gcc-9.2.0/gcc/sancov.c:0:0:0:0","pass_sancov<false>",4283453,"file:///home/oleksii-shemshur/work/toolchains/source/gcc-9.2.0/gcc/sancov.c:304:26:304:36","file:///home/oleksii-shemshur/work/toolchains/source/gcc-9.2.0/gcc/sancov.c:304:26:304:36","gimple_opt_pass"
25410,"/home/oleksii-shemshur/work/toolchains/source/gcc-9.2.0/gcc/sancov.c","file:///home/oleksii-shemshur/work/toolchains/source/gcc-9.2.0/gcc/sancov.c:0:0:0:0","pass_sancov<false>",4283453,"file:///home/oleksii-shemshur/work/toolchains/source/gcc-9.2.0/gcc/sancov.c:304:26:304:36","file:///home/oleksii-shemshur/work/toolchains/source/gcc-9.2.0/gcc/sancov.c:304:26:304:36","pass_data"
25410,"/home/oleksii-shemshur/work/toolchains/source/gcc-9.2.0/gcc/sancov.c","file:///home/oleksii-shemshur/work/toolchains/source/gcc-9.2.0/gcc/sancov.c:0:0:0:0","pass_sancov<false>",4283453,"file:///home/oleksii-shemshur/work/toolchains/source/gcc-9.2.0/gcc/sancov.c:304:26:304:36","file:///home/oleksii-shemshur/work/toolchains/source/gcc-9.2.0/gcc/sancov.c:304:26:304:36","pass_sancov<false>"
25410,"/home/oleksii-shemshur/work/toolchains/source/gcc-9.2.0/gcc/sancov.c","file:///home/oleksii-shemshur/work/toolchains/source/gcc-9.2.0/gcc/sancov.c:0:0:0:0","pass_sancov<true>",4283453,"file:///home/oleksii-shemshur/work/toolchains/source/gcc-9.2.0/gcc/sancov.c:304:26:304:36","file:///home/oleksii-shemshur/work/toolchains/source/gcc-9.2.0/gcc/sancov.c:304:26:304:36","opt_pass"
25410,"/home/oleksii-shemshur/work/toolchains/source/gcc-9.2.0/gcc/sancov.c","file:///home/oleksii-shemshur/work/toolchains/source/gcc-9.2.0/gcc/sancov.c:0:0:0:0","pass_sancov<true>",4283453,"file:///home/oleksii-shemshur/work/toolchains/source/gcc-9.2.0/gcc/sancov.c:304:26:304:36","file:///home/oleksii-shemshur/work/toolchains/source/gcc-9.2.0/gcc/sancov.c:304:26:304:36","gimple_opt_pass"
25410,"/home/oleksii-shemshur/work/toolchains/source/gcc-9.2.0/gcc/sancov.c","file:///home/oleksii-shemshur/work/toolchains/source/gcc-9.2.0/gcc/sancov.c:0:0:0:0","pass_sancov<true>",4283453,"file:///home/oleksii-shemshur/work/toolchains/source/gcc-9.2.0/gcc/sancov.c:304:26:304:36","file:///home/oleksii-shemshur/work/toolchains/source/gcc-9.2.0/gcc/sancov.c:304:26:304:36","pass_data"
25410,"/home/oleksii-shemshur/work/toolchains/source/gcc-9.2.0/gcc/sancov.c","file:///home/oleksii-shemshur/work/toolchains/source/gcc-9.2.0/gcc/sancov.c:0:0:0:0","pass_sancov<true>",4283453,"file:///home/oleksii-shemshur/work/toolchains/source/gcc-9.2.0/gcc/sancov.c:304:26:304:36","file:///home/oleksii-shemshur/work/toolchains/source/gcc-9.2.0/gcc/sancov.c:304:26:304:36","pass_sancov<true>"
25424,"/home/oleksii-shemshur/work/toolchains/source/gcc-9.2.0/gcc/sanopt.c","file:///home/oleksii-shemshur/work/toolchains/source/gcc-9.2.0/gcc/sanopt.c:0:0:0:0","pass_sanopt",4287838,"file:///home/oleksii-shemshur/work/toolchains/source/gcc-9.2.0/gcc/sanopt.c:927:7:927:17","file:///home/oleksii-shemshur/work/toolchains/source/gcc-9.2.0/gcc/sanopt.c:927:7:927:17","opt_pass"
25424,"/home/oleksii-shemshur/work/toolchains/source/gcc-9.2.0/gcc/sanopt.c","file:///home/oleksii-shemshur/work/toolchains/source/gcc-9.2.0/gcc/sanopt.c:0:0:0:0","pass_sanopt",4287838,"file:///home/oleksii-shemshur/work/toolchains/source/gcc-9.2.0/gcc/sanopt.c:927:7:927:17","file:///home/oleksii-shemshur/work/toolchains/source/gcc-9.2.0/gcc/sanopt.c:927:7:927:17","gimple_opt_pass"
25424,"/home/oleksii-shemshur/work/toolchains/source/gcc-9.2.0/gcc/sanopt.c","file:///home/oleksii-shemshur/work/toolchains/source/gcc-9.2.0/gcc/sanopt.c:0:0:0:0","pass_sanopt",4287838,"file:///home/oleksii-shemshur/work/toolchains/source/gcc-9.2.0/gcc/sanopt.c:927:7:927:17","file:///home/oleksii-shemshur/work/toolchains/source/gcc-9.2.0/gcc/sanopt.c:927:7:927:17","pass_data"
25424,"/home/oleksii-shemshur/work/toolchains/source/gcc-9.2.0/gcc/sanopt.c","file:///home/oleksii-shemshur/work/toolchains/source/gcc-9.2.0/gcc/sanopt.c:0:0:0:0","pass_sanopt",4287838,"file:///home/oleksii-shemshur/work/toolchains/source/gcc-9.2.0/gcc/sanopt.c:927:7:927:17","file:///home/oleksii-shemshur/work/toolchains/source/gcc-9.2.0/gcc/sanopt.c:927:7:927:17","pass_sanopt"
25571,"/home/oleksii-shemshur/work/toolchains/source/gcc-9.2.0/gcc/sched-rgn.c","file:///home/oleksii-shemshur/work/toolchains/source/gcc-9.2.0/gcc/sched-rgn.c:0:0:0:0","pass_sched2",4320117,"file:///home/oleksii-shemshur/work/toolchains/source/gcc-9.2.0/gcc/sched-rgn.c:3864:7:3864:17","file:///home/oleksii-shemshur/work/toolchains/source/gcc-9.2.0/gcc/sched-rgn.c:3864:7:3864:17","rtl_opt_pass"
25571,"/home/oleksii-shemshur/work/toolchains/source/gcc-9.2.0/gcc/sched-rgn.c","file:///home/oleksii-shemshur/work/toolchains/source/gcc-9.2.0/gcc/sched-rgn.c:0:0:0:0","pass_sched2",4320117,"file:///home/oleksii-shemshur/work/toolchains/source/gcc-9.2.0/gcc/sched-rgn.c:3864:7:3864:17","file:///home/oleksii-shemshur/work/toolchains/source/gcc-9.2.0/gcc/sched-rgn.c:3864:7:3864:17","opt_pass"
25571,"/home/oleksii-shemshur/work/toolchains/source/gcc-9.2.0/gcc/sched-rgn.c","file:///home/oleksii-shemshur/work/toolchains/source/gcc-9.2.0/gcc/sched-rgn.c:0:0:0:0","pass_sched2",4320117,"file:///home/oleksii-shemshur/work/toolchains/source/gcc-9.2.0/gcc/sched-rgn.c:3864:7:3864:17","file:///home/oleksii-shemshur/work/toolchains/source/gcc-9.2.0/gcc/sched-rgn.c:3864:7:3864:17","pass_data"
25571,"/home/oleksii-shemshur/work/toolchains/source/gcc-9.2.0/gcc/sched-rgn.c","file:///home/oleksii-shemshur/work/toolchains/source/gcc-9.2.0/gcc/sched-rgn.c:0:0:0:0","pass_sched2",4320117,"file:///home/oleksii-shemshur/work/toolchains/source/gcc-9.2.0/gcc/sched-rgn.c:3864:7:3864:17","file:///home/oleksii-shemshur/work/toolchains/source/gcc-9.2.0/gcc/sched-rgn.c:3864:7:3864:17","pass_sched2"
25571,"/home/oleksii-shemshur/work/toolchains/source/gcc-9.2.0/gcc/sched-rgn.c","file:///home/oleksii-shemshur/work/toolchains/source/gcc-9.2.0/gcc/sched-rgn.c:0:0:0:0","pass_sched_fusion",4320113,"file:///home/oleksii-shemshur/work/toolchains/source/gcc-9.2.0/gcc/sched-rgn.c:3914:7:3914:23","file:///home/oleksii-shemshur/work/toolchains/source/gcc-9.2.0/gcc/sched-rgn.c:3914:7:3914:23","rtl_opt_pass"
25571,"/home/oleksii-shemshur/work/toolchains/source/gcc-9.2.0/gcc/sched-rgn.c","file:///home/oleksii-shemshur/work/toolchains/source/gcc-9.2.0/gcc/sched-rgn.c:0:0:0:0","pass_sched_fusion",4320113,"file:///home/oleksii-shemshur/work/toolchains/source/gcc-9.2.0/gcc/sched-rgn.c:3914:7:3914:23","file:///home/oleksii-shemshur/work/toolchains/source/gcc-9.2.0/gcc/sched-rgn.c:3914:7:3914:23","opt_pass"
25571,"/home/oleksii-shemshur/work/toolchains/source/gcc-9.2.0/gcc/sched-rgn.c","file:///home/oleksii-shemshur/work/toolchains/source/gcc-9.2.0/gcc/sched-rgn.c:0:0:0:0","pass_sched_fusion",4320113,"file:///home/oleksii-shemshur/work/toolchains/source/gcc-9.2.0/gcc/sched-rgn.c:3914:7:3914:23","file:///home/oleksii-shemshur/work/toolchains/source/gcc-9.2.0/gcc/sched-rgn.c:3914:7:3914:23","pass_data"
25571,"/home/oleksii-shemshur/work/toolchains/source/gcc-9.2.0/gcc/sched-rgn.c","file:///home/oleksii-shemshur/work/toolchains/source/gcc-9.2.0/gcc/sched-rgn.c:0:0:0:0","pass_sched_fusion",4320113,"file:///home/oleksii-shemshur/work/toolchains/source/gcc-9.2.0/gcc/sched-rgn.c:3914:7:3914:23","file:///home/oleksii-shemshur/work/toolchains/source/gcc-9.2.0/gcc/sched-rgn.c:3914:7:3914:23","pass_sched_fusion"
25571,"/home/oleksii-shemshur/work/toolchains/source/gcc-9.2.0/gcc/sched-rgn.c","file:///home/oleksii-shemshur/work/toolchains/source/gcc-9.2.0/gcc/sched-rgn.c:0:0:0:0","pass_sched",4320121,"file:///home/oleksii-shemshur/work/toolchains/source/gcc-9.2.0/gcc/sched-rgn.c:3818:7:3818:16","file:///home/oleksii-shemshur/work/toolchains/source/gcc-9.2.0/gcc/sched-rgn.c:3818:7:3818:16","rtl_opt_pass"
25571,"/home/oleksii-shemshur/work/toolchains/source/gcc-9.2.0/gcc/sched-rgn.c","file:///home/oleksii-shemshur/work/toolchains/source/gcc-9.2.0/gcc/sched-rgn.c:0:0:0:0","pass_sched",4320121,"file:///home/oleksii-shemshur/work/toolchains/source/gcc-9.2.0/gcc/sched-rgn.c:3818:7:3818:16","file:///home/oleksii-shemshur/work/toolchains/source/gcc-9.2.0/gcc/sched-rgn.c:3818:7:3818:16","opt_pass"
25571,"/home/oleksii-shemshur/work/toolchains/source/gcc-9.2.0/gcc/sched-rgn.c","file:///home/oleksii-shemshur/work/toolchains/source/gcc-9.2.0/gcc/sched-rgn.c:0:0:0:0","pass_sched",4320121,"file:///home/oleksii-shemshur/work/toolchains/source/gcc-9.2.0/gcc/sched-rgn.c:3818:7:3818:16","file:///home/oleksii-shemshur/work/toolchains/source/gcc-9.2.0/gcc/sched-rgn.c:3818:7:3818:16","pass_data"
25571,"/home/oleksii-shemshur/work/toolchains/source/gcc-9.2.0/gcc/sched-rgn.c","file:///home/oleksii-shemshur/work/toolchains/source/gcc-9.2.0/gcc/sched-rgn.c:0:0:0:0","pass_sched",4320121,"file:///home/oleksii-shemshur/work/toolchains/source/gcc-9.2.0/gcc/sched-rgn.c:3818:7:3818:16","file:///home/oleksii-shemshur/work/toolchains/source/gcc-9.2.0/gcc/sched-rgn.c:3818:7:3818:16","pass_sched"
25571,"/home/oleksii-shemshur/work/toolchains/source/gcc-9.2.0/gcc/sched-rgn.c","file:///home/oleksii-shemshur/work/toolchains/source/gcc-9.2.0/gcc/sched-rgn.c:0:0:0:0","pass_live_range_shrinkage",4320125,"file:///home/oleksii-shemshur/work/toolchains/source/gcc-9.2.0/gcc/sched-rgn.c:3771:7:3771:31","file:///home/oleksii-shemshur/work/toolchains/source/gcc-9.2.0/gcc/sched-rgn.c:3771:7:3771:31","rtl_opt_pass"
25571,"/home/oleksii-shemshur/work/toolchains/source/gcc-9.2.0/gcc/sched-rgn.c","file:///home/oleksii-shemshur/work/toolchains/source/gcc-9.2.0/gcc/sched-rgn.c:0:0:0:0","pass_live_range_shrinkage",4320125,"file:///home/oleksii-shemshur/work/toolchains/source/gcc-9.2.0/gcc/sched-rgn.c:3771:7:3771:31","file:///home/oleksii-shemshur/work/toolchains/source/gcc-9.2.0/gcc/sched-rgn.c:3771:7:3771:31","opt_pass"
25571,"/home/oleksii-shemshur/work/toolchains/source/gcc-9.2.0/gcc/sched-rgn.c","file:///home/oleksii-shemshur/work/toolchains/source/gcc-9.2.0/gcc/sched-rgn.c:0:0:0:0","pass_live_range_shrinkage",4320125,"file:///home/oleksii-shemshur/work/toolchains/source/gcc-9.2.0/gcc/sched-rgn.c:3771:7:3771:31","file:///home/oleksii-shemshur/work/toolchains/source/gcc-9.2.0/gcc/sched-rgn.c:3771:7:3771:31","pass_data"
25571,"/home/oleksii-shemshur/work/toolchains/source/gcc-9.2.0/gcc/sched-rgn.c","file:///home/oleksii-shemshur/work/toolchains/source/gcc-9.2.0/gcc/sched-rgn.c:0:0:0:0","pass_live_range_shrinkage",4320125,"file:///home/oleksii-shemshur/work/toolchains/source/gcc-9.2.0/gcc/sched-rgn.c:3771:7:3771:31","file:///home/oleksii-shemshur/work/toolchains/source/gcc-9.2.0/gcc/sched-rgn.c:3771:7:3771:31","pass_live_range_shrinkage"
26026,"/home/oleksii-shemshur/work/toolchains/source/gcc-9.2.0/gcc/stack-ptr-mod.c","file:///home/oleksii-shemshur/work/toolchains/source/gcc-9.2.0/gcc/stack-ptr-mod.c:0:0:0:0","pass_stack_ptr_mod",4407373,"file:///home/oleksii-shemshur/work/toolchains/source/gcc-9.2.0/gcc/stack-ptr-mod.c:66:7:66:24","file:///home/oleksii-shemshur/work/toolchains/source/gcc-9.2.0/gcc/stack-ptr-mod.c:66:7:66:24","rtl_opt_pass"
26026,"/home/oleksii-shemshur/work/toolchains/source/gcc-9.2.0/gcc/stack-ptr-mod.c","file:///home/oleksii-shemshur/work/toolchains/source/gcc-9.2.0/gcc/stack-ptr-mod.c:0:0:0:0","pass_stack_ptr_mod",4407373,"file:///home/oleksii-shemshur/work/toolchains/source/gcc-9.2.0/gcc/stack-ptr-mod.c:66:7:66:24","file:///home/oleksii-shemshur/work/toolchains/source/gcc-9.2.0/gcc/stack-ptr-mod.c:66:7:66:24","opt_pass"
26026,"/home/oleksii-shemshur/work/toolchains/source/gcc-9.2.0/gcc/stack-ptr-mod.c","file:///home/oleksii-shemshur/work/toolchains/source/gcc-9.2.0/gcc/stack-ptr-mod.c:0:0:0:0","pass_stack_ptr_mod",4407373,"file:///home/oleksii-shemshur/work/toolchains/source/gcc-9.2.0/gcc/stack-ptr-mod.c:66:7:66:24","file:///home/oleksii-shemshur/work/toolchains/source/gcc-9.2.0/gcc/stack-ptr-mod.c:66:7:66:24","pass_data"
26026,"/home/oleksii-shemshur/work/toolchains/source/gcc-9.2.0/gcc/stack-ptr-mod.c","file:///home/oleksii-shemshur/work/toolchains/source/gcc-9.2.0/gcc/stack-ptr-mod.c:0:0:0:0","pass_stack_ptr_mod",4407373,"file:///home/oleksii-shemshur/work/toolchains/source/gcc-9.2.0/gcc/stack-ptr-mod.c:66:7:66:24","file:///home/oleksii-shemshur/work/toolchains/source/gcc-9.2.0/gcc/stack-ptr-mod.c:66:7:66:24","pass_stack_ptr_mod"
26119,"/home/oleksii-shemshur/work/toolchains/source/gcc-9.2.0/gcc/store-motion.c","file:///home/oleksii-shemshur/work/toolchains/source/gcc-9.2.0/gcc/store-motion.c:0:0:0:0","pass_rtl_store_motion",4424143,"file:///home/oleksii-shemshur/work/toolchains/source/gcc-9.2.0/gcc/store-motion.c:1243:7:1243:27","file:///home/oleksii-shemshur/work/toolchains/source/gcc-9.2.0/gcc/store-motion.c:1243:7:1243:27","rtl_opt_pass"
26119,"/home/oleksii-shemshur/work/toolchains/source/gcc-9.2.0/gcc/store-motion.c","file:///home/oleksii-shemshur/work/toolchains/source/gcc-9.2.0/gcc/store-motion.c:0:0:0:0","pass_rtl_store_motion",4424143,"file:///home/oleksii-shemshur/work/toolchains/source/gcc-9.2.0/gcc/store-motion.c:1243:7:1243:27","file:///home/oleksii-shemshur/work/toolchains/source/gcc-9.2.0/gcc/store-motion.c:1243:7:1243:27","opt_pass"
26119,"/home/oleksii-shemshur/work/toolchains/source/gcc-9.2.0/gcc/store-motion.c","file:///home/oleksii-shemshur/work/toolchains/source/gcc-9.2.0/gcc/store-motion.c:0:0:0:0","pass_rtl_store_motion",4424143,"file:///home/oleksii-shemshur/work/toolchains/source/gcc-9.2.0/gcc/store-motion.c:1243:7:1243:27","file:///home/oleksii-shemshur/work/toolchains/source/gcc-9.2.0/gcc/store-motion.c:1243:7:1243:27","pass_data"
26119,"/home/oleksii-shemshur/work/toolchains/source/gcc-9.2.0/gcc/store-motion.c","file:///home/oleksii-shemshur/work/toolchains/source/gcc-9.2.0/gcc/store-motion.c:0:0:0:0","pass_rtl_store_motion",4424143,"file:///home/oleksii-shemshur/work/toolchains/source/gcc-9.2.0/gcc/store-motion.c:1243:7:1243:27","file:///home/oleksii-shemshur/work/toolchains/source/gcc-9.2.0/gcc/store-motion.c:1243:7:1243:27","pass_rtl_store_motion"
26525,"/home/oleksii-shemshur/work/toolchains/source/gcc-9.2.0/gcc/tracer.c","file:///home/oleksii-shemshur/work/toolchains/source/gcc-9.2.0/gcc/tracer.c:0:0:0:0","pass_tracer",4458706,"file:///home/oleksii-shemshur/work/toolchains/source/gcc-9.2.0/gcc/tracer.c:400:7:400:17","file:///home/oleksii-shemshur/work/toolchains/source/gcc-9.2.0/gcc/tracer.c:400:7:400:17","opt_pass"
26525,"/home/oleksii-shemshur/work/toolchains/source/gcc-9.2.0/gcc/tracer.c","file:///home/oleksii-shemshur/work/toolchains/source/gcc-9.2.0/gcc/tracer.c:0:0:0:0","pass_tracer",4458706,"file:///home/oleksii-shemshur/work/toolchains/source/gcc-9.2.0/gcc/tracer.c:400:7:400:17","file:///home/oleksii-shemshur/work/toolchains/source/gcc-9.2.0/gcc/tracer.c:400:7:400:17","gimple_opt_pass"
26525,"/home/oleksii-shemshur/work/toolchains/source/gcc-9.2.0/gcc/tracer.c","file:///home/oleksii-shemshur/work/toolchains/source/gcc-9.2.0/gcc/tracer.c:0:0:0:0","pass_tracer",4458706,"file:///home/oleksii-shemshur/work/toolchains/source/gcc-9.2.0/gcc/tracer.c:400:7:400:17","file:///home/oleksii-shemshur/work/toolchains/source/gcc-9.2.0/gcc/tracer.c:400:7:400:17","pass_data"
26525,"/home/oleksii-shemshur/work/toolchains/source/gcc-9.2.0/gcc/tracer.c","file:///home/oleksii-shemshur/work/toolchains/source/gcc-9.2.0/gcc/tracer.c:0:0:0:0","pass_tracer",4458706,"file:///home/oleksii-shemshur/work/toolchains/source/gcc-9.2.0/gcc/tracer.c:400:7:400:17","file:///home/oleksii-shemshur/work/toolchains/source/gcc-9.2.0/gcc/tracer.c:400:7:400:17","pass_tracer"
26547,"/home/oleksii-shemshur/work/toolchains/source/gcc-9.2.0/gcc/trans-mem.c","file:///home/oleksii-shemshur/work/toolchains/source/gcc-9.2.0/gcc/trans-mem.c:0:0:0:0","pass_tm_edges",4474206,"file:///home/oleksii-shemshur/work/toolchains/source/gcc-9.2.0/gcc/trans-mem.c:3317:7:3317:19","file:///home/oleksii-shemshur/work/toolchains/source/gcc-9.2.0/gcc/trans-mem.c:3317:7:3317:19","opt_pass"
26547,"/home/oleksii-shemshur/work/toolchains/source/gcc-9.2.0/gcc/trans-mem.c","file:///home/oleksii-shemshur/work/toolchains/source/gcc-9.2.0/gcc/trans-mem.c:0:0:0:0","pass_tm_edges",4474206,"file:///home/oleksii-shemshur/work/toolchains/source/gcc-9.2.0/gcc/trans-mem.c:3317:7:3317:19","file:///home/oleksii-shemshur/work/toolchains/source/gcc-9.2.0/gcc/trans-mem.c:3317:7:3317:19","gimple_opt_pass"
26547,"/home/oleksii-shemshur/work/toolchains/source/gcc-9.2.0/gcc/trans-mem.c","file:///home/oleksii-shemshur/work/toolchains/source/gcc-9.2.0/gcc/trans-mem.c:0:0:0:0","pass_tm_edges",4474206,"file:///home/oleksii-shemshur/work/toolchains/source/gcc-9.2.0/gcc/trans-mem.c:3317:7:3317:19","file:///home/oleksii-shemshur/work/toolchains/source/gcc-9.2.0/gcc/trans-mem.c:3317:7:3317:19","pass_data"
26547,"/home/oleksii-shemshur/work/toolchains/source/gcc-9.2.0/gcc/trans-mem.c","file:///home/oleksii-shemshur/work/toolchains/source/gcc-9.2.0/gcc/trans-mem.c:0:0:0:0","pass_tm_edges",4474206,"file:///home/oleksii-shemshur/work/toolchains/source/gcc-9.2.0/gcc/trans-mem.c:3317:7:3317:19","file:///home/oleksii-shemshur/work/toolchains/source/gcc-9.2.0/gcc/trans-mem.c:3317:7:3317:19","pass_tm_edges"
26547,"/home/oleksii-shemshur/work/toolchains/source/gcc-9.2.0/gcc/trans-mem.c","file:///home/oleksii-shemshur/work/toolchains/source/gcc-9.2.0/gcc/trans-mem.c:0:0:0:0","pass_tm_memopt",4474202,"file:///home/oleksii-shemshur/work/toolchains/source/gcc-9.2.0/gcc/trans-mem.c:4078:7:4078:20","file:///home/oleksii-shemshur/work/toolchains/source/gcc-9.2.0/gcc/trans-mem.c:4078:7:4078:20","opt_pass"
26547,"/home/oleksii-shemshur/work/toolchains/source/gcc-9.2.0/gcc/trans-mem.c","file:///home/oleksii-shemshur/work/toolchains/source/gcc-9.2.0/gcc/trans-mem.c:0:0:0:0","pass_tm_memopt",4474202,"file:///home/oleksii-shemshur/work/toolchains/source/gcc-9.2.0/gcc/trans-mem.c:4078:7:4078:20","file:///home/oleksii-shemshur/work/toolchains/source/gcc-9.2.0/gcc/trans-mem.c:4078:7:4078:20","gimple_opt_pass"
26547,"/home/oleksii-shemshur/work/toolchains/source/gcc-9.2.0/gcc/trans-mem.c","file:///home/oleksii-shemshur/work/toolchains/source/gcc-9.2.0/gcc/trans-mem.c:0:0:0:0","pass_tm_memopt",4474202,"file:///home/oleksii-shemshur/work/toolchains/source/gcc-9.2.0/gcc/trans-mem.c:4078:7:4078:20","file:///home/oleksii-shemshur/work/toolchains/source/gcc-9.2.0/gcc/trans-mem.c:4078:7:4078:20","pass_data"
26547,"/home/oleksii-shemshur/work/toolchains/source/gcc-9.2.0/gcc/trans-mem.c","file:///home/oleksii-shemshur/work/toolchains/source/gcc-9.2.0/gcc/trans-mem.c:0:0:0:0","pass_tm_memopt",4474202,"file:///home/oleksii-shemshur/work/toolchains/source/gcc-9.2.0/gcc/trans-mem.c:4078:7:4078:20","file:///home/oleksii-shemshur/work/toolchains/source/gcc-9.2.0/gcc/trans-mem.c:4078:7:4078:20","pass_tm_memopt"
26547,"/home/oleksii-shemshur/work/toolchains/source/gcc-9.2.0/gcc/trans-mem.c","file:///home/oleksii-shemshur/work/toolchains/source/gcc-9.2.0/gcc/trans-mem.c:0:0:0:0","pass_tm_mark",4474210,"file:///home/oleksii-shemshur/work/toolchains/source/gcc-9.2.0/gcc/trans-mem.c:3154:7:3154:18","file:///home/oleksii-shemshur/work/toolchains/source/gcc-9.2.0/gcc/trans-mem.c:3154:7:3154:18","opt_pass"
26547,"/home/oleksii-shemshur/work/toolchains/source/gcc-9.2.0/gcc/trans-mem.c","file:///home/oleksii-shemshur/work/toolchains/source/gcc-9.2.0/gcc/trans-mem.c:0:0:0:0","pass_tm_mark",4474210,"file:///home/oleksii-shemshur/work/toolchains/source/gcc-9.2.0/gcc/trans-mem.c:3154:7:3154:18","file:///home/oleksii-shemshur/work/toolchains/source/gcc-9.2.0/gcc/trans-mem.c:3154:7:3154:18","gimple_opt_pass"
26547,"/home/oleksii-shemshur/work/toolchains/source/gcc-9.2.0/gcc/trans-mem.c","file:///home/oleksii-shemshur/work/toolchains/source/gcc-9.2.0/gcc/trans-mem.c:0:0:0:0","pass_tm_mark",4474210,"file:///home/oleksii-shemshur/work/toolchains/source/gcc-9.2.0/gcc/trans-mem.c:3154:7:3154:18","file:///home/oleksii-shemshur/work/toolchains/source/gcc-9.2.0/gcc/trans-mem.c:3154:7:3154:18","pass_data"
26547,"/home/oleksii-shemshur/work/toolchains/source/gcc-9.2.0/gcc/trans-mem.c","file:///home/oleksii-shemshur/work/toolchains/source/gcc-9.2.0/gcc/trans-mem.c:0:0:0:0","pass_tm_mark",4474210,"file:///home/oleksii-shemshur/work/toolchains/source/gcc-9.2.0/gcc/trans-mem.c:3154:7:3154:18","file:///home/oleksii-shemshur/work/toolchains/source/gcc-9.2.0/gcc/trans-mem.c:3154:7:3154:18","pass_tm_mark"
26547,"/home/oleksii-shemshur/work/toolchains/source/gcc-9.2.0/gcc/trans-mem.c","file:///home/oleksii-shemshur/work/toolchains/source/gcc-9.2.0/gcc/trans-mem.c:0:0:0:0","pass_tm_init",4474214,"file:///home/oleksii-shemshur/work/toolchains/source/gcc-9.2.0/gcc/trans-mem.c:2137:7:2137:18","file:///home/oleksii-shemshur/work/toolchains/source/gcc-9.2.0/gcc/trans-mem.c:2137:7:2137:18","opt_pass"
26547,"/home/oleksii-shemshur/work/toolchains/source/gcc-9.2.0/gcc/trans-mem.c","file:///home/oleksii-shemshur/work/toolchains/source/gcc-9.2.0/gcc/trans-mem.c:0:0:0:0","pass_tm_init",4474214,"file:///home/oleksii-shemshur/work/toolchains/source/gcc-9.2.0/gcc/trans-mem.c:2137:7:2137:18","file:///home/oleksii-shemshur/work/toolchains/source/gcc-9.2.0/gcc/trans-mem.c:2137:7:2137:18","gimple_opt_pass"
26547,"/home/oleksii-shemshur/work/toolchains/source/gcc-9.2.0/gcc/trans-mem.c","file:///home/oleksii-shemshur/work/toolchains/source/gcc-9.2.0/gcc/trans-mem.c:0:0:0:0","pass_tm_init",4474214,"file:///home/oleksii-shemshur/work/toolchains/source/gcc-9.2.0/gcc/trans-mem.c:2137:7:2137:18","file:///home/oleksii-shemshur/work/toolchains/source/gcc-9.2.0/gcc/trans-mem.c:2137:7:2137:18","pass_data"
26547,"/home/oleksii-shemshur/work/toolchains/source/gcc-9.2.0/gcc/trans-mem.c","file:///home/oleksii-shemshur/work/toolchains/source/gcc-9.2.0/gcc/trans-mem.c:0:0:0:0","pass_tm_init",4474214,"file:///home/oleksii-shemshur/work/toolchains/source/gcc-9.2.0/gcc/trans-mem.c:2137:7:2137:18","file:///home/oleksii-shemshur/work/toolchains/source/gcc-9.2.0/gcc/trans-mem.c:2137:7:2137:18","pass_tm_init"
26547,"/home/oleksii-shemshur/work/toolchains/source/gcc-9.2.0/gcc/trans-mem.c","file:///home/oleksii-shemshur/work/toolchains/source/gcc-9.2.0/gcc/trans-mem.c:0:0:0:0","pass_ipa_tm",4474198,"file:///home/oleksii-shemshur/work/toolchains/source/gcc-9.2.0/gcc/trans-mem.c:5663:7:5663:17","file:///home/oleksii-shemshur/work/toolchains/source/gcc-9.2.0/gcc/trans-mem.c:5663:7:5663:17","opt_pass"
26547,"/home/oleksii-shemshur/work/toolchains/source/gcc-9.2.0/gcc/trans-mem.c","file:///home/oleksii-shemshur/work/toolchains/source/gcc-9.2.0/gcc/trans-mem.c:0:0:0:0","pass_ipa_tm",4474198,"file:///home/oleksii-shemshur/work/toolchains/source/gcc-9.2.0/gcc/trans-mem.c:5663:7:5663:17","file:///home/oleksii-shemshur/work/toolchains/source/gcc-9.2.0/gcc/trans-mem.c:5663:7:5663:17","simple_ipa_opt_pass"
26547,"/home/oleksii-shemshur/work/toolchains/source/gcc-9.2.0/gcc/trans-mem.c","file:///home/oleksii-shemshur/work/toolchains/source/gcc-9.2.0/gcc/trans-mem.c:0:0:0:0","pass_ipa_tm",4474198,"file:///home/oleksii-shemshur/work/toolchains/source/gcc-9.2.0/gcc/trans-mem.c:5663:7:5663:17","file:///home/oleksii-shemshur/work/toolchains/source/gcc-9.2.0/gcc/trans-mem.c:5663:7:5663:17","pass_data"
26547,"/home/oleksii-shemshur/work/toolchains/source/gcc-9.2.0/gcc/trans-mem.c","file:///home/oleksii-shemshur/work/toolchains/source/gcc-9.2.0/gcc/trans-mem.c:0:0:0:0","pass_ipa_tm",4474198,"file:///home/oleksii-shemshur/work/toolchains/source/gcc-9.2.0/gcc/trans-mem.c:5663:7:5663:17","file:///home/oleksii-shemshur/work/toolchains/source/gcc-9.2.0/gcc/trans-mem.c:5663:7:5663:17","pass_ipa_tm"
26547,"/home/oleksii-shemshur/work/toolchains/source/gcc-9.2.0/gcc/trans-mem.c","file:///home/oleksii-shemshur/work/toolchains/source/gcc-9.2.0/gcc/trans-mem.c:0:0:0:0","pass_lower_tm",4474218,"file:///home/oleksii-shemshur/work/toolchains/source/gcc-9.2.0/gcc/trans-mem.c:1843:7:1843:19","file:///home/oleksii-shemshur/work/toolchains/source/gcc-9.2.0/gcc/trans-mem.c:1843:7:1843:19","opt_pass"
26547,"/home/oleksii-shemshur/work/toolchains/source/gcc-9.2.0/gcc/trans-mem.c","file:///home/oleksii-shemshur/work/toolchains/source/gcc-9.2.0/gcc/trans-mem.c:0:0:0:0","pass_lower_tm",4474218,"file:///home/oleksii-shemshur/work/toolchains/source/gcc-9.2.0/gcc/trans-mem.c:1843:7:1843:19","file:///home/oleksii-shemshur/work/toolchains/source/gcc-9.2.0/gcc/trans-mem.c:1843:7:1843:19","gimple_opt_pass"
26547,"/home/oleksii-shemshur/work/toolchains/source/gcc-9.2.0/gcc/trans-mem.c","file:///home/oleksii-shemshur/work/toolchains/source/gcc-9.2.0/gcc/trans-mem.c:0:0:0:0","pass_lower_tm",4474218,"file:///home/oleksii-shemshur/work/toolchains/source/gcc-9.2.0/gcc/trans-mem.c:1843:7:1843:19","file:///home/oleksii-shemshur/work/toolchains/source/gcc-9.2.0/gcc/trans-mem.c:1843:7:1843:19","pass_data"
26547,"/home/oleksii-shemshur/work/toolchains/source/gcc-9.2.0/gcc/trans-mem.c","file:///home/oleksii-shemshur/work/toolchains/source/gcc-9.2.0/gcc/trans-mem.c:0:0:0:0","pass_lower_tm",4474218,"file:///home/oleksii-shemshur/work/toolchains/source/gcc-9.2.0/gcc/trans-mem.c:1843:7:1843:19","file:///home/oleksii-shemshur/work/toolchains/source/gcc-9.2.0/gcc/trans-mem.c:1843:7:1843:19","pass_lower_tm"
26547,"/home/oleksii-shemshur/work/toolchains/source/gcc-9.2.0/gcc/trans-mem.c","file:///home/oleksii-shemshur/work/toolchains/source/gcc-9.2.0/gcc/trans-mem.c:0:0:0:0","pass_diagnose_tm_blocks",4474222,"file:///home/oleksii-shemshur/work/toolchains/source/gcc-9.2.0/gcc/trans-mem.c:857:7:857:29","file:///home/oleksii-shemshur/work/toolchains/source/gcc-9.2.0/gcc/trans-mem.c:857:7:857:29","opt_pass"
26547,"/home/oleksii-shemshur/work/toolchains/source/gcc-9.2.0/gcc/trans-mem.c","file:///home/oleksii-shemshur/work/toolchains/source/gcc-9.2.0/gcc/trans-mem.c:0:0:0:0","pass_diagnose_tm_blocks",4474222,"file:///home/oleksii-shemshur/work/toolchains/source/gcc-9.2.0/gcc/trans-mem.c:857:7:857:29","file:///home/oleksii-shemshur/work/toolchains/source/gcc-9.2.0/gcc/trans-mem.c:857:7:857:29","gimple_opt_pass"
26547,"/home/oleksii-shemshur/work/toolchains/source/gcc-9.2.0/gcc/trans-mem.c","file:///home/oleksii-shemshur/work/toolchains/source/gcc-9.2.0/gcc/trans-mem.c:0:0:0:0","pass_diagnose_tm_blocks",4474222,"file:///home/oleksii-shemshur/work/toolchains/source/gcc-9.2.0/gcc/trans-mem.c:857:7:857:29","file:///home/oleksii-shemshur/work/toolchains/source/gcc-9.2.0/gcc/trans-mem.c:857:7:857:29","pass_data"
26547,"/home/oleksii-shemshur/work/toolchains/source/gcc-9.2.0/gcc/trans-mem.c","file:///home/oleksii-shemshur/work/toolchains/source/gcc-9.2.0/gcc/trans-mem.c:0:0:0:0","pass_diagnose_tm_blocks",4474222,"file:///home/oleksii-shemshur/work/toolchains/source/gcc-9.2.0/gcc/trans-mem.c:857:7:857:29","file:///home/oleksii-shemshur/work/toolchains/source/gcc-9.2.0/gcc/trans-mem.c:857:7:857:29","pass_diagnose_tm_blocks"
26683,"/home/oleksii-shemshur/work/toolchains/source/gcc-9.2.0/gcc/tree-call-cdce.c","file:///home/oleksii-shemshur/work/toolchains/source/gcc-9.2.0/gcc/tree-call-cdce.c:0:0:0:0","pass_call_cdce",4485189,"file:///home/oleksii-shemshur/work/toolchains/source/gcc-9.2.0/gcc/tree-call-cdce.c:1123:7:1123:20","file:///home/oleksii-shemshur/work/toolchains/source/gcc-9.2.0/gcc/tree-call-cdce.c:1123:7:1123:20","opt_pass"
26683,"/home/oleksii-shemshur/work/toolchains/source/gcc-9.2.0/gcc/tree-call-cdce.c","file:///home/oleksii-shemshur/work/toolchains/source/gcc-9.2.0/gcc/tree-call-cdce.c:0:0:0:0","pass_call_cdce",4485189,"file:///home/oleksii-shemshur/work/toolchains/source/gcc-9.2.0/gcc/tree-call-cdce.c:1123:7:1123:20","file:///home/oleksii-shemshur/work/toolchains/source/gcc-9.2.0/gcc/tree-call-cdce.c:1123:7:1123:20","gimple_opt_pass"
26683,"/home/oleksii-shemshur/work/toolchains/source/gcc-9.2.0/gcc/tree-call-cdce.c","file:///home/oleksii-shemshur/work/toolchains/source/gcc-9.2.0/gcc/tree-call-cdce.c:0:0:0:0","pass_call_cdce",4485189,"file:///home/oleksii-shemshur/work/toolchains/source/gcc-9.2.0/gcc/tree-call-cdce.c:1123:7:1123:20","file:///home/oleksii-shemshur/work/toolchains/source/gcc-9.2.0/gcc/tree-call-cdce.c:1123:7:1123:20","pass_data"
26683,"/home/oleksii-shemshur/work/toolchains/source/gcc-9.2.0/gcc/tree-call-cdce.c","file:///home/oleksii-shemshur/work/toolchains/source/gcc-9.2.0/gcc/tree-call-cdce.c:0:0:0:0","pass_call_cdce",4485189,"file:///home/oleksii-shemshur/work/toolchains/source/gcc-9.2.0/gcc/tree-call-cdce.c:1123:7:1123:20","file:///home/oleksii-shemshur/work/toolchains/source/gcc-9.2.0/gcc/tree-call-cdce.c:1123:7:1123:20","pass_call_cdce"
26694,"/home/oleksii-shemshur/work/toolchains/source/gcc-9.2.0/gcc/tree-cfg.c","file:///home/oleksii-shemshur/work/toolchains/source/gcc-9.2.0/gcc/tree-cfg.c:0:0:0:0","pass_split_crit_edges",4512524,"file:///home/oleksii-shemshur/work/toolchains/source/gcc-9.2.0/gcc/tree-cfg.c:8943:7:8943:27","file:///home/oleksii-shemshur/work/toolchains/source/gcc-9.2.0/gcc/tree-cfg.c:8943:7:8943:27","opt_pass"
26694,"/home/oleksii-shemshur/work/toolchains/source/gcc-9.2.0/gcc/tree-cfg.c","file:///home/oleksii-shemshur/work/toolchains/source/gcc-9.2.0/gcc/tree-cfg.c:0:0:0:0","pass_split_crit_edges",4512524,"file:///home/oleksii-shemshur/work/toolchains/source/gcc-9.2.0/gcc/tree-cfg.c:8943:7:8943:27","file:///home/oleksii-shemshur/work/toolchains/source/gcc-9.2.0/gcc/tree-cfg.c:8943:7:8943:27","gimple_opt_pass"
26694,"/home/oleksii-shemshur/work/toolchains/source/gcc-9.2.0/gcc/tree-cfg.c","file:///home/oleksii-shemshur/work/toolchains/source/gcc-9.2.0/gcc/tree-cfg.c:0:0:0:0","pass_split_crit_edges",4512524,"file:///home/oleksii-shemshur/work/toolchains/source/gcc-9.2.0/gcc/tree-cfg.c:8943:7:8943:27","file:///home/oleksii-shemshur/work/toolchains/source/gcc-9.2.0/gcc/tree-cfg.c:8943:7:8943:27","pass_data"
26694,"/home/oleksii-shemshur/work/toolchains/source/gcc-9.2.0/gcc/tree-cfg.c","file:///home/oleksii-shemshur/work/toolchains/source/gcc-9.2.0/gcc/tree-cfg.c:0:0:0:0","pass_split_crit_edges",4512524,"file:///home/oleksii-shemshur/work/toolchains/source/gcc-9.2.0/gcc/tree-cfg.c:8943:7:8943:27","file:///home/oleksii-shemshur/work/toolchains/source/gcc-9.2.0/gcc/tree-cfg.c:8943:7:8943:27","pass_split_crit_edges"
26694,"/home/oleksii-shemshur/work/toolchains/source/gcc-9.2.0/gcc/tree-cfg.c","file:///home/oleksii-shemshur/work/toolchains/source/gcc-9.2.0/gcc/tree-cfg.c:0:0:0:0","pass_fixup_cfg",4512512,"file:///home/oleksii-shemshur/work/toolchains/source/gcc-9.2.0/gcc/tree-cfg.c:9602:7:9602:20","file:///home/oleksii-shemshur/work/toolchains/source/gcc-9.2.0/gcc/tree-cfg.c:9602:7:9602:20","opt_pass"
26694,"/home/oleksii-shemshur/work/toolchains/source/gcc-9.2.0/gcc/tree-cfg.c","file:///home/oleksii-shemshur/work/toolchains/source/gcc-9.2.0/gcc/tree-cfg.c:0:0:0:0","pass_fixup_cfg",4512512,"file:///home/oleksii-shemshur/work/toolchains/source/gcc-9.2.0/gcc/tree-cfg.c:9602:7:9602:20","file:///home/oleksii-shemshur/work/toolchains/source/gcc-9.2.0/gcc/tree-cfg.c:9602:7:9602:20","gimple_opt_pass"
26694,"/home/oleksii-shemshur/work/toolchains/source/gcc-9.2.0/gcc/tree-cfg.c","file:///home/oleksii-shemshur/work/toolchains/source/gcc-9.2.0/gcc/tree-cfg.c:0:0:0:0","pass_fixup_cfg",4512512,"file:///home/oleksii-shemshur/work/toolchains/source/gcc-9.2.0/gcc/tree-cfg.c:9602:7:9602:20","file:///home/oleksii-shemshur/work/toolchains/source/gcc-9.2.0/gcc/tree-cfg.c:9602:7:9602:20","pass_data"
26694,"/home/oleksii-shemshur/work/toolchains/source/gcc-9.2.0/gcc/tree-cfg.c","file:///home/oleksii-shemshur/work/toolchains/source/gcc-9.2.0/gcc/tree-cfg.c:0:0:0:0","pass_fixup_cfg",4512512,"file:///home/oleksii-shemshur/work/toolchains/source/gcc-9.2.0/gcc/tree-cfg.c:9602:7:9602:20","file:///home/oleksii-shemshur/work/toolchains/source/gcc-9.2.0/gcc/tree-cfg.c:9602:7:9602:20","pass_fixup_cfg"
26694,"/home/oleksii-shemshur/work/toolchains/source/gcc-9.2.0/gcc/tree-cfg.c","file:///home/oleksii-shemshur/work/toolchains/source/gcc-9.2.0/gcc/tree-cfg.c:0:0:0:0","pass_warn_function_return",4512520,"file:///home/oleksii-shemshur/work/toolchains/source/gcc-9.2.0/gcc/tree-cfg.c:9220:7:9220:31","file:///home/oleksii-shemshur/work/toolchains/source/gcc-9.2.0/gcc/tree-cfg.c:9220:7:9220:31","opt_pass"
26694,"/home/oleksii-shemshur/work/toolchains/source/gcc-9.2.0/gcc/tree-cfg.c","file:///home/oleksii-shemshur/work/toolchains/source/gcc-9.2.0/gcc/tree-cfg.c:0:0:0:0","pass_warn_function_return",4512520,"file:///home/oleksii-shemshur/work/toolchains/source/gcc-9.2.0/gcc/tree-cfg.c:9220:7:9220:31","file:///home/oleksii-shemshur/work/toolchains/source/gcc-9.2.0/gcc/tree-cfg.c:9220:7:9220:31","gimple_opt_pass"
26694,"/home/oleksii-shemshur/work/toolchains/source/gcc-9.2.0/gcc/tree-cfg.c","file:///home/oleksii-shemshur/work/toolchains/source/gcc-9.2.0/gcc/tree-cfg.c:0:0:0:0","pass_warn_function_return",4512520,"file:///home/oleksii-shemshur/work/toolchains/source/gcc-9.2.0/gcc/tree-cfg.c:9220:7:9220:31","file:///home/oleksii-shemshur/work/toolchains/source/gcc-9.2.0/gcc/tree-cfg.c:9220:7:9220:31","pass_data"
26694,"/home/oleksii-shemshur/work/toolchains/source/gcc-9.2.0/gcc/tree-cfg.c","file:///home/oleksii-shemshur/work/toolchains/source/gcc-9.2.0/gcc/tree-cfg.c:0:0:0:0","pass_warn_function_return",4512520,"file:///home/oleksii-shemshur/work/toolchains/source/gcc-9.2.0/gcc/tree-cfg.c:9220:7:9220:31","file:///home/oleksii-shemshur/work/toolchains/source/gcc-9.2.0/gcc/tree-cfg.c:9220:7:9220:31","pass_warn_function_return"
26694,"/home/oleksii-shemshur/work/toolchains/source/gcc-9.2.0/gcc/tree-cfg.c","file:///home/oleksii-shemshur/work/toolchains/source/gcc-9.2.0/gcc/tree-cfg.c:0:0:0:0","pass_build_cfg",4512528,"file:///home/oleksii-shemshur/work/toolchains/source/gcc-9.2.0/gcc/tree-cfg.c:393:7:393:20","file:///home/oleksii-shemshur/work/toolchains/source/gcc-9.2.0/gcc/tree-cfg.c:393:7:393:20","opt_pass"
26694,"/home/oleksii-shemshur/work/toolchains/source/gcc-9.2.0/gcc/tree-cfg.c","file:///home/oleksii-shemshur/work/toolchains/source/gcc-9.2.0/gcc/tree-cfg.c:0:0:0:0","pass_build_cfg",4512528,"file:///home/oleksii-shemshur/work/toolchains/source/gcc-9.2.0/gcc/tree-cfg.c:393:7:393:20","file:///home/oleksii-shemshur/work/toolchains/source/gcc-9.2.0/gcc/tree-cfg.c:393:7:393:20","gimple_opt_pass"
26694,"/home/oleksii-shemshur/work/toolchains/source/gcc-9.2.0/gcc/tree-cfg.c","file:///home/oleksii-shemshur/work/toolchains/source/gcc-9.2.0/gcc/tree-cfg.c:0:0:0:0","pass_build_cfg",4512528,"file:///home/oleksii-shemshur/work/toolchains/source/gcc-9.2.0/gcc/tree-cfg.c:393:7:393:20","file:///home/oleksii-shemshur/work/toolchains/source/gcc-9.2.0/gcc/tree-cfg.c:393:7:393:20","pass_data"
26694,"/home/oleksii-shemshur/work/toolchains/source/gcc-9.2.0/gcc/tree-cfg.c","file:///home/oleksii-shemshur/work/toolchains/source/gcc-9.2.0/gcc/tree-cfg.c:0:0:0:0","pass_build_cfg",4512528,"file:///home/oleksii-shemshur/work/toolchains/source/gcc-9.2.0/gcc/tree-cfg.c:393:7:393:20","file:///home/oleksii-shemshur/work/toolchains/source/gcc-9.2.0/gcc/tree-cfg.c:393:7:393:20","pass_build_cfg"
26694,"/home/oleksii-shemshur/work/toolchains/source/gcc-9.2.0/gcc/tree-cfg.c","file:///home/oleksii-shemshur/work/toolchains/source/gcc-9.2.0/gcc/tree-cfg.c:0:0:0:0","pass_warn_unused_result",4512516,"file:///home/oleksii-shemshur/work/toolchains/source/gcc-9.2.0/gcc/tree-cfg.c:9426:7:9426:29","file:///home/oleksii-shemshur/work/toolchains/source/gcc-9.2.0/gcc/tree-cfg.c:9426:7:9426:29","opt_pass"
26694,"/home/oleksii-shemshur/work/toolchains/source/gcc-9.2.0/gcc/tree-cfg.c","file:///home/oleksii-shemshur/work/toolchains/source/gcc-9.2.0/gcc/tree-cfg.c:0:0:0:0","pass_warn_unused_result",4512516,"file:///home/oleksii-shemshur/work/toolchains/source/gcc-9.2.0/gcc/tree-cfg.c:9426:7:9426:29","file:///home/oleksii-shemshur/work/toolchains/source/gcc-9.2.0/gcc/tree-cfg.c:9426:7:9426:29","gimple_opt_pass"
26694,"/home/oleksii-shemshur/work/toolchains/source/gcc-9.2.0/gcc/tree-cfg.c","file:///home/oleksii-shemshur/work/toolchains/source/gcc-9.2.0/gcc/tree-cfg.c:0:0:0:0","pass_warn_unused_result",4512516,"file:///home/oleksii-shemshur/work/toolchains/source/gcc-9.2.0/gcc/tree-cfg.c:9426:7:9426:29","file:///home/oleksii-shemshur/work/toolchains/source/gcc-9.2.0/gcc/tree-cfg.c:9426:7:9426:29","pass_data"
26694,"/home/oleksii-shemshur/work/toolchains/source/gcc-9.2.0/gcc/tree-cfg.c","file:///home/oleksii-shemshur/work/toolchains/source/gcc-9.2.0/gcc/tree-cfg.c:0:0:0:0","pass_warn_unused_result",4512516,"file:///home/oleksii-shemshur/work/toolchains/source/gcc-9.2.0/gcc/tree-cfg.c:9426:7:9426:29","file:///home/oleksii-shemshur/work/toolchains/source/gcc-9.2.0/gcc/tree-cfg.c:9426:7:9426:29","pass_warn_unused_result"
26838,"/home/oleksii-shemshur/work/toolchains/source/gcc-9.2.0/gcc/tree-cfgcleanup.c","file:///home/oleksii-shemshur/work/toolchains/source/gcc-9.2.0/gcc/tree-cfgcleanup.c:0:0:0:0","pass_cleanup_cfg_post_optimizing",4519579,"file:///home/oleksii-shemshur/work/toolchains/source/gcc-9.2.0/gcc/tree-cfgcleanup.c:1538:7:1538:38","file:///home/oleksii-shemshur/work/toolchains/source/gcc-9.2.0/gcc/tree-cfgcleanup.c:1538:7:1538:38","opt_pass"
26838,"/home/oleksii-shemshur/work/toolchains/source/gcc-9.2.0/gcc/tree-cfgcleanup.c","file:///home/oleksii-shemshur/work/toolchains/source/gcc-9.2.0/gcc/tree-cfgcleanup.c:0:0:0:0","pass_cleanup_cfg_post_optimizing",4519579,"file:///home/oleksii-shemshur/work/toolchains/source/gcc-9.2.0/gcc/tree-cfgcleanup.c:1538:7:1538:38","file:///home/oleksii-shemshur/work/toolchains/source/gcc-9.2.0/gcc/tree-cfgcleanup.c:1538:7:1538:38","gimple_opt_pass"
26838,"/home/oleksii-shemshur/work/toolchains/source/gcc-9.2.0/gcc/tree-cfgcleanup.c","file:///home/oleksii-shemshur/work/toolchains/source/gcc-9.2.0/gcc/tree-cfgcleanup.c:0:0:0:0","pass_cleanup_cfg_post_optimizing",4519579,"file:///home/oleksii-shemshur/work/toolchains/source/gcc-9.2.0/gcc/tree-cfgcleanup.c:1538:7:1538:38","file:///home/oleksii-shemshur/work/toolchains/source/gcc-9.2.0/gcc/tree-cfgcleanup.c:1538:7:1538:38","pass_data"
26838,"/home/oleksii-shemshur/work/toolchains/source/gcc-9.2.0/gcc/tree-cfgcleanup.c","file:///home/oleksii-shemshur/work/toolchains/source/gcc-9.2.0/gcc/tree-cfgcleanup.c:0:0:0:0","pass_cleanup_cfg_post_optimizing",4519579,"file:///home/oleksii-shemshur/work/toolchains/source/gcc-9.2.0/gcc/tree-cfgcleanup.c:1538:7:1538:38","file:///home/oleksii-shemshur/work/toolchains/source/gcc-9.2.0/gcc/tree-cfgcleanup.c:1538:7:1538:38","pass_cleanup_cfg_post_optimizing"
26838,"/home/oleksii-shemshur/work/toolchains/source/gcc-9.2.0/gcc/tree-cfgcleanup.c","file:///home/oleksii-shemshur/work/toolchains/source/gcc-9.2.0/gcc/tree-cfgcleanup.c:0:0:0:0","pass_merge_phi",4519583,"file:///home/oleksii-shemshur/work/toolchains/source/gcc-9.2.0/gcc/tree-cfgcleanup.c:1360:7:1360:20","file:///home/oleksii-shemshur/work/toolchains/source/gcc-9.2.0/gcc/tree-cfgcleanup.c:1360:7:1360:20","opt_pass"
26838,"/home/oleksii-shemshur/work/toolchains/source/gcc-9.2.0/gcc/tree-cfgcleanup.c","file:///home/oleksii-shemshur/work/toolchains/source/gcc-9.2.0/gcc/tree-cfgcleanup.c:0:0:0:0","pass_merge_phi",4519583,"file:///home/oleksii-shemshur/work/toolchains/source/gcc-9.2.0/gcc/tree-cfgcleanup.c:1360:7:1360:20","file:///home/oleksii-shemshur/work/toolchains/source/gcc-9.2.0/gcc/tree-cfgcleanup.c:1360:7:1360:20","gimple_opt_pass"
26838,"/home/oleksii-shemshur/work/toolchains/source/gcc-9.2.0/gcc/tree-cfgcleanup.c","file:///home/oleksii-shemshur/work/toolchains/source/gcc-9.2.0/gcc/tree-cfgcleanup.c:0:0:0:0","pass_merge_phi",4519583,"file:///home/oleksii-shemshur/work/toolchains/source/gcc-9.2.0/gcc/tree-cfgcleanup.c:1360:7:1360:20","file:///home/oleksii-shemshur/work/toolchains/source/gcc-9.2.0/gcc/tree-cfgcleanup.c:1360:7:1360:20","pass_data"
26838,"/home/oleksii-shemshur/work/toolchains/source/gcc-9.2.0/gcc/tree-cfgcleanup.c","file:///home/oleksii-shemshur/work/toolchains/source/gcc-9.2.0/gcc/tree-cfgcleanup.c:0:0:0:0","pass_merge_phi",4519583,"file:///home/oleksii-shemshur/work/toolchains/source/gcc-9.2.0/gcc/tree-cfgcleanup.c:1360:7:1360:20","file:///home/oleksii-shemshur/work/toolchains/source/gcc-9.2.0/gcc/tree-cfgcleanup.c:1360:7:1360:20","pass_merge_phi"
26909,"/home/oleksii-shemshur/work/toolchains/source/gcc-9.2.0/gcc/tree-complex.c","file:///home/oleksii-shemshur/work/toolchains/source/gcc-9.2.0/gcc/tree-complex.c:0:0:0:0","pass_lower_complex_O0",4531171,"file:///home/oleksii-shemshur/work/toolchains/source/gcc-9.2.0/gcc/tree-complex.c:1888:7:1888:27","file:///home/oleksii-shemshur/work/toolchains/source/gcc-9.2.0/gcc/tree-complex.c:1888:7:1888:27","opt_pass"
26909,"/home/oleksii-shemshur/work/toolchains/source/gcc-9.2.0/gcc/tree-complex.c","file:///home/oleksii-shemshur/work/toolchains/source/gcc-9.2.0/gcc/tree-complex.c:0:0:0:0","pass_lower_complex_O0",4531171,"file:///home/oleksii-shemshur/work/toolchains/source/gcc-9.2.0/gcc/tree-complex.c:1888:7:1888:27","file:///home/oleksii-shemshur/work/toolchains/source/gcc-9.2.0/gcc/tree-complex.c:1888:7:1888:27","gimple_opt_pass"
26909,"/home/oleksii-shemshur/work/toolchains/source/gcc-9.2.0/gcc/tree-complex.c","file:///home/oleksii-shemshur/work/toolchains/source/gcc-9.2.0/gcc/tree-complex.c:0:0:0:0","pass_lower_complex_O0",4531171,"file:///home/oleksii-shemshur/work/toolchains/source/gcc-9.2.0/gcc/tree-complex.c:1888:7:1888:27","file:///home/oleksii-shemshur/work/toolchains/source/gcc-9.2.0/gcc/tree-complex.c:1888:7:1888:27","pass_data"
26909,"/home/oleksii-shemshur/work/toolchains/source/gcc-9.2.0/gcc/tree-complex.c","file:///home/oleksii-shemshur/work/toolchains/source/gcc-9.2.0/gcc/tree-complex.c:0:0:0:0","pass_lower_complex_O0",4531171,"file:///home/oleksii-shemshur/work/toolchains/source/gcc-9.2.0/gcc/tree-complex.c:1888:7:1888:27","file:///home/oleksii-shemshur/work/toolchains/source/gcc-9.2.0/gcc/tree-complex.c:1888:7:1888:27","pass_lower_complex_O0"
26909,"/home/oleksii-shemshur/work/toolchains/source/gcc-9.2.0/gcc/tree-complex.c","file:///home/oleksii-shemshur/work/toolchains/source/gcc-9.2.0/gcc/tree-complex.c:0:0:0:0","pass_lower_complex",4531175,"file:///home/oleksii-shemshur/work/toolchains/source/gcc-9.2.0/gcc/tree-complex.c:1851:7:1851:24","file:///home/oleksii-shemshur/work/toolchains/source/gcc-9.2.0/gcc/tree-complex.c:1851:7:1851:24","opt_pass"
26909,"/home/oleksii-shemshur/work/toolchains/source/gcc-9.2.0/gcc/tree-complex.c","file:///home/oleksii-shemshur/work/toolchains/source/gcc-9.2.0/gcc/tree-complex.c:0:0:0:0","pass_lower_complex",4531175,"file:///home/oleksii-shemshur/work/toolchains/source/gcc-9.2.0/gcc/tree-complex.c:1851:7:1851:24","file:///home/oleksii-shemshur/work/toolchains/source/gcc-9.2.0/gcc/tree-complex.c:1851:7:1851:24","gimple_opt_pass"
26909,"/home/oleksii-shemshur/work/toolchains/source/gcc-9.2.0/gcc/tree-complex.c","file:///home/oleksii-shemshur/work/toolchains/source/gcc-9.2.0/gcc/tree-complex.c:0:0:0:0","pass_lower_complex",4531175,"file:///home/oleksii-shemshur/work/toolchains/source/gcc-9.2.0/gcc/tree-complex.c:1851:7:1851:24","file:///home/oleksii-shemshur/work/toolchains/source/gcc-9.2.0/gcc/tree-complex.c:1851:7:1851:24","pass_data"
26909,"/home/oleksii-shemshur/work/toolchains/source/gcc-9.2.0/gcc/tree-complex.c","file:///home/oleksii-shemshur/work/toolchains/source/gcc-9.2.0/gcc/tree-complex.c:0:0:0:0","pass_lower_complex",4531175,"file:///home/oleksii-shemshur/work/toolchains/source/gcc-9.2.0/gcc/tree-complex.c:1851:7:1851:24","file:///home/oleksii-shemshur/work/toolchains/source/gcc-9.2.0/gcc/tree-complex.c:1851:7:1851:24","pass_lower_complex"
27045,"/home/oleksii-shemshur/work/toolchains/source/gcc-9.2.0/gcc/tree-eh.c","file:///home/oleksii-shemshur/work/toolchains/source/gcc-9.2.0/gcc/tree-eh.c:0:0:0:0","pass_lower_resx",4571030,"file:///home/oleksii-shemshur/work/toolchains/source/gcc-9.2.0/gcc/tree-eh.c:3419:7:3419:21","file:///home/oleksii-shemshur/work/toolchains/source/gcc-9.2.0/gcc/tree-eh.c:3419:7:3419:21","opt_pass"
27045,"/home/oleksii-shemshur/work/toolchains/source/gcc-9.2.0/gcc/tree-eh.c","file:///home/oleksii-shemshur/work/toolchains/source/gcc-9.2.0/gcc/tree-eh.c:0:0:0:0","pass_lower_resx",4571030,"file:///home/oleksii-shemshur/work/toolchains/source/gcc-9.2.0/gcc/tree-eh.c:3419:7:3419:21","file:///home/oleksii-shemshur/work/toolchains/source/gcc-9.2.0/gcc/tree-eh.c:3419:7:3419:21","gimple_opt_pass"
27045,"/home/oleksii-shemshur/work/toolchains/source/gcc-9.2.0/gcc/tree-eh.c","file:///home/oleksii-shemshur/work/toolchains/source/gcc-9.2.0/gcc/tree-eh.c:0:0:0:0","pass_lower_resx",4571030,"file:///home/oleksii-shemshur/work/toolchains/source/gcc-9.2.0/gcc/tree-eh.c:3419:7:3419:21","file:///home/oleksii-shemshur/work/toolchains/source/gcc-9.2.0/gcc/tree-eh.c:3419:7:3419:21","pass_data"
27045,"/home/oleksii-shemshur/work/toolchains/source/gcc-9.2.0/gcc/tree-eh.c","file:///home/oleksii-shemshur/work/toolchains/source/gcc-9.2.0/gcc/tree-eh.c:0:0:0:0","pass_lower_resx",4571030,"file:///home/oleksii-shemshur/work/toolchains/source/gcc-9.2.0/gcc/tree-eh.c:3419:7:3419:21","file:///home/oleksii-shemshur/work/toolchains/source/gcc-9.2.0/gcc/tree-eh.c:3419:7:3419:21","pass_lower_resx"
27045,"/home/oleksii-shemshur/work/toolchains/source/gcc-9.2.0/gcc/tree-eh.c","file:///home/oleksii-shemshur/work/toolchains/source/gcc-9.2.0/gcc/tree-eh.c:0:0:0:0","pass_cleanup_eh",4571022,"file:///home/oleksii-shemshur/work/toolchains/source/gcc-9.2.0/gcc/tree-eh.c:4690:7:4690:21","file:///home/oleksii-shemshur/work/toolchains/source/gcc-9.2.0/gcc/tree-eh.c:4690:7:4690:21","opt_pass"
27045,"/home/oleksii-shemshur/work/toolchains/source/gcc-9.2.0/gcc/tree-eh.c","file:///home/oleksii-shemshur/work/toolchains/source/gcc-9.2.0/gcc/tree-eh.c:0:0:0:0","pass_cleanup_eh",4571022,"file:///home/oleksii-shemshur/work/toolchains/source/gcc-9.2.0/gcc/tree-eh.c:4690:7:4690:21","file:///home/oleksii-shemshur/work/toolchains/source/gcc-9.2.0/gcc/tree-eh.c:4690:7:4690:21","gimple_opt_pass"
27045,"/home/oleksii-shemshur/work/toolchains/source/gcc-9.2.0/gcc/tree-eh.c","file:///home/oleksii-shemshur/work/toolchains/source/gcc-9.2.0/gcc/tree-eh.c:0:0:0:0","pass_cleanup_eh",4571022,"file:///home/oleksii-shemshur/work/toolchains/source/gcc-9.2.0/gcc/tree-eh.c:4690:7:4690:21","file:///home/oleksii-shemshur/work/toolchains/source/gcc-9.2.0/gcc/tree-eh.c:4690:7:4690:21","pass_data"
27045,"/home/oleksii-shemshur/work/toolchains/source/gcc-9.2.0/gcc/tree-eh.c","file:///home/oleksii-shemshur/work/toolchains/source/gcc-9.2.0/gcc/tree-eh.c:0:0:0:0","pass_cleanup_eh",4571022,"file:///home/oleksii-shemshur/work/toolchains/source/gcc-9.2.0/gcc/tree-eh.c:4690:7:4690:21","file:///home/oleksii-shemshur/work/toolchains/source/gcc-9.2.0/gcc/tree-eh.c:4690:7:4690:21","pass_cleanup_eh"
27045,"/home/oleksii-shemshur/work/toolchains/source/gcc-9.2.0/gcc/tree-eh.c","file:///home/oleksii-shemshur/work/toolchains/source/gcc-9.2.0/gcc/tree-eh.c:0:0:0:0","pass_lower_eh_dispatch",4571026,"file:///home/oleksii-shemshur/work/toolchains/source/gcc-9.2.0/gcc/tree-eh.c:3816:7:3816:28","file:///home/oleksii-shemshur/work/toolchains/source/gcc-9.2.0/gcc/tree-eh.c:3816:7:3816:28","opt_pass"
27045,"/home/oleksii-shemshur/work/toolchains/source/gcc-9.2.0/gcc/tree-eh.c","file:///home/oleksii-shemshur/work/toolchains/source/gcc-9.2.0/gcc/tree-eh.c:0:0:0:0","pass_lower_eh_dispatch",4571026,"file:///home/oleksii-shemshur/work/toolchains/source/gcc-9.2.0/gcc/tree-eh.c:3816:7:3816:28","file:///home/oleksii-shemshur/work/toolchains/source/gcc-9.2.0/gcc/tree-eh.c:3816:7:3816:28","gimple_opt_pass"
27045,"/home/oleksii-shemshur/work/toolchains/source/gcc-9.2.0/gcc/tree-eh.c","file:///home/oleksii-shemshur/work/toolchains/source/gcc-9.2.0/gcc/tree-eh.c:0:0:0:0","pass_lower_eh_dispatch",4571026,"file:///home/oleksii-shemshur/work/toolchains/source/gcc-9.2.0/gcc/tree-eh.c:3816:7:3816:28","file:///home/oleksii-shemshur/work/toolchains/source/gcc-9.2.0/gcc/tree-eh.c:3816:7:3816:28","pass_data"
27045,"/home/oleksii-shemshur/work/toolchains/source/gcc-9.2.0/gcc/tree-eh.c","file:///home/oleksii-shemshur/work/toolchains/source/gcc-9.2.0/gcc/tree-eh.c:0:0:0:0","pass_lower_eh_dispatch",4571026,"file:///home/oleksii-shemshur/work/toolchains/source/gcc-9.2.0/gcc/tree-eh.c:3816:7:3816:28","file:///home/oleksii-shemshur/work/toolchains/source/gcc-9.2.0/gcc/tree-eh.c:3816:7:3816:28","pass_lower_eh_dispatch"
27045,"/home/oleksii-shemshur/work/toolchains/source/gcc-9.2.0/gcc/tree-eh.c","file:///home/oleksii-shemshur/work/toolchains/source/gcc-9.2.0/gcc/tree-eh.c:0:0:0:0","pass_lower_eh",4571038,"file:///home/oleksii-shemshur/work/toolchains/source/gcc-9.2.0/gcc/tree-eh.c:2152:7:2152:19","file:///home/oleksii-shemshur/work/toolchains/source/gcc-9.2.0/gcc/tree-eh.c:2152:7:2152:19","opt_pass"
27045,"/home/oleksii-shemshur/work/toolchains/source/gcc-9.2.0/gcc/tree-eh.c","file:///home/oleksii-shemshur/work/toolchains/source/gcc-9.2.0/gcc/tree-eh.c:0:0:0:0","pass_lower_eh",4571038,"file:///home/oleksii-shemshur/work/toolchains/source/gcc-9.2.0/gcc/tree-eh.c:2152:7:2152:19","file:///home/oleksii-shemshur/work/toolchains/source/gcc-9.2.0/gcc/tree-eh.c:2152:7:2152:19","gimple_opt_pass"
27045,"/home/oleksii-shemshur/work/toolchains/source/gcc-9.2.0/gcc/tree-eh.c","file:///home/oleksii-shemshur/work/toolchains/source/gcc-9.2.0/gcc/tree-eh.c:0:0:0:0","pass_lower_eh",4571038,"file:///home/oleksii-shemshur/work/toolchains/source/gcc-9.2.0/gcc/tree-eh.c:2152:7:2152:19","file:///home/oleksii-shemshur/work/toolchains/source/gcc-9.2.0/gcc/tree-eh.c:2152:7:2152:19","pass_data"
27045,"/home/oleksii-shemshur/work/toolchains/source/gcc-9.2.0/gcc/tree-eh.c","file:///home/oleksii-shemshur/work/toolchains/source/gcc-9.2.0/gcc/tree-eh.c:0:0:0:0","pass_lower_eh",4571038,"file:///home/oleksii-shemshur/work/toolchains/source/gcc-9.2.0/gcc/tree-eh.c:2152:7:2152:19","file:///home/oleksii-shemshur/work/toolchains/source/gcc-9.2.0/gcc/tree-eh.c:2152:7:2152:19","pass_lower_eh"
27045,"/home/oleksii-shemshur/work/toolchains/source/gcc-9.2.0/gcc/tree-eh.c","file:///home/oleksii-shemshur/work/toolchains/source/gcc-9.2.0/gcc/tree-eh.c:0:0:0:0","pass_refactor_eh",4571034,"file:///home/oleksii-shemshur/work/toolchains/source/gcc-9.2.0/gcc/tree-eh.c:3217:7:3217:22","file:///home/oleksii-shemshur/work/toolchains/source/gcc-9.2.0/gcc/tree-eh.c:3217:7:3217:22","opt_pass"
27045,"/home/oleksii-shemshur/work/toolchains/source/gcc-9.2.0/gcc/tree-eh.c","file:///home/oleksii-shemshur/work/toolchains/source/gcc-9.2.0/gcc/tree-eh.c:0:0:0:0","pass_refactor_eh",4571034,"file:///home/oleksii-shemshur/work/toolchains/source/gcc-9.2.0/gcc/tree-eh.c:3217:7:3217:22","file:///home/oleksii-shemshur/work/toolchains/source/gcc-9.2.0/gcc/tree-eh.c:3217:7:3217:22","gimple_opt_pass"
27045,"/home/oleksii-shemshur/work/toolchains/source/gcc-9.2.0/gcc/tree-eh.c","file:///home/oleksii-shemshur/work/toolchains/source/gcc-9.2.0/gcc/tree-eh.c:0:0:0:0","pass_refactor_eh",4571034,"file:///home/oleksii-shemshur/work/toolchains/source/gcc-9.2.0/gcc/tree-eh.c:3217:7:3217:22","file:///home/oleksii-shemshur/work/toolchains/source/gcc-9.2.0/gcc/tree-eh.c:3217:7:3217:22","pass_data"
27045,"/home/oleksii-shemshur/work/toolchains/source/gcc-9.2.0/gcc/tree-eh.c","file:///home/oleksii-shemshur/work/toolchains/source/gcc-9.2.0/gcc/tree-eh.c:0:0:0:0","pass_refactor_eh",4571034,"file:///home/oleksii-shemshur/work/toolchains/source/gcc-9.2.0/gcc/tree-eh.c:3217:7:3217:22","file:///home/oleksii-shemshur/work/toolchains/source/gcc-9.2.0/gcc/tree-eh.c:3217:7:3217:22","pass_refactor_eh"
27128,"/home/oleksii-shemshur/work/toolchains/source/gcc-9.2.0/gcc/tree-emutls.c","file:///home/oleksii-shemshur/work/toolchains/source/gcc-9.2.0/gcc/tree-emutls.c:0:0:0:0","pass_ipa_lower_emutls",4576656,"file:///home/oleksii-shemshur/work/toolchains/source/gcc-9.2.0/gcc/tree-emutls.c:822:7:822:27","file:///home/oleksii-shemshur/work/toolchains/source/gcc-9.2.0/gcc/tree-emutls.c:822:7:822:27","opt_pass"
27128,"/home/oleksii-shemshur/work/toolchains/source/gcc-9.2.0/gcc/tree-emutls.c","file:///home/oleksii-shemshur/work/toolchains/source/gcc-9.2.0/gcc/tree-emutls.c:0:0:0:0","pass_ipa_lower_emutls",4576656,"file:///home/oleksii-shemshur/work/toolchains/source/gcc-9.2.0/gcc/tree-emutls.c:822:7:822:27","file:///home/oleksii-shemshur/work/toolchains/source/gcc-9.2.0/gcc/tree-emutls.c:822:7:822:27","simple_ipa_opt_pass"
27128,"/home/oleksii-shemshur/work/toolchains/source/gcc-9.2.0/gcc/tree-emutls.c","file:///home/oleksii-shemshur/work/toolchains/source/gcc-9.2.0/gcc/tree-emutls.c:0:0:0:0","pass_ipa_lower_emutls",4576656,"file:///home/oleksii-shemshur/work/toolchains/source/gcc-9.2.0/gcc/tree-emutls.c:822:7:822:27","file:///home/oleksii-shemshur/work/toolchains/source/gcc-9.2.0/gcc/tree-emutls.c:822:7:822:27","pass_data"
27128,"/home/oleksii-shemshur/work/toolchains/source/gcc-9.2.0/gcc/tree-emutls.c","file:///home/oleksii-shemshur/work/toolchains/source/gcc-9.2.0/gcc/tree-emutls.c:0:0:0:0","pass_ipa_lower_emutls",4576656,"file:///home/oleksii-shemshur/work/toolchains/source/gcc-9.2.0/gcc/tree-emutls.c:822:7:822:27","file:///home/oleksii-shemshur/work/toolchains/source/gcc-9.2.0/gcc/tree-emutls.c:822:7:822:27","pass_ipa_lower_emutls"
27163,"/home/oleksii-shemshur/work/toolchains/source/gcc-9.2.0/gcc/tree-if-conv.c","file:///home/oleksii-shemshur/work/toolchains/source/gcc-9.2.0/gcc/tree-if-conv.c:0:0:0:0","pass_if_conversion",4588384,"file:///home/oleksii-shemshur/work/toolchains/source/gcc-9.2.0/gcc/tree-if-conv.c:3117:7:3117:24","file:///home/oleksii-shemshur/work/toolchains/source/gcc-9.2.0/gcc/tree-if-conv.c:3117:7:3117:24","opt_pass"
27163,"/home/oleksii-shemshur/work/toolchains/source/gcc-9.2.0/gcc/tree-if-conv.c","file:///home/oleksii-shemshur/work/toolchains/source/gcc-9.2.0/gcc/tree-if-conv.c:0:0:0:0","pass_if_conversion",4588384,"file:///home/oleksii-shemshur/work/toolchains/source/gcc-9.2.0/gcc/tree-if-conv.c:3117:7:3117:24","file:///home/oleksii-shemshur/work/toolchains/source/gcc-9.2.0/gcc/tree-if-conv.c:3117:7:3117:24","gimple_opt_pass"
27163,"/home/oleksii-shemshur/work/toolchains/source/gcc-9.2.0/gcc/tree-if-conv.c","file:///home/oleksii-shemshur/work/toolchains/source/gcc-9.2.0/gcc/tree-if-conv.c:0:0:0:0","pass_if_conversion",4588384,"file:///home/oleksii-shemshur/work/toolchains/source/gcc-9.2.0/gcc/tree-if-conv.c:3117:7:3117:24","file:///home/oleksii-shemshur/work/toolchains/source/gcc-9.2.0/gcc/tree-if-conv.c:3117:7:3117:24","pass_data"
27163,"/home/oleksii-shemshur/work/toolchains/source/gcc-9.2.0/gcc/tree-if-conv.c","file:///home/oleksii-shemshur/work/toolchains/source/gcc-9.2.0/gcc/tree-if-conv.c:0:0:0:0","pass_if_conversion",4588384,"file:///home/oleksii-shemshur/work/toolchains/source/gcc-9.2.0/gcc/tree-if-conv.c:3117:7:3117:24","file:///home/oleksii-shemshur/work/toolchains/source/gcc-9.2.0/gcc/tree-if-conv.c:3117:7:3117:24","pass_if_conversion"
27216,"/home/oleksii-shemshur/work/toolchains/source/gcc-9.2.0/gcc/tree-into-ssa.c","file:///home/oleksii-shemshur/work/toolchains/source/gcc-9.2.0/gcc/tree-into-ssa.c:0:0:0:0","pass_build_ssa",4619238,"file:///home/oleksii-shemshur/work/toolchains/source/gcc-9.2.0/gcc/tree-into-ssa.c:2404:7:2404:20","file:///home/oleksii-shemshur/work/toolchains/source/gcc-9.2.0/gcc/tree-into-ssa.c:2404:7:2404:20","opt_pass"
27216,"/home/oleksii-shemshur/work/toolchains/source/gcc-9.2.0/gcc/tree-into-ssa.c","file:///home/oleksii-shemshur/work/toolchains/source/gcc-9.2.0/gcc/tree-into-ssa.c:0:0:0:0","pass_build_ssa",4619238,"file:///home/oleksii-shemshur/work/toolchains/source/gcc-9.2.0/gcc/tree-into-ssa.c:2404:7:2404:20","file:///home/oleksii-shemshur/work/toolchains/source/gcc-9.2.0/gcc/tree-into-ssa.c:2404:7:2404:20","gimple_opt_pass"
27216,"/home/oleksii-shemshur/work/toolchains/source/gcc-9.2.0/gcc/tree-into-ssa.c","file:///home/oleksii-shemshur/work/toolchains/source/gcc-9.2.0/gcc/tree-into-ssa.c:0:0:0:0","pass_build_ssa",4619238,"file:///home/oleksii-shemshur/work/toolchains/source/gcc-9.2.0/gcc/tree-into-ssa.c:2404:7:2404:20","file:///home/oleksii-shemshur/work/toolchains/source/gcc-9.2.0/gcc/tree-into-ssa.c:2404:7:2404:20","pass_data"
27216,"/home/oleksii-shemshur/work/toolchains/source/gcc-9.2.0/gcc/tree-into-ssa.c","file:///home/oleksii-shemshur/work/toolchains/source/gcc-9.2.0/gcc/tree-into-ssa.c:0:0:0:0","pass_build_ssa",4619238,"file:///home/oleksii-shemshur/work/toolchains/source/gcc-9.2.0/gcc/tree-into-ssa.c:2404:7:2404:20","file:///home/oleksii-shemshur/work/toolchains/source/gcc-9.2.0/gcc/tree-into-ssa.c:2404:7:2404:20","pass_build_ssa"
27300,"/home/oleksii-shemshur/work/toolchains/source/gcc-9.2.0/gcc/tree-loop-distribution.c","file:///home/oleksii-shemshur/work/toolchains/source/gcc-9.2.0/gcc/tree-loop-distribution.c:0:0:0:0","pass_loop_distribution",4631992,"file:///home/oleksii-shemshur/work/toolchains/source/gcc-9.2.0/gcc/tree-loop-distribution.c:2996:7:2996:28","file:///home/oleksii-shemshur/work/toolchains/source/gcc-9.2.0/gcc/tree-loop-distribution.c:2996:7:2996:28","opt_pass"
27300,"/home/oleksii-shemshur/work/toolchains/source/gcc-9.2.0/gcc/tree-loop-distribution.c","file:///home/oleksii-shemshur/work/toolchains/source/gcc-9.2.0/gcc/tree-loop-distribution.c:0:0:0:0","pass_loop_distribution",4631992,"file:///home/oleksii-shemshur/work/toolchains/source/gcc-9.2.0/gcc/tree-loop-distribution.c:2996:7:2996:28","file:///home/oleksii-shemshur/work/toolchains/source/gcc-9.2.0/gcc/tree-loop-distribution.c:2996:7:2996:28","gimple_opt_pass"
27300,"/home/oleksii-shemshur/work/toolchains/source/gcc-9.2.0/gcc/tree-loop-distribution.c","file:///home/oleksii-shemshur/work/toolchains/source/gcc-9.2.0/gcc/tree-loop-distribution.c:0:0:0:0","pass_loop_distribution",4631992,"file:///home/oleksii-shemshur/work/toolchains/source/gcc-9.2.0/gcc/tree-loop-distribution.c:2996:7:2996:28","file:///home/oleksii-shemshur/work/toolchains/source/gcc-9.2.0/gcc/tree-loop-distribution.c:2996:7:2996:28","pass_data"
27300,"/home/oleksii-shemshur/work/toolchains/source/gcc-9.2.0/gcc/tree-loop-distribution.c","file:///home/oleksii-shemshur/work/toolchains/source/gcc-9.2.0/gcc/tree-loop-distribution.c:0:0:0:0","pass_loop_distribution",4631992,"file:///home/oleksii-shemshur/work/toolchains/source/gcc-9.2.0/gcc/tree-loop-distribution.c:2996:7:2996:28","file:///home/oleksii-shemshur/work/toolchains/source/gcc-9.2.0/gcc/tree-loop-distribution.c:2996:7:2996:28","pass_loop_distribution"
27347,"/home/oleksii-shemshur/work/toolchains/source/gcc-9.2.0/gcc/tree-nrv.c","file:///home/oleksii-shemshur/work/toolchains/source/gcc-9.2.0/gcc/tree-nrv.c:0:0:0:0","pass_nrv",4645970,"file:///home/oleksii-shemshur/work/toolchains/source/gcc-9.2.0/gcc/tree-nrv.c:120:7:120:14","file:///home/oleksii-shemshur/work/toolchains/source/gcc-9.2.0/gcc/tree-nrv.c:120:7:120:14","opt_pass"
27347,"/home/oleksii-shemshur/work/toolchains/source/gcc-9.2.0/gcc/tree-nrv.c","file:///home/oleksii-shemshur/work/toolchains/source/gcc-9.2.0/gcc/tree-nrv.c:0:0:0:0","pass_nrv",4645970,"file:///home/oleksii-shemshur/work/toolchains/source/gcc-9.2.0/gcc/tree-nrv.c:120:7:120:14","file:///home/oleksii-shemshur/work/toolchains/source/gcc-9.2.0/gcc/tree-nrv.c:120:7:120:14","gimple_opt_pass"
27347,"/home/oleksii-shemshur/work/toolchains/source/gcc-9.2.0/gcc/tree-nrv.c","file:///home/oleksii-shemshur/work/toolchains/source/gcc-9.2.0/gcc/tree-nrv.c:0:0:0:0","pass_nrv",4645970,"file:///home/oleksii-shemshur/work/toolchains/source/gcc-9.2.0/gcc/tree-nrv.c:120:7:120:14","file:///home/oleksii-shemshur/work/toolchains/source/gcc-9.2.0/gcc/tree-nrv.c:120:7:120:14","pass_data"
27347,"/home/oleksii-shemshur/work/toolchains/source/gcc-9.2.0/gcc/tree-nrv.c","file:///home/oleksii-shemshur/work/toolchains/source/gcc-9.2.0/gcc/tree-nrv.c:0:0:0:0","pass_nrv",4645970,"file:///home/oleksii-shemshur/work/toolchains/source/gcc-9.2.0/gcc/tree-nrv.c:120:7:120:14","file:///home/oleksii-shemshur/work/toolchains/source/gcc-9.2.0/gcc/tree-nrv.c:120:7:120:14","pass_nrv"
27347,"/home/oleksii-shemshur/work/toolchains/source/gcc-9.2.0/gcc/tree-nrv.c","file:///home/oleksii-shemshur/work/toolchains/source/gcc-9.2.0/gcc/tree-nrv.c:0:0:0:0","pass_return_slot",4645966,"file:///home/oleksii-shemshur/work/toolchains/source/gcc-9.2.0/gcc/tree-nrv.c:352:7:352:22","file:///home/oleksii-shemshur/work/toolchains/source/gcc-9.2.0/gcc/tree-nrv.c:352:7:352:22","opt_pass"
27347,"/home/oleksii-shemshur/work/toolchains/source/gcc-9.2.0/gcc/tree-nrv.c","file:///home/oleksii-shemshur/work/toolchains/source/gcc-9.2.0/gcc/tree-nrv.c:0:0:0:0","pass_return_slot",4645966,"file:///home/oleksii-shemshur/work/toolchains/source/gcc-9.2.0/gcc/tree-nrv.c:352:7:352:22","file:///home/oleksii-shemshur/work/toolchains/source/gcc-9.2.0/gcc/tree-nrv.c:352:7:352:22","gimple_opt_pass"
27347,"/home/oleksii-shemshur/work/toolchains/source/gcc-9.2.0/gcc/tree-nrv.c","file:///home/oleksii-shemshur/work/toolchains/source/gcc-9.2.0/gcc/tree-nrv.c:0:0:0:0","pass_return_slot",4645966,"file:///home/oleksii-shemshur/work/toolchains/source/gcc-9.2.0/gcc/tree-nrv.c:352:7:352:22","file:///home/oleksii-shemshur/work/toolchains/source/gcc-9.2.0/gcc/tree-nrv.c:352:7:352:22","pass_data"
27347,"/home/oleksii-shemshur/work/toolchains/source/gcc-9.2.0/gcc/tree-nrv.c","file:///home/oleksii-shemshur/work/toolchains/source/gcc-9.2.0/gcc/tree-nrv.c:0:0:0:0","pass_return_slot",4645966,"file:///home/oleksii-shemshur/work/toolchains/source/gcc-9.2.0/gcc/tree-nrv.c:352:7:352:22","file:///home/oleksii-shemshur/work/toolchains/source/gcc-9.2.0/gcc/tree-nrv.c:352:7:352:22","pass_return_slot"
27364,"/home/oleksii-shemshur/work/toolchains/source/gcc-9.2.0/gcc/tree-object-size.c","file:///home/oleksii-shemshur/work/toolchains/source/gcc-9.2.0/gcc/tree-object-size.c:0:0:0:0","pass_object_sizes",4650411,"file:///home/oleksii-shemshur/work/toolchains/source/gcc-9.2.0/gcc/tree-object-size.c:1249:7:1249:23","file:///home/oleksii-shemshur/work/toolchains/source/gcc-9.2.0/gcc/tree-object-size.c:1249:7:1249:23","opt_pass"
27364,"/home/oleksii-shemshur/work/toolchains/source/gcc-9.2.0/gcc/tree-object-size.c","file:///home/oleksii-shemshur/work/toolchains/source/gcc-9.2.0/gcc/tree-object-size.c:0:0:0:0","pass_object_sizes",4650411,"file:///home/oleksii-shemshur/work/toolchains/source/gcc-9.2.0/gcc/tree-object-size.c:1249:7:1249:23","file:///home/oleksii-shemshur/work/toolchains/source/gcc-9.2.0/gcc/tree-object-size.c:1249:7:1249:23","gimple_opt_pass"
27364,"/home/oleksii-shemshur/work/toolchains/source/gcc-9.2.0/gcc/tree-object-size.c","file:///home/oleksii-shemshur/work/toolchains/source/gcc-9.2.0/gcc/tree-object-size.c:0:0:0:0","pass_object_sizes",4650411,"file:///home/oleksii-shemshur/work/toolchains/source/gcc-9.2.0/gcc/tree-object-size.c:1249:7:1249:23","file:///home/oleksii-shemshur/work/toolchains/source/gcc-9.2.0/gcc/tree-object-size.c:1249:7:1249:23","pass_data"
27364,"/home/oleksii-shemshur/work/toolchains/source/gcc-9.2.0/gcc/tree-object-size.c","file:///home/oleksii-shemshur/work/toolchains/source/gcc-9.2.0/gcc/tree-object-size.c:0:0:0:0","pass_object_sizes",4650411,"file:///home/oleksii-shemshur/work/toolchains/source/gcc-9.2.0/gcc/tree-object-size.c:1249:7:1249:23","file:///home/oleksii-shemshur/work/toolchains/source/gcc-9.2.0/gcc/tree-object-size.c:1249:7:1249:23","pass_object_sizes"
27388,"/home/oleksii-shemshur/work/toolchains/source/gcc-9.2.0/gcc/tree-parloops.c","file:///home/oleksii-shemshur/work/toolchains/source/gcc-9.2.0/gcc/tree-parloops.c:0:0:0:0","pass_parallelize_loops",4664542,"file:///home/oleksii-shemshur/work/toolchains/source/gcc-9.2.0/gcc/tree-parloops.c:3464:7:3464:28","file:///home/oleksii-shemshur/work/toolchains/source/gcc-9.2.0/gcc/tree-parloops.c:3464:7:3464:28","opt_pass"
27388,"/home/oleksii-shemshur/work/toolchains/source/gcc-9.2.0/gcc/tree-parloops.c","file:///home/oleksii-shemshur/work/toolchains/source/gcc-9.2.0/gcc/tree-parloops.c:0:0:0:0","pass_parallelize_loops",4664542,"file:///home/oleksii-shemshur/work/toolchains/source/gcc-9.2.0/gcc/tree-parloops.c:3464:7:3464:28","file:///home/oleksii-shemshur/work/toolchains/source/gcc-9.2.0/gcc/tree-parloops.c:3464:7:3464:28","gimple_opt_pass"
27388,"/home/oleksii-shemshur/work/toolchains/source/gcc-9.2.0/gcc/tree-parloops.c","file:///home/oleksii-shemshur/work/toolchains/source/gcc-9.2.0/gcc/tree-parloops.c:0:0:0:0","pass_parallelize_loops",4664542,"file:///home/oleksii-shemshur/work/toolchains/source/gcc-9.2.0/gcc/tree-parloops.c:3464:7:3464:28","file:///home/oleksii-shemshur/work/toolchains/source/gcc-9.2.0/gcc/tree-parloops.c:3464:7:3464:28","pass_data"
27388,"/home/oleksii-shemshur/work/toolchains/source/gcc-9.2.0/gcc/tree-parloops.c","file:///home/oleksii-shemshur/work/toolchains/source/gcc-9.2.0/gcc/tree-parloops.c:0:0:0:0","pass_parallelize_loops",4664542,"file:///home/oleksii-shemshur/work/toolchains/source/gcc-9.2.0/gcc/tree-parloops.c:3464:7:3464:28","file:///home/oleksii-shemshur/work/toolchains/source/gcc-9.2.0/gcc/tree-parloops.c:3464:7:3464:28","pass_parallelize_loops"
27452,"/home/oleksii-shemshur/work/toolchains/source/gcc-9.2.0/gcc/tree-predcom.c","file:///home/oleksii-shemshur/work/toolchains/source/gcc-9.2.0/gcc/tree-predcom.c:0:0:0:0","pass_predcom",4677522,"file:///home/oleksii-shemshur/work/toolchains/source/gcc-9.2.0/gcc/tree-predcom.c:3356:7:3356:18","file:///home/oleksii-shemshur/work/toolchains/source/gcc-9.2.0/gcc/tree-predcom.c:3356:7:3356:18","opt_pass"
27452,"/home/oleksii-shemshur/work/toolchains/source/gcc-9.2.0/gcc/tree-predcom.c","file:///home/oleksii-shemshur/work/toolchains/source/gcc-9.2.0/gcc/tree-predcom.c:0:0:0:0","pass_predcom",4677522,"file:///home/oleksii-shemshur/work/toolchains/source/gcc-9.2.0/gcc/tree-predcom.c:3356:7:3356:18","file:///home/oleksii-shemshur/work/toolchains/source/gcc-9.2.0/gcc/tree-predcom.c:3356:7:3356:18","gimple_opt_pass"
27452,"/home/oleksii-shemshur/work/toolchains/source/gcc-9.2.0/gcc/tree-predcom.c","file:///home/oleksii-shemshur/work/toolchains/source/gcc-9.2.0/gcc/tree-predcom.c:0:0:0:0","pass_predcom",4677522,"file:///home/oleksii-shemshur/work/toolchains/source/gcc-9.2.0/gcc/tree-predcom.c:3356:7:3356:18","file:///home/oleksii-shemshur/work/toolchains/source/gcc-9.2.0/gcc/tree-predcom.c:3356:7:3356:18","pass_data"
27452,"/home/oleksii-shemshur/work/toolchains/source/gcc-9.2.0/gcc/tree-predcom.c","file:///home/oleksii-shemshur/work/toolchains/source/gcc-9.2.0/gcc/tree-predcom.c:0:0:0:0","pass_predcom",4677522,"file:///home/oleksii-shemshur/work/toolchains/source/gcc-9.2.0/gcc/tree-predcom.c:3356:7:3356:18","file:///home/oleksii-shemshur/work/toolchains/source/gcc-9.2.0/gcc/tree-predcom.c:3356:7:3356:18","pass_predcom"
27502,"/home/oleksii-shemshur/work/toolchains/source/gcc-9.2.0/gcc/tree-profile.c","file:///home/oleksii-shemshur/work/toolchains/source/gcc-9.2.0/gcc/tree-profile.c:0:0:0:0","pass_ipa_tree_profile",4693901,"file:///home/oleksii-shemshur/work/toolchains/source/gcc-9.2.0/gcc/tree-profile.c:889:7:889:27","file:///home/oleksii-shemshur/work/toolchains/source/gcc-9.2.0/gcc/tree-profile.c:889:7:889:27","opt_pass"
27502,"/home/oleksii-shemshur/work/toolchains/source/gcc-9.2.0/gcc/tree-profile.c","file:///home/oleksii-shemshur/work/toolchains/source/gcc-9.2.0/gcc/tree-profile.c:0:0:0:0","pass_ipa_tree_profile",4693901,"file:///home/oleksii-shemshur/work/toolchains/source/gcc-9.2.0/gcc/tree-profile.c:889:7:889:27","file:///home/oleksii-shemshur/work/toolchains/source/gcc-9.2.0/gcc/tree-profile.c:889:7:889:27","simple_ipa_opt_pass"
27502,"/home/oleksii-shemshur/work/toolchains/source/gcc-9.2.0/gcc/tree-profile.c","file:///home/oleksii-shemshur/work/toolchains/source/gcc-9.2.0/gcc/tree-profile.c:0:0:0:0","pass_ipa_tree_profile",4693901,"file:///home/oleksii-shemshur/work/toolchains/source/gcc-9.2.0/gcc/tree-profile.c:889:7:889:27","file:///home/oleksii-shemshur/work/toolchains/source/gcc-9.2.0/gcc/tree-profile.c:889:7:889:27","pass_data"
27502,"/home/oleksii-shemshur/work/toolchains/source/gcc-9.2.0/gcc/tree-profile.c","file:///home/oleksii-shemshur/work/toolchains/source/gcc-9.2.0/gcc/tree-profile.c:0:0:0:0","pass_ipa_tree_profile",4693901,"file:///home/oleksii-shemshur/work/toolchains/source/gcc-9.2.0/gcc/tree-profile.c:889:7:889:27","file:///home/oleksii-shemshur/work/toolchains/source/gcc-9.2.0/gcc/tree-profile.c:889:7:889:27","pass_ipa_tree_profile"
27580,"/home/oleksii-shemshur/work/toolchains/source/gcc-9.2.0/gcc/tree-sra.c","file:///home/oleksii-shemshur/work/toolchains/source/gcc-9.2.0/gcc/tree-sra.c:0:0:0:0","pass_sra",4721153,"file:///home/oleksii-shemshur/work/toolchains/source/gcc-9.2.0/gcc/tree-sra.c:4045:7:4045:14","file:///home/oleksii-shemshur/work/toolchains/source/gcc-9.2.0/gcc/tree-sra.c:4045:7:4045:14","opt_pass"
27580,"/home/oleksii-shemshur/work/toolchains/source/gcc-9.2.0/gcc/tree-sra.c","file:///home/oleksii-shemshur/work/toolchains/source/gcc-9.2.0/gcc/tree-sra.c:0:0:0:0","pass_sra",4721153,"file:///home/oleksii-shemshur/work/toolchains/source/gcc-9.2.0/gcc/tree-sra.c:4045:7:4045:14","file:///home/oleksii-shemshur/work/toolchains/source/gcc-9.2.0/gcc/tree-sra.c:4045:7:4045:14","gimple_opt_pass"
27580,"/home/oleksii-shemshur/work/toolchains/source/gcc-9.2.0/gcc/tree-sra.c","file:///home/oleksii-shemshur/work/toolchains/source/gcc-9.2.0/gcc/tree-sra.c:0:0:0:0","pass_sra",4721153,"file:///home/oleksii-shemshur/work/toolchains/source/gcc-9.2.0/gcc/tree-sra.c:4045:7:4045:14","file:///home/oleksii-shemshur/work/toolchains/source/gcc-9.2.0/gcc/tree-sra.c:4045:7:4045:14","pass_data"
27580,"/home/oleksii-shemshur/work/toolchains/source/gcc-9.2.0/gcc/tree-sra.c","file:///home/oleksii-shemshur/work/toolchains/source/gcc-9.2.0/gcc/tree-sra.c:0:0:0:0","pass_sra",4721153,"file:///home/oleksii-shemshur/work/toolchains/source/gcc-9.2.0/gcc/tree-sra.c:4045:7:4045:14","file:///home/oleksii-shemshur/work/toolchains/source/gcc-9.2.0/gcc/tree-sra.c:4045:7:4045:14","pass_sra"
27580,"/home/oleksii-shemshur/work/toolchains/source/gcc-9.2.0/gcc/tree-sra.c","file:///home/oleksii-shemshur/work/toolchains/source/gcc-9.2.0/gcc/tree-sra.c:0:0:0:0","pass_early_ipa_sra",4721149,"file:///home/oleksii-shemshur/work/toolchains/source/gcc-9.2.0/gcc/tree-sra.c:5651:7:5651:24","file:///home/oleksii-shemshur/work/toolchains/source/gcc-9.2.0/gcc/tree-sra.c:5651:7:5651:24","opt_pass"
27580,"/home/oleksii-shemshur/work/toolchains/source/gcc-9.2.0/gcc/tree-sra.c","file:///home/oleksii-shemshur/work/toolchains/source/gcc-9.2.0/gcc/tree-sra.c:0:0:0:0","pass_early_ipa_sra",4721149,"file:///home/oleksii-shemshur/work/toolchains/source/gcc-9.2.0/gcc/tree-sra.c:5651:7:5651:24","file:///home/oleksii-shemshur/work/toolchains/source/gcc-9.2.0/gcc/tree-sra.c:5651:7:5651:24","gimple_opt_pass"
27580,"/home/oleksii-shemshur/work/toolchains/source/gcc-9.2.0/gcc/tree-sra.c","file:///home/oleksii-shemshur/work/toolchains/source/gcc-9.2.0/gcc/tree-sra.c:0:0:0:0","pass_early_ipa_sra",4721149,"file:///home/oleksii-shemshur/work/toolchains/source/gcc-9.2.0/gcc/tree-sra.c:5651:7:5651:24","file:///home/oleksii-shemshur/work/toolchains/source/gcc-9.2.0/gcc/tree-sra.c:5651:7:5651:24","pass_data"
27580,"/home/oleksii-shemshur/work/toolchains/source/gcc-9.2.0/gcc/tree-sra.c","file:///home/oleksii-shemshur/work/toolchains/source/gcc-9.2.0/gcc/tree-sra.c:0:0:0:0","pass_early_ipa_sra",4721149,"file:///home/oleksii-shemshur/work/toolchains/source/gcc-9.2.0/gcc/tree-sra.c:5651:7:5651:24","file:///home/oleksii-shemshur/work/toolchains/source/gcc-9.2.0/gcc/tree-sra.c:5651:7:5651:24","pass_early_ipa_sra"
27580,"/home/oleksii-shemshur/work/toolchains/source/gcc-9.2.0/gcc/tree-sra.c","file:///home/oleksii-shemshur/work/toolchains/source/gcc-9.2.0/gcc/tree-sra.c:0:0:0:0","pass_sra_early",4721157,"file:///home/oleksii-shemshur/work/toolchains/source/gcc-9.2.0/gcc/tree-sra.c:4009:7:4009:20","file:///home/oleksii-shemshur/work/toolchains/source/gcc-9.2.0/gcc/tree-sra.c:4009:7:4009:20","opt_pass"
27580,"/home/oleksii-shemshur/work/toolchains/source/gcc-9.2.0/gcc/tree-sra.c","file:///home/oleksii-shemshur/work/toolchains/source/gcc-9.2.0/gcc/tree-sra.c:0:0:0:0","pass_sra_early",4721157,"file:///home/oleksii-shemshur/work/toolchains/source/gcc-9.2.0/gcc/tree-sra.c:4009:7:4009:20","file:///home/oleksii-shemshur/work/toolchains/source/gcc-9.2.0/gcc/tree-sra.c:4009:7:4009:20","gimple_opt_pass"
27580,"/home/oleksii-shemshur/work/toolchains/source/gcc-9.2.0/gcc/tree-sra.c","file:///home/oleksii-shemshur/work/toolchains/source/gcc-9.2.0/gcc/tree-sra.c:0:0:0:0","pass_sra_early",4721157,"file:///home/oleksii-shemshur/work/toolchains/source/gcc-9.2.0/gcc/tree-sra.c:4009:7:4009:20","file:///home/oleksii-shemshur/work/toolchains/source/gcc-9.2.0/gcc/tree-sra.c:4009:7:4009:20","pass_data"
27580,"/home/oleksii-shemshur/work/toolchains/source/gcc-9.2.0/gcc/tree-sra.c","file:///home/oleksii-shemshur/work/toolchains/source/gcc-9.2.0/gcc/tree-sra.c:0:0:0:0","pass_sra_early",4721157,"file:///home/oleksii-shemshur/work/toolchains/source/gcc-9.2.0/gcc/tree-sra.c:4009:7:4009:20","file:///home/oleksii-shemshur/work/toolchains/source/gcc-9.2.0/gcc/tree-sra.c:4009:7:4009:20","pass_sra_early"
27692,"/home/oleksii-shemshur/work/toolchains/source/gcc-9.2.0/gcc/tree-ssa-ccp.c","file:///home/oleksii-shemshur/work/toolchains/source/gcc-9.2.0/gcc/tree-ssa-ccp.c:0:0:0:0","pass_fold_builtins",4747190,"file:///home/oleksii-shemshur/work/toolchains/source/gcc-9.2.0/gcc/tree-ssa-ccp.c:3143:7:3143:24","file:///home/oleksii-shemshur/work/toolchains/source/gcc-9.2.0/gcc/tree-ssa-ccp.c:3143:7:3143:24","opt_pass"
27692,"/home/oleksii-shemshur/work/toolchains/source/gcc-9.2.0/gcc/tree-ssa-ccp.c","file:///home/oleksii-shemshur/work/toolchains/source/gcc-9.2.0/gcc/tree-ssa-ccp.c:0:0:0:0","pass_fold_builtins",4747190,"file:///home/oleksii-shemshur/work/toolchains/source/gcc-9.2.0/gcc/tree-ssa-ccp.c:3143:7:3143:24","file:///home/oleksii-shemshur/work/toolchains/source/gcc-9.2.0/gcc/tree-ssa-ccp.c:3143:7:3143:24","gimple_opt_pass"
27692,"/home/oleksii-shemshur/work/toolchains/source/gcc-9.2.0/gcc/tree-ssa-ccp.c","file:///home/oleksii-shemshur/work/toolchains/source/gcc-9.2.0/gcc/tree-ssa-ccp.c:0:0:0:0","pass_fold_builtins",4747190,"file:///home/oleksii-shemshur/work/toolchains/source/gcc-9.2.0/gcc/tree-ssa-ccp.c:3143:7:3143:24","file:///home/oleksii-shemshur/work/toolchains/source/gcc-9.2.0/gcc/tree-ssa-ccp.c:3143:7:3143:24","pass_data"
27692,"/home/oleksii-shemshur/work/toolchains/source/gcc-9.2.0/gcc/tree-ssa-ccp.c","file:///home/oleksii-shemshur/work/toolchains/source/gcc-9.2.0/gcc/tree-ssa-ccp.c:0:0:0:0","pass_fold_builtins",4747190,"file:///home/oleksii-shemshur/work/toolchains/source/gcc-9.2.0/gcc/tree-ssa-ccp.c:3143:7:3143:24","file:///home/oleksii-shemshur/work/toolchains/source/gcc-9.2.0/gcc/tree-ssa-ccp.c:3143:7:3143:24","pass_fold_builtins"
27692,"/home/oleksii-shemshur/work/toolchains/source/gcc-9.2.0/gcc/tree-ssa-ccp.c","file:///home/oleksii-shemshur/work/toolchains/source/gcc-9.2.0/gcc/tree-ssa-ccp.c:0:0:0:0","pass_post_ipa_warn",4747186,"file:///home/oleksii-shemshur/work/toolchains/source/gcc-9.2.0/gcc/tree-ssa-ccp.c:3411:7:3411:24","file:///home/oleksii-shemshur/work/toolchains/source/gcc-9.2.0/gcc/tree-ssa-ccp.c:3411:7:3411:24","opt_pass"
27692,"/home/oleksii-shemshur/work/toolchains/source/gcc-9.2.0/gcc/tree-ssa-ccp.c","file:///home/oleksii-shemshur/work/toolchains/source/gcc-9.2.0/gcc/tree-ssa-ccp.c:0:0:0:0","pass_post_ipa_warn",4747186,"file:///home/oleksii-shemshur/work/toolchains/source/gcc-9.2.0/gcc/tree-ssa-ccp.c:3411:7:3411:24","file:///home/oleksii-shemshur/work/toolchains/source/gcc-9.2.0/gcc/tree-ssa-ccp.c:3411:7:3411:24","gimple_opt_pass"
27692,"/home/oleksii-shemshur/work/toolchains/source/gcc-9.2.0/gcc/tree-ssa-ccp.c","file:///home/oleksii-shemshur/work/toolchains/source/gcc-9.2.0/gcc/tree-ssa-ccp.c:0:0:0:0","pass_post_ipa_warn",4747186,"file:///home/oleksii-shemshur/work/toolchains/source/gcc-9.2.0/gcc/tree-ssa-ccp.c:3411:7:3411:24","file:///home/oleksii-shemshur/work/toolchains/source/gcc-9.2.0/gcc/tree-ssa-ccp.c:3411:7:3411:24","pass_data"
27692,"/home/oleksii-shemshur/work/toolchains/source/gcc-9.2.0/gcc/tree-ssa-ccp.c","file:///home/oleksii-shemshur/work/toolchains/source/gcc-9.2.0/gcc/tree-ssa-ccp.c:0:0:0:0","pass_post_ipa_warn",4747186,"file:///home/oleksii-shemshur/work/toolchains/source/gcc-9.2.0/gcc/tree-ssa-ccp.c:3411:7:3411:24","file:///home/oleksii-shemshur/work/toolchains/source/gcc-9.2.0/gcc/tree-ssa-ccp.c:3411:7:3411:24","pass_post_ipa_warn"
27692,"/home/oleksii-shemshur/work/toolchains/source/gcc-9.2.0/gcc/tree-ssa-ccp.c","file:///home/oleksii-shemshur/work/toolchains/source/gcc-9.2.0/gcc/tree-ssa-ccp.c:0:0:0:0","pass_ccp",4747194,"file:///home/oleksii-shemshur/work/toolchains/source/gcc-9.2.0/gcc/tree-ssa-ccp.c:2503:7:2503:14","file:///home/oleksii-shemshur/work/toolchains/source/gcc-9.2.0/gcc/tree-ssa-ccp.c:2503:7:2503:14","opt_pass"
27692,"/home/oleksii-shemshur/work/toolchains/source/gcc-9.2.0/gcc/tree-ssa-ccp.c","file:///home/oleksii-shemshur/work/toolchains/source/gcc-9.2.0/gcc/tree-ssa-ccp.c:0:0:0:0","pass_ccp",4747194,"file:///home/oleksii-shemshur/work/toolchains/source/gcc-9.2.0/gcc/tree-ssa-ccp.c:2503:7:2503:14","file:///home/oleksii-shemshur/work/toolchains/source/gcc-9.2.0/gcc/tree-ssa-ccp.c:2503:7:2503:14","gimple_opt_pass"
27692,"/home/oleksii-shemshur/work/toolchains/source/gcc-9.2.0/gcc/tree-ssa-ccp.c","file:///home/oleksii-shemshur/work/toolchains/source/gcc-9.2.0/gcc/tree-ssa-ccp.c:0:0:0:0","pass_ccp",4747194,"file:///home/oleksii-shemshur/work/toolchains/source/gcc-9.2.0/gcc/tree-ssa-ccp.c:2503:7:2503:14","file:///home/oleksii-shemshur/work/toolchains/source/gcc-9.2.0/gcc/tree-ssa-ccp.c:2503:7:2503:14","pass_data"
27692,"/home/oleksii-shemshur/work/toolchains/source/gcc-9.2.0/gcc/tree-ssa-ccp.c","file:///home/oleksii-shemshur/work/toolchains/source/gcc-9.2.0/gcc/tree-ssa-ccp.c:0:0:0:0","pass_ccp",4747194,"file:///home/oleksii-shemshur/work/toolchains/source/gcc-9.2.0/gcc/tree-ssa-ccp.c:2503:7:2503:14","file:///home/oleksii-shemshur/work/toolchains/source/gcc-9.2.0/gcc/tree-ssa-ccp.c:2503:7:2503:14","pass_ccp"
27763,"/home/oleksii-shemshur/work/toolchains/source/gcc-9.2.0/gcc/tree-ssa-copy.c","file:///home/oleksii-shemshur/work/toolchains/source/gcc-9.2.0/gcc/tree-ssa-copy.c:0:0:0:0","pass_copy_prop",4756000,"file:///home/oleksii-shemshur/work/toolchains/source/gcc-9.2.0/gcc/tree-ssa-copy.c:639:7:639:20","file:///home/oleksii-shemshur/work/toolchains/source/gcc-9.2.0/gcc/tree-ssa-copy.c:639:7:639:20","opt_pass"
27763,"/home/oleksii-shemshur/work/toolchains/source/gcc-9.2.0/gcc/tree-ssa-copy.c","file:///home/oleksii-shemshur/work/toolchains/source/gcc-9.2.0/gcc/tree-ssa-copy.c:0:0:0:0","pass_copy_prop",4756000,"file:///home/oleksii-shemshur/work/toolchains/source/gcc-9.2.0/gcc/tree-ssa-copy.c:639:7:639:20","file:///home/oleksii-shemshur/work/toolchains/source/gcc-9.2.0/gcc/tree-ssa-copy.c:639:7:639:20","gimple_opt_pass"
27763,"/home/oleksii-shemshur/work/toolchains/source/gcc-9.2.0/gcc/tree-ssa-copy.c","file:///home/oleksii-shemshur/work/toolchains/source/gcc-9.2.0/gcc/tree-ssa-copy.c:0:0:0:0","pass_copy_prop",4756000,"file:///home/oleksii-shemshur/work/toolchains/source/gcc-9.2.0/gcc/tree-ssa-copy.c:639:7:639:20","file:///home/oleksii-shemshur/work/toolchains/source/gcc-9.2.0/gcc/tree-ssa-copy.c:639:7:639:20","pass_data"
27763,"/home/oleksii-shemshur/work/toolchains/source/gcc-9.2.0/gcc/tree-ssa-copy.c","file:///home/oleksii-shemshur/work/toolchains/source/gcc-9.2.0/gcc/tree-ssa-copy.c:0:0:0:0","pass_copy_prop",4756000,"file:///home/oleksii-shemshur/work/toolchains/source/gcc-9.2.0/gcc/tree-ssa-copy.c:639:7:639:20","file:///home/oleksii-shemshur/work/toolchains/source/gcc-9.2.0/gcc/tree-ssa-copy.c:639:7:639:20","pass_copy_prop"
27786,"/home/oleksii-shemshur/work/toolchains/source/gcc-9.2.0/gcc/tree-ssa-dce.c","file:///home/oleksii-shemshur/work/toolchains/source/gcc-9.2.0/gcc/tree-ssa-dce.c:0:0:0:0","pass_dce",4760340,"file:///home/oleksii-shemshur/work/toolchains/source/gcc-9.2.0/gcc/tree-ssa-dce.c:1654:7:1654:14","file:///home/oleksii-shemshur/work/toolchains/source/gcc-9.2.0/gcc/tree-ssa-dce.c:1654:7:1654:14","opt_pass"
27786,"/home/oleksii-shemshur/work/toolchains/source/gcc-9.2.0/gcc/tree-ssa-dce.c","file:///home/oleksii-shemshur/work/toolchains/source/gcc-9.2.0/gcc/tree-ssa-dce.c:0:0:0:0","pass_dce",4760340,"file:///home/oleksii-shemshur/work/toolchains/source/gcc-9.2.0/gcc/tree-ssa-dce.c:1654:7:1654:14","file:///home/oleksii-shemshur/work/toolchains/source/gcc-9.2.0/gcc/tree-ssa-dce.c:1654:7:1654:14","gimple_opt_pass"
27786,"/home/oleksii-shemshur/work/toolchains/source/gcc-9.2.0/gcc/tree-ssa-dce.c","file:///home/oleksii-shemshur/work/toolchains/source/gcc-9.2.0/gcc/tree-ssa-dce.c:0:0:0:0","pass_dce",4760340,"file:///home/oleksii-shemshur/work/toolchains/source/gcc-9.2.0/gcc/tree-ssa-dce.c:1654:7:1654:14","file:///home/oleksii-shemshur/work/toolchains/source/gcc-9.2.0/gcc/tree-ssa-dce.c:1654:7:1654:14","pass_data"
27786,"/home/oleksii-shemshur/work/toolchains/source/gcc-9.2.0/gcc/tree-ssa-dce.c","file:///home/oleksii-shemshur/work/toolchains/source/gcc-9.2.0/gcc/tree-ssa-dce.c:0:0:0:0","pass_dce",4760340,"file:///home/oleksii-shemshur/work/toolchains/source/gcc-9.2.0/gcc/tree-ssa-dce.c:1654:7:1654:14","file:///home/oleksii-shemshur/work/toolchains/source/gcc-9.2.0/gcc/tree-ssa-dce.c:1654:7:1654:14","pass_dce"
27786,"/home/oleksii-shemshur/work/toolchains/source/gcc-9.2.0/gcc/tree-ssa-dce.c","file:///home/oleksii-shemshur/work/toolchains/source/gcc-9.2.0/gcc/tree-ssa-dce.c:0:0:0:0","pass_cd_dce",4760336,"file:///home/oleksii-shemshur/work/toolchains/source/gcc-9.2.0/gcc/tree-ssa-dce.c:1691:7:1691:17","file:///home/oleksii-shemshur/work/toolchains/source/gcc-9.2.0/gcc/tree-ssa-dce.c:1691:7:1691:17","opt_pass"
27786,"/home/oleksii-shemshur/work/toolchains/source/gcc-9.2.0/gcc/tree-ssa-dce.c","file:///home/oleksii-shemshur/work/toolchains/source/gcc-9.2.0/gcc/tree-ssa-dce.c:0:0:0:0","pass_cd_dce",4760336,"file:///home/oleksii-shemshur/work/toolchains/source/gcc-9.2.0/gcc/tree-ssa-dce.c:1691:7:1691:17","file:///home/oleksii-shemshur/work/toolchains/source/gcc-9.2.0/gcc/tree-ssa-dce.c:1691:7:1691:17","gimple_opt_pass"
27786,"/home/oleksii-shemshur/work/toolchains/source/gcc-9.2.0/gcc/tree-ssa-dce.c","file:///home/oleksii-shemshur/work/toolchains/source/gcc-9.2.0/gcc/tree-ssa-dce.c:0:0:0:0","pass_cd_dce",4760336,"file:///home/oleksii-shemshur/work/toolchains/source/gcc-9.2.0/gcc/tree-ssa-dce.c:1691:7:1691:17","file:///home/oleksii-shemshur/work/toolchains/source/gcc-9.2.0/gcc/tree-ssa-dce.c:1691:7:1691:17","pass_data"
27786,"/home/oleksii-shemshur/work/toolchains/source/gcc-9.2.0/gcc/tree-ssa-dce.c","file:///home/oleksii-shemshur/work/toolchains/source/gcc-9.2.0/gcc/tree-ssa-dce.c:0:0:0:0","pass_cd_dce",4760336,"file:///home/oleksii-shemshur/work/toolchains/source/gcc-9.2.0/gcc/tree-ssa-dce.c:1691:7:1691:17","file:///home/oleksii-shemshur/work/toolchains/source/gcc-9.2.0/gcc/tree-ssa-dce.c:1691:7:1691:17","pass_cd_dce"
27845,"/home/oleksii-shemshur/work/toolchains/source/gcc-9.2.0/gcc/tree-ssa-dom.c","file:///home/oleksii-shemshur/work/toolchains/source/gcc-9.2.0/gcc/tree-ssa-dom.c:0:0:0:0","pass_dominator",4767836,"file:///home/oleksii-shemshur/work/toolchains/source/gcc-9.2.0/gcc/tree-ssa-dom.c:645:7:645:20","file:///home/oleksii-shemshur/work/toolchains/source/gcc-9.2.0/gcc/tree-ssa-dom.c:645:7:645:20","opt_pass"
27845,"/home/oleksii-shemshur/work/toolchains/source/gcc-9.2.0/gcc/tree-ssa-dom.c","file:///home/oleksii-shemshur/work/toolchains/source/gcc-9.2.0/gcc/tree-ssa-dom.c:0:0:0:0","pass_dominator",4767836,"file:///home/oleksii-shemshur/work/toolchains/source/gcc-9.2.0/gcc/tree-ssa-dom.c:645:7:645:20","file:///home/oleksii-shemshur/work/toolchains/source/gcc-9.2.0/gcc/tree-ssa-dom.c:645:7:645:20","gimple_opt_pass"
27845,"/home/oleksii-shemshur/work/toolchains/source/gcc-9.2.0/gcc/tree-ssa-dom.c","file:///home/oleksii-shemshur/work/toolchains/source/gcc-9.2.0/gcc/tree-ssa-dom.c:0:0:0:0","pass_dominator",4767836,"file:///home/oleksii-shemshur/work/toolchains/source/gcc-9.2.0/gcc/tree-ssa-dom.c:645:7:645:20","file:///home/oleksii-shemshur/work/toolchains/source/gcc-9.2.0/gcc/tree-ssa-dom.c:645:7:645:20","pass_data"
27845,"/home/oleksii-shemshur/work/toolchains/source/gcc-9.2.0/gcc/tree-ssa-dom.c","file:///home/oleksii-shemshur/work/toolchains/source/gcc-9.2.0/gcc/tree-ssa-dom.c:0:0:0:0","pass_dominator",4767836,"file:///home/oleksii-shemshur/work/toolchains/source/gcc-9.2.0/gcc/tree-ssa-dom.c:645:7:645:20","file:///home/oleksii-shemshur/work/toolchains/source/gcc-9.2.0/gcc/tree-ssa-dom.c:645:7:645:20","pass_dominator"
27874,"/home/oleksii-shemshur/work/toolchains/source/gcc-9.2.0/gcc/tree-ssa-dse.c","file:///home/oleksii-shemshur/work/toolchains/source/gcc-9.2.0/gcc/tree-ssa-dse.c:0:0:0:0","pass_dse",4771361,"file:///home/oleksii-shemshur/work/toolchains/source/gcc-9.2.0/gcc/tree-ssa-dse.c:968:7:968:14","file:///home/oleksii-shemshur/work/toolchains/source/gcc-9.2.0/gcc/tree-ssa-dse.c:968:7:968:14","opt_pass"
27874,"/home/oleksii-shemshur/work/toolchains/source/gcc-9.2.0/gcc/tree-ssa-dse.c","file:///home/oleksii-shemshur/work/toolchains/source/gcc-9.2.0/gcc/tree-ssa-dse.c:0:0:0:0","pass_dse",4771361,"file:///home/oleksii-shemshur/work/toolchains/source/gcc-9.2.0/gcc/tree-ssa-dse.c:968:7:968:14","file:///home/oleksii-shemshur/work/toolchains/source/gcc-9.2.0/gcc/tree-ssa-dse.c:968:7:968:14","gimple_opt_pass"
27874,"/home/oleksii-shemshur/work/toolchains/source/gcc-9.2.0/gcc/tree-ssa-dse.c","file:///home/oleksii-shemshur/work/toolchains/source/gcc-9.2.0/gcc/tree-ssa-dse.c:0:0:0:0","pass_dse",4771361,"file:///home/oleksii-shemshur/work/toolchains/source/gcc-9.2.0/gcc/tree-ssa-dse.c:968:7:968:14","file:///home/oleksii-shemshur/work/toolchains/source/gcc-9.2.0/gcc/tree-ssa-dse.c:968:7:968:14","pass_data"
27874,"/home/oleksii-shemshur/work/toolchains/source/gcc-9.2.0/gcc/tree-ssa-dse.c","file:///home/oleksii-shemshur/work/toolchains/source/gcc-9.2.0/gcc/tree-ssa-dse.c:0:0:0:0","pass_dse",4771361,"file:///home/oleksii-shemshur/work/toolchains/source/gcc-9.2.0/gcc/tree-ssa-dse.c:968:7:968:14","file:///home/oleksii-shemshur/work/toolchains/source/gcc-9.2.0/gcc/tree-ssa-dse.c:968:7:968:14","pass_dse"
27890,"/home/oleksii-shemshur/work/toolchains/source/gcc-9.2.0/gcc/tree-ssa-forwprop.c","file:///home/oleksii-shemshur/work/toolchains/source/gcc-9.2.0/gcc/tree-ssa-forwprop.c:0:0:0:0","pass_forwprop",4779680,"file:///home/oleksii-shemshur/work/toolchains/source/gcc-9.2.0/gcc/tree-ssa-forwprop.c:2197:7:2197:19","file:///home/oleksii-shemshur/work/toolchains/source/gcc-9.2.0/gcc/tree-ssa-forwprop.c:2197:7:2197:19","opt_pass"
27890,"/home/oleksii-shemshur/work/toolchains/source/gcc-9.2.0/gcc/tree-ssa-forwprop.c","file:///home/oleksii-shemshur/work/toolchains/source/gcc-9.2.0/gcc/tree-ssa-forwprop.c:0:0:0:0","pass_forwprop",4779680,"file:///home/oleksii-shemshur/work/toolchains/source/gcc-9.2.0/gcc/tree-ssa-forwprop.c:2197:7:2197:19","file:///home/oleksii-shemshur/work/toolchains/source/gcc-9.2.0/gcc/tree-ssa-forwprop.c:2197:7:2197:19","gimple_opt_pass"
27890,"/home/oleksii-shemshur/work/toolchains/source/gcc-9.2.0/gcc/tree-ssa-forwprop.c","file:///home/oleksii-shemshur/work/toolchains/source/gcc-9.2.0/gcc/tree-ssa-forwprop.c:0:0:0:0","pass_forwprop",4779680,"file:///home/oleksii-shemshur/work/toolchains/source/gcc-9.2.0/gcc/tree-ssa-forwprop.c:2197:7:2197:19","file:///home/oleksii-shemshur/work/toolchains/source/gcc-9.2.0/gcc/tree-ssa-forwprop.c:2197:7:2197:19","pass_data"
27890,"/home/oleksii-shemshur/work/toolchains/source/gcc-9.2.0/gcc/tree-ssa-forwprop.c","file:///home/oleksii-shemshur/work/toolchains/source/gcc-9.2.0/gcc/tree-ssa-forwprop.c:0:0:0:0","pass_forwprop",4779680,"file:///home/oleksii-shemshur/work/toolchains/source/gcc-9.2.0/gcc/tree-ssa-forwprop.c:2197:7:2197:19","file:///home/oleksii-shemshur/work/toolchains/source/gcc-9.2.0/gcc/tree-ssa-forwprop.c:2197:7:2197:19","pass_forwprop"
27900,"/home/oleksii-shemshur/work/toolchains/source/gcc-9.2.0/gcc/tree-ssa-ifcombine.c","file:///home/oleksii-shemshur/work/toolchains/source/gcc-9.2.0/gcc/tree-ssa-ifcombine.c:0:0:0:0","pass_tree_ifcombine",4782145,"file:///home/oleksii-shemshur/work/toolchains/source/gcc-9.2.0/gcc/tree-ssa-ifcombine.c:788:7:788:25","file:///home/oleksii-shemshur/work/toolchains/source/gcc-9.2.0/gcc/tree-ssa-ifcombine.c:788:7:788:25","opt_pass"
27900,"/home/oleksii-shemshur/work/toolchains/source/gcc-9.2.0/gcc/tree-ssa-ifcombine.c","file:///home/oleksii-shemshur/work/toolchains/source/gcc-9.2.0/gcc/tree-ssa-ifcombine.c:0:0:0:0","pass_tree_ifcombine",4782145,"file:///home/oleksii-shemshur/work/toolchains/source/gcc-9.2.0/gcc/tree-ssa-ifcombine.c:788:7:788:25","file:///home/oleksii-shemshur/work/toolchains/source/gcc-9.2.0/gcc/tree-ssa-ifcombine.c:788:7:788:25","gimple_opt_pass"
27900,"/home/oleksii-shemshur/work/toolchains/source/gcc-9.2.0/gcc/tree-ssa-ifcombine.c","file:///home/oleksii-shemshur/work/toolchains/source/gcc-9.2.0/gcc/tree-ssa-ifcombine.c:0:0:0:0","pass_tree_ifcombine",4782145,"file:///home/oleksii-shemshur/work/toolchains/source/gcc-9.2.0/gcc/tree-ssa-ifcombine.c:788:7:788:25","file:///home/oleksii-shemshur/work/toolchains/source/gcc-9.2.0/gcc/tree-ssa-ifcombine.c:788:7:788:25","pass_data"
27900,"/home/oleksii-shemshur/work/toolchains/source/gcc-9.2.0/gcc/tree-ssa-ifcombine.c","file:///home/oleksii-shemshur/work/toolchains/source/gcc-9.2.0/gcc/tree-ssa-ifcombine.c:0:0:0:0","pass_tree_ifcombine",4782145,"file:///home/oleksii-shemshur/work/toolchains/source/gcc-9.2.0/gcc/tree-ssa-ifcombine.c:788:7:788:25","file:///home/oleksii-shemshur/work/toolchains/source/gcc-9.2.0/gcc/tree-ssa-ifcombine.c:788:7:788:25","pass_tree_ifcombine"
27928,"/home/oleksii-shemshur/work/toolchains/source/gcc-9.2.0/gcc/tree-ssa-loop-ch.c","file:///home/oleksii-shemshur/work/toolchains/source/gcc-9.2.0/gcc/tree-ssa-loop-ch.c:0:0:0:0","pass_ch_vect",4788070,"file:///home/oleksii-shemshur/work/toolchains/source/gcc-9.2.0/gcc/tree-ssa-loop-ch.c:323:7:323:18","file:///home/oleksii-shemshur/work/toolchains/source/gcc-9.2.0/gcc/tree-ssa-loop-ch.c:323:7:323:18","opt_pass"
27928,"/home/oleksii-shemshur/work/toolchains/source/gcc-9.2.0/gcc/tree-ssa-loop-ch.c","file:///home/oleksii-shemshur/work/toolchains/source/gcc-9.2.0/gcc/tree-ssa-loop-ch.c:0:0:0:0","pass_ch_vect",4788070,"file:///home/oleksii-shemshur/work/toolchains/source/gcc-9.2.0/gcc/tree-ssa-loop-ch.c:323:7:323:18","file:///home/oleksii-shemshur/work/toolchains/source/gcc-9.2.0/gcc/tree-ssa-loop-ch.c:323:7:323:18","gimple_opt_pass"
27928,"/home/oleksii-shemshur/work/toolchains/source/gcc-9.2.0/gcc/tree-ssa-loop-ch.c","file:///home/oleksii-shemshur/work/toolchains/source/gcc-9.2.0/gcc/tree-ssa-loop-ch.c:0:0:0:0","pass_ch_vect",4788070,"file:///home/oleksii-shemshur/work/toolchains/source/gcc-9.2.0/gcc/tree-ssa-loop-ch.c:323:7:323:18","file:///home/oleksii-shemshur/work/toolchains/source/gcc-9.2.0/gcc/tree-ssa-loop-ch.c:323:7:323:18","pass_data"
27928,"/home/oleksii-shemshur/work/toolchains/source/gcc-9.2.0/gcc/tree-ssa-loop-ch.c","file:///home/oleksii-shemshur/work/toolchains/source/gcc-9.2.0/gcc/tree-ssa-loop-ch.c:0:0:0:0","pass_ch_vect",4788070,"file:///home/oleksii-shemshur/work/toolchains/source/gcc-9.2.0/gcc/tree-ssa-loop-ch.c:323:7:323:18","file:///home/oleksii-shemshur/work/toolchains/source/gcc-9.2.0/gcc/tree-ssa-loop-ch.c:323:7:323:18","pass_ch_vect"
27928,"/home/oleksii-shemshur/work/toolchains/source/gcc-9.2.0/gcc/tree-ssa-loop-ch.c","file:///home/oleksii-shemshur/work/toolchains/source/gcc-9.2.0/gcc/tree-ssa-loop-ch.c:0:0:0:0","pass_ch_vect",4788070,"file:///home/oleksii-shemshur/work/toolchains/source/gcc-9.2.0/gcc/tree-ssa-loop-ch.c:323:7:323:18","file:///home/oleksii-shemshur/work/toolchains/source/gcc-9.2.0/gcc/tree-ssa-loop-ch.c:323:7:323:18","ch_base"
27928,"/home/oleksii-shemshur/work/toolchains/source/gcc-9.2.0/gcc/tree-ssa-loop-ch.c","file:///home/oleksii-shemshur/work/toolchains/source/gcc-9.2.0/gcc/tree-ssa-loop-ch.c:0:0:0:0","pass_ch",4788074,"file:///home/oleksii-shemshur/work/toolchains/source/gcc-9.2.0/gcc/tree-ssa-loop-ch.c:287:7:287:13","file:///home/oleksii-shemshur/work/toolchains/source/gcc-9.2.0/gcc/tree-ssa-loop-ch.c:287:7:287:13","opt_pass"
27928,"/home/oleksii-shemshur/work/toolchains/source/gcc-9.2.0/gcc/tree-ssa-loop-ch.c","file:///home/oleksii-shemshur/work/toolchains/source/gcc-9.2.0/gcc/tree-ssa-loop-ch.c:0:0:0:0","pass_ch",4788074,"file:///home/oleksii-shemshur/work/toolchains/source/gcc-9.2.0/gcc/tree-ssa-loop-ch.c:287:7:287:13","file:///home/oleksii-shemshur/work/toolchains/source/gcc-9.2.0/gcc/tree-ssa-loop-ch.c:287:7:287:13","gimple_opt_pass"
27928,"/home/oleksii-shemshur/work/toolchains/source/gcc-9.2.0/gcc/tree-ssa-loop-ch.c","file:///home/oleksii-shemshur/work/toolchains/source/gcc-9.2.0/gcc/tree-ssa-loop-ch.c:0:0:0:0","pass_ch",4788074,"file:///home/oleksii-shemshur/work/toolchains/source/gcc-9.2.0/gcc/tree-ssa-loop-ch.c:287:7:287:13","file:///home/oleksii-shemshur/work/toolchains/source/gcc-9.2.0/gcc/tree-ssa-loop-ch.c:287:7:287:13","pass_data"
27928,"/home/oleksii-shemshur/work/toolchains/source/gcc-9.2.0/gcc/tree-ssa-loop-ch.c","file:///home/oleksii-shemshur/work/toolchains/source/gcc-9.2.0/gcc/tree-ssa-loop-ch.c:0:0:0:0","pass_ch",4788074,"file:///home/oleksii-shemshur/work/toolchains/source/gcc-9.2.0/gcc/tree-ssa-loop-ch.c:287:7:287:13","file:///home/oleksii-shemshur/work/toolchains/source/gcc-9.2.0/gcc/tree-ssa-loop-ch.c:287:7:287:13","pass_ch"
27928,"/home/oleksii-shemshur/work/toolchains/source/gcc-9.2.0/gcc/tree-ssa-loop-ch.c","file:///home/oleksii-shemshur/work/toolchains/source/gcc-9.2.0/gcc/tree-ssa-loop-ch.c:0:0:0:0","pass_ch",4788074,"file:///home/oleksii-shemshur/work/toolchains/source/gcc-9.2.0/gcc/tree-ssa-loop-ch.c:287:7:287:13","file:///home/oleksii-shemshur/work/toolchains/source/gcc-9.2.0/gcc/tree-ssa-loop-ch.c:287:7:287:13","ch_base"
27954,"/home/oleksii-shemshur/work/toolchains/source/gcc-9.2.0/gcc/tree-ssa-loop-im.c","file:///home/oleksii-shemshur/work/toolchains/source/gcc-9.2.0/gcc/tree-ssa-loop-im.c:0:0:0:0","pass_lim",4796777,"file:///home/oleksii-shemshur/work/toolchains/source/gcc-9.2.0/gcc/tree-ssa-loop-im.c:2692:7:2692:14","file:///home/oleksii-shemshur/work/toolchains/source/gcc-9.2.0/gcc/tree-ssa-loop-im.c:2692:7:2692:14","opt_pass"
27954,"/home/oleksii-shemshur/work/toolchains/source/gcc-9.2.0/gcc/tree-ssa-loop-im.c","file:///home/oleksii-shemshur/work/toolchains/source/gcc-9.2.0/gcc/tree-ssa-loop-im.c:0:0:0:0","pass_lim",4796777,"file:///home/oleksii-shemshur/work/toolchains/source/gcc-9.2.0/gcc/tree-ssa-loop-im.c:2692:7:2692:14","file:///home/oleksii-shemshur/work/toolchains/source/gcc-9.2.0/gcc/tree-ssa-loop-im.c:2692:7:2692:14","gimple_opt_pass"
27954,"/home/oleksii-shemshur/work/toolchains/source/gcc-9.2.0/gcc/tree-ssa-loop-im.c","file:///home/oleksii-shemshur/work/toolchains/source/gcc-9.2.0/gcc/tree-ssa-loop-im.c:0:0:0:0","pass_lim",4796777,"file:///home/oleksii-shemshur/work/toolchains/source/gcc-9.2.0/gcc/tree-ssa-loop-im.c:2692:7:2692:14","file:///home/oleksii-shemshur/work/toolchains/source/gcc-9.2.0/gcc/tree-ssa-loop-im.c:2692:7:2692:14","pass_data"
27954,"/home/oleksii-shemshur/work/toolchains/source/gcc-9.2.0/gcc/tree-ssa-loop-im.c","file:///home/oleksii-shemshur/work/toolchains/source/gcc-9.2.0/gcc/tree-ssa-loop-im.c:0:0:0:0","pass_lim",4796777,"file:///home/oleksii-shemshur/work/toolchains/source/gcc-9.2.0/gcc/tree-ssa-loop-im.c:2692:7:2692:14","file:///home/oleksii-shemshur/work/toolchains/source/gcc-9.2.0/gcc/tree-ssa-loop-im.c:2692:7:2692:14","pass_lim"
28019,"/home/oleksii-shemshur/work/toolchains/source/gcc-9.2.0/gcc/tree-ssa-loop-ivcanon.c","file:///home/oleksii-shemshur/work/toolchains/source/gcc-9.2.0/gcc/tree-ssa-loop-ivcanon.c:0:0:0:0","pass_complete_unroll",4803336,"file:///home/oleksii-shemshur/work/toolchains/source/gcc-9.2.0/gcc/tree-ssa-loop-ivcanon.c:1574:7:1574:26","file:///home/oleksii-shemshur/work/toolchains/source/gcc-9.2.0/gcc/tree-ssa-loop-ivcanon.c:1574:7:1574:26","opt_pass"
28019,"/home/oleksii-shemshur/work/toolchains/source/gcc-9.2.0/gcc/tree-ssa-loop-ivcanon.c","file:///home/oleksii-shemshur/work/toolchains/source/gcc-9.2.0/gcc/tree-ssa-loop-ivcanon.c:0:0:0:0","pass_complete_unroll",4803336,"file:///home/oleksii-shemshur/work/toolchains/source/gcc-9.2.0/gcc/tree-ssa-loop-ivcanon.c:1574:7:1574:26","file:///home/oleksii-shemshur/work/toolchains/source/gcc-9.2.0/gcc/tree-ssa-loop-ivcanon.c:1574:7:1574:26","gimple_opt_pass"
28019,"/home/oleksii-shemshur/work/toolchains/source/gcc-9.2.0/gcc/tree-ssa-loop-ivcanon.c","file:///home/oleksii-shemshur/work/toolchains/source/gcc-9.2.0/gcc/tree-ssa-loop-ivcanon.c:0:0:0:0","pass_complete_unroll",4803336,"file:///home/oleksii-shemshur/work/toolchains/source/gcc-9.2.0/gcc/tree-ssa-loop-ivcanon.c:1574:7:1574:26","file:///home/oleksii-shemshur/work/toolchains/source/gcc-9.2.0/gcc/tree-ssa-loop-ivcanon.c:1574:7:1574:26","pass_data"
28019,"/home/oleksii-shemshur/work/toolchains/source/gcc-9.2.0/gcc/tree-ssa-loop-ivcanon.c","file:///home/oleksii-shemshur/work/toolchains/source/gcc-9.2.0/gcc/tree-ssa-loop-ivcanon.c:0:0:0:0","pass_complete_unroll",4803336,"file:///home/oleksii-shemshur/work/toolchains/source/gcc-9.2.0/gcc/tree-ssa-loop-ivcanon.c:1574:7:1574:26","file:///home/oleksii-shemshur/work/toolchains/source/gcc-9.2.0/gcc/tree-ssa-loop-ivcanon.c:1574:7:1574:26","pass_complete_unroll"
28019,"/home/oleksii-shemshur/work/toolchains/source/gcc-9.2.0/gcc/tree-ssa-loop-ivcanon.c","file:///home/oleksii-shemshur/work/toolchains/source/gcc-9.2.0/gcc/tree-ssa-loop-ivcanon.c:0:0:0:0","pass_iv_canon",4803340,"file:///home/oleksii-shemshur/work/toolchains/source/gcc-9.2.0/gcc/tree-ssa-loop-ivcanon.c:1527:7:1527:19","file:///home/oleksii-shemshur/work/toolchains/source/gcc-9.2.0/gcc/tree-ssa-loop-ivcanon.c:1527:7:1527:19","opt_pass"
28019,"/home/oleksii-shemshur/work/toolchains/source/gcc-9.2.0/gcc/tree-ssa-loop-ivcanon.c","file:///home/oleksii-shemshur/work/toolchains/source/gcc-9.2.0/gcc/tree-ssa-loop-ivcanon.c:0:0:0:0","pass_iv_canon",4803340,"file:///home/oleksii-shemshur/work/toolchains/source/gcc-9.2.0/gcc/tree-ssa-loop-ivcanon.c:1527:7:1527:19","file:///home/oleksii-shemshur/work/toolchains/source/gcc-9.2.0/gcc/tree-ssa-loop-ivcanon.c:1527:7:1527:19","gimple_opt_pass"
28019,"/home/oleksii-shemshur/work/toolchains/source/gcc-9.2.0/gcc/tree-ssa-loop-ivcanon.c","file:///home/oleksii-shemshur/work/toolchains/source/gcc-9.2.0/gcc/tree-ssa-loop-ivcanon.c:0:0:0:0","pass_iv_canon",4803340,"file:///home/oleksii-shemshur/work/toolchains/source/gcc-9.2.0/gcc/tree-ssa-loop-ivcanon.c:1527:7:1527:19","file:///home/oleksii-shemshur/work/toolchains/source/gcc-9.2.0/gcc/tree-ssa-loop-ivcanon.c:1527:7:1527:19","pass_data"
28019,"/home/oleksii-shemshur/work/toolchains/source/gcc-9.2.0/gcc/tree-ssa-loop-ivcanon.c","file:///home/oleksii-shemshur/work/toolchains/source/gcc-9.2.0/gcc/tree-ssa-loop-ivcanon.c:0:0:0:0","pass_iv_canon",4803340,"file:///home/oleksii-shemshur/work/toolchains/source/gcc-9.2.0/gcc/tree-ssa-loop-ivcanon.c:1527:7:1527:19","file:///home/oleksii-shemshur/work/toolchains/source/gcc-9.2.0/gcc/tree-ssa-loop-ivcanon.c:1527:7:1527:19","pass_iv_canon"
28019,"/home/oleksii-shemshur/work/toolchains/source/gcc-9.2.0/gcc/tree-ssa-loop-ivcanon.c","file:///home/oleksii-shemshur/work/toolchains/source/gcc-9.2.0/gcc/tree-ssa-loop-ivcanon.c:0:0:0:0","pass_complete_unrolli",4803332,"file:///home/oleksii-shemshur/work/toolchains/source/gcc-9.2.0/gcc/tree-ssa-loop-ivcanon.c:1633:7:1633:27","file:///home/oleksii-shemshur/work/toolchains/source/gcc-9.2.0/gcc/tree-ssa-loop-ivcanon.c:1633:7:1633:27","opt_pass"
28019,"/home/oleksii-shemshur/work/toolchains/source/gcc-9.2.0/gcc/tree-ssa-loop-ivcanon.c","file:///home/oleksii-shemshur/work/toolchains/source/gcc-9.2.0/gcc/tree-ssa-loop-ivcanon.c:0:0:0:0","pass_complete_unrolli",4803332,"file:///home/oleksii-shemshur/work/toolchains/source/gcc-9.2.0/gcc/tree-ssa-loop-ivcanon.c:1633:7:1633:27","file:///home/oleksii-shemshur/work/toolchains/source/gcc-9.2.0/gcc/tree-ssa-loop-ivcanon.c:1633:7:1633:27","gimple_opt_pass"
28019,"/home/oleksii-shemshur/work/toolchains/source/gcc-9.2.0/gcc/tree-ssa-loop-ivcanon.c","file:///home/oleksii-shemshur/work/toolchains/source/gcc-9.2.0/gcc/tree-ssa-loop-ivcanon.c:0:0:0:0","pass_complete_unrolli",4803332,"file:///home/oleksii-shemshur/work/toolchains/source/gcc-9.2.0/gcc/tree-ssa-loop-ivcanon.c:1633:7:1633:27","file:///home/oleksii-shemshur/work/toolchains/source/gcc-9.2.0/gcc/tree-ssa-loop-ivcanon.c:1633:7:1633:27","pass_data"
28019,"/home/oleksii-shemshur/work/toolchains/source/gcc-9.2.0/gcc/tree-ssa-loop-ivcanon.c","file:///home/oleksii-shemshur/work/toolchains/source/gcc-9.2.0/gcc/tree-ssa-loop-ivcanon.c:0:0:0:0","pass_complete_unrolli",4803332,"file:///home/oleksii-shemshur/work/toolchains/source/gcc-9.2.0/gcc/tree-ssa-loop-ivcanon.c:1633:7:1633:27","file:///home/oleksii-shemshur/work/toolchains/source/gcc-9.2.0/gcc/tree-ssa-loop-ivcanon.c:1633:7:1633:27","pass_complete_unrolli"
28178,"/home/oleksii-shemshur/work/toolchains/source/gcc-9.2.0/gcc/tree-ssa-loop-prefetch.c","file:///home/oleksii-shemshur/work/toolchains/source/gcc-9.2.0/gcc/tree-ssa-loop-prefetch.c:0:0:0:0","pass_loop_prefetch",4858522,"file:///home/oleksii-shemshur/work/toolchains/source/gcc-9.2.0/gcc/tree-ssa-loop-prefetch.c:2066:7:2066:24","file:///home/oleksii-shemshur/work/toolchains/source/gcc-9.2.0/gcc/tree-ssa-loop-prefetch.c:2066:7:2066:24","opt_pass"
28178,"/home/oleksii-shemshur/work/toolchains/source/gcc-9.2.0/gcc/tree-ssa-loop-prefetch.c","file:///home/oleksii-shemshur/work/toolchains/source/gcc-9.2.0/gcc/tree-ssa-loop-prefetch.c:0:0:0:0","pass_loop_prefetch",4858522,"file:///home/oleksii-shemshur/work/toolchains/source/gcc-9.2.0/gcc/tree-ssa-loop-prefetch.c:2066:7:2066:24","file:///home/oleksii-shemshur/work/toolchains/source/gcc-9.2.0/gcc/tree-ssa-loop-prefetch.c:2066:7:2066:24","gimple_opt_pass"
28178,"/home/oleksii-shemshur/work/toolchains/source/gcc-9.2.0/gcc/tree-ssa-loop-prefetch.c","file:///home/oleksii-shemshur/work/toolchains/source/gcc-9.2.0/gcc/tree-ssa-loop-prefetch.c:0:0:0:0","pass_loop_prefetch",4858522,"file:///home/oleksii-shemshur/work/toolchains/source/gcc-9.2.0/gcc/tree-ssa-loop-prefetch.c:2066:7:2066:24","file:///home/oleksii-shemshur/work/toolchains/source/gcc-9.2.0/gcc/tree-ssa-loop-prefetch.c:2066:7:2066:24","pass_data"
28178,"/home/oleksii-shemshur/work/toolchains/source/gcc-9.2.0/gcc/tree-ssa-loop-prefetch.c","file:///home/oleksii-shemshur/work/toolchains/source/gcc-9.2.0/gcc/tree-ssa-loop-prefetch.c:0:0:0:0","pass_loop_prefetch",4858522,"file:///home/oleksii-shemshur/work/toolchains/source/gcc-9.2.0/gcc/tree-ssa-loop-prefetch.c:2066:7:2066:24","file:///home/oleksii-shemshur/work/toolchains/source/gcc-9.2.0/gcc/tree-ssa-loop-prefetch.c:2066:7:2066:24","pass_loop_prefetch"
28194,"/home/oleksii-shemshur/work/toolchains/source/gcc-9.2.0/gcc/tree-ssa-loop-split.c","file:///home/oleksii-shemshur/work/toolchains/source/gcc-9.2.0/gcc/tree-ssa-loop-split.c:0:0:0:0","pass_loop_split",4860930,"file:///home/oleksii-shemshur/work/toolchains/source/gcc-9.2.0/gcc/tree-ssa-loop-split.c:690:7:690:21","file:///home/oleksii-shemshur/work/toolchains/source/gcc-9.2.0/gcc/tree-ssa-loop-split.c:690:7:690:21","opt_pass"
28194,"/home/oleksii-shemshur/work/toolchains/source/gcc-9.2.0/gcc/tree-ssa-loop-split.c","file:///home/oleksii-shemshur/work/toolchains/source/gcc-9.2.0/gcc/tree-ssa-loop-split.c:0:0:0:0","pass_loop_split",4860930,"file:///home/oleksii-shemshur/work/toolchains/source/gcc-9.2.0/gcc/tree-ssa-loop-split.c:690:7:690:21","file:///home/oleksii-shemshur/work/toolchains/source/gcc-9.2.0/gcc/tree-ssa-loop-split.c:690:7:690:21","gimple_opt_pass"
28194,"/home/oleksii-shemshur/work/toolchains/source/gcc-9.2.0/gcc/tree-ssa-loop-split.c","file:///home/oleksii-shemshur/work/toolchains/source/gcc-9.2.0/gcc/tree-ssa-loop-split.c:0:0:0:0","pass_loop_split",4860930,"file:///home/oleksii-shemshur/work/toolchains/source/gcc-9.2.0/gcc/tree-ssa-loop-split.c:690:7:690:21","file:///home/oleksii-shemshur/work/toolchains/source/gcc-9.2.0/gcc/tree-ssa-loop-split.c:690:7:690:21","pass_data"
28194,"/home/oleksii-shemshur/work/toolchains/source/gcc-9.2.0/gcc/tree-ssa-loop-split.c","file:///home/oleksii-shemshur/work/toolchains/source/gcc-9.2.0/gcc/tree-ssa-loop-split.c:0:0:0:0","pass_loop_split",4860930,"file:///home/oleksii-shemshur/work/toolchains/source/gcc-9.2.0/gcc/tree-ssa-loop-split.c:690:7:690:21","file:///home/oleksii-shemshur/work/toolchains/source/gcc-9.2.0/gcc/tree-ssa-loop-split.c:690:7:690:21","pass_loop_split"
28203,"/home/oleksii-shemshur/work/toolchains/source/gcc-9.2.0/gcc/tree-ssa-loop-unswitch.c","file:///home/oleksii-shemshur/work/toolchains/source/gcc-9.2.0/gcc/tree-ssa-loop-unswitch.c:0:0:0:0","pass_tree_unswitch",4863843,"file:///home/oleksii-shemshur/work/toolchains/source/gcc-9.2.0/gcc/tree-ssa-loop-unswitch.c:987:7:987:24","file:///home/oleksii-shemshur/work/toolchains/source/gcc-9.2.0/gcc/tree-ssa-loop-unswitch.c:987:7:987:24","opt_pass"
28203,"/home/oleksii-shemshur/work/toolchains/source/gcc-9.2.0/gcc/tree-ssa-loop-unswitch.c","file:///home/oleksii-shemshur/work/toolchains/source/gcc-9.2.0/gcc/tree-ssa-loop-unswitch.c:0:0:0:0","pass_tree_unswitch",4863843,"file:///home/oleksii-shemshur/work/toolchains/source/gcc-9.2.0/gcc/tree-ssa-loop-unswitch.c:987:7:987:24","file:///home/oleksii-shemshur/work/toolchains/source/gcc-9.2.0/gcc/tree-ssa-loop-unswitch.c:987:7:987:24","gimple_opt_pass"
28203,"/home/oleksii-shemshur/work/toolchains/source/gcc-9.2.0/gcc/tree-ssa-loop-unswitch.c","file:///home/oleksii-shemshur/work/toolchains/source/gcc-9.2.0/gcc/tree-ssa-loop-unswitch.c:0:0:0:0","pass_tree_unswitch",4863843,"file:///home/oleksii-shemshur/work/toolchains/source/gcc-9.2.0/gcc/tree-ssa-loop-unswitch.c:987:7:987:24","file:///home/oleksii-shemshur/work/toolchains/source/gcc-9.2.0/gcc/tree-ssa-loop-unswitch.c:987:7:987:24","pass_data"
28203,"/home/oleksii-shemshur/work/toolchains/source/gcc-9.2.0/gcc/tree-ssa-loop-unswitch.c","file:///home/oleksii-shemshur/work/toolchains/source/gcc-9.2.0/gcc/tree-ssa-loop-unswitch.c:0:0:0:0","pass_tree_unswitch",4863843,"file:///home/oleksii-shemshur/work/toolchains/source/gcc-9.2.0/gcc/tree-ssa-loop-unswitch.c:987:7:987:24","file:///home/oleksii-shemshur/work/toolchains/source/gcc-9.2.0/gcc/tree-ssa-loop-unswitch.c:987:7:987:24","pass_tree_unswitch"
28213,"/home/oleksii-shemshur/work/toolchains/source/gcc-9.2.0/gcc/tree-ssa-loop.c","file:///home/oleksii-shemshur/work/toolchains/source/gcc-9.2.0/gcc/tree-ssa-loop.c:0:0:0:0","pass_tree_no_loop",4865820,"file:///home/oleksii-shemshur/work/toolchains/source/gcc-9.2.0/gcc/tree-ssa-loop.c:299:7:299:23","file:///home/oleksii-shemshur/work/toolchains/source/gcc-9.2.0/gcc/tree-ssa-loop.c:299:7:299:23","opt_pass"
28213,"/home/oleksii-shemshur/work/toolchains/source/gcc-9.2.0/gcc/tree-ssa-loop.c","file:///home/oleksii-shemshur/work/toolchains/source/gcc-9.2.0/gcc/tree-ssa-loop.c:0:0:0:0","pass_tree_no_loop",4865820,"file:///home/oleksii-shemshur/work/toolchains/source/gcc-9.2.0/gcc/tree-ssa-loop.c:299:7:299:23","file:///home/oleksii-shemshur/work/toolchains/source/gcc-9.2.0/gcc/tree-ssa-loop.c:299:7:299:23","gimple_opt_pass"
28213,"/home/oleksii-shemshur/work/toolchains/source/gcc-9.2.0/gcc/tree-ssa-loop.c","file:///home/oleksii-shemshur/work/toolchains/source/gcc-9.2.0/gcc/tree-ssa-loop.c:0:0:0:0","pass_tree_no_loop",4865820,"file:///home/oleksii-shemshur/work/toolchains/source/gcc-9.2.0/gcc/tree-ssa-loop.c:299:7:299:23","file:///home/oleksii-shemshur/work/toolchains/source/gcc-9.2.0/gcc/tree-ssa-loop.c:299:7:299:23","pass_data"
28213,"/home/oleksii-shemshur/work/toolchains/source/gcc-9.2.0/gcc/tree-ssa-loop.c","file:///home/oleksii-shemshur/work/toolchains/source/gcc-9.2.0/gcc/tree-ssa-loop.c:0:0:0:0","pass_tree_no_loop",4865820,"file:///home/oleksii-shemshur/work/toolchains/source/gcc-9.2.0/gcc/tree-ssa-loop.c:299:7:299:23","file:///home/oleksii-shemshur/work/toolchains/source/gcc-9.2.0/gcc/tree-ssa-loop.c:299:7:299:23","pass_tree_no_loop"
28213,"/home/oleksii-shemshur/work/toolchains/source/gcc-9.2.0/gcc/tree-ssa-loop.c","file:///home/oleksii-shemshur/work/toolchains/source/gcc-9.2.0/gcc/tree-ssa-loop.c:0:0:0:0","pass_tree_loop_done",4865800,"file:///home/oleksii-shemshur/work/toolchains/source/gcc-9.2.0/gcc/tree-ssa-loop.c:551:7:551:25","file:///home/oleksii-shemshur/work/toolchains/source/gcc-9.2.0/gcc/tree-ssa-loop.c:551:7:551:25","opt_pass"
28213,"/home/oleksii-shemshur/work/toolchains/source/gcc-9.2.0/gcc/tree-ssa-loop.c","file:///home/oleksii-shemshur/work/toolchains/source/gcc-9.2.0/gcc/tree-ssa-loop.c:0:0:0:0","pass_tree_loop_done",4865800,"file:///home/oleksii-shemshur/work/toolchains/source/gcc-9.2.0/gcc/tree-ssa-loop.c:551:7:551:25","file:///home/oleksii-shemshur/work/toolchains/source/gcc-9.2.0/gcc/tree-ssa-loop.c:551:7:551:25","gimple_opt_pass"
28213,"/home/oleksii-shemshur/work/toolchains/source/gcc-9.2.0/gcc/tree-ssa-loop.c","file:///home/oleksii-shemshur/work/toolchains/source/gcc-9.2.0/gcc/tree-ssa-loop.c:0:0:0:0","pass_tree_loop_done",4865800,"file:///home/oleksii-shemshur/work/toolchains/source/gcc-9.2.0/gcc/tree-ssa-loop.c:551:7:551:25","file:///home/oleksii-shemshur/work/toolchains/source/gcc-9.2.0/gcc/tree-ssa-loop.c:551:7:551:25","pass_data"
28213,"/home/oleksii-shemshur/work/toolchains/source/gcc-9.2.0/gcc/tree-ssa-loop.c","file:///home/oleksii-shemshur/work/toolchains/source/gcc-9.2.0/gcc/tree-ssa-loop.c:0:0:0:0","pass_tree_loop_done",4865800,"file:///home/oleksii-shemshur/work/toolchains/source/gcc-9.2.0/gcc/tree-ssa-loop.c:551:7:551:25","file:///home/oleksii-shemshur/work/toolchains/source/gcc-9.2.0/gcc/tree-ssa-loop.c:551:7:551:25","pass_tree_loop_done"
28213,"/home/oleksii-shemshur/work/toolchains/source/gcc-9.2.0/gcc/tree-ssa-loop.c","file:///home/oleksii-shemshur/work/toolchains/source/gcc-9.2.0/gcc/tree-ssa-loop.c:0:0:0:0","pass_iv_optimize",4865804,"file:///home/oleksii-shemshur/work/toolchains/source/gcc-9.2.0/gcc/tree-ssa-loop.c:494:7:494:22","file:///home/oleksii-shemshur/work/toolchains/source/gcc-9.2.0/gcc/tree-ssa-loop.c:494:7:494:22","opt_pass"
28213,"/home/oleksii-shemshur/work/toolchains/source/gcc-9.2.0/gcc/tree-ssa-loop.c","file:///home/oleksii-shemshur/work/toolchains/source/gcc-9.2.0/gcc/tree-ssa-loop.c:0:0:0:0","pass_iv_optimize",4865804,"file:///home/oleksii-shemshur/work/toolchains/source/gcc-9.2.0/gcc/tree-ssa-loop.c:494:7:494:22","file:///home/oleksii-shemshur/work/toolchains/source/gcc-9.2.0/gcc/tree-ssa-loop.c:494:7:494:22","gimple_opt_pass"
28213,"/home/oleksii-shemshur/work/toolchains/source/gcc-9.2.0/gcc/tree-ssa-loop.c","file:///home/oleksii-shemshur/work/toolchains/source/gcc-9.2.0/gcc/tree-ssa-loop.c:0:0:0:0","pass_iv_optimize",4865804,"file:///home/oleksii-shemshur/work/toolchains/source/gcc-9.2.0/gcc/tree-ssa-loop.c:494:7:494:22","file:///home/oleksii-shemshur/work/toolchains/source/gcc-9.2.0/gcc/tree-ssa-loop.c:494:7:494:22","pass_data"
28213,"/home/oleksii-shemshur/work/toolchains/source/gcc-9.2.0/gcc/tree-ssa-loop.c","file:///home/oleksii-shemshur/work/toolchains/source/gcc-9.2.0/gcc/tree-ssa-loop.c:0:0:0:0","pass_iv_optimize",4865804,"file:///home/oleksii-shemshur/work/toolchains/source/gcc-9.2.0/gcc/tree-ssa-loop.c:494:7:494:22","file:///home/oleksii-shemshur/work/toolchains/source/gcc-9.2.0/gcc/tree-ssa-loop.c:494:7:494:22","pass_iv_optimize"
28213,"/home/oleksii-shemshur/work/toolchains/source/gcc-9.2.0/gcc/tree-ssa-loop.c","file:///home/oleksii-shemshur/work/toolchains/source/gcc-9.2.0/gcc/tree-ssa-loop.c:0:0:0:0","pass_vectorize",4865812,"file:///home/oleksii-shemshur/work/toolchains/source/gcc-9.2.0/gcc/tree-ssa-loop.c:391:7:391:20","file:///home/oleksii-shemshur/work/toolchains/source/gcc-9.2.0/gcc/tree-ssa-loop.c:391:7:391:20","opt_pass"
28213,"/home/oleksii-shemshur/work/toolchains/source/gcc-9.2.0/gcc/tree-ssa-loop.c","file:///home/oleksii-shemshur/work/toolchains/source/gcc-9.2.0/gcc/tree-ssa-loop.c:0:0:0:0","pass_vectorize",4865812,"file:///home/oleksii-shemshur/work/toolchains/source/gcc-9.2.0/gcc/tree-ssa-loop.c:391:7:391:20","file:///home/oleksii-shemshur/work/toolchains/source/gcc-9.2.0/gcc/tree-ssa-loop.c:391:7:391:20","gimple_opt_pass"
28213,"/home/oleksii-shemshur/work/toolchains/source/gcc-9.2.0/gcc/tree-ssa-loop.c","file:///home/oleksii-shemshur/work/toolchains/source/gcc-9.2.0/gcc/tree-ssa-loop.c:0:0:0:0","pass_vectorize",4865812,"file:///home/oleksii-shemshur/work/toolchains/source/gcc-9.2.0/gcc/tree-ssa-loop.c:391:7:391:20","file:///home/oleksii-shemshur/work/toolchains/source/gcc-9.2.0/gcc/tree-ssa-loop.c:391:7:391:20","pass_data"
28213,"/home/oleksii-shemshur/work/toolchains/source/gcc-9.2.0/gcc/tree-ssa-loop.c","file:///home/oleksii-shemshur/work/toolchains/source/gcc-9.2.0/gcc/tree-ssa-loop.c:0:0:0:0","pass_vectorize",4865812,"file:///home/oleksii-shemshur/work/toolchains/source/gcc-9.2.0/gcc/tree-ssa-loop.c:391:7:391:20","file:///home/oleksii-shemshur/work/toolchains/source/gcc-9.2.0/gcc/tree-ssa-loop.c:391:7:391:20","pass_vectorize"
28213,"/home/oleksii-shemshur/work/toolchains/source/gcc-9.2.0/gcc/tree-ssa-loop.c","file:///home/oleksii-shemshur/work/toolchains/source/gcc-9.2.0/gcc/tree-ssa-loop.c:0:0:0:0","pass_scev_cprop",4865808,"file:///home/oleksii-shemshur/work/toolchains/source/gcc-9.2.0/gcc/tree-ssa-loop.c:442:7:442:21","file:///home/oleksii-shemshur/work/toolchains/source/gcc-9.2.0/gcc/tree-ssa-loop.c:442:7:442:21","opt_pass"
28213,"/home/oleksii-shemshur/work/toolchains/source/gcc-9.2.0/gcc/tree-ssa-loop.c","file:///home/oleksii-shemshur/work/toolchains/source/gcc-9.2.0/gcc/tree-ssa-loop.c:0:0:0:0","pass_scev_cprop",4865808,"file:///home/oleksii-shemshur/work/toolchains/source/gcc-9.2.0/gcc/tree-ssa-loop.c:442:7:442:21","file:///home/oleksii-shemshur/work/toolchains/source/gcc-9.2.0/gcc/tree-ssa-loop.c:442:7:442:21","gimple_opt_pass"
28213,"/home/oleksii-shemshur/work/toolchains/source/gcc-9.2.0/gcc/tree-ssa-loop.c","file:///home/oleksii-shemshur/work/toolchains/source/gcc-9.2.0/gcc/tree-ssa-loop.c:0:0:0:0","pass_scev_cprop",4865808,"file:///home/oleksii-shemshur/work/toolchains/source/gcc-9.2.0/gcc/tree-ssa-loop.c:442:7:442:21","file:///home/oleksii-shemshur/work/toolchains/source/gcc-9.2.0/gcc/tree-ssa-loop.c:442:7:442:21","pass_data"
28213,"/home/oleksii-shemshur/work/toolchains/source/gcc-9.2.0/gcc/tree-ssa-loop.c","file:///home/oleksii-shemshur/work/toolchains/source/gcc-9.2.0/gcc/tree-ssa-loop.c:0:0:0:0","pass_scev_cprop",4865808,"file:///home/oleksii-shemshur/work/toolchains/source/gcc-9.2.0/gcc/tree-ssa-loop.c:442:7:442:21","file:///home/oleksii-shemshur/work/toolchains/source/gcc-9.2.0/gcc/tree-ssa-loop.c:442:7:442:21","pass_scev_cprop"
28213,"/home/oleksii-shemshur/work/toolchains/source/gcc-9.2.0/gcc/tree-ssa-loop.c","file:///home/oleksii-shemshur/work/toolchains/source/gcc-9.2.0/gcc/tree-ssa-loop.c:0:0:0:0","pass_tree_loop_init",4865816,"file:///home/oleksii-shemshur/work/toolchains/source/gcc-9.2.0/gcc/tree-ssa-loop.c:337:7:337:25","file:///home/oleksii-shemshur/work/toolchains/source/gcc-9.2.0/gcc/tree-ssa-loop.c:337:7:337:25","opt_pass"
28213,"/home/oleksii-shemshur/work/toolchains/source/gcc-9.2.0/gcc/tree-ssa-loop.c","file:///home/oleksii-shemshur/work/toolchains/source/gcc-9.2.0/gcc/tree-ssa-loop.c:0:0:0:0","pass_tree_loop_init",4865816,"file:///home/oleksii-shemshur/work/toolchains/source/gcc-9.2.0/gcc/tree-ssa-loop.c:337:7:337:25","file:///home/oleksii-shemshur/work/toolchains/source/gcc-9.2.0/gcc/tree-ssa-loop.c:337:7:337:25","gimple_opt_pass"
28213,"/home/oleksii-shemshur/work/toolchains/source/gcc-9.2.0/gcc/tree-ssa-loop.c","file:///home/oleksii-shemshur/work/toolchains/source/gcc-9.2.0/gcc/tree-ssa-loop.c:0:0:0:0","pass_tree_loop_init",4865816,"file:///home/oleksii-shemshur/work/toolchains/source/gcc-9.2.0/gcc/tree-ssa-loop.c:337:7:337:25","file:///home/oleksii-shemshur/work/toolchains/source/gcc-9.2.0/gcc/tree-ssa-loop.c:337:7:337:25","pass_data"
28213,"/home/oleksii-shemshur/work/toolchains/source/gcc-9.2.0/gcc/tree-ssa-loop.c","file:///home/oleksii-shemshur/work/toolchains/source/gcc-9.2.0/gcc/tree-ssa-loop.c:0:0:0:0","pass_tree_loop_init",4865816,"file:///home/oleksii-shemshur/work/toolchains/source/gcc-9.2.0/gcc/tree-ssa-loop.c:337:7:337:25","file:///home/oleksii-shemshur/work/toolchains/source/gcc-9.2.0/gcc/tree-ssa-loop.c:337:7:337:25","pass_tree_loop_init"
28213,"/home/oleksii-shemshur/work/toolchains/source/gcc-9.2.0/gcc/tree-ssa-loop.c","file:///home/oleksii-shemshur/work/toolchains/source/gcc-9.2.0/gcc/tree-ssa-loop.c:0:0:0:0","pass_tree_loop",4865836,"file:///home/oleksii-shemshur/work/toolchains/source/gcc-9.2.0/gcc/tree-ssa-loop.c:129:7:129:20","file:///home/oleksii-shemshur/work/toolchains/source/gcc-9.2.0/gcc/tree-ssa-loop.c:129:7:129:20","opt_pass"
28213,"/home/oleksii-shemshur/work/toolchains/source/gcc-9.2.0/gcc/tree-ssa-loop.c","file:///home/oleksii-shemshur/work/toolchains/source/gcc-9.2.0/gcc/tree-ssa-loop.c:0:0:0:0","pass_tree_loop",4865836,"file:///home/oleksii-shemshur/work/toolchains/source/gcc-9.2.0/gcc/tree-ssa-loop.c:129:7:129:20","file:///home/oleksii-shemshur/work/toolchains/source/gcc-9.2.0/gcc/tree-ssa-loop.c:129:7:129:20","gimple_opt_pass"
28213,"/home/oleksii-shemshur/work/toolchains/source/gcc-9.2.0/gcc/tree-ssa-loop.c","file:///home/oleksii-shemshur/work/toolchains/source/gcc-9.2.0/gcc/tree-ssa-loop.c:0:0:0:0","pass_tree_loop",4865836,"file:///home/oleksii-shemshur/work/toolchains/source/gcc-9.2.0/gcc/tree-ssa-loop.c:129:7:129:20","file:///home/oleksii-shemshur/work/toolchains/source/gcc-9.2.0/gcc/tree-ssa-loop.c:129:7:129:20","pass_data"
28213,"/home/oleksii-shemshur/work/toolchains/source/gcc-9.2.0/gcc/tree-ssa-loop.c","file:///home/oleksii-shemshur/work/toolchains/source/gcc-9.2.0/gcc/tree-ssa-loop.c:0:0:0:0","pass_tree_loop",4865836,"file:///home/oleksii-shemshur/work/toolchains/source/gcc-9.2.0/gcc/tree-ssa-loop.c:129:7:129:20","file:///home/oleksii-shemshur/work/toolchains/source/gcc-9.2.0/gcc/tree-ssa-loop.c:129:7:129:20","pass_tree_loop"
28213,"/home/oleksii-shemshur/work/toolchains/source/gcc-9.2.0/gcc/tree-ssa-loop.c","file:///home/oleksii-shemshur/work/toolchains/source/gcc-9.2.0/gcc/tree-ssa-loop.c:0:0:0:0","pass_fix_loops",4865840,"file:///home/oleksii-shemshur/work/toolchains/source/gcc-9.2.0/gcc/tree-ssa-loop.c:62:7:62:20","file:///home/oleksii-shemshur/work/toolchains/source/gcc-9.2.0/gcc/tree-ssa-loop.c:62:7:62:20","opt_pass"
28213,"/home/oleksii-shemshur/work/toolchains/source/gcc-9.2.0/gcc/tree-ssa-loop.c","file:///home/oleksii-shemshur/work/toolchains/source/gcc-9.2.0/gcc/tree-ssa-loop.c:0:0:0:0","pass_fix_loops",4865840,"file:///home/oleksii-shemshur/work/toolchains/source/gcc-9.2.0/gcc/tree-ssa-loop.c:62:7:62:20","file:///home/oleksii-shemshur/work/toolchains/source/gcc-9.2.0/gcc/tree-ssa-loop.c:62:7:62:20","gimple_opt_pass"
28213,"/home/oleksii-shemshur/work/toolchains/source/gcc-9.2.0/gcc/tree-ssa-loop.c","file:///home/oleksii-shemshur/work/toolchains/source/gcc-9.2.0/gcc/tree-ssa-loop.c:0:0:0:0","pass_fix_loops",4865840,"file:///home/oleksii-shemshur/work/toolchains/source/gcc-9.2.0/gcc/tree-ssa-loop.c:62:7:62:20","file:///home/oleksii-shemshur/work/toolchains/source/gcc-9.2.0/gcc/tree-ssa-loop.c:62:7:62:20","pass_data"
28213,"/home/oleksii-shemshur/work/toolchains/source/gcc-9.2.0/gcc/tree-ssa-loop.c","file:///home/oleksii-shemshur/work/toolchains/source/gcc-9.2.0/gcc/tree-ssa-loop.c:0:0:0:0","pass_fix_loops",4865840,"file:///home/oleksii-shemshur/work/toolchains/source/gcc-9.2.0/gcc/tree-ssa-loop.c:62:7:62:20","file:///home/oleksii-shemshur/work/toolchains/source/gcc-9.2.0/gcc/tree-ssa-loop.c:62:7:62:20","pass_fix_loops"
28213,"/home/oleksii-shemshur/work/toolchains/source/gcc-9.2.0/gcc/tree-ssa-loop.c","file:///home/oleksii-shemshur/work/toolchains/source/gcc-9.2.0/gcc/tree-ssa-loop.c:0:0:0:0","pass_oacc_kernels",4865832,"file:///home/oleksii-shemshur/work/toolchains/source/gcc-9.2.0/gcc/tree-ssa-loop.c:185:7:185:23","file:///home/oleksii-shemshur/work/toolchains/source/gcc-9.2.0/gcc/tree-ssa-loop.c:185:7:185:23","opt_pass"
28213,"/home/oleksii-shemshur/work/toolchains/source/gcc-9.2.0/gcc/tree-ssa-loop.c","file:///home/oleksii-shemshur/work/toolchains/source/gcc-9.2.0/gcc/tree-ssa-loop.c:0:0:0:0","pass_oacc_kernels",4865832,"file:///home/oleksii-shemshur/work/toolchains/source/gcc-9.2.0/gcc/tree-ssa-loop.c:185:7:185:23","file:///home/oleksii-shemshur/work/toolchains/source/gcc-9.2.0/gcc/tree-ssa-loop.c:185:7:185:23","gimple_opt_pass"
28213,"/home/oleksii-shemshur/work/toolchains/source/gcc-9.2.0/gcc/tree-ssa-loop.c","file:///home/oleksii-shemshur/work/toolchains/source/gcc-9.2.0/gcc/tree-ssa-loop.c:0:0:0:0","pass_oacc_kernels",4865832,"file:///home/oleksii-shemshur/work/toolchains/source/gcc-9.2.0/gcc/tree-ssa-loop.c:185:7:185:23","file:///home/oleksii-shemshur/work/toolchains/source/gcc-9.2.0/gcc/tree-ssa-loop.c:185:7:185:23","pass_data"
28213,"/home/oleksii-shemshur/work/toolchains/source/gcc-9.2.0/gcc/tree-ssa-loop.c","file:///home/oleksii-shemshur/work/toolchains/source/gcc-9.2.0/gcc/tree-ssa-loop.c:0:0:0:0","pass_oacc_kernels",4865832,"file:///home/oleksii-shemshur/work/toolchains/source/gcc-9.2.0/gcc/tree-ssa-loop.c:185:7:185:23","file:///home/oleksii-shemshur/work/toolchains/source/gcc-9.2.0/gcc/tree-ssa-loop.c:185:7:185:23","pass_oacc_kernels"
28213,"/home/oleksii-shemshur/work/toolchains/source/gcc-9.2.0/gcc/tree-ssa-loop.c","file:///home/oleksii-shemshur/work/toolchains/source/gcc-9.2.0/gcc/tree-ssa-loop.c:0:0:0:0","pass_ipa_oacc_kernels",4865824,"file:///home/oleksii-shemshur/work/toolchains/source/gcc-9.2.0/gcc/tree-ssa-loop.c:265:7:265:27","file:///home/oleksii-shemshur/work/toolchains/source/gcc-9.2.0/gcc/tree-ssa-loop.c:265:7:265:27","opt_pass"
28213,"/home/oleksii-shemshur/work/toolchains/source/gcc-9.2.0/gcc/tree-ssa-loop.c","file:///home/oleksii-shemshur/work/toolchains/source/gcc-9.2.0/gcc/tree-ssa-loop.c:0:0:0:0","pass_ipa_oacc_kernels",4865824,"file:///home/oleksii-shemshur/work/toolchains/source/gcc-9.2.0/gcc/tree-ssa-loop.c:265:7:265:27","file:///home/oleksii-shemshur/work/toolchains/source/gcc-9.2.0/gcc/tree-ssa-loop.c:265:7:265:27","simple_ipa_opt_pass"
28213,"/home/oleksii-shemshur/work/toolchains/source/gcc-9.2.0/gcc/tree-ssa-loop.c","file:///home/oleksii-shemshur/work/toolchains/source/gcc-9.2.0/gcc/tree-ssa-loop.c:0:0:0:0","pass_ipa_oacc_kernels",4865824,"file:///home/oleksii-shemshur/work/toolchains/source/gcc-9.2.0/gcc/tree-ssa-loop.c:265:7:265:27","file:///home/oleksii-shemshur/work/toolchains/source/gcc-9.2.0/gcc/tree-ssa-loop.c:265:7:265:27","pass_data"
28213,"/home/oleksii-shemshur/work/toolchains/source/gcc-9.2.0/gcc/tree-ssa-loop.c","file:///home/oleksii-shemshur/work/toolchains/source/gcc-9.2.0/gcc/tree-ssa-loop.c:0:0:0:0","pass_ipa_oacc_kernels",4865824,"file:///home/oleksii-shemshur/work/toolchains/source/gcc-9.2.0/gcc/tree-ssa-loop.c:265:7:265:27","file:///home/oleksii-shemshur/work/toolchains/source/gcc-9.2.0/gcc/tree-ssa-loop.c:265:7:265:27","pass_ipa_oacc_kernels"
28213,"/home/oleksii-shemshur/work/toolchains/source/gcc-9.2.0/gcc/tree-ssa-loop.c","file:///home/oleksii-shemshur/work/toolchains/source/gcc-9.2.0/gcc/tree-ssa-loop.c:0:0:0:0","pass_ipa_oacc",4865828,"file:///home/oleksii-shemshur/work/toolchains/source/gcc-9.2.0/gcc/tree-ssa-loop.c:222:7:222:19","file:///home/oleksii-shemshur/work/toolchains/source/gcc-9.2.0/gcc/tree-ssa-loop.c:222:7:222:19","opt_pass"
28213,"/home/oleksii-shemshur/work/toolchains/source/gcc-9.2.0/gcc/tree-ssa-loop.c","file:///home/oleksii-shemshur/work/toolchains/source/gcc-9.2.0/gcc/tree-ssa-loop.c:0:0:0:0","pass_ipa_oacc",4865828,"file:///home/oleksii-shemshur/work/toolchains/source/gcc-9.2.0/gcc/tree-ssa-loop.c:222:7:222:19","file:///home/oleksii-shemshur/work/toolchains/source/gcc-9.2.0/gcc/tree-ssa-loop.c:222:7:222:19","simple_ipa_opt_pass"
28213,"/home/oleksii-shemshur/work/toolchains/source/gcc-9.2.0/gcc/tree-ssa-loop.c","file:///home/oleksii-shemshur/work/toolchains/source/gcc-9.2.0/gcc/tree-ssa-loop.c:0:0:0:0","pass_ipa_oacc",4865828,"file:///home/oleksii-shemshur/work/toolchains/source/gcc-9.2.0/gcc/tree-ssa-loop.c:222:7:222:19","file:///home/oleksii-shemshur/work/toolchains/source/gcc-9.2.0/gcc/tree-ssa-loop.c:222:7:222:19","pass_data"
28213,"/home/oleksii-shemshur/work/toolchains/source/gcc-9.2.0/gcc/tree-ssa-loop.c","file:///home/oleksii-shemshur/work/toolchains/source/gcc-9.2.0/gcc/tree-ssa-loop.c:0:0:0:0","pass_ipa_oacc",4865828,"file:///home/oleksii-shemshur/work/toolchains/source/gcc-9.2.0/gcc/tree-ssa-loop.c:222:7:222:19","file:///home/oleksii-shemshur/work/toolchains/source/gcc-9.2.0/gcc/tree-ssa-loop.c:222:7:222:19","pass_ipa_oacc"
28303,"/home/oleksii-shemshur/work/toolchains/source/gcc-9.2.0/gcc/tree-ssa-math-opts.c","file:///home/oleksii-shemshur/work/toolchains/source/gcc-9.2.0/gcc/tree-ssa-math-opts.c:0:0:0:0","pass_optimize_widening_mul",4879118,"file:///home/oleksii-shemshur/work/toolchains/source/gcc-9.2.0/gcc/tree-ssa-math-opts.c:3700:7:3700:32","file:///home/oleksii-shemshur/work/toolchains/source/gcc-9.2.0/gcc/tree-ssa-math-opts.c:3700:7:3700:32","opt_pass"
28303,"/home/oleksii-shemshur/work/toolchains/source/gcc-9.2.0/gcc/tree-ssa-math-opts.c","file:///home/oleksii-shemshur/work/toolchains/source/gcc-9.2.0/gcc/tree-ssa-math-opts.c:0:0:0:0","pass_optimize_widening_mul",4879118,"file:///home/oleksii-shemshur/work/toolchains/source/gcc-9.2.0/gcc/tree-ssa-math-opts.c:3700:7:3700:32","file:///home/oleksii-shemshur/work/toolchains/source/gcc-9.2.0/gcc/tree-ssa-math-opts.c:3700:7:3700:32","gimple_opt_pass"
28303,"/home/oleksii-shemshur/work/toolchains/source/gcc-9.2.0/gcc/tree-ssa-math-opts.c","file:///home/oleksii-shemshur/work/toolchains/source/gcc-9.2.0/gcc/tree-ssa-math-opts.c:0:0:0:0","pass_optimize_widening_mul",4879118,"file:///home/oleksii-shemshur/work/toolchains/source/gcc-9.2.0/gcc/tree-ssa-math-opts.c:3700:7:3700:32","file:///home/oleksii-shemshur/work/toolchains/source/gcc-9.2.0/gcc/tree-ssa-math-opts.c:3700:7:3700:32","pass_data"
28303,"/home/oleksii-shemshur/work/toolchains/source/gcc-9.2.0/gcc/tree-ssa-math-opts.c","file:///home/oleksii-shemshur/work/toolchains/source/gcc-9.2.0/gcc/tree-ssa-math-opts.c:0:0:0:0","pass_optimize_widening_mul",4879118,"file:///home/oleksii-shemshur/work/toolchains/source/gcc-9.2.0/gcc/tree-ssa-math-opts.c:3700:7:3700:32","file:///home/oleksii-shemshur/work/toolchains/source/gcc-9.2.0/gcc/tree-ssa-math-opts.c:3700:7:3700:32","pass_optimize_widening_mul"
28303,"/home/oleksii-shemshur/work/toolchains/source/gcc-9.2.0/gcc/tree-ssa-math-opts.c","file:///home/oleksii-shemshur/work/toolchains/source/gcc-9.2.0/gcc/tree-ssa-math-opts.c:0:0:0:0","pass_cse_reciprocals",4879126,"file:///home/oleksii-shemshur/work/toolchains/source/gcc-9.2.0/gcc/tree-ssa-math-opts.c:895:7:895:26","file:///home/oleksii-shemshur/work/toolchains/source/gcc-9.2.0/gcc/tree-ssa-math-opts.c:895:7:895:26","opt_pass"
28303,"/home/oleksii-shemshur/work/toolchains/source/gcc-9.2.0/gcc/tree-ssa-math-opts.c","file:///home/oleksii-shemshur/work/toolchains/source/gcc-9.2.0/gcc/tree-ssa-math-opts.c:0:0:0:0","pass_cse_reciprocals",4879126,"file:///home/oleksii-shemshur/work/toolchains/source/gcc-9.2.0/gcc/tree-ssa-math-opts.c:895:7:895:26","file:///home/oleksii-shemshur/work/toolchains/source/gcc-9.2.0/gcc/tree-ssa-math-opts.c:895:7:895:26","gimple_opt_pass"
28303,"/home/oleksii-shemshur/work/toolchains/source/gcc-9.2.0/gcc/tree-ssa-math-opts.c","file:///home/oleksii-shemshur/work/toolchains/source/gcc-9.2.0/gcc/tree-ssa-math-opts.c:0:0:0:0","pass_cse_reciprocals",4879126,"file:///home/oleksii-shemshur/work/toolchains/source/gcc-9.2.0/gcc/tree-ssa-math-opts.c:895:7:895:26","file:///home/oleksii-shemshur/work/toolchains/source/gcc-9.2.0/gcc/tree-ssa-math-opts.c:895:7:895:26","pass_data"
28303,"/home/oleksii-shemshur/work/toolchains/source/gcc-9.2.0/gcc/tree-ssa-math-opts.c","file:///home/oleksii-shemshur/work/toolchains/source/gcc-9.2.0/gcc/tree-ssa-math-opts.c:0:0:0:0","pass_cse_reciprocals",4879126,"file:///home/oleksii-shemshur/work/toolchains/source/gcc-9.2.0/gcc/tree-ssa-math-opts.c:895:7:895:26","file:///home/oleksii-shemshur/work/toolchains/source/gcc-9.2.0/gcc/tree-ssa-math-opts.c:895:7:895:26","pass_cse_reciprocals"
28303,"/home/oleksii-shemshur/work/toolchains/source/gcc-9.2.0/gcc/tree-ssa-math-opts.c","file:///home/oleksii-shemshur/work/toolchains/source/gcc-9.2.0/gcc/tree-ssa-math-opts.c:0:0:0:0","pass_cse_sincos",4879122,"file:///home/oleksii-shemshur/work/toolchains/source/gcc-9.2.0/gcc/tree-ssa-math-opts.c:2118:7:2118:21","file:///home/oleksii-shemshur/work/toolchains/source/gcc-9.2.0/gcc/tree-ssa-math-opts.c:2118:7:2118:21","opt_pass"
28303,"/home/oleksii-shemshur/work/toolchains/source/gcc-9.2.0/gcc/tree-ssa-math-opts.c","file:///home/oleksii-shemshur/work/toolchains/source/gcc-9.2.0/gcc/tree-ssa-math-opts.c:0:0:0:0","pass_cse_sincos",4879122,"file:///home/oleksii-shemshur/work/toolchains/source/gcc-9.2.0/gcc/tree-ssa-math-opts.c:2118:7:2118:21","file:///home/oleksii-shemshur/work/toolchains/source/gcc-9.2.0/gcc/tree-ssa-math-opts.c:2118:7:2118:21","gimple_opt_pass"
28303,"/home/oleksii-shemshur/work/toolchains/source/gcc-9.2.0/gcc/tree-ssa-math-opts.c","file:///home/oleksii-shemshur/work/toolchains/source/gcc-9.2.0/gcc/tree-ssa-math-opts.c:0:0:0:0","pass_cse_sincos",4879122,"file:///home/oleksii-shemshur/work/toolchains/source/gcc-9.2.0/gcc/tree-ssa-math-opts.c:2118:7:2118:21","file:///home/oleksii-shemshur/work/toolchains/source/gcc-9.2.0/gcc/tree-ssa-math-opts.c:2118:7:2118:21","pass_data"
28303,"/home/oleksii-shemshur/work/toolchains/source/gcc-9.2.0/gcc/tree-ssa-math-opts.c","file:///home/oleksii-shemshur/work/toolchains/source/gcc-9.2.0/gcc/tree-ssa-math-opts.c:0:0:0:0","pass_cse_sincos",4879122,"file:///home/oleksii-shemshur/work/toolchains/source/gcc-9.2.0/gcc/tree-ssa-math-opts.c:2118:7:2118:21","file:///home/oleksii-shemshur/work/toolchains/source/gcc-9.2.0/gcc/tree-ssa-math-opts.c:2118:7:2118:21","pass_cse_sincos"
28362,"/home/oleksii-shemshur/work/toolchains/source/gcc-9.2.0/gcc/tree-ssa-phiopt.c","file:///home/oleksii-shemshur/work/toolchains/source/gcc-9.2.0/gcc/tree-ssa-phiopt.c:0:0:0:0","pass_phiopt",4892278,"file:///home/oleksii-shemshur/work/toolchains/source/gcc-9.2.0/gcc/tree-ssa-phiopt.c:2963:7:2963:17","file:///home/oleksii-shemshur/work/toolchains/source/gcc-9.2.0/gcc/tree-ssa-phiopt.c:2963:7:2963:17","opt_pass"
28362,"/home/oleksii-shemshur/work/toolchains/source/gcc-9.2.0/gcc/tree-ssa-phiopt.c","file:///home/oleksii-shemshur/work/toolchains/source/gcc-9.2.0/gcc/tree-ssa-phiopt.c:0:0:0:0","pass_phiopt",4892278,"file:///home/oleksii-shemshur/work/toolchains/source/gcc-9.2.0/gcc/tree-ssa-phiopt.c:2963:7:2963:17","file:///home/oleksii-shemshur/work/toolchains/source/gcc-9.2.0/gcc/tree-ssa-phiopt.c:2963:7:2963:17","gimple_opt_pass"
28362,"/home/oleksii-shemshur/work/toolchains/source/gcc-9.2.0/gcc/tree-ssa-phiopt.c","file:///home/oleksii-shemshur/work/toolchains/source/gcc-9.2.0/gcc/tree-ssa-phiopt.c:0:0:0:0","pass_phiopt",4892278,"file:///home/oleksii-shemshur/work/toolchains/source/gcc-9.2.0/gcc/tree-ssa-phiopt.c:2963:7:2963:17","file:///home/oleksii-shemshur/work/toolchains/source/gcc-9.2.0/gcc/tree-ssa-phiopt.c:2963:7:2963:17","pass_data"
28362,"/home/oleksii-shemshur/work/toolchains/source/gcc-9.2.0/gcc/tree-ssa-phiopt.c","file:///home/oleksii-shemshur/work/toolchains/source/gcc-9.2.0/gcc/tree-ssa-phiopt.c:0:0:0:0","pass_phiopt",4892278,"file:///home/oleksii-shemshur/work/toolchains/source/gcc-9.2.0/gcc/tree-ssa-phiopt.c:2963:7:2963:17","file:///home/oleksii-shemshur/work/toolchains/source/gcc-9.2.0/gcc/tree-ssa-phiopt.c:2963:7:2963:17","pass_phiopt"
28362,"/home/oleksii-shemshur/work/toolchains/source/gcc-9.2.0/gcc/tree-ssa-phiopt.c","file:///home/oleksii-shemshur/work/toolchains/source/gcc-9.2.0/gcc/tree-ssa-phiopt.c:0:0:0:0","pass_cselim",4892274,"file:///home/oleksii-shemshur/work/toolchains/source/gcc-9.2.0/gcc/tree-ssa-phiopt.c:3012:7:3012:17","file:///home/oleksii-shemshur/work/toolchains/source/gcc-9.2.0/gcc/tree-ssa-phiopt.c:3012:7:3012:17","opt_pass"
28362,"/home/oleksii-shemshur/work/toolchains/source/gcc-9.2.0/gcc/tree-ssa-phiopt.c","file:///home/oleksii-shemshur/work/toolchains/source/gcc-9.2.0/gcc/tree-ssa-phiopt.c:0:0:0:0","pass_cselim",4892274,"file:///home/oleksii-shemshur/work/toolchains/source/gcc-9.2.0/gcc/tree-ssa-phiopt.c:3012:7:3012:17","file:///home/oleksii-shemshur/work/toolchains/source/gcc-9.2.0/gcc/tree-ssa-phiopt.c:3012:7:3012:17","gimple_opt_pass"
28362,"/home/oleksii-shemshur/work/toolchains/source/gcc-9.2.0/gcc/tree-ssa-phiopt.c","file:///home/oleksii-shemshur/work/toolchains/source/gcc-9.2.0/gcc/tree-ssa-phiopt.c:0:0:0:0","pass_cselim",4892274,"file:///home/oleksii-shemshur/work/toolchains/source/gcc-9.2.0/gcc/tree-ssa-phiopt.c:3012:7:3012:17","file:///home/oleksii-shemshur/work/toolchains/source/gcc-9.2.0/gcc/tree-ssa-phiopt.c:3012:7:3012:17","pass_data"
28362,"/home/oleksii-shemshur/work/toolchains/source/gcc-9.2.0/gcc/tree-ssa-phiopt.c","file:///home/oleksii-shemshur/work/toolchains/source/gcc-9.2.0/gcc/tree-ssa-phiopt.c:0:0:0:0","pass_cselim",4892274,"file:///home/oleksii-shemshur/work/toolchains/source/gcc-9.2.0/gcc/tree-ssa-phiopt.c:3012:7:3012:17","file:///home/oleksii-shemshur/work/toolchains/source/gcc-9.2.0/gcc/tree-ssa-phiopt.c:3012:7:3012:17","pass_cselim"
28395,"/home/oleksii-shemshur/work/toolchains/source/gcc-9.2.0/gcc/tree-ssa-phiprop.c","file:///home/oleksii-shemshur/work/toolchains/source/gcc-9.2.0/gcc/tree-ssa-phiprop.c:0:0:0:0","pass_phiprop",4894544,"file:///home/oleksii-shemshur/work/toolchains/source/gcc-9.2.0/gcc/tree-ssa-phiprop.c:464:7:464:18","file:///home/oleksii-shemshur/work/toolchains/source/gcc-9.2.0/gcc/tree-ssa-phiprop.c:464:7:464:18","opt_pass"
28395,"/home/oleksii-shemshur/work/toolchains/source/gcc-9.2.0/gcc/tree-ssa-phiprop.c","file:///home/oleksii-shemshur/work/toolchains/source/gcc-9.2.0/gcc/tree-ssa-phiprop.c:0:0:0:0","pass_phiprop",4894544,"file:///home/oleksii-shemshur/work/toolchains/source/gcc-9.2.0/gcc/tree-ssa-phiprop.c:464:7:464:18","file:///home/oleksii-shemshur/work/toolchains/source/gcc-9.2.0/gcc/tree-ssa-phiprop.c:464:7:464:18","gimple_opt_pass"
28395,"/home/oleksii-shemshur/work/toolchains/source/gcc-9.2.0/gcc/tree-ssa-phiprop.c","file:///home/oleksii-shemshur/work/toolchains/source/gcc-9.2.0/gcc/tree-ssa-phiprop.c:0:0:0:0","pass_phiprop",4894544,"file:///home/oleksii-shemshur/work/toolchains/source/gcc-9.2.0/gcc/tree-ssa-phiprop.c:464:7:464:18","file:///home/oleksii-shemshur/work/toolchains/source/gcc-9.2.0/gcc/tree-ssa-phiprop.c:464:7:464:18","pass_data"
28395,"/home/oleksii-shemshur/work/toolchains/source/gcc-9.2.0/gcc/tree-ssa-phiprop.c","file:///home/oleksii-shemshur/work/toolchains/source/gcc-9.2.0/gcc/tree-ssa-phiprop.c:0:0:0:0","pass_phiprop",4894544,"file:///home/oleksii-shemshur/work/toolchains/source/gcc-9.2.0/gcc/tree-ssa-phiprop.c:464:7:464:18","file:///home/oleksii-shemshur/work/toolchains/source/gcc-9.2.0/gcc/tree-ssa-phiprop.c:464:7:464:18","pass_phiprop"
28406,"/home/oleksii-shemshur/work/toolchains/source/gcc-9.2.0/gcc/tree-ssa-pre.c","file:///home/oleksii-shemshur/work/toolchains/source/gcc-9.2.0/gcc/tree-ssa-pre.c:0:0:0:0","pass_pre",4906313,"file:///home/oleksii-shemshur/work/toolchains/source/gcc-9.2.0/gcc/tree-ssa-pre.c:4147:7:4147:14","file:///home/oleksii-shemshur/work/toolchains/source/gcc-9.2.0/gcc/tree-ssa-pre.c:4147:7:4147:14","opt_pass"
28406,"/home/oleksii-shemshur/work/toolchains/source/gcc-9.2.0/gcc/tree-ssa-pre.c","file:///home/oleksii-shemshur/work/toolchains/source/gcc-9.2.0/gcc/tree-ssa-pre.c:0:0:0:0","pass_pre",4906313,"file:///home/oleksii-shemshur/work/toolchains/source/gcc-9.2.0/gcc/tree-ssa-pre.c:4147:7:4147:14","file:///home/oleksii-shemshur/work/toolchains/source/gcc-9.2.0/gcc/tree-ssa-pre.c:4147:7:4147:14","gimple_opt_pass"
28406,"/home/oleksii-shemshur/work/toolchains/source/gcc-9.2.0/gcc/tree-ssa-pre.c","file:///home/oleksii-shemshur/work/toolchains/source/gcc-9.2.0/gcc/tree-ssa-pre.c:0:0:0:0","pass_pre",4906313,"file:///home/oleksii-shemshur/work/toolchains/source/gcc-9.2.0/gcc/tree-ssa-pre.c:4147:7:4147:14","file:///home/oleksii-shemshur/work/toolchains/source/gcc-9.2.0/gcc/tree-ssa-pre.c:4147:7:4147:14","pass_data"
28406,"/home/oleksii-shemshur/work/toolchains/source/gcc-9.2.0/gcc/tree-ssa-pre.c","file:///home/oleksii-shemshur/work/toolchains/source/gcc-9.2.0/gcc/tree-ssa-pre.c:0:0:0:0","pass_pre",4906313,"file:///home/oleksii-shemshur/work/toolchains/source/gcc-9.2.0/gcc/tree-ssa-pre.c:4147:7:4147:14","file:///home/oleksii-shemshur/work/toolchains/source/gcc-9.2.0/gcc/tree-ssa-pre.c:4147:7:4147:14","pass_pre"
28469,"/home/oleksii-shemshur/work/toolchains/source/gcc-9.2.0/gcc/tree-ssa-reassoc.c","file:///home/oleksii-shemshur/work/toolchains/source/gcc-9.2.0/gcc/tree-ssa-reassoc.c:0:0:0:0","pass_reassoc",4932135,"file:///home/oleksii-shemshur/work/toolchains/source/gcc-9.2.0/gcc/tree-ssa-reassoc.c:6319:7:6319:18","file:///home/oleksii-shemshur/work/toolchains/source/gcc-9.2.0/gcc/tree-ssa-reassoc.c:6319:7:6319:18","opt_pass"
28469,"/home/oleksii-shemshur/work/toolchains/source/gcc-9.2.0/gcc/tree-ssa-reassoc.c","file:///home/oleksii-shemshur/work/toolchains/source/gcc-9.2.0/gcc/tree-ssa-reassoc.c:0:0:0:0","pass_reassoc",4932135,"file:///home/oleksii-shemshur/work/toolchains/source/gcc-9.2.0/gcc/tree-ssa-reassoc.c:6319:7:6319:18","file:///home/oleksii-shemshur/work/toolchains/source/gcc-9.2.0/gcc/tree-ssa-reassoc.c:6319:7:6319:18","gimple_opt_pass"
28469,"/home/oleksii-shemshur/work/toolchains/source/gcc-9.2.0/gcc/tree-ssa-reassoc.c","file:///home/oleksii-shemshur/work/toolchains/source/gcc-9.2.0/gcc/tree-ssa-reassoc.c:0:0:0:0","pass_reassoc",4932135,"file:///home/oleksii-shemshur/work/toolchains/source/gcc-9.2.0/gcc/tree-ssa-reassoc.c:6319:7:6319:18","file:///home/oleksii-shemshur/work/toolchains/source/gcc-9.2.0/gcc/tree-ssa-reassoc.c:6319:7:6319:18","pass_data"
28469,"/home/oleksii-shemshur/work/toolchains/source/gcc-9.2.0/gcc/tree-ssa-reassoc.c","file:///home/oleksii-shemshur/work/toolchains/source/gcc-9.2.0/gcc/tree-ssa-reassoc.c:0:0:0:0","pass_reassoc",4932135,"file:///home/oleksii-shemshur/work/toolchains/source/gcc-9.2.0/gcc/tree-ssa-reassoc.c:6319:7:6319:18","file:///home/oleksii-shemshur/work/toolchains/source/gcc-9.2.0/gcc/tree-ssa-reassoc.c:6319:7:6319:18","pass_reassoc"
28503,"/home/oleksii-shemshur/work/toolchains/source/gcc-9.2.0/gcc/tree-ssa-sccvn.c","file:///home/oleksii-shemshur/work/toolchains/source/gcc-9.2.0/gcc/tree-ssa-sccvn.c:0:0:0:0","pass_fre",4958258,"file:///home/oleksii-shemshur/work/toolchains/source/gcc-9.2.0/gcc/tree-ssa-sccvn.c:6888:7:6888:14","file:///home/oleksii-shemshur/work/toolchains/source/gcc-9.2.0/gcc/tree-ssa-sccvn.c:6888:7:6888:14","opt_pass"
28503,"/home/oleksii-shemshur/work/toolchains/source/gcc-9.2.0/gcc/tree-ssa-sccvn.c","file:///home/oleksii-shemshur/work/toolchains/source/gcc-9.2.0/gcc/tree-ssa-sccvn.c:0:0:0:0","pass_fre",4958258,"file:///home/oleksii-shemshur/work/toolchains/source/gcc-9.2.0/gcc/tree-ssa-sccvn.c:6888:7:6888:14","file:///home/oleksii-shemshur/work/toolchains/source/gcc-9.2.0/gcc/tree-ssa-sccvn.c:6888:7:6888:14","gimple_opt_pass"
28503,"/home/oleksii-shemshur/work/toolchains/source/gcc-9.2.0/gcc/tree-ssa-sccvn.c","file:///home/oleksii-shemshur/work/toolchains/source/gcc-9.2.0/gcc/tree-ssa-sccvn.c:0:0:0:0","pass_fre",4958258,"file:///home/oleksii-shemshur/work/toolchains/source/gcc-9.2.0/gcc/tree-ssa-sccvn.c:6888:7:6888:14","file:///home/oleksii-shemshur/work/toolchains/source/gcc-9.2.0/gcc/tree-ssa-sccvn.c:6888:7:6888:14","pass_data"
28503,"/home/oleksii-shemshur/work/toolchains/source/gcc-9.2.0/gcc/tree-ssa-sccvn.c","file:///home/oleksii-shemshur/work/toolchains/source/gcc-9.2.0/gcc/tree-ssa-sccvn.c:0:0:0:0","pass_fre",4958258,"file:///home/oleksii-shemshur/work/toolchains/source/gcc-9.2.0/gcc/tree-ssa-sccvn.c:6888:7:6888:14","file:///home/oleksii-shemshur/work/toolchains/source/gcc-9.2.0/gcc/tree-ssa-sccvn.c:6888:7:6888:14","pass_fre"
28637,"/home/oleksii-shemshur/work/toolchains/source/gcc-9.2.0/gcc/tree-ssa-sink.c","file:///home/oleksii-shemshur/work/toolchains/source/gcc-9.2.0/gcc/tree-ssa-sink.c:0:0:0:0","pass_sink_code",4967765,"file:///home/oleksii-shemshur/work/toolchains/source/gcc-9.2.0/gcc/tree-ssa-sink.c:622:7:622:20","file:///home/oleksii-shemshur/work/toolchains/source/gcc-9.2.0/gcc/tree-ssa-sink.c:622:7:622:20","opt_pass"
28637,"/home/oleksii-shemshur/work/toolchains/source/gcc-9.2.0/gcc/tree-ssa-sink.c","file:///home/oleksii-shemshur/work/toolchains/source/gcc-9.2.0/gcc/tree-ssa-sink.c:0:0:0:0","pass_sink_code",4967765,"file:///home/oleksii-shemshur/work/toolchains/source/gcc-9.2.0/gcc/tree-ssa-sink.c:622:7:622:20","file:///home/oleksii-shemshur/work/toolchains/source/gcc-9.2.0/gcc/tree-ssa-sink.c:622:7:622:20","gimple_opt_pass"
28637,"/home/oleksii-shemshur/work/toolchains/source/gcc-9.2.0/gcc/tree-ssa-sink.c","file:///home/oleksii-shemshur/work/toolchains/source/gcc-9.2.0/gcc/tree-ssa-sink.c:0:0:0:0","pass_sink_code",4967765,"file:///home/oleksii-shemshur/work/toolchains/source/gcc-9.2.0/gcc/tree-ssa-sink.c:622:7:622:20","file:///home/oleksii-shemshur/work/toolchains/source/gcc-9.2.0/gcc/tree-ssa-sink.c:622:7:622:20","pass_data"
28637,"/home/oleksii-shemshur/work/toolchains/source/gcc-9.2.0/gcc/tree-ssa-sink.c","file:///home/oleksii-shemshur/work/toolchains/source/gcc-9.2.0/gcc/tree-ssa-sink.c:0:0:0:0","pass_sink_code",4967765,"file:///home/oleksii-shemshur/work/toolchains/source/gcc-9.2.0/gcc/tree-ssa-sink.c:622:7:622:20","file:///home/oleksii-shemshur/work/toolchains/source/gcc-9.2.0/gcc/tree-ssa-sink.c:622:7:622:20","pass_sink_code"
28646,"/home/oleksii-shemshur/work/toolchains/source/gcc-9.2.0/gcc/tree-ssa-strlen.c","file:///home/oleksii-shemshur/work/toolchains/source/gcc-9.2.0/gcc/tree-ssa-strlen.c:0:0:0:0","pass_strlen",4980595,"file:///home/oleksii-shemshur/work/toolchains/source/gcc-9.2.0/gcc/tree-ssa-strlen.c:4021:7:4021:17","file:///home/oleksii-shemshur/work/toolchains/source/gcc-9.2.0/gcc/tree-ssa-strlen.c:4021:7:4021:17","opt_pass"
28646,"/home/oleksii-shemshur/work/toolchains/source/gcc-9.2.0/gcc/tree-ssa-strlen.c","file:///home/oleksii-shemshur/work/toolchains/source/gcc-9.2.0/gcc/tree-ssa-strlen.c:0:0:0:0","pass_strlen",4980595,"file:///home/oleksii-shemshur/work/toolchains/source/gcc-9.2.0/gcc/tree-ssa-strlen.c:4021:7:4021:17","file:///home/oleksii-shemshur/work/toolchains/source/gcc-9.2.0/gcc/tree-ssa-strlen.c:4021:7:4021:17","gimple_opt_pass"
28646,"/home/oleksii-shemshur/work/toolchains/source/gcc-9.2.0/gcc/tree-ssa-strlen.c","file:///home/oleksii-shemshur/work/toolchains/source/gcc-9.2.0/gcc/tree-ssa-strlen.c:0:0:0:0","pass_strlen",4980595,"file:///home/oleksii-shemshur/work/toolchains/source/gcc-9.2.0/gcc/tree-ssa-strlen.c:4021:7:4021:17","file:///home/oleksii-shemshur/work/toolchains/source/gcc-9.2.0/gcc/tree-ssa-strlen.c:4021:7:4021:17","pass_data"
28646,"/home/oleksii-shemshur/work/toolchains/source/gcc-9.2.0/gcc/tree-ssa-strlen.c","file:///home/oleksii-shemshur/work/toolchains/source/gcc-9.2.0/gcc/tree-ssa-strlen.c:0:0:0:0","pass_strlen",4980595,"file:///home/oleksii-shemshur/work/toolchains/source/gcc-9.2.0/gcc/tree-ssa-strlen.c:4021:7:4021:17","file:///home/oleksii-shemshur/work/toolchains/source/gcc-9.2.0/gcc/tree-ssa-strlen.c:4021:7:4021:17","pass_strlen"
28673,"/home/oleksii-shemshur/work/toolchains/source/gcc-9.2.0/gcc/tree-ssa-structalias.c","file:///home/oleksii-shemshur/work/toolchains/source/gcc-9.2.0/gcc/tree-ssa-structalias.c:0:0:0:0","pass_build_alias",5007079,"file:///home/oleksii-shemshur/work/toolchains/source/gcc-9.2.0/gcc/tree-ssa-structalias.c:7747:7:7747:22","file:///home/oleksii-shemshur/work/toolchains/source/gcc-9.2.0/gcc/tree-ssa-structalias.c:7747:7:7747:22","opt_pass"
28673,"/home/oleksii-shemshur/work/toolchains/source/gcc-9.2.0/gcc/tree-ssa-structalias.c","file:///home/oleksii-shemshur/work/toolchains/source/gcc-9.2.0/gcc/tree-ssa-structalias.c:0:0:0:0","pass_build_alias",5007079,"file:///home/oleksii-shemshur/work/toolchains/source/gcc-9.2.0/gcc/tree-ssa-structalias.c:7747:7:7747:22","file:///home/oleksii-shemshur/work/toolchains/source/gcc-9.2.0/gcc/tree-ssa-structalias.c:7747:7:7747:22","gimple_opt_pass"
28673,"/home/oleksii-shemshur/work/toolchains/source/gcc-9.2.0/gcc/tree-ssa-structalias.c","file:///home/oleksii-shemshur/work/toolchains/source/gcc-9.2.0/gcc/tree-ssa-structalias.c:0:0:0:0","pass_build_alias",5007079,"file:///home/oleksii-shemshur/work/toolchains/source/gcc-9.2.0/gcc/tree-ssa-structalias.c:7747:7:7747:22","file:///home/oleksii-shemshur/work/toolchains/source/gcc-9.2.0/gcc/tree-ssa-structalias.c:7747:7:7747:22","pass_data"
28673,"/home/oleksii-shemshur/work/toolchains/source/gcc-9.2.0/gcc/tree-ssa-structalias.c","file:///home/oleksii-shemshur/work/toolchains/source/gcc-9.2.0/gcc/tree-ssa-structalias.c:0:0:0:0","pass_build_alias",5007079,"file:///home/oleksii-shemshur/work/toolchains/source/gcc-9.2.0/gcc/tree-ssa-structalias.c:7747:7:7747:22","file:///home/oleksii-shemshur/work/toolchains/source/gcc-9.2.0/gcc/tree-ssa-structalias.c:7747:7:7747:22","pass_build_alias"
28673,"/home/oleksii-shemshur/work/toolchains/source/gcc-9.2.0/gcc/tree-ssa-structalias.c","file:///home/oleksii-shemshur/work/toolchains/source/gcc-9.2.0/gcc/tree-ssa-structalias.c:0:0:0:0","pass_ipa_pta",5007071,"file:///home/oleksii-shemshur/work/toolchains/source/gcc-9.2.0/gcc/tree-ssa-structalias.c:8385:7:8385:18","file:///home/oleksii-shemshur/work/toolchains/source/gcc-9.2.0/gcc/tree-ssa-structalias.c:8385:7:8385:18","opt_pass"
28673,"/home/oleksii-shemshur/work/toolchains/source/gcc-9.2.0/gcc/tree-ssa-structalias.c","file:///home/oleksii-shemshur/work/toolchains/source/gcc-9.2.0/gcc/tree-ssa-structalias.c:0:0:0:0","pass_ipa_pta",5007071,"file:///home/oleksii-shemshur/work/toolchains/source/gcc-9.2.0/gcc/tree-ssa-structalias.c:8385:7:8385:18","file:///home/oleksii-shemshur/work/toolchains/source/gcc-9.2.0/gcc/tree-ssa-structalias.c:8385:7:8385:18","simple_ipa_opt_pass"
28673,"/home/oleksii-shemshur/work/toolchains/source/gcc-9.2.0/gcc/tree-ssa-structalias.c","file:///home/oleksii-shemshur/work/toolchains/source/gcc-9.2.0/gcc/tree-ssa-structalias.c:0:0:0:0","pass_ipa_pta",5007071,"file:///home/oleksii-shemshur/work/toolchains/source/gcc-9.2.0/gcc/tree-ssa-structalias.c:8385:7:8385:18","file:///home/oleksii-shemshur/work/toolchains/source/gcc-9.2.0/gcc/tree-ssa-structalias.c:8385:7:8385:18","pass_data"
28673,"/home/oleksii-shemshur/work/toolchains/source/gcc-9.2.0/gcc/tree-ssa-structalias.c","file:///home/oleksii-shemshur/work/toolchains/source/gcc-9.2.0/gcc/tree-ssa-structalias.c:0:0:0:0","pass_ipa_pta",5007071,"file:///home/oleksii-shemshur/work/toolchains/source/gcc-9.2.0/gcc/tree-ssa-structalias.c:8385:7:8385:18","file:///home/oleksii-shemshur/work/toolchains/source/gcc-9.2.0/gcc/tree-ssa-structalias.c:8385:7:8385:18","pass_ipa_pta"
28673,"/home/oleksii-shemshur/work/toolchains/source/gcc-9.2.0/gcc/tree-ssa-structalias.c","file:///home/oleksii-shemshur/work/toolchains/source/gcc-9.2.0/gcc/tree-ssa-structalias.c:0:0:0:0","pass_build_ealias",5007075,"file:///home/oleksii-shemshur/work/toolchains/source/gcc-9.2.0/gcc/tree-ssa-structalias.c:7785:7:7785:23","file:///home/oleksii-shemshur/work/toolchains/source/gcc-9.2.0/gcc/tree-ssa-structalias.c:7785:7:7785:23","opt_pass"
28673,"/home/oleksii-shemshur/work/toolchains/source/gcc-9.2.0/gcc/tree-ssa-structalias.c","file:///home/oleksii-shemshur/work/toolchains/source/gcc-9.2.0/gcc/tree-ssa-structalias.c:0:0:0:0","pass_build_ealias",5007075,"file:///home/oleksii-shemshur/work/toolchains/source/gcc-9.2.0/gcc/tree-ssa-structalias.c:7785:7:7785:23","file:///home/oleksii-shemshur/work/toolchains/source/gcc-9.2.0/gcc/tree-ssa-structalias.c:7785:7:7785:23","gimple_opt_pass"
28673,"/home/oleksii-shemshur/work/toolchains/source/gcc-9.2.0/gcc/tree-ssa-structalias.c","file:///home/oleksii-shemshur/work/toolchains/source/gcc-9.2.0/gcc/tree-ssa-structalias.c:0:0:0:0","pass_build_ealias",5007075,"file:///home/oleksii-shemshur/work/toolchains/source/gcc-9.2.0/gcc/tree-ssa-structalias.c:7785:7:7785:23","file:///home/oleksii-shemshur/work/toolchains/source/gcc-9.2.0/gcc/tree-ssa-structalias.c:7785:7:7785:23","pass_data"
28673,"/home/oleksii-shemshur/work/toolchains/source/gcc-9.2.0/gcc/tree-ssa-structalias.c","file:///home/oleksii-shemshur/work/toolchains/source/gcc-9.2.0/gcc/tree-ssa-structalias.c:0:0:0:0","pass_build_ealias",5007075,"file:///home/oleksii-shemshur/work/toolchains/source/gcc-9.2.0/gcc/tree-ssa-structalias.c:7785:7:7785:23","file:///home/oleksii-shemshur/work/toolchains/source/gcc-9.2.0/gcc/tree-ssa-structalias.c:7785:7:7785:23","pass_build_ealias"
28779,"/home/oleksii-shemshur/work/toolchains/source/gcc-9.2.0/gcc/tree-ssa-threadbackward.c","file:///home/oleksii-shemshur/work/toolchains/source/gcc-9.2.0/gcc/tree-ssa-threadbackward.c:0:0:0:0","pass_thread_jumps",5022470,"file:///home/oleksii-shemshur/work/toolchains/source/gcc-9.2.0/gcc/tree-ssa-threadbackward.c:789:7:789:23","file:///home/oleksii-shemshur/work/toolchains/source/gcc-9.2.0/gcc/tree-ssa-threadbackward.c:789:7:789:23","opt_pass"
28779,"/home/oleksii-shemshur/work/toolchains/source/gcc-9.2.0/gcc/tree-ssa-threadbackward.c","file:///home/oleksii-shemshur/work/toolchains/source/gcc-9.2.0/gcc/tree-ssa-threadbackward.c:0:0:0:0","pass_thread_jumps",5022470,"file:///home/oleksii-shemshur/work/toolchains/source/gcc-9.2.0/gcc/tree-ssa-threadbackward.c:789:7:789:23","file:///home/oleksii-shemshur/work/toolchains/source/gcc-9.2.0/gcc/tree-ssa-threadbackward.c:789:7:789:23","gimple_opt_pass"
28779,"/home/oleksii-shemshur/work/toolchains/source/gcc-9.2.0/gcc/tree-ssa-threadbackward.c","file:///home/oleksii-shemshur/work/toolchains/source/gcc-9.2.0/gcc/tree-ssa-threadbackward.c:0:0:0:0","pass_thread_jumps",5022470,"file:///home/oleksii-shemshur/work/toolchains/source/gcc-9.2.0/gcc/tree-ssa-threadbackward.c:789:7:789:23","file:///home/oleksii-shemshur/work/toolchains/source/gcc-9.2.0/gcc/tree-ssa-threadbackward.c:789:7:789:23","pass_data"
28779,"/home/oleksii-shemshur/work/toolchains/source/gcc-9.2.0/gcc/tree-ssa-threadbackward.c","file:///home/oleksii-shemshur/work/toolchains/source/gcc-9.2.0/gcc/tree-ssa-threadbackward.c:0:0:0:0","pass_thread_jumps",5022470,"file:///home/oleksii-shemshur/work/toolchains/source/gcc-9.2.0/gcc/tree-ssa-threadbackward.c:789:7:789:23","file:///home/oleksii-shemshur/work/toolchains/source/gcc-9.2.0/gcc/tree-ssa-threadbackward.c:789:7:789:23","pass_thread_jumps"
28779,"/home/oleksii-shemshur/work/toolchains/source/gcc-9.2.0/gcc/tree-ssa-threadbackward.c","file:///home/oleksii-shemshur/work/toolchains/source/gcc-9.2.0/gcc/tree-ssa-threadbackward.c:0:0:0:0","pass_early_thread_jumps",5022466,"file:///home/oleksii-shemshur/work/toolchains/source/gcc-9.2.0/gcc/tree-ssa-threadbackward.c:850:7:850:29","file:///home/oleksii-shemshur/work/toolchains/source/gcc-9.2.0/gcc/tree-ssa-threadbackward.c:850:7:850:29","opt_pass"
28779,"/home/oleksii-shemshur/work/toolchains/source/gcc-9.2.0/gcc/tree-ssa-threadbackward.c","file:///home/oleksii-shemshur/work/toolchains/source/gcc-9.2.0/gcc/tree-ssa-threadbackward.c:0:0:0:0","pass_early_thread_jumps",5022466,"file:///home/oleksii-shemshur/work/toolchains/source/gcc-9.2.0/gcc/tree-ssa-threadbackward.c:850:7:850:29","file:///home/oleksii-shemshur/work/toolchains/source/gcc-9.2.0/gcc/tree-ssa-threadbackward.c:850:7:850:29","gimple_opt_pass"
28779,"/home/oleksii-shemshur/work/toolchains/source/gcc-9.2.0/gcc/tree-ssa-threadbackward.c","file:///home/oleksii-shemshur/work/toolchains/source/gcc-9.2.0/gcc/tree-ssa-threadbackward.c:0:0:0:0","pass_early_thread_jumps",5022466,"file:///home/oleksii-shemshur/work/toolchains/source/gcc-9.2.0/gcc/tree-ssa-threadbackward.c:850:7:850:29","file:///home/oleksii-shemshur/work/toolchains/source/gcc-9.2.0/gcc/tree-ssa-threadbackward.c:850:7:850:29","pass_data"
28779,"/home/oleksii-shemshur/work/toolchains/source/gcc-9.2.0/gcc/tree-ssa-threadbackward.c","file:///home/oleksii-shemshur/work/toolchains/source/gcc-9.2.0/gcc/tree-ssa-threadbackward.c:0:0:0:0","pass_early_thread_jumps",5022466,"file:///home/oleksii-shemshur/work/toolchains/source/gcc-9.2.0/gcc/tree-ssa-threadbackward.c:850:7:850:29","file:///home/oleksii-shemshur/work/toolchains/source/gcc-9.2.0/gcc/tree-ssa-threadbackward.c:850:7:850:29","pass_early_thread_jumps"
28857,"/home/oleksii-shemshur/work/toolchains/source/gcc-9.2.0/gcc/tree-ssa-uncprop.c","file:///home/oleksii-shemshur/work/toolchains/source/gcc-9.2.0/gcc/tree-ssa-uncprop.c:0:0:0:0","pass_uncprop",5035975,"file:///home/oleksii-shemshur/work/toolchains/source/gcc-9.2.0/gcc/tree-ssa-uncprop.c:448:7:448:18","file:///home/oleksii-shemshur/work/toolchains/source/gcc-9.2.0/gcc/tree-ssa-uncprop.c:448:7:448:18","opt_pass"
28857,"/home/oleksii-shemshur/work/toolchains/source/gcc-9.2.0/gcc/tree-ssa-uncprop.c","file:///home/oleksii-shemshur/work/toolchains/source/gcc-9.2.0/gcc/tree-ssa-uncprop.c:0:0:0:0","pass_uncprop",5035975,"file:///home/oleksii-shemshur/work/toolchains/source/gcc-9.2.0/gcc/tree-ssa-uncprop.c:448:7:448:18","file:///home/oleksii-shemshur/work/toolchains/source/gcc-9.2.0/gcc/tree-ssa-uncprop.c:448:7:448:18","gimple_opt_pass"
28857,"/home/oleksii-shemshur/work/toolchains/source/gcc-9.2.0/gcc/tree-ssa-uncprop.c","file:///home/oleksii-shemshur/work/toolchains/source/gcc-9.2.0/gcc/tree-ssa-uncprop.c:0:0:0:0","pass_uncprop",5035975,"file:///home/oleksii-shemshur/work/toolchains/source/gcc-9.2.0/gcc/tree-ssa-uncprop.c:448:7:448:18","file:///home/oleksii-shemshur/work/toolchains/source/gcc-9.2.0/gcc/tree-ssa-uncprop.c:448:7:448:18","pass_data"
28857,"/home/oleksii-shemshur/work/toolchains/source/gcc-9.2.0/gcc/tree-ssa-uncprop.c","file:///home/oleksii-shemshur/work/toolchains/source/gcc-9.2.0/gcc/tree-ssa-uncprop.c:0:0:0:0","pass_uncprop",5035975,"file:///home/oleksii-shemshur/work/toolchains/source/gcc-9.2.0/gcc/tree-ssa-uncprop.c:448:7:448:18","file:///home/oleksii-shemshur/work/toolchains/source/gcc-9.2.0/gcc/tree-ssa-uncprop.c:448:7:448:18","pass_uncprop"
28881,"/home/oleksii-shemshur/work/toolchains/source/gcc-9.2.0/gcc/tree-ssa-uninit.c","file:///home/oleksii-shemshur/work/toolchains/source/gcc-9.2.0/gcc/tree-ssa-uninit.c:0:0:0:0","pass_late_warn_uninitialized",5044517,"file:///home/oleksii-shemshur/work/toolchains/source/gcc-9.2.0/gcc/tree-ssa-uninit.c:2640:7:2640:34","file:///home/oleksii-shemshur/work/toolchains/source/gcc-9.2.0/gcc/tree-ssa-uninit.c:2640:7:2640:34","opt_pass"
28881,"/home/oleksii-shemshur/work/toolchains/source/gcc-9.2.0/gcc/tree-ssa-uninit.c","file:///home/oleksii-shemshur/work/toolchains/source/gcc-9.2.0/gcc/tree-ssa-uninit.c:0:0:0:0","pass_late_warn_uninitialized",5044517,"file:///home/oleksii-shemshur/work/toolchains/source/gcc-9.2.0/gcc/tree-ssa-uninit.c:2640:7:2640:34","file:///home/oleksii-shemshur/work/toolchains/source/gcc-9.2.0/gcc/tree-ssa-uninit.c:2640:7:2640:34","gimple_opt_pass"
28881,"/home/oleksii-shemshur/work/toolchains/source/gcc-9.2.0/gcc/tree-ssa-uninit.c","file:///home/oleksii-shemshur/work/toolchains/source/gcc-9.2.0/gcc/tree-ssa-uninit.c:0:0:0:0","pass_late_warn_uninitialized",5044517,"file:///home/oleksii-shemshur/work/toolchains/source/gcc-9.2.0/gcc/tree-ssa-uninit.c:2640:7:2640:34","file:///home/oleksii-shemshur/work/toolchains/source/gcc-9.2.0/gcc/tree-ssa-uninit.c:2640:7:2640:34","pass_data"
28881,"/home/oleksii-shemshur/work/toolchains/source/gcc-9.2.0/gcc/tree-ssa-uninit.c","file:///home/oleksii-shemshur/work/toolchains/source/gcc-9.2.0/gcc/tree-ssa-uninit.c:0:0:0:0","pass_late_warn_uninitialized",5044517,"file:///home/oleksii-shemshur/work/toolchains/source/gcc-9.2.0/gcc/tree-ssa-uninit.c:2640:7:2640:34","file:///home/oleksii-shemshur/work/toolchains/source/gcc-9.2.0/gcc/tree-ssa-uninit.c:2640:7:2640:34","pass_late_warn_uninitialized"
28881,"/home/oleksii-shemshur/work/toolchains/source/gcc-9.2.0/gcc/tree-ssa-uninit.c","file:///home/oleksii-shemshur/work/toolchains/source/gcc-9.2.0/gcc/tree-ssa-uninit.c:0:0:0:0","pass_early_warn_uninitialized",5044513,"file:///home/oleksii-shemshur/work/toolchains/source/gcc-9.2.0/gcc/tree-ssa-uninit.c:2760:7:2760:35","file:///home/oleksii-shemshur/work/toolchains/source/gcc-9.2.0/gcc/tree-ssa-uninit.c:2760:7:2760:35","opt_pass"
28881,"/home/oleksii-shemshur/work/toolchains/source/gcc-9.2.0/gcc/tree-ssa-uninit.c","file:///home/oleksii-shemshur/work/toolchains/source/gcc-9.2.0/gcc/tree-ssa-uninit.c:0:0:0:0","pass_early_warn_uninitialized",5044513,"file:///home/oleksii-shemshur/work/toolchains/source/gcc-9.2.0/gcc/tree-ssa-uninit.c:2760:7:2760:35","file:///home/oleksii-shemshur/work/toolchains/source/gcc-9.2.0/gcc/tree-ssa-uninit.c:2760:7:2760:35","gimple_opt_pass"
28881,"/home/oleksii-shemshur/work/toolchains/source/gcc-9.2.0/gcc/tree-ssa-uninit.c","file:///home/oleksii-shemshur/work/toolchains/source/gcc-9.2.0/gcc/tree-ssa-uninit.c:0:0:0:0","pass_early_warn_uninitialized",5044513,"file:///home/oleksii-shemshur/work/toolchains/source/gcc-9.2.0/gcc/tree-ssa-uninit.c:2760:7:2760:35","file:///home/oleksii-shemshur/work/toolchains/source/gcc-9.2.0/gcc/tree-ssa-uninit.c:2760:7:2760:35","pass_data"
28881,"/home/oleksii-shemshur/work/toolchains/source/gcc-9.2.0/gcc/tree-ssa-uninit.c","file:///home/oleksii-shemshur/work/toolchains/source/gcc-9.2.0/gcc/tree-ssa-uninit.c:0:0:0:0","pass_early_warn_uninitialized",5044513,"file:///home/oleksii-shemshur/work/toolchains/source/gcc-9.2.0/gcc/tree-ssa-uninit.c:2760:7:2760:35","file:///home/oleksii-shemshur/work/toolchains/source/gcc-9.2.0/gcc/tree-ssa-uninit.c:2760:7:2760:35","pass_early_warn_uninitialized"
28902,"/home/oleksii-shemshur/work/toolchains/source/gcc-9.2.0/gcc/tree-ssa.c","file:///home/oleksii-shemshur/work/toolchains/source/gcc-9.2.0/gcc/tree-ssa.c:0:0:0:0","pass_update_address_taken",5051730,"file:///home/oleksii-shemshur/work/toolchains/source/gcc-9.2.0/gcc/tree-ssa.c:2068:7:2068:31","file:///home/oleksii-shemshur/work/toolchains/source/gcc-9.2.0/gcc/tree-ssa.c:2068:7:2068:31","opt_pass"
28902,"/home/oleksii-shemshur/work/toolchains/source/gcc-9.2.0/gcc/tree-ssa.c","file:///home/oleksii-shemshur/work/toolchains/source/gcc-9.2.0/gcc/tree-ssa.c:0:0:0:0","pass_update_address_taken",5051730,"file:///home/oleksii-shemshur/work/toolchains/source/gcc-9.2.0/gcc/tree-ssa.c:2068:7:2068:31","file:///home/oleksii-shemshur/work/toolchains/source/gcc-9.2.0/gcc/tree-ssa.c:2068:7:2068:31","gimple_opt_pass"
28902,"/home/oleksii-shemshur/work/toolchains/source/gcc-9.2.0/gcc/tree-ssa.c","file:///home/oleksii-shemshur/work/toolchains/source/gcc-9.2.0/gcc/tree-ssa.c:0:0:0:0","pass_update_address_taken",5051730,"file:///home/oleksii-shemshur/work/toolchains/source/gcc-9.2.0/gcc/tree-ssa.c:2068:7:2068:31","file:///home/oleksii-shemshur/work/toolchains/source/gcc-9.2.0/gcc/tree-ssa.c:2068:7:2068:31","pass_data"
28902,"/home/oleksii-shemshur/work/toolchains/source/gcc-9.2.0/gcc/tree-ssa.c","file:///home/oleksii-shemshur/work/toolchains/source/gcc-9.2.0/gcc/tree-ssa.c:0:0:0:0","pass_update_address_taken",5051730,"file:///home/oleksii-shemshur/work/toolchains/source/gcc-9.2.0/gcc/tree-ssa.c:2068:7:2068:31","file:///home/oleksii-shemshur/work/toolchains/source/gcc-9.2.0/gcc/tree-ssa.c:2068:7:2068:31","pass_update_address_taken"
28945,"/home/oleksii-shemshur/work/toolchains/source/gcc-9.2.0/gcc/tree-ssanames.c","file:///home/oleksii-shemshur/work/toolchains/source/gcc-9.2.0/gcc/tree-ssanames.c:0:0:0:0","pass_release_ssa_names",5056317,"file:///home/oleksii-shemshur/work/toolchains/source/gcc-9.2.0/gcc/tree-ssanames.c:936:7:936:28","file:///home/oleksii-shemshur/work/toolchains/source/gcc-9.2.0/gcc/tree-ssanames.c:936:7:936:28","opt_pass"
28945,"/home/oleksii-shemshur/work/toolchains/source/gcc-9.2.0/gcc/tree-ssanames.c","file:///home/oleksii-shemshur/work/toolchains/source/gcc-9.2.0/gcc/tree-ssanames.c:0:0:0:0","pass_release_ssa_names",5056317,"file:///home/oleksii-shemshur/work/toolchains/source/gcc-9.2.0/gcc/tree-ssanames.c:936:7:936:28","file:///home/oleksii-shemshur/work/toolchains/source/gcc-9.2.0/gcc/tree-ssanames.c:936:7:936:28","gimple_opt_pass"
28945,"/home/oleksii-shemshur/work/toolchains/source/gcc-9.2.0/gcc/tree-ssanames.c","file:///home/oleksii-shemshur/work/toolchains/source/gcc-9.2.0/gcc/tree-ssanames.c:0:0:0:0","pass_release_ssa_names",5056317,"file:///home/oleksii-shemshur/work/toolchains/source/gcc-9.2.0/gcc/tree-ssanames.c:936:7:936:28","file:///home/oleksii-shemshur/work/toolchains/source/gcc-9.2.0/gcc/tree-ssanames.c:936:7:936:28","pass_data"
28945,"/home/oleksii-shemshur/work/toolchains/source/gcc-9.2.0/gcc/tree-ssanames.c","file:///home/oleksii-shemshur/work/toolchains/source/gcc-9.2.0/gcc/tree-ssanames.c:0:0:0:0","pass_release_ssa_names",5056317,"file:///home/oleksii-shemshur/work/toolchains/source/gcc-9.2.0/gcc/tree-ssanames.c:936:7:936:28","file:///home/oleksii-shemshur/work/toolchains/source/gcc-9.2.0/gcc/tree-ssanames.c:936:7:936:28","pass_release_ssa_names"
28993,"/home/oleksii-shemshur/work/toolchains/source/gcc-9.2.0/gcc/tree-stdarg.c","file:///home/oleksii-shemshur/work/toolchains/source/gcc-9.2.0/gcc/tree-stdarg.c:0:0:0:0","pass_lower_vaarg",5060348,"file:///home/oleksii-shemshur/work/toolchains/source/gcc-9.2.0/gcc/tree-stdarg.c:1180:7:1180:22","file:///home/oleksii-shemshur/work/toolchains/source/gcc-9.2.0/gcc/tree-stdarg.c:1180:7:1180:22","opt_pass"
28993,"/home/oleksii-shemshur/work/toolchains/source/gcc-9.2.0/gcc/tree-stdarg.c","file:///home/oleksii-shemshur/work/toolchains/source/gcc-9.2.0/gcc/tree-stdarg.c:0:0:0:0","pass_lower_vaarg",5060348,"file:///home/oleksii-shemshur/work/toolchains/source/gcc-9.2.0/gcc/tree-stdarg.c:1180:7:1180:22","file:///home/oleksii-shemshur/work/toolchains/source/gcc-9.2.0/gcc/tree-stdarg.c:1180:7:1180:22","gimple_opt_pass"
28993,"/home/oleksii-shemshur/work/toolchains/source/gcc-9.2.0/gcc/tree-stdarg.c","file:///home/oleksii-shemshur/work/toolchains/source/gcc-9.2.0/gcc/tree-stdarg.c:0:0:0:0","pass_lower_vaarg",5060348,"file:///home/oleksii-shemshur/work/toolchains/source/gcc-9.2.0/gcc/tree-stdarg.c:1180:7:1180:22","file:///home/oleksii-shemshur/work/toolchains/source/gcc-9.2.0/gcc/tree-stdarg.c:1180:7:1180:22","pass_data"
28993,"/home/oleksii-shemshur/work/toolchains/source/gcc-9.2.0/gcc/tree-stdarg.c","file:///home/oleksii-shemshur/work/toolchains/source/gcc-9.2.0/gcc/tree-stdarg.c:0:0:0:0","pass_lower_vaarg",5060348,"file:///home/oleksii-shemshur/work/toolchains/source/gcc-9.2.0/gcc/tree-stdarg.c:1180:7:1180:22","file:///home/oleksii-shemshur/work/toolchains/source/gcc-9.2.0/gcc/tree-stdarg.c:1180:7:1180:22","pass_lower_vaarg"
28993,"/home/oleksii-shemshur/work/toolchains/source/gcc-9.2.0/gcc/tree-stdarg.c","file:///home/oleksii-shemshur/work/toolchains/source/gcc-9.2.0/gcc/tree-stdarg.c:0:0:0:0","pass_stdarg",5060352,"file:///home/oleksii-shemshur/work/toolchains/source/gcc-9.2.0/gcc/tree-stdarg.c:1121:7:1121:17","file:///home/oleksii-shemshur/work/toolchains/source/gcc-9.2.0/gcc/tree-stdarg.c:1121:7:1121:17","opt_pass"
28993,"/home/oleksii-shemshur/work/toolchains/source/gcc-9.2.0/gcc/tree-stdarg.c","file:///home/oleksii-shemshur/work/toolchains/source/gcc-9.2.0/gcc/tree-stdarg.c:0:0:0:0","pass_stdarg",5060352,"file:///home/oleksii-shemshur/work/toolchains/source/gcc-9.2.0/gcc/tree-stdarg.c:1121:7:1121:17","file:///home/oleksii-shemshur/work/toolchains/source/gcc-9.2.0/gcc/tree-stdarg.c:1121:7:1121:17","gimple_opt_pass"
28993,"/home/oleksii-shemshur/work/toolchains/source/gcc-9.2.0/gcc/tree-stdarg.c","file:///home/oleksii-shemshur/work/toolchains/source/gcc-9.2.0/gcc/tree-stdarg.c:0:0:0:0","pass_stdarg",5060352,"file:///home/oleksii-shemshur/work/toolchains/source/gcc-9.2.0/gcc/tree-stdarg.c:1121:7:1121:17","file:///home/oleksii-shemshur/work/toolchains/source/gcc-9.2.0/gcc/tree-stdarg.c:1121:7:1121:17","pass_data"
28993,"/home/oleksii-shemshur/work/toolchains/source/gcc-9.2.0/gcc/tree-stdarg.c","file:///home/oleksii-shemshur/work/toolchains/source/gcc-9.2.0/gcc/tree-stdarg.c:0:0:0:0","pass_stdarg",5060352,"file:///home/oleksii-shemshur/work/toolchains/source/gcc-9.2.0/gcc/tree-stdarg.c:1121:7:1121:17","file:///home/oleksii-shemshur/work/toolchains/source/gcc-9.2.0/gcc/tree-stdarg.c:1121:7:1121:17","pass_stdarg"
29088,"/home/oleksii-shemshur/work/toolchains/source/gcc-9.2.0/gcc/tree-switch-conversion.c","file:///home/oleksii-shemshur/work/toolchains/source/gcc-9.2.0/gcc/tree-switch-conversion.c:0:0:0:0","pass_convert_switch",5079033,"file:///home/oleksii-shemshur/work/toolchains/source/gcc-9.2.0/gcc/tree-switch-conversion.c:2367:7:2367:25","file:///home/oleksii-shemshur/work/toolchains/source/gcc-9.2.0/gcc/tree-switch-conversion.c:2367:7:2367:25","opt_pass"
29088,"/home/oleksii-shemshur/work/toolchains/source/gcc-9.2.0/gcc/tree-switch-conversion.c","file:///home/oleksii-shemshur/work/toolchains/source/gcc-9.2.0/gcc/tree-switch-conversion.c:0:0:0:0","pass_convert_switch",5079033,"file:///home/oleksii-shemshur/work/toolchains/source/gcc-9.2.0/gcc/tree-switch-conversion.c:2367:7:2367:25","file:///home/oleksii-shemshur/work/toolchains/source/gcc-9.2.0/gcc/tree-switch-conversion.c:2367:7:2367:25","gimple_opt_pass"
29088,"/home/oleksii-shemshur/work/toolchains/source/gcc-9.2.0/gcc/tree-switch-conversion.c","file:///home/oleksii-shemshur/work/toolchains/source/gcc-9.2.0/gcc/tree-switch-conversion.c:0:0:0:0","pass_convert_switch",5079033,"file:///home/oleksii-shemshur/work/toolchains/source/gcc-9.2.0/gcc/tree-switch-conversion.c:2367:7:2367:25","file:///home/oleksii-shemshur/work/toolchains/source/gcc-9.2.0/gcc/tree-switch-conversion.c:2367:7:2367:25","pass_data"
29088,"/home/oleksii-shemshur/work/toolchains/source/gcc-9.2.0/gcc/tree-switch-conversion.c","file:///home/oleksii-shemshur/work/toolchains/source/gcc-9.2.0/gcc/tree-switch-conversion.c:0:0:0:0","pass_convert_switch",5079033,"file:///home/oleksii-shemshur/work/toolchains/source/gcc-9.2.0/gcc/tree-switch-conversion.c:2367:7:2367:25","file:///home/oleksii-shemshur/work/toolchains/source/gcc-9.2.0/gcc/tree-switch-conversion.c:2367:7:2367:25","pass_convert_switch"
29088,"/home/oleksii-shemshur/work/toolchains/source/gcc-9.2.0/gcc/tree-switch-conversion.c","file:///home/oleksii-shemshur/work/toolchains/source/gcc-9.2.0/gcc/tree-switch-conversion.c:0:0:0:0","pass_lower_switch<O0>",5079040,"file:///home/oleksii-shemshur/work/toolchains/source/gcc-9.2.0/gcc/tree-switch-conversion.c:2447:26:2447:42","file:///home/oleksii-shemshur/work/toolchains/source/gcc-9.2.0/gcc/tree-switch-conversion.c:2447:26:2447:42","opt_pass"
29088,"/home/oleksii-shemshur/work/toolchains/source/gcc-9.2.0/gcc/tree-switch-conversion.c","file:///home/oleksii-shemshur/work/toolchains/source/gcc-9.2.0/gcc/tree-switch-conversion.c:0:0:0:0","pass_lower_switch<O0>",5079040,"file:///home/oleksii-shemshur/work/toolchains/source/gcc-9.2.0/gcc/tree-switch-conversion.c:2447:26:2447:42","file:///home/oleksii-shemshur/work/toolchains/source/gcc-9.2.0/gcc/tree-switch-conversion.c:2447:26:2447:42","gimple_opt_pass"
29088,"/home/oleksii-shemshur/work/toolchains/source/gcc-9.2.0/gcc/tree-switch-conversion.c","file:///home/oleksii-shemshur/work/toolchains/source/gcc-9.2.0/gcc/tree-switch-conversion.c:0:0:0:0","pass_lower_switch<O0>",5079040,"file:///home/oleksii-shemshur/work/toolchains/source/gcc-9.2.0/gcc/tree-switch-conversion.c:2447:26:2447:42","file:///home/oleksii-shemshur/work/toolchains/source/gcc-9.2.0/gcc/tree-switch-conversion.c:2447:26:2447:42","pass_data"
29088,"/home/oleksii-shemshur/work/toolchains/source/gcc-9.2.0/gcc/tree-switch-conversion.c","file:///home/oleksii-shemshur/work/toolchains/source/gcc-9.2.0/gcc/tree-switch-conversion.c:0:0:0:0","pass_lower_switch<O0>",5079040,"file:///home/oleksii-shemshur/work/toolchains/source/gcc-9.2.0/gcc/tree-switch-conversion.c:2447:26:2447:42","file:///home/oleksii-shemshur/work/toolchains/source/gcc-9.2.0/gcc/tree-switch-conversion.c:2447:26:2447:42","pass_lower_switch<O0>"
29088,"/home/oleksii-shemshur/work/toolchains/source/gcc-9.2.0/gcc/tree-switch-conversion.c","file:///home/oleksii-shemshur/work/toolchains/source/gcc-9.2.0/gcc/tree-switch-conversion.c:0:0:0:0","pass_lower_switch<true>",5079040,"file:///home/oleksii-shemshur/work/toolchains/source/gcc-9.2.0/gcc/tree-switch-conversion.c:2447:26:2447:42","file:///home/oleksii-shemshur/work/toolchains/source/gcc-9.2.0/gcc/tree-switch-conversion.c:2447:26:2447:42","opt_pass"
29088,"/home/oleksii-shemshur/work/toolchains/source/gcc-9.2.0/gcc/tree-switch-conversion.c","file:///home/oleksii-shemshur/work/toolchains/source/gcc-9.2.0/gcc/tree-switch-conversion.c:0:0:0:0","pass_lower_switch<true>",5079040,"file:///home/oleksii-shemshur/work/toolchains/source/gcc-9.2.0/gcc/tree-switch-conversion.c:2447:26:2447:42","file:///home/oleksii-shemshur/work/toolchains/source/gcc-9.2.0/gcc/tree-switch-conversion.c:2447:26:2447:42","gimple_opt_pass"
29088,"/home/oleksii-shemshur/work/toolchains/source/gcc-9.2.0/gcc/tree-switch-conversion.c","file:///home/oleksii-shemshur/work/toolchains/source/gcc-9.2.0/gcc/tree-switch-conversion.c:0:0:0:0","pass_lower_switch<true>",5079040,"file:///home/oleksii-shemshur/work/toolchains/source/gcc-9.2.0/gcc/tree-switch-conversion.c:2447:26:2447:42","file:///home/oleksii-shemshur/work/toolchains/source/gcc-9.2.0/gcc/tree-switch-conversion.c:2447:26:2447:42","pass_data"
29088,"/home/oleksii-shemshur/work/toolchains/source/gcc-9.2.0/gcc/tree-switch-conversion.c","file:///home/oleksii-shemshur/work/toolchains/source/gcc-9.2.0/gcc/tree-switch-conversion.c:0:0:0:0","pass_lower_switch<true>",5079040,"file:///home/oleksii-shemshur/work/toolchains/source/gcc-9.2.0/gcc/tree-switch-conversion.c:2447:26:2447:42","file:///home/oleksii-shemshur/work/toolchains/source/gcc-9.2.0/gcc/tree-switch-conversion.c:2447:26:2447:42","pass_lower_switch<true>"
29088,"/home/oleksii-shemshur/work/toolchains/source/gcc-9.2.0/gcc/tree-switch-conversion.c","file:///home/oleksii-shemshur/work/toolchains/source/gcc-9.2.0/gcc/tree-switch-conversion.c:0:0:0:0","pass_lower_switch<false>",5079040,"file:///home/oleksii-shemshur/work/toolchains/source/gcc-9.2.0/gcc/tree-switch-conversion.c:2447:26:2447:42","file:///home/oleksii-shemshur/work/toolchains/source/gcc-9.2.0/gcc/tree-switch-conversion.c:2447:26:2447:42","opt_pass"
29088,"/home/oleksii-shemshur/work/toolchains/source/gcc-9.2.0/gcc/tree-switch-conversion.c","file:///home/oleksii-shemshur/work/toolchains/source/gcc-9.2.0/gcc/tree-switch-conversion.c:0:0:0:0","pass_lower_switch<false>",5079040,"file:///home/oleksii-shemshur/work/toolchains/source/gcc-9.2.0/gcc/tree-switch-conversion.c:2447:26:2447:42","file:///home/oleksii-shemshur/work/toolchains/source/gcc-9.2.0/gcc/tree-switch-conversion.c:2447:26:2447:42","gimple_opt_pass"
29088,"/home/oleksii-shemshur/work/toolchains/source/gcc-9.2.0/gcc/tree-switch-conversion.c","file:///home/oleksii-shemshur/work/toolchains/source/gcc-9.2.0/gcc/tree-switch-conversion.c:0:0:0:0","pass_lower_switch<false>",5079040,"file:///home/oleksii-shemshur/work/toolchains/source/gcc-9.2.0/gcc/tree-switch-conversion.c:2447:26:2447:42","file:///home/oleksii-shemshur/work/toolchains/source/gcc-9.2.0/gcc/tree-switch-conversion.c:2447:26:2447:42","pass_data"
29088,"/home/oleksii-shemshur/work/toolchains/source/gcc-9.2.0/gcc/tree-switch-conversion.c","file:///home/oleksii-shemshur/work/toolchains/source/gcc-9.2.0/gcc/tree-switch-conversion.c:0:0:0:0","pass_lower_switch<false>",5079040,"file:///home/oleksii-shemshur/work/toolchains/source/gcc-9.2.0/gcc/tree-switch-conversion.c:2447:26:2447:42","file:///home/oleksii-shemshur/work/toolchains/source/gcc-9.2.0/gcc/tree-switch-conversion.c:2447:26:2447:42","pass_lower_switch<false>"
29157,"/home/oleksii-shemshur/work/toolchains/source/gcc-9.2.0/gcc/tree-tailcall.c","file:///home/oleksii-shemshur/work/toolchains/source/gcc-9.2.0/gcc/tree-tailcall.c:0:0:0:0","pass_tail_calls",5083685,"file:///home/oleksii-shemshur/work/toolchains/source/gcc-9.2.0/gcc/tree-tailcall.c:1191:7:1191:21","file:///home/oleksii-shemshur/work/toolchains/source/gcc-9.2.0/gcc/tree-tailcall.c:1191:7:1191:21","opt_pass"
29157,"/home/oleksii-shemshur/work/toolchains/source/gcc-9.2.0/gcc/tree-tailcall.c","file:///home/oleksii-shemshur/work/toolchains/source/gcc-9.2.0/gcc/tree-tailcall.c:0:0:0:0","pass_tail_calls",5083685,"file:///home/oleksii-shemshur/work/toolchains/source/gcc-9.2.0/gcc/tree-tailcall.c:1191:7:1191:21","file:///home/oleksii-shemshur/work/toolchains/source/gcc-9.2.0/gcc/tree-tailcall.c:1191:7:1191:21","gimple_opt_pass"
29157,"/home/oleksii-shemshur/work/toolchains/source/gcc-9.2.0/gcc/tree-tailcall.c","file:///home/oleksii-shemshur/work/toolchains/source/gcc-9.2.0/gcc/tree-tailcall.c:0:0:0:0","pass_tail_calls",5083685,"file:///home/oleksii-shemshur/work/toolchains/source/gcc-9.2.0/gcc/tree-tailcall.c:1191:7:1191:21","file:///home/oleksii-shemshur/work/toolchains/source/gcc-9.2.0/gcc/tree-tailcall.c:1191:7:1191:21","pass_data"
29157,"/home/oleksii-shemshur/work/toolchains/source/gcc-9.2.0/gcc/tree-tailcall.c","file:///home/oleksii-shemshur/work/toolchains/source/gcc-9.2.0/gcc/tree-tailcall.c:0:0:0:0","pass_tail_calls",5083685,"file:///home/oleksii-shemshur/work/toolchains/source/gcc-9.2.0/gcc/tree-tailcall.c:1191:7:1191:21","file:///home/oleksii-shemshur/work/toolchains/source/gcc-9.2.0/gcc/tree-tailcall.c:1191:7:1191:21","pass_tail_calls"
29157,"/home/oleksii-shemshur/work/toolchains/source/gcc-9.2.0/gcc/tree-tailcall.c","file:///home/oleksii-shemshur/work/toolchains/source/gcc-9.2.0/gcc/tree-tailcall.c:0:0:0:0","pass_tail_recursion",5083689,"file:///home/oleksii-shemshur/work/toolchains/source/gcc-9.2.0/gcc/tree-tailcall.c:1151:7:1151:25","file:///home/oleksii-shemshur/work/toolchains/source/gcc-9.2.0/gcc/tree-tailcall.c:1151:7:1151:25","opt_pass"
29157,"/home/oleksii-shemshur/work/toolchains/source/gcc-9.2.0/gcc/tree-tailcall.c","file:///home/oleksii-shemshur/work/toolchains/source/gcc-9.2.0/gcc/tree-tailcall.c:0:0:0:0","pass_tail_recursion",5083689,"file:///home/oleksii-shemshur/work/toolchains/source/gcc-9.2.0/gcc/tree-tailcall.c:1151:7:1151:25","file:///home/oleksii-shemshur/work/toolchains/source/gcc-9.2.0/gcc/tree-tailcall.c:1151:7:1151:25","gimple_opt_pass"
29157,"/home/oleksii-shemshur/work/toolchains/source/gcc-9.2.0/gcc/tree-tailcall.c","file:///home/oleksii-shemshur/work/toolchains/source/gcc-9.2.0/gcc/tree-tailcall.c:0:0:0:0","pass_tail_recursion",5083689,"file:///home/oleksii-shemshur/work/toolchains/source/gcc-9.2.0/gcc/tree-tailcall.c:1151:7:1151:25","file:///home/oleksii-shemshur/work/toolchains/source/gcc-9.2.0/gcc/tree-tailcall.c:1151:7:1151:25","pass_data"
29157,"/home/oleksii-shemshur/work/toolchains/source/gcc-9.2.0/gcc/tree-tailcall.c","file:///home/oleksii-shemshur/work/toolchains/source/gcc-9.2.0/gcc/tree-tailcall.c:0:0:0:0","pass_tail_recursion",5083689,"file:///home/oleksii-shemshur/work/toolchains/source/gcc-9.2.0/gcc/tree-tailcall.c:1151:7:1151:25","file:///home/oleksii-shemshur/work/toolchains/source/gcc-9.2.0/gcc/tree-tailcall.c:1151:7:1151:25","pass_tail_recursion"
29268,"/home/oleksii-shemshur/work/toolchains/source/gcc-9.2.0/gcc/tree-vect-generic.c","file:///home/oleksii-shemshur/work/toolchains/source/gcc-9.2.0/gcc/tree-vect-generic.c:0:0:0:0","pass_lower_vector",5113864,"file:///home/oleksii-shemshur/work/toolchains/source/gcc-9.2.0/gcc/tree-vect-generic.c:2226:7:2226:23","file:///home/oleksii-shemshur/work/toolchains/source/gcc-9.2.0/gcc/tree-vect-generic.c:2226:7:2226:23","opt_pass"
29268,"/home/oleksii-shemshur/work/toolchains/source/gcc-9.2.0/gcc/tree-vect-generic.c","file:///home/oleksii-shemshur/work/toolchains/source/gcc-9.2.0/gcc/tree-vect-generic.c:0:0:0:0","pass_lower_vector",5113864,"file:///home/oleksii-shemshur/work/toolchains/source/gcc-9.2.0/gcc/tree-vect-generic.c:2226:7:2226:23","file:///home/oleksii-shemshur/work/toolchains/source/gcc-9.2.0/gcc/tree-vect-generic.c:2226:7:2226:23","gimple_opt_pass"
29268,"/home/oleksii-shemshur/work/toolchains/source/gcc-9.2.0/gcc/tree-vect-generic.c","file:///home/oleksii-shemshur/work/toolchains/source/gcc-9.2.0/gcc/tree-vect-generic.c:0:0:0:0","pass_lower_vector",5113864,"file:///home/oleksii-shemshur/work/toolchains/source/gcc-9.2.0/gcc/tree-vect-generic.c:2226:7:2226:23","file:///home/oleksii-shemshur/work/toolchains/source/gcc-9.2.0/gcc/tree-vect-generic.c:2226:7:2226:23","pass_data"
29268,"/home/oleksii-shemshur/work/toolchains/source/gcc-9.2.0/gcc/tree-vect-generic.c","file:///home/oleksii-shemshur/work/toolchains/source/gcc-9.2.0/gcc/tree-vect-generic.c:0:0:0:0","pass_lower_vector",5113864,"file:///home/oleksii-shemshur/work/toolchains/source/gcc-9.2.0/gcc/tree-vect-generic.c:2226:7:2226:23","file:///home/oleksii-shemshur/work/toolchains/source/gcc-9.2.0/gcc/tree-vect-generic.c:2226:7:2226:23","pass_lower_vector"
29268,"/home/oleksii-shemshur/work/toolchains/source/gcc-9.2.0/gcc/tree-vect-generic.c","file:///home/oleksii-shemshur/work/toolchains/source/gcc-9.2.0/gcc/tree-vect-generic.c:0:0:0:0","pass_lower_vector_ssa",5113860,"file:///home/oleksii-shemshur/work/toolchains/source/gcc-9.2.0/gcc/tree-vect-generic.c:2270:7:2270:27","file:///home/oleksii-shemshur/work/toolchains/source/gcc-9.2.0/gcc/tree-vect-generic.c:2270:7:2270:27","opt_pass"
29268,"/home/oleksii-shemshur/work/toolchains/source/gcc-9.2.0/gcc/tree-vect-generic.c","file:///home/oleksii-shemshur/work/toolchains/source/gcc-9.2.0/gcc/tree-vect-generic.c:0:0:0:0","pass_lower_vector_ssa",5113860,"file:///home/oleksii-shemshur/work/toolchains/source/gcc-9.2.0/gcc/tree-vect-generic.c:2270:7:2270:27","file:///home/oleksii-shemshur/work/toolchains/source/gcc-9.2.0/gcc/tree-vect-generic.c:2270:7:2270:27","gimple_opt_pass"
29268,"/home/oleksii-shemshur/work/toolchains/source/gcc-9.2.0/gcc/tree-vect-generic.c","file:///home/oleksii-shemshur/work/toolchains/source/gcc-9.2.0/gcc/tree-vect-generic.c:0:0:0:0","pass_lower_vector_ssa",5113860,"file:///home/oleksii-shemshur/work/toolchains/source/gcc-9.2.0/gcc/tree-vect-generic.c:2270:7:2270:27","file:///home/oleksii-shemshur/work/toolchains/source/gcc-9.2.0/gcc/tree-vect-generic.c:2270:7:2270:27","pass_data"
29268,"/home/oleksii-shemshur/work/toolchains/source/gcc-9.2.0/gcc/tree-vect-generic.c","file:///home/oleksii-shemshur/work/toolchains/source/gcc-9.2.0/gcc/tree-vect-generic.c:0:0:0:0","pass_lower_vector_ssa",5113860,"file:///home/oleksii-shemshur/work/toolchains/source/gcc-9.2.0/gcc/tree-vect-generic.c:2270:7:2270:27","file:///home/oleksii-shemshur/work/toolchains/source/gcc-9.2.0/gcc/tree-vect-generic.c:2270:7:2270:27","pass_lower_vector_ssa"
29432,"/home/oleksii-shemshur/work/toolchains/source/gcc-9.2.0/gcc/tree-vectorizer.c","file:///home/oleksii-shemshur/work/toolchains/source/gcc-9.2.0/gcc/tree-vectorizer.c:0:0:0:0","pass_simduid_cleanup",5220216,"file:///home/oleksii-shemshur/work/toolchains/source/gcc-9.2.0/gcc/tree-vectorizer.c:1207:7:1207:26","file:///home/oleksii-shemshur/work/toolchains/source/gcc-9.2.0/gcc/tree-vectorizer.c:1207:7:1207:26","opt_pass"
29432,"/home/oleksii-shemshur/work/toolchains/source/gcc-9.2.0/gcc/tree-vectorizer.c","file:///home/oleksii-shemshur/work/toolchains/source/gcc-9.2.0/gcc/tree-vectorizer.c:0:0:0:0","pass_simduid_cleanup",5220216,"file:///home/oleksii-shemshur/work/toolchains/source/gcc-9.2.0/gcc/tree-vectorizer.c:1207:7:1207:26","file:///home/oleksii-shemshur/work/toolchains/source/gcc-9.2.0/gcc/tree-vectorizer.c:1207:7:1207:26","gimple_opt_pass"
29432,"/home/oleksii-shemshur/work/toolchains/source/gcc-9.2.0/gcc/tree-vectorizer.c","file:///home/oleksii-shemshur/work/toolchains/source/gcc-9.2.0/gcc/tree-vectorizer.c:0:0:0:0","pass_simduid_cleanup",5220216,"file:///home/oleksii-shemshur/work/toolchains/source/gcc-9.2.0/gcc/tree-vectorizer.c:1207:7:1207:26","file:///home/oleksii-shemshur/work/toolchains/source/gcc-9.2.0/gcc/tree-vectorizer.c:1207:7:1207:26","pass_data"
29432,"/home/oleksii-shemshur/work/toolchains/source/gcc-9.2.0/gcc/tree-vectorizer.c","file:///home/oleksii-shemshur/work/toolchains/source/gcc-9.2.0/gcc/tree-vectorizer.c:0:0:0:0","pass_simduid_cleanup",5220216,"file:///home/oleksii-shemshur/work/toolchains/source/gcc-9.2.0/gcc/tree-vectorizer.c:1207:7:1207:26","file:///home/oleksii-shemshur/work/toolchains/source/gcc-9.2.0/gcc/tree-vectorizer.c:1207:7:1207:26","pass_simduid_cleanup"
29432,"/home/oleksii-shemshur/work/toolchains/source/gcc-9.2.0/gcc/tree-vectorizer.c","file:///home/oleksii-shemshur/work/toolchains/source/gcc-9.2.0/gcc/tree-vectorizer.c:0:0:0:0","pass_slp_vectorize",5220212,"file:///home/oleksii-shemshur/work/toolchains/source/gcc-9.2.0/gcc/tree-vectorizer.c:1265:7:1265:24","file:///home/oleksii-shemshur/work/toolchains/source/gcc-9.2.0/gcc/tree-vectorizer.c:1265:7:1265:24","opt_pass"
29432,"/home/oleksii-shemshur/work/toolchains/source/gcc-9.2.0/gcc/tree-vectorizer.c","file:///home/oleksii-shemshur/work/toolchains/source/gcc-9.2.0/gcc/tree-vectorizer.c:0:0:0:0","pass_slp_vectorize",5220212,"file:///home/oleksii-shemshur/work/toolchains/source/gcc-9.2.0/gcc/tree-vectorizer.c:1265:7:1265:24","file:///home/oleksii-shemshur/work/toolchains/source/gcc-9.2.0/gcc/tree-vectorizer.c:1265:7:1265:24","gimple_opt_pass"
29432,"/home/oleksii-shemshur/work/toolchains/source/gcc-9.2.0/gcc/tree-vectorizer.c","file:///home/oleksii-shemshur/work/toolchains/source/gcc-9.2.0/gcc/tree-vectorizer.c:0:0:0:0","pass_slp_vectorize",5220212,"file:///home/oleksii-shemshur/work/toolchains/source/gcc-9.2.0/gcc/tree-vectorizer.c:1265:7:1265:24","file:///home/oleksii-shemshur/work/toolchains/source/gcc-9.2.0/gcc/tree-vectorizer.c:1265:7:1265:24","pass_data"
29432,"/home/oleksii-shemshur/work/toolchains/source/gcc-9.2.0/gcc/tree-vectorizer.c","file:///home/oleksii-shemshur/work/toolchains/source/gcc-9.2.0/gcc/tree-vectorizer.c:0:0:0:0","pass_slp_vectorize",5220212,"file:///home/oleksii-shemshur/work/toolchains/source/gcc-9.2.0/gcc/tree-vectorizer.c:1265:7:1265:24","file:///home/oleksii-shemshur/work/toolchains/source/gcc-9.2.0/gcc/tree-vectorizer.c:1265:7:1265:24","pass_slp_vectorize"
29432,"/home/oleksii-shemshur/work/toolchains/source/gcc-9.2.0/gcc/tree-vectorizer.c","file:///home/oleksii-shemshur/work/toolchains/source/gcc-9.2.0/gcc/tree-vectorizer.c:0:0:0:0","pass_ipa_increase_alignment",5220208,"file:///home/oleksii-shemshur/work/toolchains/source/gcc-9.2.0/gcc/tree-vectorizer.c:1491:7:1491:33","file:///home/oleksii-shemshur/work/toolchains/source/gcc-9.2.0/gcc/tree-vectorizer.c:1491:7:1491:33","opt_pass"
29432,"/home/oleksii-shemshur/work/toolchains/source/gcc-9.2.0/gcc/tree-vectorizer.c","file:///home/oleksii-shemshur/work/toolchains/source/gcc-9.2.0/gcc/tree-vectorizer.c:0:0:0:0","pass_ipa_increase_alignment",5220208,"file:///home/oleksii-shemshur/work/toolchains/source/gcc-9.2.0/gcc/tree-vectorizer.c:1491:7:1491:33","file:///home/oleksii-shemshur/work/toolchains/source/gcc-9.2.0/gcc/tree-vectorizer.c:1491:7:1491:33","simple_ipa_opt_pass"
29432,"/home/oleksii-shemshur/work/toolchains/source/gcc-9.2.0/gcc/tree-vectorizer.c","file:///home/oleksii-shemshur/work/toolchains/source/gcc-9.2.0/gcc/tree-vectorizer.c:0:0:0:0","pass_ipa_increase_alignment",5220208,"file:///home/oleksii-shemshur/work/toolchains/source/gcc-9.2.0/gcc/tree-vectorizer.c:1491:7:1491:33","file:///home/oleksii-shemshur/work/toolchains/source/gcc-9.2.0/gcc/tree-vectorizer.c:1491:7:1491:33","pass_data"
29432,"/home/oleksii-shemshur/work/toolchains/source/gcc-9.2.0/gcc/tree-vectorizer.c","file:///home/oleksii-shemshur/work/toolchains/source/gcc-9.2.0/gcc/tree-vectorizer.c:0:0:0:0","pass_ipa_increase_alignment",5220208,"file:///home/oleksii-shemshur/work/toolchains/source/gcc-9.2.0/gcc/tree-vectorizer.c:1491:7:1491:33","file:///home/oleksii-shemshur/work/toolchains/source/gcc-9.2.0/gcc/tree-vectorizer.c:1491:7:1491:33","pass_ipa_increase_alignment"
29508,"/home/oleksii-shemshur/work/toolchains/source/gcc-9.2.0/gcc/tree-vrp.c","file:///home/oleksii-shemshur/work/toolchains/source/gcc-9.2.0/gcc/tree-vrp.c:0:0:0:0","pass_vrp",5242821,"file:///home/oleksii-shemshur/work/toolchains/source/gcc-9.2.0/gcc/tree-vrp.c:6845:7:6845:14","file:///home/oleksii-shemshur/work/toolchains/source/gcc-9.2.0/gcc/tree-vrp.c:6845:7:6845:14","opt_pass"
29508,"/home/oleksii-shemshur/work/toolchains/source/gcc-9.2.0/gcc/tree-vrp.c","file:///home/oleksii-shemshur/work/toolchains/source/gcc-9.2.0/gcc/tree-vrp.c:0:0:0:0","pass_vrp",5242821,"file:///home/oleksii-shemshur/work/toolchains/source/gcc-9.2.0/gcc/tree-vrp.c:6845:7:6845:14","file:///home/oleksii-shemshur/work/toolchains/source/gcc-9.2.0/gcc/tree-vrp.c:6845:7:6845:14","gimple_opt_pass"
29508,"/home/oleksii-shemshur/work/toolchains/source/gcc-9.2.0/gcc/tree-vrp.c","file:///home/oleksii-shemshur/work/toolchains/source/gcc-9.2.0/gcc/tree-vrp.c:0:0:0:0","pass_vrp",5242821,"file:///home/oleksii-shemshur/work/toolchains/source/gcc-9.2.0/gcc/tree-vrp.c:6845:7:6845:14","file:///home/oleksii-shemshur/work/toolchains/source/gcc-9.2.0/gcc/tree-vrp.c:6845:7:6845:14","pass_data"
29508,"/home/oleksii-shemshur/work/toolchains/source/gcc-9.2.0/gcc/tree-vrp.c","file:///home/oleksii-shemshur/work/toolchains/source/gcc-9.2.0/gcc/tree-vrp.c:0:0:0:0","pass_vrp",5242821,"file:///home/oleksii-shemshur/work/toolchains/source/gcc-9.2.0/gcc/tree-vrp.c:6845:7:6845:14","file:///home/oleksii-shemshur/work/toolchains/source/gcc-9.2.0/gcc/tree-vrp.c:6845:7:6845:14","pass_vrp"
29724,"/home/oleksii-shemshur/work/toolchains/source/gcc-9.2.0/gcc/tree.c","file:///home/oleksii-shemshur/work/toolchains/source/gcc-9.2.0/gcc/tree.c:0:0:0:0","pass_ipa_free_lang_data",5285669,"file:///home/oleksii-shemshur/work/toolchains/source/gcc-9.2.0/gcc/tree.c:6306:7:6306:29","file:///home/oleksii-shemshur/work/toolchains/source/gcc-9.2.0/gcc/tree.c:6306:7:6306:29","opt_pass"
29724,"/home/oleksii-shemshur/work/toolchains/source/gcc-9.2.0/gcc/tree.c","file:///home/oleksii-shemshur/work/toolchains/source/gcc-9.2.0/gcc/tree.c:0:0:0:0","pass_ipa_free_lang_data",5285669,"file:///home/oleksii-shemshur/work/toolchains/source/gcc-9.2.0/gcc/tree.c:6306:7:6306:29","file:///home/oleksii-shemshur/work/toolchains/source/gcc-9.2.0/gcc/tree.c:6306:7:6306:29","simple_ipa_opt_pass"
29724,"/home/oleksii-shemshur/work/toolchains/source/gcc-9.2.0/gcc/tree.c","file:///home/oleksii-shemshur/work/toolchains/source/gcc-9.2.0/gcc/tree.c:0:0:0:0","pass_ipa_free_lang_data",5285669,"file:///home/oleksii-shemshur/work/toolchains/source/gcc-9.2.0/gcc/tree.c:6306:7:6306:29","file:///home/oleksii-shemshur/work/toolchains/source/gcc-9.2.0/gcc/tree.c:6306:7:6306:29","pass_data"
29724,"/home/oleksii-shemshur/work/toolchains/source/gcc-9.2.0/gcc/tree.c","file:///home/oleksii-shemshur/work/toolchains/source/gcc-9.2.0/gcc/tree.c:0:0:0:0","pass_ipa_free_lang_data",5285669,"file:///home/oleksii-shemshur/work/toolchains/source/gcc-9.2.0/gcc/tree.c:6306:7:6306:29","file:///home/oleksii-shemshur/work/toolchains/source/gcc-9.2.0/gcc/tree.c:6306:7:6306:29","pass_ipa_free_lang_data"
30111,"/home/oleksii-shemshur/work/toolchains/source/gcc-9.2.0/gcc/tsan.c","file:///home/oleksii-shemshur/work/toolchains/source/gcc-9.2.0/gcc/tsan.c:0:0:0:0","pass_tsan_O0",5294901,"file:///home/oleksii-shemshur/work/toolchains/source/gcc-9.2.0/gcc/tsan.c:932:7:932:18","file:///home/oleksii-shemshur/work/toolchains/source/gcc-9.2.0/gcc/tsan.c:932:7:932:18","opt_pass"
30111,"/home/oleksii-shemshur/work/toolchains/source/gcc-9.2.0/gcc/tsan.c","file:///home/oleksii-shemshur/work/toolchains/source/gcc-9.2.0/gcc/tsan.c:0:0:0:0","pass_tsan_O0",5294901,"file:///home/oleksii-shemshur/work/toolchains/source/gcc-9.2.0/gcc/tsan.c:932:7:932:18","file:///home/oleksii-shemshur/work/toolchains/source/gcc-9.2.0/gcc/tsan.c:932:7:932:18","gimple_opt_pass"
30111,"/home/oleksii-shemshur/work/toolchains/source/gcc-9.2.0/gcc/tsan.c","file:///home/oleksii-shemshur/work/toolchains/source/gcc-9.2.0/gcc/tsan.c:0:0:0:0","pass_tsan_O0",5294901,"file:///home/oleksii-shemshur/work/toolchains/source/gcc-9.2.0/gcc/tsan.c:932:7:932:18","file:///home/oleksii-shemshur/work/toolchains/source/gcc-9.2.0/gcc/tsan.c:932:7:932:18","pass_data"
30111,"/home/oleksii-shemshur/work/toolchains/source/gcc-9.2.0/gcc/tsan.c","file:///home/oleksii-shemshur/work/toolchains/source/gcc-9.2.0/gcc/tsan.c:0:0:0:0","pass_tsan_O0",5294901,"file:///home/oleksii-shemshur/work/toolchains/source/gcc-9.2.0/gcc/tsan.c:932:7:932:18","file:///home/oleksii-shemshur/work/toolchains/source/gcc-9.2.0/gcc/tsan.c:932:7:932:18","pass_tsan_O0"
30111,"/home/oleksii-shemshur/work/toolchains/source/gcc-9.2.0/gcc/tsan.c","file:///home/oleksii-shemshur/work/toolchains/source/gcc-9.2.0/gcc/tsan.c:0:0:0:0","pass_tsan",5294905,"file:///home/oleksii-shemshur/work/toolchains/source/gcc-9.2.0/gcc/tsan.c:891:7:891:15","file:///home/oleksii-shemshur/work/toolchains/source/gcc-9.2.0/gcc/tsan.c:891:7:891:15","opt_pass"
30111,"/home/oleksii-shemshur/work/toolchains/source/gcc-9.2.0/gcc/tsan.c","file:///home/oleksii-shemshur/work/toolchains/source/gcc-9.2.0/gcc/tsan.c:0:0:0:0","pass_tsan",5294905,"file:///home/oleksii-shemshur/work/toolchains/source/gcc-9.2.0/gcc/tsan.c:891:7:891:15","file:///home/oleksii-shemshur/work/toolchains/source/gcc-9.2.0/gcc/tsan.c:891:7:891:15","gimple_opt_pass"
30111,"/home/oleksii-shemshur/work/toolchains/source/gcc-9.2.0/gcc/tsan.c","file:///home/oleksii-shemshur/work/toolchains/source/gcc-9.2.0/gcc/tsan.c:0:0:0:0","pass_tsan",5294905,"file:///home/oleksii-shemshur/work/toolchains/source/gcc-9.2.0/gcc/tsan.c:891:7:891:15","file:///home/oleksii-shemshur/work/toolchains/source/gcc-9.2.0/gcc/tsan.c:891:7:891:15","pass_data"
30111,"/home/oleksii-shemshur/work/toolchains/source/gcc-9.2.0/gcc/tsan.c","file:///home/oleksii-shemshur/work/toolchains/source/gcc-9.2.0/gcc/tsan.c:0:0:0:0","pass_tsan",5294905,"file:///home/oleksii-shemshur/work/toolchains/source/gcc-9.2.0/gcc/tsan.c:891:7:891:15","file:///home/oleksii-shemshur/work/toolchains/source/gcc-9.2.0/gcc/tsan.c:891:7:891:15","pass_tsan"
30155,"/home/oleksii-shemshur/work/toolchains/source/gcc-9.2.0/gcc/ubsan.c","file:///home/oleksii-shemshur/work/toolchains/source/gcc-9.2.0/gcc/ubsan.c:0:0:0:0","pass_ubsan",5304768,"file:///home/oleksii-shemshur/work/toolchains/source/gcc-9.2.0/gcc/ubsan.c:2300:7:2300:16","file:///home/oleksii-shemshur/work/toolchains/source/gcc-9.2.0/gcc/ubsan.c:2300:7:2300:16","opt_pass"
30155,"/home/oleksii-shemshur/work/toolchains/source/gcc-9.2.0/gcc/ubsan.c","file:///home/oleksii-shemshur/work/toolchains/source/gcc-9.2.0/gcc/ubsan.c:0:0:0:0","pass_ubsan",5304768,"file:///home/oleksii-shemshur/work/toolchains/source/gcc-9.2.0/gcc/ubsan.c:2300:7:2300:16","file:///home/oleksii-shemshur/work/toolchains/source/gcc-9.2.0/gcc/ubsan.c:2300:7:2300:16","gimple_opt_pass"
30155,"/home/oleksii-shemshur/work/toolchains/source/gcc-9.2.0/gcc/ubsan.c","file:///home/oleksii-shemshur/work/toolchains/source/gcc-9.2.0/gcc/ubsan.c:0:0:0:0","pass_ubsan",5304768,"file:///home/oleksii-shemshur/work/toolchains/source/gcc-9.2.0/gcc/ubsan.c:2300:7:2300:16","file:///home/oleksii-shemshur/work/toolchains/source/gcc-9.2.0/gcc/ubsan.c:2300:7:2300:16","pass_data"
30155,"/home/oleksii-shemshur/work/toolchains/source/gcc-9.2.0/gcc/ubsan.c","file:///home/oleksii-shemshur/work/toolchains/source/gcc-9.2.0/gcc/ubsan.c:0:0:0:0","pass_ubsan",5304768,"file:///home/oleksii-shemshur/work/toolchains/source/gcc-9.2.0/gcc/ubsan.c:2300:7:2300:16","file:///home/oleksii-shemshur/work/toolchains/source/gcc-9.2.0/gcc/ubsan.c:2300:7:2300:16","pass_ubsan"
30224,"/home/oleksii-shemshur/work/toolchains/source/gcc-9.2.0/gcc/var-tracking.c","file:///home/oleksii-shemshur/work/toolchains/source/gcc-9.2.0/gcc/var-tracking.c:0:0:0:0","pass_variable_tracking",5348691,"file:///home/oleksii-shemshur/work/toolchains/source/gcc-9.2.0/gcc/var-tracking.c:10535:7:10535:28","file:///home/oleksii-shemshur/work/toolchains/source/gcc-9.2.0/gcc/var-tracking.c:10535:7:10535:28","rtl_opt_pass"
30224,"/home/oleksii-shemshur/work/toolchains/source/gcc-9.2.0/gcc/var-tracking.c","file:///home/oleksii-shemshur/work/toolchains/source/gcc-9.2.0/gcc/var-tracking.c:0:0:0:0","pass_variable_tracking",5348691,"file:///home/oleksii-shemshur/work/toolchains/source/gcc-9.2.0/gcc/var-tracking.c:10535:7:10535:28","file:///home/oleksii-shemshur/work/toolchains/source/gcc-9.2.0/gcc/var-tracking.c:10535:7:10535:28","opt_pass"
30224,"/home/oleksii-shemshur/work/toolchains/source/gcc-9.2.0/gcc/var-tracking.c","file:///home/oleksii-shemshur/work/toolchains/source/gcc-9.2.0/gcc/var-tracking.c:0:0:0:0","pass_variable_tracking",5348691,"file:///home/oleksii-shemshur/work/toolchains/source/gcc-9.2.0/gcc/var-tracking.c:10535:7:10535:28","file:///home/oleksii-shemshur/work/toolchains/source/gcc-9.2.0/gcc/var-tracking.c:10535:7:10535:28","pass_data"
30224,"/home/oleksii-shemshur/work/toolchains/source/gcc-9.2.0/gcc/var-tracking.c","file:///home/oleksii-shemshur/work/toolchains/source/gcc-9.2.0/gcc/var-tracking.c:0:0:0:0","pass_variable_tracking",5348691,"file:///home/oleksii-shemshur/work/toolchains/source/gcc-9.2.0/gcc/var-tracking.c:10535:7:10535:28","file:///home/oleksii-shemshur/work/toolchains/source/gcc-9.2.0/gcc/var-tracking.c:10535:7:10535:28","pass_variable_tracking"
30707,"/home/oleksii-shemshur/work/toolchains/source/gcc-9.2.0/gcc/vtable-verify.c","file:///home/oleksii-shemshur/work/toolchains/source/gcc-9.2.0/gcc/vtable-verify.c:0:0:0:0","pass_vtable_verify",5402867,"file:///home/oleksii-shemshur/work/toolchains/source/gcc-9.2.0/gcc/vtable-verify.c:813:7:813:24","file:///home/oleksii-shemshur/work/toolchains/source/gcc-9.2.0/gcc/vtable-verify.c:813:7:813:24","opt_pass"
30707,"/home/oleksii-shemshur/work/toolchains/source/gcc-9.2.0/gcc/vtable-verify.c","file:///home/oleksii-shemshur/work/toolchains/source/gcc-9.2.0/gcc/vtable-verify.c:0:0:0:0","pass_vtable_verify",5402867,"file:///home/oleksii-shemshur/work/toolchains/source/gcc-9.2.0/gcc/vtable-verify.c:813:7:813:24","file:///home/oleksii-shemshur/work/toolchains/source/gcc-9.2.0/gcc/vtable-verify.c:813:7:813:24","gimple_opt_pass"
30707,"/home/oleksii-shemshur/work/toolchains/source/gcc-9.2.0/gcc/vtable-verify.c","file:///home/oleksii-shemshur/work/toolchains/source/gcc-9.2.0/gcc/vtable-verify.c:0:0:0:0","pass_vtable_verify",5402867,"file:///home/oleksii-shemshur/work/toolchains/source/gcc-9.2.0/gcc/vtable-verify.c:813:7:813:24","file:///home/oleksii-shemshur/work/toolchains/source/gcc-9.2.0/gcc/vtable-verify.c:813:7:813:24","pass_data"
30707,"/home/oleksii-shemshur/work/toolchains/source/gcc-9.2.0/gcc/vtable-verify.c","file:///home/oleksii-shemshur/work/toolchains/source/gcc-9.2.0/gcc/vtable-verify.c:0:0:0:0","pass_vtable_verify",5402867,"file:///home/oleksii-shemshur/work/toolchains/source/gcc-9.2.0/gcc/vtable-verify.c:813:7:813:24","file:///home/oleksii-shemshur/work/toolchains/source/gcc-9.2.0/gcc/vtable-verify.c:813:7:813:24","pass_vtable_verify"
30740,"/home/oleksii-shemshur/work/toolchains/source/gcc-9.2.0/gcc/web.c","file:///home/oleksii-shemshur/work/toolchains/source/gcc-9.2.0/gcc/web.c:0:0:0:0","pass_web",5405224,"file:///home/oleksii-shemshur/work/toolchains/source/gcc-9.2.0/gcc/web.c:318:7:318:14","file:///home/oleksii-shemshur/work/toolchains/source/gcc-9.2.0/gcc/web.c:318:7:318:14","rtl_opt_pass"
30740,"/home/oleksii-shemshur/work/toolchains/source/gcc-9.2.0/gcc/web.c","file:///home/oleksii-shemshur/work/toolchains/source/gcc-9.2.0/gcc/web.c:0:0:0:0","pass_web",5405224,"file:///home/oleksii-shemshur/work/toolchains/source/gcc-9.2.0/gcc/web.c:318:7:318:14","file:///home/oleksii-shemshur/work/toolchains/source/gcc-9.2.0/gcc/web.c:318:7:318:14","opt_pass"
30740,"/home/oleksii-shemshur/work/toolchains/source/gcc-9.2.0/gcc/web.c","file:///home/oleksii-shemshur/work/toolchains/source/gcc-9.2.0/gcc/web.c:0:0:0:0","pass_web",5405224,"file:///home/oleksii-shemshur/work/toolchains/source/gcc-9.2.0/gcc/web.c:318:7:318:14","file:///home/oleksii-shemshur/work/toolchains/source/gcc-9.2.0/gcc/web.c:318:7:318:14","pass_data"
30740,"/home/oleksii-shemshur/work/toolchains/source/gcc-9.2.0/gcc/web.c","file:///home/oleksii-shemshur/work/toolchains/source/gcc-9.2.0/gcc/web.c:0:0:0:0","pass_web",5405224,"file:///home/oleksii-shemshur/work/toolchains/source/gcc-9.2.0/gcc/web.c:318:7:318:14","file:///home/oleksii-shemshur/work/toolchains/source/gcc-9.2.0/gcc/web.c:318:7:318:14","pass_web"
3188624,"/home/oleksii-shemshur/work/toolchains/source/gcc-9.2.0/gcc/gimple-ssa-warn-alloca.c","file:///home/oleksii-shemshur/work/toolchains/source/gcc-9.2.0/gcc/gimple-ssa-warn-alloca.c:0:0:0:0","pass_walloca",3190164,"file:///home/oleksii-shemshur/work/toolchains/source/gcc-9.2.0/gcc/gimple-ssa-warn-alloca.c:55:7:55:18","file:///home/oleksii-shemshur/work/toolchains/source/gcc-9.2.0/gcc/gimple-ssa-warn-alloca.c:55:7:55:18","opt_pass"
3188624,"/home/oleksii-shemshur/work/toolchains/source/gcc-9.2.0/gcc/gimple-ssa-warn-alloca.c","file:///home/oleksii-shemshur/work/toolchains/source/gcc-9.2.0/gcc/gimple-ssa-warn-alloca.c:0:0:0:0","pass_walloca",3190164,"file:///home/oleksii-shemshur/work/toolchains/source/gcc-9.2.0/gcc/gimple-ssa-warn-alloca.c:55:7:55:18","file:///home/oleksii-shemshur/work/toolchains/source/gcc-9.2.0/gcc/gimple-ssa-warn-alloca.c:55:7:55:18","gimple_opt_pass"
3188624,"/home/oleksii-shemshur/work/toolchains/source/gcc-9.2.0/gcc/gimple-ssa-warn-alloca.c","file:///home/oleksii-shemshur/work/toolchains/source/gcc-9.2.0/gcc/gimple-ssa-warn-alloca.c:0:0:0:0","pass_walloca",3190164,"file:///home/oleksii-shemshur/work/toolchains/source/gcc-9.2.0/gcc/gimple-ssa-warn-alloca.c:55:7:55:18","file:///home/oleksii-shemshur/work/toolchains/source/gcc-9.2.0/gcc/gimple-ssa-warn-alloca.c:55:7:55:18","pass_data"
3188624,"/home/oleksii-shemshur/work/toolchains/source/gcc-9.2.0/gcc/gimple-ssa-warn-alloca.c","file:///home/oleksii-shemshur/work/toolchains/source/gcc-9.2.0/gcc/gimple-ssa-warn-alloca.c:0:0:0:0","pass_walloca",3190164,"file:///home/oleksii-shemshur/work/toolchains/source/gcc-9.2.0/gcc/gimple-ssa-warn-alloca.c:55:7:55:18","file:///home/oleksii-shemshur/work/toolchains/source/gcc-9.2.0/gcc/gimple-ssa-warn-alloca.c:55:7:55:18","pass_walloca"
3518988,"/home/oleksii-shemshur/work/toolchains/source/gcc-9.2.0/gcc/ipa-icf.c","file:///home/oleksii-shemshur/work/toolchains/source/gcc-9.2.0/gcc/ipa-icf.c:0:0:0:0","pass_ipa_icf",3533912,"file:///home/oleksii-shemshur/work/toolchains/source/gcc-9.2.0/gcc/ipa-icf.c:3719:7:3719:18","file:///home/oleksii-shemshur/work/toolchains/source/gcc-9.2.0/gcc/ipa-icf.c:3719:7:3719:18","opt_pass"
3518988,"/home/oleksii-shemshur/work/toolchains/source/gcc-9.2.0/gcc/ipa-icf.c","file:///home/oleksii-shemshur/work/toolchains/source/gcc-9.2.0/gcc/ipa-icf.c:0:0:0:0","pass_ipa_icf",3533912,"file:///home/oleksii-shemshur/work/toolchains/source/gcc-9.2.0/gcc/ipa-icf.c:3719:7:3719:18","file:///home/oleksii-shemshur/work/toolchains/source/gcc-9.2.0/gcc/ipa-icf.c:3719:7:3719:18","ipa_opt_pass_d"
3518988,"/home/oleksii-shemshur/work/toolchains/source/gcc-9.2.0/gcc/ipa-icf.c","file:///home/oleksii-shemshur/work/toolchains/source/gcc-9.2.0/gcc/ipa-icf.c:0:0:0:0","pass_ipa_icf",3533912,"file:///home/oleksii-shemshur/work/toolchains/source/gcc-9.2.0/gcc/ipa-icf.c:3719:7:3719:18","file:///home/oleksii-shemshur/work/toolchains/source/gcc-9.2.0/gcc/ipa-icf.c:3719:7:3719:18","pass_data"
3518988,"/home/oleksii-shemshur/work/toolchains/source/gcc-9.2.0/gcc/ipa-icf.c","file:///home/oleksii-shemshur/work/toolchains/source/gcc-9.2.0/gcc/ipa-icf.c:0:0:0:0","pass_ipa_icf",3533912,"file:///home/oleksii-shemshur/work/toolchains/source/gcc-9.2.0/gcc/ipa-icf.c:3719:7:3719:18","file:///home/oleksii-shemshur/work/toolchains/source/gcc-9.2.0/gcc/ipa-icf.c:3719:7:3719:18","pass_ipa_icf"
