[2026-07-24 19:09:13] [SPAMMY] execute query-server2> runQuery called with /home/oleksii-shemshur/vscode-codeql-starter/codeql-custom-queries-python/example3.ql
[2026-07-24 19:09:13] Calling plumbing command: codeql resolve library-path --additional-packs=/home/oleksii-shemshur/vscode-codeql-starter --query=/home/oleksii-shemshur/vscode-codeql-starter/codeql-custom-queries-python/example3.ql --format=json
[2026-07-24 19:09:13] [DETAILS] resolve library-path> Resolving query at normalized path /home/oleksii-shemshur/vscode-codeql-starter/codeql-custom-queries-python/example3.ql.
[2026-07-24 19:09:13] [DETAILS] resolve library-path> Found enclosing pack 'getting-started/codeql-extra-queries-python' at /home/oleksii-shemshur/vscode-codeql-starter/codeql-custom-queries-python.
[2026-07-24 19:09:13] [DETAILS] resolve library-path> Adding compilation cache at /home/oleksii-shemshur/.codeql/compile-cache.
[2026-07-24 19:09:13] [DETAILS] resolve library-path> QL pack dependencies for /home/oleksii-shemshur/vscode-codeql-starter/codeql-custom-queries-python found in cache.
[2026-07-24 19:09:13] [DETAILS] resolve library-path> Found dbscheme through QL packs: /home/oleksii-shemshur/vscode-codeql-starter/ql/python/ql/lib/semmlecode.python.dbscheme.
[2026-07-24 19:09:13] Plumbing command codeql resolve library-path completed:
                      {
                        "libraryPath" : [
                          "/home/oleksii-shemshur/vscode-codeql-starter/codeql-custom-queries-python",
                          "/home/oleksii-shemshur/vscode-codeql-starter/ql/python/ql/lib",
                          "/home/oleksii-shemshur/vscode-codeql-starter/ql/shared/concepts",
                          "/home/oleksii-shemshur/vscode-codeql-starter/ql/shared/dataflow",
                          "/home/oleksii-shemshur/vscode-codeql-starter/ql/shared/controlflow",
                          "/home/oleksii-shemshur/vscode-codeql-starter/ql/shared/mad",
                          "/home/oleksii-shemshur/vscode-codeql-starter/ql/shared/regex",
                          "/home/oleksii-shemshur/vscode-codeql-starter/ql/shared/ssa",
                          "/home/oleksii-shemshur/vscode-codeql-starter/ql/shared/threat-models",
                          "/home/oleksii-shemshur/vscode-codeql-starter/ql/shared/tutorial",
                          "/home/oleksii-shemshur/vscode-codeql-starter/ql/shared/typetracking",
                          "/home/oleksii-shemshur/vscode-codeql-starter/ql/shared/util",
                          "/home/oleksii-shemshur/vscode-codeql-starter/ql/shared/xml",
                          "/home/oleksii-shemshur/vscode-codeql-starter/ql/shared/yaml"
                        ],
                        "dbscheme" : "/home/oleksii-shemshur/vscode-codeql-starter/ql/python/ql/lib/semmlecode.python.dbscheme",
                        "compilationCache" : [
                          "/home/oleksii-shemshur/.codeql/compile-cache"
                        ],
                        "relativeName" : "getting-started/codeql-extra-queries-python/example3.ql",
                        "qlPackName" : "getting-started/codeql-extra-queries-python"
                      }
[2026-07-24 19:09:13] [PROGRESS] execute query-server2> Compiling query plan for /home/oleksii-shemshur/vscode-codeql-starter/codeql-custom-queries-python/example3.ql.
[2026-07-24 19:09:13] [DETAILS] execute query-server2> Resolving imports for /home/oleksii-shemshur/vscode-codeql-starter/codeql-custom-queries-python/example3.ql.
[2026-07-24 19:09:14] Resolved file set for /home/oleksii-shemshur/vscode-codeql-starter/codeql-custom-queries-python/example3.ql hashes to fdcf024e226d1883a5cea233c6fc7581.
[2026-07-24 19:09:14] [DETAILS] execute query-server2> Checking QL for /home/oleksii-shemshur/vscode-codeql-starter/codeql-custom-queries-python/example3.ql.
[2026-07-24 19:09:14] Stale frontend caches are invalidated based on import graph reachability.
[2026-07-24 19:09:14] ExternalModuleBindingPass ...
[2026-07-24 19:09:15] ExternalModuleBindingPass time: 00:01.174
[2026-07-24 19:09:15] CollectInstantiationsPass ...
[2026-07-24 19:09:15] CollectInstantiationsPass time: 00:00.125
[2026-07-24 19:09:15] Ql checks ...
[2026-07-24 19:09:19] Ql checks time: 00:03.671
[2026-07-24 19:09:28] Compilation pipeline
[2026-07-24 19:09:28] Type Inference ...
[2026-07-24 19:09:28] CSV_TYPE_HIERARCHY: Best number of iterations,Maximum number of runs,Number of BDD variables,Size of BDD for typefacts
[2026-07-24 19:09:28] CSV_TYPE_HIERARCHY: 0,0,1,1
[2026-07-24 19:09:28] CSV_TYPE_HIERARCHY: 0,0,0,0
[2026-07-24 19:09:28] CSV_TYPE_HIERARCHY: 0,0,0,0
[2026-07-24 19:09:28] CSV_TYPE_HIERARCHY: 0,0,104,142
[2026-07-24 19:09:28] CSV_TYPE_HIERARCHY: 0,0,1,1
[2026-07-24 19:09:28] CSV_TYPE_HIERARCHY: 0,0,0,0
[2026-07-24 19:09:28] CSV_TYPE_HIERARCHY: 0,0,345,419
[2026-07-24 19:09:28] CSV_TYPE_HIERARCHY: 0,0,0,0
[2026-07-24 19:09:28] CSV_TYPE_HIERARCHY: 0,0,25,25
[2026-07-24 19:09:28] CSV_TYPE_HIERARCHY: 0,0,8,8
[2026-07-24 19:09:29] CSV_TYPE_HIERARCHY: 0,0,582,85725
[2026-07-24 19:09:29] CSV_TYPE_HIERARCHY: 0,0,3,3
[2026-07-24 19:09:29] CSV_TYPE_HIERARCHY: 0,0,3,3
[2026-07-24 19:09:29] CSV_TYPE_HIERARCHY: 0,0,13,13
[2026-07-24 19:09:29] CSV_TYPE_HIERARCHY: 0,0,3,3
[2026-07-24 19:09:29] CSV_TYPE_HIERARCHY: 0,0,11,15
[2026-07-24 19:09:29] CSV_TYPE_HIERARCHY: 0,0,5,5
[2026-07-24 19:09:29] CSV_TYPE_HIERARCHY: 0,0,3,3
[2026-07-24 19:09:29] CSV_TYPE_HIERARCHY: 0,0,10,10
[2026-07-24 19:09:29] CSV_TYPE_HIERARCHY: 0,0,8,8
[2026-07-24 19:09:29] CSV_TYPE_HIERARCHY: 0,0,5,5
[2026-07-24 19:09:29] CSV_TYPE_HIERARCHY: 0,0,7,7
[2026-07-24 19:09:29] CSV_TYPE_HIERARCHY: 0,0,10,10
[2026-07-24 19:09:29] CSV_TYPE_HIERARCHY: 0,0,2,2
[2026-07-24 19:09:29] CSV_TYPE_HIERARCHY: 0,0,11,13
[2026-07-24 19:09:29] CSV_TYPE_HIERARCHY: 0,0,11,12
[2026-07-24 19:09:29] CSV_TYPE_HIERARCHY: 0,0,14,19
[2026-07-24 19:09:29] CSV_TYPE_HIERARCHY: 0,0,7,9
[2026-07-24 19:09:29] CSV_TYPE_HIERARCHY: 0,0,3,3
[2026-07-24 19:09:29] CSV_TYPE_HIERARCHY: 0,0,4,5
[2026-07-24 19:09:29] CSV_TYPE_HIERARCHY: 0,0,2,2
[2026-07-24 19:09:29] CSV_TYPE_HIERARCHY: 0,0,2,2
[2026-07-24 19:09:29] CSV_TYPE_HIERARCHY: 0,0,2,2
[2026-07-24 19:09:29] CSV_TYPE_HIERARCHY: 0,0,10,10
[2026-07-24 19:09:29] CSV_TYPE_HIERARCHY: 0,0,9,12
[2026-07-24 19:09:29] CSV_TYPE_HIERARCHY: 0,0,3,3
[2026-07-24 19:09:29] CSV_TYPE_HIERARCHY: 0,0,54,54
[2026-07-24 19:09:29] CSV_TYPE_HIERARCHY: 0,0,19,19
[2026-07-24 19:09:29] CSV_TYPE_HIERARCHY: 0,0,49,70
[2026-07-24 19:09:29] CSV_TYPE_HIERARCHY: 0,0,6,7
[2026-07-24 19:09:29] CSV_TYPE_HIERARCHY: 0,0,3,3
[2026-07-24 19:09:29] CSV_TYPE_HIERARCHY: 0,0,3,3
[2026-07-24 19:09:29] CSV_TYPE_HIERARCHY: 0,0,5,6
[2026-07-24 19:09:29] CSV_TYPE_HIERARCHY: 0,0,3,3
[2026-07-24 19:09:29] CSV_TYPE_HIERARCHY: 0,0,9,15
[2026-07-24 19:09:29] CSV_TYPE_HIERARCHY: 0,0,3,4
[2026-07-24 19:09:29] CSV_TYPE_HIERARCHY: 0,0,5,5
[2026-07-24 19:09:29] CSV_TYPE_HIERARCHY: 0,0,3,3
[2026-07-24 19:09:29] CSV_TYPE_HIERARCHY: 0,0,2,2
[2026-07-24 19:09:29] CSV_TYPE_HIERARCHY: 0,0,2,2
[2026-07-24 19:09:29] CSV_TYPE_HIERARCHY: 0,0,3,3
[2026-07-24 19:09:29] CSV_TYPE_HIERARCHY: 0,0,3,3
[2026-07-24 19:09:29] CSV_TYPE_HIERARCHY: 0,0,3,3
[2026-07-24 19:09:29] CSV_TYPE_HIERARCHY: 0,0,2,2
[2026-07-24 19:09:29] CSV_TYPE_HIERARCHY: 0,0,1,1
[2026-07-24 19:09:29] CSV_TYPE_HIERARCHY: 0,0,1,1
[2026-07-24 19:09:29] CSV_TYPE_HIERARCHY: 0,0,1,1
[2026-07-24 19:09:29] CSV_TYPE_HIERARCHY: 0,0,4,5
[2026-07-24 19:09:29] CSV_TYPE_HIERARCHY: 0,0,3,4
[2026-07-24 19:09:29] CSV_TYPE_HIERARCHY: 0,0,7,7
[2026-07-24 19:09:29] CSV_TYPE_HIERARCHY: 0,0,4,5
[2026-07-24 19:09:29] CSV_TYPE_HIERARCHY: 0,0,3,4
[2026-07-24 19:09:29] CSV_TYPE_HIERARCHY: 0,0,3,4
[2026-07-24 19:09:29] CSV_TYPE_HIERARCHY: 0,0,4,5
[2026-07-24 19:09:29] CSV_TYPE_HIERARCHY: 0,0,3,4
[2026-07-24 19:09:29] CSV_TYPE_HIERARCHY: 0,0,4,5
[2026-07-24 19:09:29] CSV_TYPE_HIERARCHY: 0,0,3,3
[2026-07-24 19:09:29] CSV_TYPE_HIERARCHY: 0,0,3,4
[2026-07-24 19:09:29] CSV_TYPE_HIERARCHY: 0,0,3,4
[2026-07-24 19:09:29] CSV_TYPE_HIERARCHY: 0,0,10,11
[2026-07-24 19:09:29] CSV_TYPE_HIERARCHY: 0,0,5,5
[2026-07-24 19:09:29] CSV_TYPE_HIERARCHY: 0,0,14,14
[2026-07-24 19:09:29] CSV_TYPE_HIERARCHY: 0,0,7,9
[2026-07-24 19:09:29] CSV_TYPE_HIERARCHY: 0,0,42,53
[2026-07-24 19:09:29] CSV_TYPE_HIERARCHY: 0,0,2,2
[2026-07-24 19:09:29] CSV_TYPE_HIERARCHY: 0,0,3,3
[2026-07-24 19:09:29] CSV_TYPE_HIERARCHY: 0,0,6,6
[2026-07-24 19:09:29] CSV_TYPE_HIERARCHY: 0,0,4,4
[2026-07-24 19:09:29] CSV_TYPE_HIERARCHY: 0,0,4,4
[2026-07-24 19:09:30] Type Inference time: 00:01.320
[2026-07-24 19:09:30] [DETAILS] execute query-server2> Optimizing /home/oleksii-shemshur/vscode-codeql-starter/codeql-custom-queries-python/example3.ql.
[2026-07-24 19:09:30] Processing compilation pipeline
[2026-07-24 19:09:30] Started compiling a query
[2026-07-24 19:09:30] Initialising compiler...
[2026-07-24 19:09:30] 	 ... compiler initialised
[2026-07-24 19:09:30] About to start query optimisation
[2026-07-24 19:09:30] Compilation cache hit - skipping compilation.
[2026-07-24 19:09:30] Compilation cache hit - skipping compilation.
[2026-07-24 19:09:30] Compilation cache miss for 0492c9556659eb03238da51b7fa2a8f1.
[2026-07-24 19:09:31] Stored compiled program for 0492c9556659eb03238da51b7fa2a8f1.
[2026-07-24 19:09:31] CSV_COMPILATION: NONE,MISC,RA_TRANSLATION,OPTIMISATIONS
[2026-07-24 19:09:31] CSV_COMPILATION: 95,186,192,891
[2026-07-24 19:09:31] [PROGRESS] execute query-server2> No database upgrade/downgrade needed for /home/oleksii-shemshur/vscode-codeql-starter/codeql-custom-queries-python/example3.ql
[2026-07-24 19:09:31] Calling plumbing command: codeql resolve extensions-by-pack --additional-packs=/home/oleksii-shemshur/vscode-codeql-starter --include-extension-row-locations /home/oleksii-shemshur/vscode-codeql-starter/codeql-custom-queries-python
[2026-07-24 19:09:31] [SPAMMY] resolve extensions-by-pack> [INCOMPATIBILITY] getting-started/codeql-extra-queries-python: not 0.0.0 {root: getting-started/codeql-extra-queries-python@0.0.0}
[2026-07-24 19:09:31] [SPAMMY] resolve extensions-by-pack> [DERIVATION] getting-started/codeql-extra-queries-python: 0.0.0 {getting-started/codeql-extra-queries-python: not 0.0.0 {root: getting-started/codeql-extra-queries-python@0.0.0}}
[2026-07-24 19:09:31] [SPAMMY] resolve extensions-by-pack> [INCOMPATIBILITY] getting-started/codeql-extra-queries-python: * [*], codeql/python-all: not * [*] {dependency: getting-started/codeql-extra-queries-python@* [*] requires codeql/python-all@*}
[2026-07-24 19:09:31] [SPAMMY] resolve extensions-by-pack> [DECISION 1] getting-started/codeql-extra-queries-python: 0.0.0
[2026-07-24 19:09:31] [SPAMMY] resolve extensions-by-pack> [DERIVATION] codeql/python-all: * [*] {getting-started/codeql-extra-queries-python: * [*], codeql/python-all: not * [*] {dependency: getting-started/codeql-extra-queries-python@* [*] requires codeql/python-all@*}}
[2026-07-24 19:09:31] [SPAMMY] resolve extensions-by-pack> [INCOMPATIBILITY] codeql/python-all: * [*], codeql/concepts: not * [*] {dependency: codeql/python-all@* [*] requires codeql/concepts@0.0.27}
[2026-07-24 19:09:31] [SPAMMY] resolve extensions-by-pack> [INCOMPATIBILITY] codeql/python-all: * [*], codeql/dataflow: not * [*] {dependency: codeql/python-all@* [*] requires codeql/dataflow@2.1.9}
[2026-07-24 19:09:31] [SPAMMY] resolve extensions-by-pack> [INCOMPATIBILITY] codeql/python-all: * [*], codeql/mad: not * [*] {dependency: codeql/python-all@* [*] requires codeql/mad@1.0.53}
[2026-07-24 19:09:31] [SPAMMY] resolve extensions-by-pack> [INCOMPATIBILITY] codeql/python-all: * [*], codeql/regex: not * [*] {dependency: codeql/python-all@* [*] requires codeql/regex@1.0.53}
[2026-07-24 19:09:31] [SPAMMY] resolve extensions-by-pack> [INCOMPATIBILITY] codeql/python-all: * [*], codeql/threat-models: not * [*] {dependency: codeql/python-all@* [*] requires codeql/threat-models@1.0.53}
[2026-07-24 19:09:31] [SPAMMY] resolve extensions-by-pack> [INCOMPATIBILITY] codeql/python-all: * [*], codeql/tutorial: not * [*] {dependency: codeql/python-all@* [*] requires codeql/tutorial@1.0.53}
[2026-07-24 19:09:31] [SPAMMY] resolve extensions-by-pack> [INCOMPATIBILITY] codeql/python-all: * [*], codeql/util: not * [*] {dependency: codeql/python-all@* [*] requires codeql/util@2.0.40}
[2026-07-24 19:09:31] [SPAMMY] resolve extensions-by-pack> [INCOMPATIBILITY] codeql/python-all: * [*], codeql/xml: not * [*] {dependency: codeql/python-all@* [*] requires codeql/xml@1.0.53}
[2026-07-24 19:09:31] [SPAMMY] resolve extensions-by-pack> [INCOMPATIBILITY] codeql/python-all: * [*], codeql/yaml: not * [*] {dependency: codeql/python-all@* [*] requires codeql/yaml@1.0.53}
[2026-07-24 19:09:31] [SPAMMY] resolve extensions-by-pack> [DECISION 2] codeql/python-all: 7.2.1
[2026-07-24 19:09:31] [SPAMMY] resolve extensions-by-pack> [DERIVATION] codeql/yaml: * [*] {codeql/python-all: * [*], codeql/yaml: not * [*] {dependency: codeql/python-all@* [*] requires codeql/yaml@1.0.53}}
[2026-07-24 19:09:31] [SPAMMY] resolve extensions-by-pack> [DERIVATION] codeql/xml: * [*] {codeql/python-all: * [*], codeql/xml: not * [*] {dependency: codeql/python-all@* [*] requires codeql/xml@1.0.53}}
[2026-07-24 19:09:31] [SPAMMY] resolve extensions-by-pack> [DERIVATION] codeql/util: * [*] {codeql/python-all: * [*], codeql/util: not * [*] {dependency: codeql/python-all@* [*] requires codeql/util@2.0.40}}
[2026-07-24 19:09:31] [SPAMMY] resolve extensions-by-pack> [DERIVATION] codeql/tutorial: * [*] {codeql/python-all: * [*], codeql/tutorial: not * [*] {dependency: codeql/python-all@* [*] requires codeql/tutorial@1.0.53}}
[2026-07-24 19:09:31] [SPAMMY] resolve extensions-by-pack> [DERIVATION] codeql/threat-models: * [*] {codeql/python-all: * [*], codeql/threat-models: not * [*] {dependency: codeql/python-all@* [*] requires codeql/threat-models@1.0.53}}
[2026-07-24 19:09:31] [SPAMMY] resolve extensions-by-pack> [DERIVATION] codeql/regex: * [*] {codeql/python-all: * [*], codeql/regex: not * [*] {dependency: codeql/python-all@* [*] requires codeql/regex@1.0.53}}
[2026-07-24 19:09:31] [SPAMMY] resolve extensions-by-pack> [DERIVATION] codeql/mad: * [*] {codeql/python-all: * [*], codeql/mad: not * [*] {dependency: codeql/python-all@* [*] requires codeql/mad@1.0.53}}
[2026-07-24 19:09:31] [SPAMMY] resolve extensions-by-pack> [DERIVATION] codeql/dataflow: * [*] {codeql/python-all: * [*], codeql/dataflow: not * [*] {dependency: codeql/python-all@* [*] requires codeql/dataflow@2.1.9}}
[2026-07-24 19:09:31] [SPAMMY] resolve extensions-by-pack> [DERIVATION] codeql/concepts: * [*] {codeql/python-all: * [*], codeql/concepts: not * [*] {dependency: codeql/python-all@* [*] requires codeql/concepts@0.0.27}}
[2026-07-24 19:09:31] [SPAMMY] resolve extensions-by-pack> [INCOMPATIBILITY] codeql/concepts: * [*], codeql/dataflow: not * [*] {dependency: codeql/concepts@* [*] requires codeql/dataflow@2.1.9}
[2026-07-24 19:09:31] [SPAMMY] resolve extensions-by-pack> [INCOMPATIBILITY] codeql/concepts: * [*], codeql/util: not * [*] {dependency: codeql/concepts@* [*] requires codeql/util@2.0.40}
[2026-07-24 19:09:31] [SPAMMY] resolve extensions-by-pack> [DECISION 3] codeql/concepts: 0.0.27
[2026-07-24 19:09:31] [SPAMMY] resolve extensions-by-pack> [INCOMPATIBILITY] codeql/dataflow: * [*], codeql/controlflow: not * [*] {dependency: codeql/dataflow@* [*] requires codeql/controlflow@2.0.37}
[2026-07-24 19:09:31] [SPAMMY] resolve extensions-by-pack> [INCOMPATIBILITY] codeql/dataflow: * [*], codeql/ssa: not * [*] {dependency: codeql/dataflow@* [*] requires codeql/ssa@2.0.29}
[2026-07-24 19:09:31] [SPAMMY] resolve extensions-by-pack> [INCOMPATIBILITY] codeql/dataflow: * [*], codeql/typetracking: not * [*] {dependency: codeql/dataflow@* [*] requires codeql/typetracking@2.0.37}
[2026-07-24 19:09:31] [SPAMMY] resolve extensions-by-pack> [INCOMPATIBILITY] codeql/dataflow: * [*], codeql/util: not * [*] {dependency: codeql/dataflow@* [*] requires codeql/util@2.0.40}
[2026-07-24 19:09:31] [SPAMMY] resolve extensions-by-pack> [DECISION 4] codeql/dataflow: 2.1.9
[2026-07-24 19:09:31] [SPAMMY] resolve extensions-by-pack> [DERIVATION] codeql/typetracking: * [*] {codeql/dataflow: * [*], codeql/typetracking: not * [*] {dependency: codeql/dataflow@* [*] requires codeql/typetracking@2.0.37}}
[2026-07-24 19:09:31] [SPAMMY] resolve extensions-by-pack> [DERIVATION] codeql/ssa: * [*] {codeql/dataflow: * [*], codeql/ssa: not * [*] {dependency: codeql/dataflow@* [*] requires codeql/ssa@2.0.29}}
[2026-07-24 19:09:31] [SPAMMY] resolve extensions-by-pack> [DERIVATION] codeql/controlflow: * [*] {codeql/dataflow: * [*], codeql/controlflow: not * [*] {dependency: codeql/dataflow@* [*] requires codeql/controlflow@2.0.37}}
[2026-07-24 19:09:31] [SPAMMY] resolve extensions-by-pack> [INCOMPATIBILITY] codeql/controlflow: * [*], codeql/util: not * [*] {dependency: codeql/controlflow@* [*] requires codeql/util@2.0.40}
[2026-07-24 19:09:31] [SPAMMY] resolve extensions-by-pack> [DECISION 5] codeql/controlflow: 2.0.37
[2026-07-24 19:09:31] [SPAMMY] resolve extensions-by-pack> [INCOMPATIBILITY] codeql/mad: * [*], codeql/dataflow: not * [*] {dependency: codeql/mad@* [*] requires codeql/dataflow@2.1.9}
[2026-07-24 19:09:31] [SPAMMY] resolve extensions-by-pack> [INCOMPATIBILITY] codeql/mad: * [*], codeql/util: not * [*] {dependency: codeql/mad@* [*] requires codeql/util@2.0.40}
[2026-07-24 19:09:31] [SPAMMY] resolve extensions-by-pack> [DECISION 6] codeql/mad: 1.0.53
[2026-07-24 19:09:31] [SPAMMY] resolve extensions-by-pack> [INCOMPATIBILITY] codeql/regex: * [*], codeql/util: not * [*] {dependency: codeql/regex@* [*] requires codeql/util@2.0.40}
[2026-07-24 19:09:31] [SPAMMY] resolve extensions-by-pack> [DECISION 7] codeql/regex: 1.0.53
[2026-07-24 19:09:31] [SPAMMY] resolve extensions-by-pack> [INCOMPATIBILITY] codeql/ssa: * [*], codeql/controlflow: not * [*] {dependency: codeql/ssa@* [*] requires codeql/controlflow@2.0.37}
[2026-07-24 19:09:31] [SPAMMY] resolve extensions-by-pack> [INCOMPATIBILITY] codeql/ssa: * [*], codeql/util: not * [*] {dependency: codeql/ssa@* [*] requires codeql/util@2.0.40}
[2026-07-24 19:09:31] [SPAMMY] resolve extensions-by-pack> [DECISION 8] codeql/ssa: 2.0.29
[2026-07-24 19:09:31] [SPAMMY] resolve extensions-by-pack> [DECISION 9] codeql/threat-models: 1.0.53
[2026-07-24 19:09:31] [SPAMMY] resolve extensions-by-pack> [DECISION 10] codeql/tutorial: 1.0.53
[2026-07-24 19:09:31] [SPAMMY] resolve extensions-by-pack> [INCOMPATIBILITY] codeql/typetracking: * [*], codeql/util: not * [*] {dependency: codeql/typetracking@* [*] requires codeql/util@2.0.40}
[2026-07-24 19:09:31] [SPAMMY] resolve extensions-by-pack> [DECISION 11] codeql/typetracking: 2.0.37
[2026-07-24 19:09:31] [SPAMMY] resolve extensions-by-pack> [DECISION 12] codeql/util: 2.0.40
[2026-07-24 19:09:31] [SPAMMY] resolve extensions-by-pack> [INCOMPATIBILITY] codeql/xml: * [*], codeql/util: not * [*] {dependency: codeql/xml@* [*] requires codeql/util@2.0.40}
[2026-07-24 19:09:31] [SPAMMY] resolve extensions-by-pack> [DECISION 13] codeql/xml: 1.0.53
[2026-07-24 19:09:31] [SPAMMY] resolve extensions-by-pack> [DECISION 14] codeql/yaml: 1.0.53
[2026-07-24 19:09:31] [PROGRESS] resolve extensions-by-pack> Loading data extensions in /home/oleksii-shemshur/vscode-codeql-starter/ql/python/ql/lib/ext/default-threat-models-fixup.model.yml.
[2026-07-24 19:09:31] [DETAILS] resolve extensions-by-pack>   Found extension targeting codeql/threat-models:threatModelConfiguration: 1 tuples.
[2026-07-24 19:09:31] Calling plumbing command: codeql generate extensible-predicate-metadata /home/oleksii-shemshur/vscode-codeql-starter/ql/shared/threat-models
[2026-07-24 19:09:31] Calling plumbing command: codeql pack packlist /home/oleksii-shemshur/vscode-codeql-starter/ql/shared/threat-models --format=json
[2026-07-24 19:09:31] Calling plumbing command: codeql resolve files --include=**/*.qll --include=**/*.dbscheme --include=**/*.dbscheme.stats --include=**/*.md --include=**/*.qls --include=**/*.qlref --include=**/*.yml --include=**/*.yaml --include=**/upgrade.properties --include=**/*.ql --include=!**/.* --include=!**/qlpack.auth.yml --include=!**/qlconfig.yml --include=!codeql-pack.lock.yml --include=!qlpack.lock.yml --include=!codeql-pack.release.yml --include=!change-notes --include=!**/*.qhelp --include=codeql-pack.yml --include=qlpack.yml --include=LICENSE --include=README.md --include=CHANGELOG.md --include=!**/*.qlx --include=ext/*.model.yml /home/oleksii-shemshur/vscode-codeql-starter/ql/shared/threat-models --format=json
[2026-07-24 19:09:31] [PROGRESS] resolve files> Scanning /home/oleksii-shemshur/vscode-codeql-starter/ql/shared/threat-models...
[2026-07-24 19:09:31] [PROGRESS] resolve files> Scanning /home/oleksii-shemshur/vscode-codeql-starter/ql/shared/threat-models/codeql...
[2026-07-24 19:09:31] [PROGRESS] resolve files> Scanning /home/oleksii-shemshur/vscode-codeql-starter/ql/shared/threat-models/codeql/threatmodels...
[2026-07-24 19:09:31] [PROGRESS] resolve files> Scanning /home/oleksii-shemshur/vscode-codeql-starter/ql/shared/threat-models/ext...
[2026-07-24 19:09:31] Plumbing command codeql resolve files completed:
                      [
                        "/home/oleksii-shemshur/vscode-codeql-starter/ql/shared/threat-models/CHANGELOG.md",
                        "/home/oleksii-shemshur/vscode-codeql-starter/ql/shared/threat-models/codeql/threatmodels/ThreatModels.qll",
                        "/home/oleksii-shemshur/vscode-codeql-starter/ql/shared/threat-models/ext/supported-threat-models.model.yml",
                        "/home/oleksii-shemshur/vscode-codeql-starter/ql/shared/threat-models/ext/threat-model-grouping.model.yml",
                        "/home/oleksii-shemshur/vscode-codeql-starter/ql/shared/threat-models/qlpack.yml"
                      ]
[2026-07-24 19:09:31] Plumbing command codeql pack packlist completed:
                      {
                        "paths" : [
                          "/home/oleksii-shemshur/vscode-codeql-starter/ql/shared/threat-models/CHANGELOG.md",
                          "/home/oleksii-shemshur/vscode-codeql-starter/ql/shared/threat-models/codeql/threatmodels/ThreatModels.qll",
                          "/home/oleksii-shemshur/vscode-codeql-starter/ql/shared/threat-models/ext/supported-threat-models.model.yml",
                          "/home/oleksii-shemshur/vscode-codeql-starter/ql/shared/threat-models/ext/threat-model-grouping.model.yml",
                          "/home/oleksii-shemshur/vscode-codeql-starter/ql/shared/threat-models/qlpack.yml"
                        ]
                      }
[2026-07-24 19:09:31] Plumbing command codeql generate extensible-predicate-metadata completed:
                      {
                        "extensible_predicates" : [
                          {
                            "name" : "threatModelConfiguration",
                            "parameters" : [
                              {
                                "name" : "kind",
                                "type" : "string"
                              },
                              {
                                "name" : "enable",
                                "type" : "boolean"
                              },
                              {
                                "name" : "priority",
                                "type" : "int"
                              }
                            ],
                            "has_origin" : false,
                            "path" : "codeql/threatmodels/ThreatModels.qll",
                            "start_line" : 26,
                            "start_column" : 1,
                            "end_line" : 26,
                            "end_column" : 90
                          },
                          {
                            "name" : "threatModelGrouping",
                            "parameters" : [
                              {
                                "name" : "kind",
                                "type" : "string"
                              },
                              {
                                "name" : "group",
                                "type" : "string"
                              }
                            ],
                            "has_origin" : false,
                            "path" : "codeql/threatmodels/ThreatModels.qll",
                            "start_line" : 31,
                            "start_column" : 1,
                            "end_line" : 31,
                            "end_column" : 77
                          }
                        ]
                      }
[2026-07-24 19:09:31] [PROGRESS] resolve extensions-by-pack> Loading data extensions in /home/oleksii-shemshur/vscode-codeql-starter/ql/python/ql/lib/semmle/python/frameworks/AntiSSRF.model.yml.
[2026-07-24 19:09:31] [DETAILS] resolve extensions-by-pack>   Found extension targeting codeql/python-all:barrierGuardModel: 1 tuples.
[2026-07-24 19:09:31] Calling plumbing command: codeql generate extensible-predicate-metadata /home/oleksii-shemshur/vscode-codeql-starter/ql/python/ql/lib
[2026-07-24 19:09:31] Calling plumbing command: codeql pack packlist /home/oleksii-shemshur/vscode-codeql-starter/ql/python/ql/lib --format=json
[2026-07-24 19:09:31] Calling plumbing command: codeql resolve files --include=**/*.qll --include=**/*.dbscheme --include=**/*.dbscheme.stats --include=**/*.md --include=**/*.qls --include=**/*.qlref --include=**/*.yml --include=**/*.yaml --include=**/upgrade.properties --include=**/*.ql --include=!**/.* --include=!**/qlpack.auth.yml --include=!**/qlconfig.yml --include=!codeql-pack.lock.yml --include=!qlpack.lock.yml --include=!codeql-pack.release.yml --include=!change-notes --include=!**/*.qhelp --include=codeql-pack.yml --include=qlpack.yml --include=LICENSE --include=README.md --include=CHANGELOG.md --include=!**/*.qlx --include=semmle/python/frameworks/**/*.model.yml --include=ext/*.model.yml /home/oleksii-shemshur/vscode-codeql-starter/ql/python/ql/lib --format=json
[2026-07-24 19:09:31] [PROGRESS] resolve files> Scanning /home/oleksii-shemshur/vscode-codeql-starter/ql/python/ql/lib...
[2026-07-24 19:09:31] [PROGRESS] resolve files> Scanning /home/oleksii-shemshur/vscode-codeql-starter/ql/python/ql/lib/upgrades...
[2026-07-24 19:09:31] [PROGRESS] resolve files> Scanning /home/oleksii-shemshur/vscode-codeql-starter/ql/python/ql/lib/upgrades/0565f7466437d52e1dc64a3b930926ab2f60cd64...
[2026-07-24 19:09:31] [PROGRESS] resolve files> Scanning /home/oleksii-shemshur/vscode-codeql-starter/ql/python/ql/lib/upgrades/initial...
[2026-07-24 19:09:31] [PROGRESS] resolve files> Scanning /home/oleksii-shemshur/vscode-codeql-starter/ql/python/ql/lib/upgrades/eb5fc917c79bb23ce2de4a022f3e566d57a91be9...
[2026-07-24 19:09:31] [PROGRESS] resolve files> Scanning /home/oleksii-shemshur/vscode-codeql-starter/ql/python/ql/lib/upgrades/4f1806347d7fafe2f78508da01c01e5aff5f7cbb...
[2026-07-24 19:09:31] [PROGRESS] resolve files> Scanning /home/oleksii-shemshur/vscode-codeql-starter/ql/python/ql/lib/upgrades/ff5327c074ca235c6b2fa4ea9ed29f4c60aa46cb...
[2026-07-24 19:09:31] [PROGRESS] resolve files> Scanning /home/oleksii-shemshur/vscode-codeql-starter/ql/python/ql/lib/upgrades/6a1f497168da2f43828161d3c86db7d4c94c2b53...
[2026-07-24 19:09:31] [PROGRESS] resolve files> Scanning /home/oleksii-shemshur/vscode-codeql-starter/ql/python/ql/lib/upgrades/728c6d65e61d808ae276013ebc15abc3a97aaef1...
[2026-07-24 19:09:31] [PROGRESS] resolve files> Scanning /home/oleksii-shemshur/vscode-codeql-starter/ql/python/ql/lib/upgrades/503c0516fba2e5da9570f00eb34ef43025ecb8fb...
[2026-07-24 19:09:31] [PROGRESS] resolve files> Scanning /home/oleksii-shemshur/vscode-codeql-starter/ql/python/ql/lib/upgrades/62a30d37a729670a8cc3c67b4dad81f1983865f8...
[2026-07-24 19:09:31] [PROGRESS] resolve files> Scanning /home/oleksii-shemshur/vscode-codeql-starter/ql/python/ql/lib/upgrades/5af903da088e3746aa283700a43a779302453523...
[2026-07-24 19:09:31] [PROGRESS] resolve files> Scanning /home/oleksii-shemshur/vscode-codeql-starter/ql/python/ql/lib/upgrades/279cbb08d387ecd57ac177e87c94cfd5ca62f792...
[2026-07-24 19:09:31] [PROGRESS] resolve files> Scanning /home/oleksii-shemshur/vscode-codeql-starter/ql/python/ql/lib/upgrades/acf8d3b08ae3cfac8833d16efbfa5a10fef86819...
[2026-07-24 19:09:31] [PROGRESS] resolve files> Scanning /home/oleksii-shemshur/vscode-codeql-starter/ql/python/ql/lib/upgrades/47e552c4357a04c5735355fad818630daee4a5ac...
[2026-07-24 19:09:31] [PROGRESS] resolve files> Scanning /home/oleksii-shemshur/vscode-codeql-starter/ql/python/ql/lib/upgrades/f635b392038a494915307f913657cd3058f9b476...
[2026-07-24 19:09:31] [PROGRESS] resolve files> Scanning /home/oleksii-shemshur/vscode-codeql-starter/ql/python/ql/lib/upgrades/0355ecf0ac589e66467a378e0e9d60f41ee4a757...
[2026-07-24 19:09:31] [PROGRESS] resolve files> Scanning /home/oleksii-shemshur/vscode-codeql-starter/ql/python/ql/lib/upgrades/8d257a4a9bc78e39856d6cd33499389fc5148d4f...
[2026-07-24 19:09:31] [PROGRESS] resolve files> Scanning /home/oleksii-shemshur/vscode-codeql-starter/ql/python/ql/lib/semmle...
[2026-07-24 19:09:31] [PROGRESS] resolve files> Scanning /home/oleksii-shemshur/vscode-codeql-starter/ql/python/ql/lib/semmle/files...
[2026-07-24 19:09:31] [PROGRESS] resolve files> Scanning /home/oleksii-shemshur/vscode-codeql-starter/ql/python/ql/lib/semmle/crypto...
[2026-07-24 19:09:31] [PROGRESS] resolve files> Scanning /home/oleksii-shemshur/vscode-codeql-starter/ql/python/ql/lib/semmle/python...
[2026-07-24 19:09:31] [PROGRESS] resolve files> Scanning /home/oleksii-shemshur/vscode-codeql-starter/ql/python/ql/lib/semmle/python/objects...
[2026-07-24 19:09:31] [PROGRESS] resolve files> Scanning /home/oleksii-shemshur/vscode-codeql-starter/ql/python/ql/lib/semmle/python/libraries...
[2026-07-24 19:09:31] [PROGRESS] resolve files> Scanning /home/oleksii-shemshur/vscode-codeql-starter/ql/python/ql/lib/semmle/python/essa...
[2026-07-24 19:09:31] [PROGRESS] resolve files> Scanning /home/oleksii-shemshur/vscode-codeql-starter/ql/python/ql/lib/semmle/python/xml...
[2026-07-24 19:09:31] [PROGRESS] resolve files> Scanning /home/oleksii-shemshur/vscode-codeql-starter/ql/python/ql/lib/semmle/python/internal...
[2026-07-24 19:09:31] [PROGRESS] resolve files> Scanning /home/oleksii-shemshur/vscode-codeql-starter/ql/python/ql/lib/semmle/python/types...
[2026-07-24 19:09:31] [PROGRESS] resolve files> Scanning /home/oleksii-shemshur/vscode-codeql-starter/ql/python/ql/lib/semmle/python/regexp...
[2026-07-24 19:09:31] [PROGRESS] resolve files> Scanning /home/oleksii-shemshur/vscode-codeql-starter/ql/python/ql/lib/semmle/python/regexp/internal...
[2026-07-24 19:09:31] [PROGRESS] resolve files> Scanning /home/oleksii-shemshur/vscode-codeql-starter/ql/python/ql/lib/semmle/python/dependencies...
[2026-07-24 19:09:31] [PROGRESS] resolve files> Scanning /home/oleksii-shemshur/vscode-codeql-starter/ql/python/ql/lib/semmle/python/templates...
[2026-07-24 19:09:31] [PROGRESS] resolve files> Scanning /home/oleksii-shemshur/vscode-codeql-starter/ql/python/ql/lib/semmle/python/frameworks...
[2026-07-24 19:09:31] [PROGRESS] resolve files> Scanning /home/oleksii-shemshur/vscode-codeql-starter/ql/python/ql/lib/semmle/python/frameworks/internal...
[2026-07-24 19:09:31] [PROGRESS] resolve files> Scanning /home/oleksii-shemshur/vscode-codeql-starter/ql/python/ql/lib/semmle/python/frameworks/Stdlib...
[2026-07-24 19:09:31] [PROGRESS] resolve files> Scanning /home/oleksii-shemshur/vscode-codeql-starter/ql/python/ql/lib/semmle/python/frameworks/data...
[2026-07-24 19:09:31] [PROGRESS] resolve files> Scanning /home/oleksii-shemshur/vscode-codeql-starter/ql/python/ql/lib/semmle/python/frameworks/data/internal...
[2026-07-24 19:09:31] [PROGRESS] resolve files> Scanning /home/oleksii-shemshur/vscode-codeql-starter/ql/python/ql/lib/semmle/python/frameworks/data/internal/subclass-capture...
[2026-07-24 19:09:31] [PROGRESS] resolve files> Scanning /home/oleksii-shemshur/vscode-codeql-starter/ql/python/ql/lib/semmle/python/pointsto...
[2026-07-24 19:09:31] [PROGRESS] resolve files> Scanning /home/oleksii-shemshur/vscode-codeql-starter/ql/python/ql/lib/semmle/python/filters...
[2026-07-24 19:09:31] [PROGRESS] resolve files> Scanning /home/oleksii-shemshur/vscode-codeql-starter/ql/python/ql/lib/semmle/python/concepts...
[2026-07-24 19:09:31] [PROGRESS] resolve files> Scanning /home/oleksii-shemshur/vscode-codeql-starter/ql/python/ql/lib/semmle/python/values...
[2026-07-24 19:09:31] [PROGRESS] resolve files> Scanning /home/oleksii-shemshur/vscode-codeql-starter/ql/python/ql/lib/semmle/python/security...
[2026-07-24 19:09:31] [PROGRESS] resolve files> Scanning /home/oleksii-shemshur/vscode-codeql-starter/ql/python/ql/lib/semmle/python/security/internal...
[2026-07-24 19:09:31] [PROGRESS] resolve files> Scanning /home/oleksii-shemshur/vscode-codeql-starter/ql/python/ql/lib/semmle/python/security/regexp...
[2026-07-24 19:09:31] [PROGRESS] resolve files> Scanning /home/oleksii-shemshur/vscode-codeql-starter/ql/python/ql/lib/semmle/python/security/dataflow...
[2026-07-24 19:09:31] [PROGRESS] resolve files> Scanning /home/oleksii-shemshur/vscode-codeql-starter/ql/python/ql/lib/semmle/python/dataflow...
[2026-07-24 19:09:31] [PROGRESS] resolve files> Scanning /home/oleksii-shemshur/vscode-codeql-starter/ql/python/ql/lib/semmle/python/dataflow/old...
[2026-07-24 19:09:31] [PROGRESS] resolve files> Scanning /home/oleksii-shemshur/vscode-codeql-starter/ql/python/ql/lib/semmle/python/dataflow/new...
[2026-07-24 19:09:31] [PROGRESS] resolve files> Scanning /home/oleksii-shemshur/vscode-codeql-starter/ql/python/ql/lib/semmle/python/dataflow/new/internal...
[2026-07-24 19:09:31] [PROGRESS] resolve files> Scanning /home/oleksii-shemshur/vscode-codeql-starter/ql/python/ql/lib/semmle/dataflow...
[2026-07-24 19:09:31] [PROGRESS] resolve files> Scanning /home/oleksii-shemshur/vscode-codeql-starter/ql/python/ql/lib/modeling...
[2026-07-24 19:09:31] [PROGRESS] resolve files> Scanning /home/oleksii-shemshur/vscode-codeql-starter/ql/python/ql/lib/utils...
[2026-07-24 19:09:31] [PROGRESS] resolve files> Scanning /home/oleksii-shemshur/vscode-codeql-starter/ql/python/ql/lib/utils/test...
[2026-07-24 19:09:31] [PROGRESS] resolve files> Scanning /home/oleksii-shemshur/vscode-codeql-starter/ql/python/ql/lib/utils/test/internal...
[2026-07-24 19:09:31] [PROGRESS] resolve files> Scanning /home/oleksii-shemshur/vscode-codeql-starter/ql/python/ql/lib/utils/test/dataflow...
[2026-07-24 19:09:31] [PROGRESS] resolve files> Scanning /home/oleksii-shemshur/vscode-codeql-starter/ql/python/ql/lib/experimental...
[2026-07-24 19:09:31] [PROGRESS] resolve files> Scanning /home/oleksii-shemshur/vscode-codeql-starter/ql/python/ql/lib/experimental/cryptography...
[2026-07-24 19:09:31] [PROGRESS] resolve files> Scanning /home/oleksii-shemshur/vscode-codeql-starter/ql/python/ql/lib/experimental/cryptography/modules...
[2026-07-24 19:09:31] [PROGRESS] resolve files> Scanning /home/oleksii-shemshur/vscode-codeql-starter/ql/python/ql/lib/experimental/cryptography/modules/stdlib...
[2026-07-24 19:09:31] [PROGRESS] resolve files> Scanning /home/oleksii-shemshur/vscode-codeql-starter/ql/python/ql/lib/experimental/cryptography/utils...
[2026-07-24 19:09:31] [PROGRESS] resolve files> Scanning /home/oleksii-shemshur/vscode-codeql-starter/ql/python/ql/lib/ext...
[2026-07-24 19:09:31] [PROGRESS] resolve files> Scanning /home/oleksii-shemshur/vscode-codeql-starter/ql/python/ql/lib/analysis...
[2026-07-24 19:09:31] Plumbing command codeql resolve files completed:
                      [
                        "/home/oleksii-shemshur/vscode-codeql-starter/ql/python/ql/lib/CHANGELOG.md",
                        "/home/oleksii-shemshur/vscode-codeql-starter/ql/python/ql/lib/Customizations.qll",
                        "/home/oleksii-shemshur/vscode-codeql-starter/ql/python/ql/lib/LegacyPointsTo.qll",
                        "/home/oleksii-shemshur/vscode-codeql-starter/ql/python/ql/lib/analysis/DefinitionTracking.qll",
                        "/home/oleksii-shemshur/vscode-codeql-starter/ql/python/ql/lib/analysis/IDEContextual.qll",
                        "/home/oleksii-shemshur/vscode-codeql-starter/ql/python/ql/lib/analysis/LocalDefinitions.ql",
                        "/home/oleksii-shemshur/vscode-codeql-starter/ql/python/ql/lib/analysis/LocalReferences.ql",
                        "/home/oleksii-shemshur/vscode-codeql-starter/ql/python/ql/lib/default.qll",
                        "/home/oleksii-shemshur/vscode-codeql-starter/ql/python/ql/lib/design.md",
                        "/home/oleksii-shemshur/vscode-codeql-starter/ql/python/ql/lib/experimental/cryptography/Concepts.qll",
                        "/home/oleksii-shemshur/vscode-codeql-starter/ql/python/ql/lib/experimental/cryptography/CryptoAlgorithmNames.qll",
                        "/home/oleksii-shemshur/vscode-codeql-starter/ql/python/ql/lib/experimental/cryptography/CryptoArtifact.qll",
                        "/home/oleksii-shemshur/vscode-codeql-starter/ql/python/ql/lib/experimental/cryptography/modules/CryptographyModule.qll",
                        "/home/oleksii-shemshur/vscode-codeql-starter/ql/python/ql/lib/experimental/cryptography/modules/stdlib/HashlibModule.qll",
                        "/home/oleksii-shemshur/vscode-codeql-starter/ql/python/ql/lib/experimental/cryptography/modules/stdlib/HmacModule.qll",
                        "/home/oleksii-shemshur/vscode-codeql-starter/ql/python/ql/lib/experimental/cryptography/utils/CallCfgNodeWithTarget.qll",
                        "/home/oleksii-shemshur/vscode-codeql-starter/ql/python/ql/lib/experimental/cryptography/utils/Utils.qll",
                        "/home/oleksii-shemshur/vscode-codeql-starter/ql/python/ql/lib/ext/default-threat-models-fixup.model.yml",
                        "/home/oleksii-shemshur/vscode-codeql-starter/ql/python/ql/lib/modeling/ModelEditor.qll",
                        "/home/oleksii-shemshur/vscode-codeql-starter/ql/python/ql/lib/modeling/Util.qll",
                        "/home/oleksii-shemshur/vscode-codeql-starter/ql/python/ql/lib/printAst.ql",
                        "/home/oleksii-shemshur/vscode-codeql-starter/ql/python/ql/lib/python.qll",
                        "/home/oleksii-shemshur/vscode-codeql-starter/ql/python/ql/lib/qlpack.yml",
                        "/home/oleksii-shemshur/vscode-codeql-starter/ql/python/ql/lib/semmle/crypto/Crypto.qll",
                        "/home/oleksii-shemshur/vscode-codeql-starter/ql/python/ql/lib/semmle/dataflow/SSA.qll",
                        "/home/oleksii-shemshur/vscode-codeql-starter/ql/python/ql/lib/semmle/files/FileSystem.qll",
                        "/home/oleksii-shemshur/vscode-codeql-starter/ql/python/ql/lib/semmle/python/ApiGraphs.qll",
                        "/home/oleksii-shemshur/vscode-codeql-starter/ql/python/ql/lib/semmle/python/AstExtended.qll",
                        "/home/oleksii-shemshur/vscode-codeql-starter/ql/python/ql/lib/semmle/python/AstGenerated.qll",
                        "/home/oleksii-shemshur/vscode-codeql-starter/ql/python/ql/lib/semmle/python/Class.qll",
                        "/home/oleksii-shemshur/vscode-codeql-starter/ql/python/ql/lib/semmle/python/Comment.qll",
                        "/home/oleksii-shemshur/vscode-codeql-starter/ql/python/ql/lib/semmle/python/Comparisons.qll",
                        "/home/oleksii-shemshur/vscode-codeql-starter/ql/python/ql/lib/semmle/python/Comprehensions.qll",
                        "/home/oleksii-shemshur/vscode-codeql-starter/ql/python/ql/lib/semmle/python/Concepts.qll",
                        "/home/oleksii-shemshur/vscode-codeql-starter/ql/python/ql/lib/semmle/python/Constants.qll",
                        "/home/oleksii-shemshur/vscode-codeql-starter/ql/python/ql/lib/semmle/python/Exprs.qll",
                        "/home/oleksii-shemshur/vscode-codeql-starter/ql/python/ql/lib/semmle/python/Files.qll",
                        "/home/oleksii-shemshur/vscode-codeql-starter/ql/python/ql/lib/semmle/python/Flow.qll",
                        "/home/oleksii-shemshur/vscode-codeql-starter/ql/python/ql/lib/semmle/python/Frameworks.qll",
                        "/home/oleksii-shemshur/vscode-codeql-starter/ql/python/ql/lib/semmle/python/Function.qll",
                        "/home/oleksii-shemshur/vscode-codeql-starter/ql/python/ql/lib/semmle/python/GuardedControlFlow.qll",
                        "/home/oleksii-shemshur/vscode-codeql-starter/ql/python/ql/lib/semmle/python/Import.qll",
                        "/home/oleksii-shemshur/vscode-codeql-starter/ql/python/ql/lib/semmle/python/Keywords.qll",
                        "/home/oleksii-shemshur/vscode-codeql-starter/ql/python/ql/lib/semmle/python/Metrics.qll",
                        "/home/oleksii-shemshur/vscode-codeql-starter/ql/python/ql/lib/semmle/python/Module.qll",
                        "/home/oleksii-shemshur/vscode-codeql-starter/ql/python/ql/lib/semmle/python/Operations.qll",
                        "/home/oleksii-shemshur/vscode-codeql-starter/ql/python/ql/lib/semmle/python/Overlay.qll",
                        "/home/oleksii-shemshur/vscode-codeql-starter/ql/python/ql/lib/semmle/python/Patterns.qll",
                        "/home/oleksii-shemshur/vscode-codeql-starter/ql/python/ql/lib/semmle/python/PrintAst.qll",
                        "/home/oleksii-shemshur/vscode-codeql-starter/ql/python/ql/lib/semmle/python/SSA.qll",
                        "/home/oleksii-shemshur/vscode-codeql-starter/ql/python/ql/lib/semmle/python/Scope.qll",
                        "/home/oleksii-shemshur/vscode-codeql-starter/ql/python/ql/lib/semmle/python/SelfAttribute.qll",
                        "/home/oleksii-shemshur/vscode-codeql-starter/ql/python/ql/lib/semmle/python/SpecialMethods.qll",
                        "/home/oleksii-shemshur/vscode-codeql-starter/ql/python/ql/lib/semmle/python/Stmts.qll",
                        "/home/oleksii-shemshur/vscode-codeql-starter/ql/python/ql/lib/semmle/python/TestUtils.qll",
                        "/home/oleksii-shemshur/vscode-codeql-starter/ql/python/ql/lib/semmle/python/Unit.qll",
                        "/home/oleksii-shemshur/vscode-codeql-starter/ql/python/ql/lib/semmle/python/Variables.qll",
                        "/home/oleksii-shemshur/vscode-codeql-starter/ql/python/ql/lib/semmle/python/Yaml.qll",
                        "/home/oleksii-shemshur/vscode-codeql-starter/ql/python/ql/lib/semmle/python/concepts/CryptoAlgorithms.qll",
                        "/home/oleksii-shemshur/vscode-codeql-starter/ql/python/ql/lib/semmle/python/dataflow/Configuration.qll",
                        "/home/oleksii-shemshur/vscode-codeql-starter/ql/python/ql/lib/semmle/python/dataflow/DataFlow.qll",
                        "/home/oleksii-shemshur/vscode-codeql-starter/ql/python/ql/lib/semmle/python/dataflow/Files.qll",
                        "/home/oleksii-shemshur/vscode-codeql-starter/ql/python/ql/lib/semmle/python/dataflow/Implementation.qll",
                        "/home/oleksii-shemshur/vscode-codeql-starter/ql/python/ql/lib/semmle/python/dataflow/Legacy.qll",
                        "/home/oleksii-shemshur/vscode-codeql-starter/ql/python/ql/lib/semmle/python/dataflow/StateTracking.qll",
                        "/home/oleksii-shemshur/vscode-codeql-starter/ql/python/ql/lib/semmle/python/dataflow/TaintTracking.qll",
                        "/home/oleksii-shemshur/vscode-codeql-starter/ql/python/ql/lib/semmle/python/dataflow/new/BarrierGuards.qll",
                        "/home/oleksii-shemshur/vscode-codeql-starter/ql/python/ql/lib/semmle/python/dataflow/new/DataFlow.qll",
                        "/home/oleksii-shemshur/vscode-codeql-starter/ql/python/ql/lib/semmle/python/dataflow/new/FlowSummary.qll",
                        "/home/oleksii-shemshur/vscode-codeql-starter/ql/python/ql/lib/semmle/python/dataflow/new/Regexp.qll",
                        "/home/oleksii-shemshur/vscode-codeql-starter/ql/python/ql/lib/semmle/python/dataflow/new/RemoteFlowSources.qll",
                        "/home/oleksii-shemshur/vscode-codeql-starter/ql/python/ql/lib/semmle/python/dataflow/new/SensitiveDataSources.qll",
                        "/home/oleksii-shemshur/vscode-codeql-starter/ql/python/ql/lib/semmle/python/dataflow/new/TaintTracking.qll",
                        "/home/oleksii-shemshur/vscode-codeql-starter/ql/python/ql/lib/semmle/python/dataflow/new/TypeTracking.qll",
                        "/home/oleksii-shemshur/vscode-codeql-starter/ql/python/ql/lib/semmle/python/dataflow/new/internal/Attributes.qll",
                        "/home/oleksii-shemshur/vscode-codeql-starter/ql/python/ql/lib/semmle/python/dataflow/new/internal/Builtins.qll",
                        "/home/oleksii-shemshur/vscode-codeql-starter/ql/python/ql/lib/semmle/python/dataflow/new/internal/DataFlowDispatch.qll",
                        "/home/oleksii-shemshur/vscode-codeql-starter/ql/python/ql/lib/semmle/python/dataflow/new/internal/DataFlowImpl.qll",
                        "/home/oleksii-shemshur/vscode-codeql-starter/ql/python/ql/lib/semmle/python/dataflow/new/internal/DataFlowImplCommon.qll",
                        "/home/oleksii-shemshur/vscode-codeql-starter/ql/python/ql/lib/semmle/python/dataflow/new/internal/DataFlowImplSpecific.qll",
                        "/home/oleksii-shemshur/vscode-codeql-starter/ql/python/ql/lib/semmle/python/dataflow/new/internal/DataFlowPrivate.qll",
                        "/home/oleksii-shemshur/vscode-codeql-starter/ql/python/ql/lib/semmle/python/dataflow/new/internal/DataFlowPublic.qll",
                        "/home/oleksii-shemshur/vscode-codeql-starter/ql/python/ql/lib/semmle/python/dataflow/new/internal/DataFlowUtil.qll",
                        "/home/oleksii-shemshur/vscode-codeql-starter/ql/python/ql/lib/semmle/python/dataflow/new/internal/FlowSummaryImpl.qll",
                        "/home/oleksii-shemshur/vscode-codeql-starter/ql/python/ql/lib/semmle/python/dataflow/new/internal/ImportResolution.qll",
                        "/home/oleksii-shemshur/vscode-codeql-starter/ql/python/ql/lib/semmle/python/dataflow/new/internal/ImportStar.qll",
                        "/home/oleksii-shemshur/vscode-codeql-starter/ql/python/ql/lib/semmle/python/dataflow/new/internal/IterableUnpacking.qll",
                        "/home/oleksii-shemshur/vscode-codeql-starter/ql/python/ql/lib/semmle/python/dataflow/new/internal/LocalSources.qll",
                        "/home/oleksii-shemshur/vscode-codeql-starter/ql/python/ql/lib/semmle/python/dataflow/new/internal/MatchUnpacking.qll",
                        "/home/oleksii-shemshur/vscode-codeql-starter/ql/python/ql/lib/semmle/python/dataflow/new/internal/PrintNode.qll",
                        "/home/oleksii-shemshur/vscode-codeql-starter/ql/python/ql/lib/semmle/python/dataflow/new/internal/ReExposedInstance.qll",
                        "/home/oleksii-shemshur/vscode-codeql-starter/ql/python/ql/lib/semmle/python/dataflow/new/internal/TaintTrackingImplSpecific.qll",
                        "/home/oleksii-shemshur/vscode-codeql-starter/ql/python/ql/lib/semmle/python/dataflow/new/internal/TaintTrackingPrivate.qll",
                        "/home/oleksii-shemshur/vscode-codeql-starter/ql/python/ql/lib/semmle/python/dataflow/new/internal/TaintTrackingPublic.qll",
                        "/home/oleksii-shemshur/vscode-codeql-starter/ql/python/ql/lib/semmle/python/dataflow/new/internal/TypeTrackingImpl.qll",
                        "/home/oleksii-shemshur/vscode-codeql-starter/ql/python/ql/lib/semmle/python/dataflow/new/internal/VariableCapture.qll",
                        "/home/oleksii-shemshur/vscode-codeql-starter/ql/python/ql/lib/semmle/python/dataflow/old/Configuration.qll",
                        "/home/oleksii-shemshur/vscode-codeql-starter/ql/python/ql/lib/semmle/python/dataflow/old/DataFlow.qll",
                        "/home/oleksii-shemshur/vscode-codeql-starter/ql/python/ql/lib/semmle/python/dataflow/old/Files.qll",
                        "/home/oleksii-shemshur/vscode-codeql-starter/ql/python/ql/lib/semmle/python/dataflow/old/Implementation.qll",
                        "/home/oleksii-shemshur/vscode-codeql-starter/ql/python/ql/lib/semmle/python/dataflow/old/Legacy.qll",
                        "/home/oleksii-shemshur/vscode-codeql-starter/ql/python/ql/lib/semmle/python/dataflow/old/StateTracking.qll",
                        "/home/oleksii-shemshur/vscode-codeql-starter/ql/python/ql/lib/semmle/python/dataflow/old/TaintTracking.qll",
                        "/home/oleksii-shemshur/vscode-codeql-starter/ql/python/ql/lib/semmle/python/dependencies/Dependencies.qll",
                        "/home/oleksii-shemshur/vscode-codeql-starter/ql/python/ql/lib/semmle/python/dependencies/DependencyKind.qll",
                        "/home/oleksii-shemshur/vscode-codeql-starter/ql/python/ql/lib/semmle/python/dependencies/TechInventory.qll",
                        "/home/oleksii-shemshur/vscode-codeql-starter/ql/python/ql/lib/semmle/python/essa/Definitions.qll",
                        "/home/oleksii-shemshur/vscode-codeql-starter/ql/python/ql/lib/semmle/python/essa/Essa.qll",
                        "/home/oleksii-shemshur/vscode-codeql-starter/ql/python/ql/lib/semmle/python/essa/SsaCompute.qll",
                        "/home/oleksii-shemshur/vscode-codeql-starter/ql/python/ql/lib/semmle/python/essa/SsaDefinitions.qll",
                        "/home/oleksii-shemshur/vscode-codeql-starter/ql/python/ql/lib/semmle/python/filters/GeneratedCode.qll",
                        "/home/oleksii-shemshur/vscode-codeql-starter/ql/python/ql/lib/semmle/python/filters/Tests.qll",
                        "/home/oleksii-shemshur/vscode-codeql-starter/ql/python/ql/lib/semmle/python/frameworks/Aioch.qll",
                        "/home/oleksii-shemshur/vscode-codeql-starter/ql/python/ql/lib/semmle/python/frameworks/Aiofile.qll",
                        "/home/oleksii-shemshur/vscode-codeql-starter/ql/python/ql/lib/semmle/python/frameworks/Aiofiles.qll",
                        "/home/oleksii-shemshur/vscode-codeql-starter/ql/python/ql/lib/semmle/python/frameworks/Aiohttp.qll",
                        "/home/oleksii-shemshur/vscode-codeql-starter/ql/python/ql/lib/semmle/python/frameworks/Aiomysql.qll",
                        "/home/oleksii-shemshur/vscode-codeql-starter/ql/python/ql/lib/semmle/python/frameworks/Aiopg.qll",
                        "/home/oleksii-shemshur/vscode-codeql-starter/ql/python/ql/lib/semmle/python/frameworks/Aiosqlite.qll",
                        "/home/oleksii-shemshur/vscode-codeql-starter/ql/python/ql/lib/semmle/python/frameworks/Airspeed.qll",
                        "/home/oleksii-shemshur/vscode-codeql-starter/ql/python/ql/lib/semmle/python/frameworks/AntiSSRF.model.yml",
                        "/home/oleksii-shemshur/vscode-codeql-starter/ql/python/ql/lib/semmle/python/frameworks/Anyio.qll",
                        "/home/oleksii-shemshur/vscode-codeql-starter/ql/python/ql/lib/semmle/python/frameworks/Asyncpg.model.yml",
                        "/home/oleksii-shemshur/vscode-codeql-starter/ql/python/ql/lib/semmle/python/frameworks/Asyncpg.qll",
                        "/home/oleksii-shemshur/vscode-codeql-starter/ql/python/ql/lib/semmle/python/frameworks/Azure.Keyvault.model.yml",
                        "/home/oleksii-shemshur/vscode-codeql-starter/ql/python/ql/lib/semmle/python/frameworks/Azure.Storage.model.yml",
                        "/home/oleksii-shemshur/vscode-codeql-starter/ql/python/ql/lib/semmle/python/frameworks/BSon.qll",
                        "/home/oleksii-shemshur/vscode-codeql-starter/ql/python/ql/lib/semmle/python/frameworks/Baize.qll",
                        "/home/oleksii-shemshur/vscode-codeql-starter/ql/python/ql/lib/semmle/python/frameworks/Bottle.qll",
                        "/home/oleksii-shemshur/vscode-codeql-starter/ql/python/ql/lib/semmle/python/frameworks/CassandraDriver.qll",
                        "/home/oleksii-shemshur/vscode-codeql-starter/ql/python/ql/lib/semmle/python/frameworks/Chameleon.qll",
                        "/home/oleksii-shemshur/vscode-codeql-starter/ql/python/ql/lib/semmle/python/frameworks/Cherrypy.qll",
                        "/home/oleksii-shemshur/vscode-codeql-starter/ql/python/ql/lib/semmle/python/frameworks/Chevron.qll",
                        "/home/oleksii-shemshur/vscode-codeql-starter/ql/python/ql/lib/semmle/python/frameworks/ClickhouseDriver.qll",
                        "/home/oleksii-shemshur/vscode-codeql-starter/ql/python/ql/lib/semmle/python/frameworks/Cryptodome.qll",
                        "/home/oleksii-shemshur/vscode-codeql-starter/ql/python/ql/lib/semmle/python/frameworks/Cryptography.qll",
                        "/home/oleksii-shemshur/vscode-codeql-starter/ql/python/ql/lib/semmle/python/frameworks/Cx_Oracle.qll",
                        "/home/oleksii-shemshur/vscode-codeql-starter/ql/python/ql/lib/semmle/python/frameworks/Dill.qll",
                        "/home/oleksii-shemshur/vscode-codeql-starter/ql/python/ql/lib/semmle/python/frameworks/Django.model.yml",
                        "/home/oleksii-shemshur/vscode-codeql-starter/ql/python/ql/lib/semmle/python/frameworks/Django.qll",
                        "/home/oleksii-shemshur/vscode-codeql-starter/ql/python/ql/lib/semmle/python/frameworks/Eventlet.model.yml",
                        "/home/oleksii-shemshur/vscode-codeql-starter/ql/python/ql/lib/semmle/python/frameworks/Fabric.qll",
                        "/home/oleksii-shemshur/vscode-codeql-starter/ql/python/ql/lib/semmle/python/frameworks/FastApi.qll",
                        "/home/oleksii-shemshur/vscode-codeql-starter/ql/python/ql/lib/semmle/python/frameworks/Flask.qll",
                        "/home/oleksii-shemshur/vscode-codeql-starter/ql/python/ql/lib/semmle/python/frameworks/FlaskAdmin.qll",
                        "/home/oleksii-shemshur/vscode-codeql-starter/ql/python/ql/lib/semmle/python/frameworks/FlaskSqlAlchemy.qll",
                        "/home/oleksii-shemshur/vscode-codeql-starter/ql/python/ql/lib/semmle/python/frameworks/Genshi.qll",
                        "/home/oleksii-shemshur/vscode-codeql-starter/ql/python/ql/lib/semmle/python/frameworks/Gevent.model.yml",
                        "/home/oleksii-shemshur/vscode-codeql-starter/ql/python/ql/lib/semmle/python/frameworks/Gradio.qll",
                        "/home/oleksii-shemshur/vscode-codeql-starter/ql/python/ql/lib/semmle/python/frameworks/Hdbcli.qll",
                        "/home/oleksii-shemshur/vscode-codeql-starter/ql/python/ql/lib/semmle/python/frameworks/Httpx.qll",
                        "/home/oleksii-shemshur/vscode-codeql-starter/ql/python/ql/lib/semmle/python/frameworks/Idna.qll",
                        "/home/oleksii-shemshur/vscode-codeql-starter/ql/python/ql/lib/semmle/python/frameworks/Invoke.qll",
                        "/home/oleksii-shemshur/vscode-codeql-starter/ql/python/ql/lib/semmle/python/frameworks/Jinja2.qll",
                        "/home/oleksii-shemshur/vscode-codeql-starter/ql/python/ql/lib/semmle/python/frameworks/Jmespath.qll",
                        "/home/oleksii-shemshur/vscode-codeql-starter/ql/python/ql/lib/semmle/python/frameworks/Joblib.qll",
                        "/home/oleksii-shemshur/vscode-codeql-starter/ql/python/ql/lib/semmle/python/frameworks/JsonPickle.qll",
                        "/home/oleksii-shemshur/vscode-codeql-starter/ql/python/ql/lib/semmle/python/frameworks/Ldap.qll",
                        "/home/oleksii-shemshur/vscode-codeql-starter/ql/python/ql/lib/semmle/python/frameworks/Ldap3.qll",
                        "/home/oleksii-shemshur/vscode-codeql-starter/ql/python/ql/lib/semmle/python/frameworks/Libtaxii.qll",
                        "/home/oleksii-shemshur/vscode-codeql-starter/ql/python/ql/lib/semmle/python/frameworks/Libxml2.qll",
                        "/home/oleksii-shemshur/vscode-codeql-starter/ql/python/ql/lib/semmle/python/frameworks/Lxml.qll",
                        "/home/oleksii-shemshur/vscode-codeql-starter/ql/python/ql/lib/semmle/python/frameworks/Mako.qll",
                        "/home/oleksii-shemshur/vscode-codeql-starter/ql/python/ql/lib/semmle/python/frameworks/MarkupSafe.qll",
                        "/home/oleksii-shemshur/vscode-codeql-starter/ql/python/ql/lib/semmle/python/frameworks/Multidict.qll",
                        "/home/oleksii-shemshur/vscode-codeql-starter/ql/python/ql/lib/semmle/python/frameworks/MySQLdb.qll",
                        "/home/oleksii-shemshur/vscode-codeql-starter/ql/python/ql/lib/semmle/python/frameworks/Mysql.qll",
                        "/home/oleksii-shemshur/vscode-codeql-starter/ql/python/ql/lib/semmle/python/frameworks/Numpy.qll",
                        "/home/oleksii-shemshur/vscode-codeql-starter/ql/python/ql/lib/semmle/python/frameworks/Opml.qll",
                        "/home/oleksii-shemshur/vscode-codeql-starter/ql/python/ql/lib/semmle/python/frameworks/Oracledb.qll",
                        "/home/oleksii-shemshur/vscode-codeql-starter/ql/python/ql/lib/semmle/python/frameworks/PEP249.qll",
                        "/home/oleksii-shemshur/vscode-codeql-starter/ql/python/ql/lib/semmle/python/frameworks/Pandas.qll",
                        "/home/oleksii-shemshur/vscode-codeql-starter/ql/python/ql/lib/semmle/python/frameworks/Paramiko.qll",
                        "/home/oleksii-shemshur/vscode-codeql-starter/ql/python/ql/lib/semmle/python/frameworks/Peewee.qll",
                        "/home/oleksii-shemshur/vscode-codeql-starter/ql/python/ql/lib/semmle/python/frameworks/Pexpect.qll",
                        "/home/oleksii-shemshur/vscode-codeql-starter/ql/python/ql/lib/semmle/python/frameworks/Phoenixdb.qll",
                        "/home/oleksii-shemshur/vscode-codeql-starter/ql/python/ql/lib/semmle/python/frameworks/Psycopg.qll",
                        "/home/oleksii-shemshur/vscode-codeql-starter/ql/python/ql/lib/semmle/python/frameworks/Psycopg2.qll",
                        "/home/oleksii-shemshur/vscode-codeql-starter/ql/python/ql/lib/semmle/python/frameworks/PyMongo.qll",
                        "/home/oleksii-shemshur/vscode-codeql-starter/ql/python/ql/lib/semmle/python/frameworks/PyMySQL.qll",
                        "/home/oleksii-shemshur/vscode-codeql-starter/ql/python/ql/lib/semmle/python/frameworks/Pycurl.qll",
                        "/home/oleksii-shemshur/vscode-codeql-starter/ql/python/ql/lib/semmle/python/frameworks/Pydantic.qll",
                        "/home/oleksii-shemshur/vscode-codeql-starter/ql/python/ql/lib/semmle/python/frameworks/Pymssql.qll",
                        "/home/oleksii-shemshur/vscode-codeql-starter/ql/python/ql/lib/semmle/python/frameworks/Pyodbc.qll",
                        "/home/oleksii-shemshur/vscode-codeql-starter/ql/python/ql/lib/semmle/python/frameworks/Pyramid.qll",
                        "/home/oleksii-shemshur/vscode-codeql-starter/ql/python/ql/lib/semmle/python/frameworks/Requests.qll",
                        "/home/oleksii-shemshur/vscode-codeql-starter/ql/python/ql/lib/semmle/python/frameworks/RestFramework.qll",
                        "/home/oleksii-shemshur/vscode-codeql-starter/ql/python/ql/lib/semmle/python/frameworks/Rsa.qll",
                        "/home/oleksii-shemshur/vscode-codeql-starter/ql/python/ql/lib/semmle/python/frameworks/RuamelYaml.qll",
                        "/home/oleksii-shemshur/vscode-codeql-starter/ql/python/ql/lib/semmle/python/frameworks/Sanic.qll",
                        "/home/oleksii-shemshur/vscode-codeql-starter/ql/python/ql/lib/semmle/python/frameworks/ServerLess.qll",
                        "/home/oleksii-shemshur/vscode-codeql-starter/ql/python/ql/lib/semmle/python/frameworks/Setuptools.qll",
                        "/home/oleksii-shemshur/vscode-codeql-starter/ql/python/ql/lib/semmle/python/frameworks/Simplejson.qll",
                        "/home/oleksii-shemshur/vscode-codeql-starter/ql/python/ql/lib/semmle/python/frameworks/Socketio.qll",
                        "/home/oleksii-shemshur/vscode-codeql-starter/ql/python/ql/lib/semmle/python/frameworks/SqlAlchemy.qll",
                        "/home/oleksii-shemshur/vscode-codeql-starter/ql/python/ql/lib/semmle/python/frameworks/Starlette.qll",
                        "/home/oleksii-shemshur/vscode-codeql-starter/ql/python/ql/lib/semmle/python/frameworks/Stdlib.model.yml",
                        "/home/oleksii-shemshur/vscode-codeql-starter/ql/python/ql/lib/semmle/python/frameworks/Stdlib.qll",
                        "/home/oleksii-shemshur/vscode-codeql-starter/ql/python/ql/lib/semmle/python/frameworks/Stdlib/Urllib.qll",
                        "/home/oleksii-shemshur/vscode-codeql-starter/ql/python/ql/lib/semmle/python/frameworks/Stdlib/Urllib2.qll",
                        "/home/oleksii-shemshur/vscode-codeql-starter/ql/python/ql/lib/semmle/python/frameworks/Streamlit.qll",
                        "/home/oleksii-shemshur/vscode-codeql-starter/ql/python/ql/lib/semmle/python/frameworks/TRender.qll",
                        "/home/oleksii-shemshur/vscode-codeql-starter/ql/python/ql/lib/semmle/python/frameworks/Toml.qll",
                        "/home/oleksii-shemshur/vscode-codeql-starter/ql/python/ql/lib/semmle/python/frameworks/Torch.qll",
                        "/home/oleksii-shemshur/vscode-codeql-starter/ql/python/ql/lib/semmle/python/frameworks/Tornado.qll",
                        "/home/oleksii-shemshur/vscode-codeql-starter/ql/python/ql/lib/semmle/python/frameworks/Twisted.qll",
                        "/home/oleksii-shemshur/vscode-codeql-starter/ql/python/ql/lib/semmle/python/frameworks/Ujson.qll",
                        "/home/oleksii-shemshur/vscode-codeql-starter/ql/python/ql/lib/semmle/python/frameworks/Urllib3.qll",
                        "/home/oleksii-shemshur/vscode-codeql-starter/ql/python/ql/lib/semmle/python/frameworks/Websockets.qll",
                        "/home/oleksii-shemshur/vscode-codeql-starter/ql/python/ql/lib/semmle/python/frameworks/Werkzeug.qll",
                        "/home/oleksii-shemshur/vscode-codeql-starter/ql/python/ql/lib/semmle/python/frameworks/Xmltodict.qll",
                        "/home/oleksii-shemshur/vscode-codeql-starter/ql/python/ql/lib/semmle/python/frameworks/Yaml.qll",
                        "/home/oleksii-shemshur/vscode-codeql-starter/ql/python/ql/lib/semmle/python/frameworks/Yarl.qll",
                        "/home/oleksii-shemshur/vscode-codeql-starter/ql/python/ql/lib/semmle/python/frameworks/agent.model.yml",
                        "/home/oleksii-shemshur/vscode-codeql-starter/ql/python/ql/lib/semmle/python/frameworks/anthropic.model.yml",
                        "/home/oleksii-shemshur/vscode-codeql-starter/ql/python/ql/lib/semmle/python/frameworks/builtins.model.yml",
                        "/home/oleksii-shemshur/vscode-codeql-starter/ql/python/ql/lib/semmle/python/frameworks/data/ModelsAsData.qll",
                        "/home/oleksii-shemshur/vscode-codeql-starter/ql/python/ql/lib/semmle/python/frameworks/data/internal/ApiGraphModels.qll",
                        "/home/oleksii-shemshur/vscode-codeql-starter/ql/python/ql/lib/semmle/python/frameworks/data/internal/ApiGraphModelsExtensions.qll",
                        "/home/oleksii-shemshur/vscode-codeql-starter/ql/python/ql/lib/semmle/python/frameworks/data/internal/ApiGraphModelsSpecific.qll",
                        "/home/oleksii-shemshur/vscode-codeql-starter/ql/python/ql/lib/semmle/python/frameworks/data/internal/empty.model.yml",
                        "/home/oleksii-shemshur/vscode-codeql-starter/ql/python/ql/lib/semmle/python/frameworks/data/internal/subclass-capture/ALL.model.yml",
                        "/home/oleksii-shemshur/vscode-codeql-starter/ql/python/ql/lib/semmle/python/frameworks/internal/InstanceTaintStepsHelper.qll",
                        "/home/oleksii-shemshur/vscode-codeql-starter/ql/python/ql/lib/semmle/python/frameworks/internal/PoorMansFunctionResolution.qll",
                        "/home/oleksii-shemshur/vscode-codeql-starter/ql/python/ql/lib/semmle/python/frameworks/internal/SelfRefMixin.qll",
                        "/home/oleksii-shemshur/vscode-codeql-starter/ql/python/ql/lib/semmle/python/frameworks/internal/SubclassFinder.qll",
                        "/home/oleksii-shemshur/vscode-codeql-starter/ql/python/ql/lib/semmle/python/frameworks/lxml.model.yml",
                        "/home/oleksii-shemshur/vscode-codeql-starter/ql/python/ql/lib/semmle/python/frameworks/openai.model.yml",
                        "/home/oleksii-shemshur/vscode-codeql-starter/ql/python/ql/lib/semmle/python/frameworks/xml.model.yml",
                        "/home/oleksii-shemshur/vscode-codeql-starter/ql/python/ql/lib/semmle/python/internal/Awaited.qll",
                        "/home/oleksii-shemshur/vscode-codeql-starter/ql/python/ql/lib/semmle/python/internal/CachedStages.qll",
                        "/home/oleksii-shemshur/vscode-codeql-starter/ql/python/ql/lib/semmle/python/internal/OverlayDiscardConsistencyQuery.qll",
                        "/home/oleksii-shemshur/vscode-codeql-starter/ql/python/ql/lib/semmle/python/internal/OverlayXml.qll",
                        "/home/oleksii-shemshur/vscode-codeql-starter/ql/python/ql/lib/semmle/python/libraries/Zope.qll",
                        "/home/oleksii-shemshur/vscode-codeql-starter/ql/python/ql/lib/semmle/python/objects/Callables.qll",
                        "/home/oleksii-shemshur/vscode-codeql-starter/ql/python/ql/lib/semmle/python/objects/Classes.qll",
                        "/home/oleksii-shemshur/vscode-codeql-starter/ql/python/ql/lib/semmle/python/objects/Constants.qll",
                        "/home/oleksii-shemshur/vscode-codeql-starter/ql/python/ql/lib/semmle/python/objects/Descriptors.qll",
                        "/home/oleksii-shemshur/vscode-codeql-starter/ql/python/ql/lib/semmle/python/objects/Instances.qll",
                        "/home/oleksii-shemshur/vscode-codeql-starter/ql/python/ql/lib/semmle/python/objects/Modules.qll",
                        "/home/oleksii-shemshur/vscode-codeql-starter/ql/python/ql/lib/semmle/python/objects/ObjectAPI.qll",
                        "/home/oleksii-shemshur/vscode-codeql-starter/ql/python/ql/lib/semmle/python/objects/ObjectInternal.qll",
                        "/home/oleksii-shemshur/vscode-codeql-starter/ql/python/ql/lib/semmle/python/objects/ObjectModel.md",
                        "/home/oleksii-shemshur/vscode-codeql-starter/ql/python/ql/lib/semmle/python/objects/Sequences.qll",
                        "/home/oleksii-shemshur/vscode-codeql-starter/ql/python/ql/lib/semmle/python/objects/TObject.qll",
                        "/home/oleksii-shemshur/vscode-codeql-starter/ql/python/ql/lib/semmle/python/pointsto/Base.qll",
                        "/home/oleksii-shemshur/vscode-codeql-starter/ql/python/ql/lib/semmle/python/pointsto/CallGraph.qll",
                        "/home/oleksii-shemshur/vscode-codeql-starter/ql/python/ql/lib/semmle/python/pointsto/Context.qll",
                        "/home/oleksii-shemshur/vscode-codeql-starter/ql/python/ql/lib/semmle/python/pointsto/Filters.qll",
                        "/home/oleksii-shemshur/vscode-codeql-starter/ql/python/ql/lib/semmle/python/pointsto/Final.qll",
                        "/home/oleksii-shemshur/vscode-codeql-starter/ql/python/ql/lib/semmle/python/pointsto/MRO.qll",
                        "/home/oleksii-shemshur/vscode-codeql-starter/ql/python/ql/lib/semmle/python/pointsto/Overview.qll",
                        "/home/oleksii-shemshur/vscode-codeql-starter/ql/python/ql/lib/semmle/python/pointsto/PointsTo.qll",
                        "/home/oleksii-shemshur/vscode-codeql-starter/ql/python/ql/lib/semmle/python/pointsto/PointsToContext.qll",
                        "/home/oleksii-shemshur/vscode-codeql-starter/ql/python/ql/lib/semmle/python/regex.qll",
                        "/home/oleksii-shemshur/vscode-codeql-starter/ql/python/ql/lib/semmle/python/regexp/RegexTreeView.qll",
                        "/home/oleksii-shemshur/vscode-codeql-starter/ql/python/ql/lib/semmle/python/regexp/internal/ParseRegExp.qll",
                        "/home/oleksii-shemshur/vscode-codeql-starter/ql/python/ql/lib/semmle/python/regexp/internal/RegExpTracking.qll",
                        "/home/oleksii-shemshur/vscode-codeql-starter/ql/python/ql/lib/semmle/python/security/README.md",
                        "/home/oleksii-shemshur/vscode-codeql-starter/ql/python/ql/lib/semmle/python/security/TaintTracking.qll",
                        "/home/oleksii-shemshur/vscode-codeql-starter/ql/python/ql/lib/semmle/python/security/dataflow/CleartextLoggingCustomizations.qll",
                        "/home/oleksii-shemshur/vscode-codeql-starter/ql/python/ql/lib/semmle/python/security/dataflow/CleartextLoggingQuery.qll",
                        "/home/oleksii-shemshur/vscode-codeql-starter/ql/python/ql/lib/semmle/python/security/dataflow/CleartextStorageCustomizations.qll",
                        "/home/oleksii-shemshur/vscode-codeql-starter/ql/python/ql/lib/semmle/python/security/dataflow/CleartextStorageQuery.qll",
                        "/home/oleksii-shemshur/vscode-codeql-starter/ql/python/ql/lib/semmle/python/security/dataflow/CodeInjectionCustomizations.qll",
                        "/home/oleksii-shemshur/vscode-codeql-starter/ql/python/ql/lib/semmle/python/security/dataflow/CodeInjectionQuery.qll",
                        "/home/oleksii-shemshur/vscode-codeql-starter/ql/python/ql/lib/semmle/python/security/dataflow/CommandInjectionCustomizations.qll",
                        "/home/oleksii-shemshur/vscode-codeql-starter/ql/python/ql/lib/semmle/python/security/dataflow/CommandInjectionQuery.qll",
                        "/home/oleksii-shemshur/vscode-codeql-starter/ql/python/ql/lib/semmle/python/security/dataflow/CookieInjectionCustomizations.qll",
                        "/home/oleksii-shemshur/vscode-codeql-starter/ql/python/ql/lib/semmle/python/security/dataflow/CookieInjectionQuery.qll",
                        "/home/oleksii-shemshur/vscode-codeql-starter/ql/python/ql/lib/semmle/python/security/dataflow/ExceptionInfo.qll",
                        "/home/oleksii-shemshur/vscode-codeql-starter/ql/python/ql/lib/semmle/python/security/dataflow/HttpHeaderInjectionCustomizations.qll",
                        "/home/oleksii-shemshur/vscode-codeql-starter/ql/python/ql/lib/semmle/python/security/dataflow/HttpHeaderInjectionQuery.qll",
                        "/home/oleksii-shemshur/vscode-codeql-starter/ql/python/ql/lib/semmle/python/security/dataflow/LdapInjectionCustomizations.qll",
                        "/home/oleksii-shemshur/vscode-codeql-starter/ql/python/ql/lib/semmle/python/security/dataflow/LdapInjectionQuery.qll",
                        "/home/oleksii-shemshur/vscode-codeql-starter/ql/python/ql/lib/semmle/python/security/dataflow/LogInjectionCustomizations.qll",
                        "/home/oleksii-shemshur/vscode-codeql-starter/ql/python/ql/lib/semmle/python/security/dataflow/LogInjectionQuery.qll",
                        "/home/oleksii-shemshur/vscode-codeql-starter/ql/python/ql/lib/semmle/python/security/dataflow/NoSqlInjectionCustomizations.qll",
                        "/home/oleksii-shemshur/vscode-codeql-starter/ql/python/ql/lib/semmle/python/security/dataflow/NoSqlInjectionQuery.qll",
                        "/home/oleksii-shemshur/vscode-codeql-starter/ql/python/ql/lib/semmle/python/security/dataflow/PamAuthorizationCustomizations.qll",
                        "/home/oleksii-shemshur/vscode-codeql-starter/ql/python/ql/lib/semmle/python/security/dataflow/PamAuthorizationQuery.qll",
                        "/home/oleksii-shemshur/vscode-codeql-starter/ql/python/ql/lib/semmle/python/security/dataflow/PathInjectionCustomizations.qll",
                        "/home/oleksii-shemshur/vscode-codeql-starter/ql/python/ql/lib/semmle/python/security/dataflow/PathInjectionQuery.qll",
                        "/home/oleksii-shemshur/vscode-codeql-starter/ql/python/ql/lib/semmle/python/security/dataflow/PolynomialReDoSCustomizations.qll",
                        "/home/oleksii-shemshur/vscode-codeql-starter/ql/python/ql/lib/semmle/python/security/dataflow/PolynomialReDoSQuery.qll",
                        "/home/oleksii-shemshur/vscode-codeql-starter/ql/python/ql/lib/semmle/python/security/dataflow/ReflectedXSSCustomizations.qll",
                        "/home/oleksii-shemshur/vscode-codeql-starter/ql/python/ql/lib/semmle/python/security/dataflow/ReflectedXssQuery.qll",
                        "/home/oleksii-shemshur/vscode-codeql-starter/ql/python/ql/lib/semmle/python/security/dataflow/RegexInjectionCustomizations.qll",
                        "/home/oleksii-shemshur/vscode-codeql-starter/ql/python/ql/lib/semmle/python/security/dataflow/RegexInjectionQuery.qll",
                        "/home/oleksii-shemshur/vscode-codeql-starter/ql/python/ql/lib/semmle/python/security/dataflow/ServerSideRequestForgeryCustomizations.qll",
                        "/home/oleksii-shemshur/vscode-codeql-starter/ql/python/ql/lib/semmle/python/security/dataflow/ServerSideRequestForgeryQuery.qll",
                        "/home/oleksii-shemshur/vscode-codeql-starter/ql/python/ql/lib/semmle/python/security/dataflow/SqlInjectionCustomizations.qll",
                        "/home/oleksii-shemshur/vscode-codeql-starter/ql/python/ql/lib/semmle/python/security/dataflow/SqlInjectionQuery.qll",
                        "/home/oleksii-shemshur/vscode-codeql-starter/ql/python/ql/lib/semmle/python/security/dataflow/StackTraceExposureCustomizations.qll",
                        "/home/oleksii-shemshur/vscode-codeql-starter/ql/python/ql/lib/semmle/python/security/dataflow/StackTraceExposureQuery.qll",
                        "/home/oleksii-shemshur/vscode-codeql-starter/ql/python/ql/lib/semmle/python/security/dataflow/TarSlipCustomizations.qll",
                        "/home/oleksii-shemshur/vscode-codeql-starter/ql/python/ql/lib/semmle/python/security/dataflow/TarSlipQuery.qll",
                        "/home/oleksii-shemshur/vscode-codeql-starter/ql/python/ql/lib/semmle/python/security/dataflow/TemplateInjectionCustomizations.qll",
                        "/home/oleksii-shemshur/vscode-codeql-starter/ql/python/ql/lib/semmle/python/security/dataflow/TemplateInjectionQuery.qll",
                        "/home/oleksii-shemshur/vscode-codeql-starter/ql/python/ql/lib/semmle/python/security/dataflow/UnsafeDeserializationCustomizations.qll",
                        "/home/oleksii-shemshur/vscode-codeql-starter/ql/python/ql/lib/semmle/python/security/dataflow/UnsafeDeserializationQuery.qll",
                        "/home/oleksii-shemshur/vscode-codeql-starter/ql/python/ql/lib/semmle/python/security/dataflow/UnsafeShellCommandConstructionCustomizations.qll",
                        "/home/oleksii-shemshur/vscode-codeql-starter/ql/python/ql/lib/semmle/python/security/dataflow/UnsafeShellCommandConstructionQuery.qll",
                        "/home/oleksii-shemshur/vscode-codeql-starter/ql/python/ql/lib/semmle/python/security/dataflow/UrlRedirectCustomizations.qll",
                        "/home/oleksii-shemshur/vscode-codeql-starter/ql/python/ql/lib/semmle/python/security/dataflow/UrlRedirectQuery.qll",
                        "/home/oleksii-shemshur/vscode-codeql-starter/ql/python/ql/lib/semmle/python/security/dataflow/WeakSensitiveDataHashingCustomizations.qll",
                        "/home/oleksii-shemshur/vscode-codeql-starter/ql/python/ql/lib/semmle/python/security/dataflow/WeakSensitiveDataHashingQuery.qll",
                        "/home/oleksii-shemshur/vscode-codeql-starter/ql/python/ql/lib/semmle/python/security/dataflow/XmlBombCustomizations.qll",
                        "/home/oleksii-shemshur/vscode-codeql-starter/ql/python/ql/lib/semmle/python/security/dataflow/XmlBombQuery.qll",
                        "/home/oleksii-shemshur/vscode-codeql-starter/ql/python/ql/lib/semmle/python/security/dataflow/XpathInjectionCustomizations.qll",
                        "/home/oleksii-shemshur/vscode-codeql-starter/ql/python/ql/lib/semmle/python/security/dataflow/XpathInjectionQuery.qll",
                        "/home/oleksii-shemshur/vscode-codeql-starter/ql/python/ql/lib/semmle/python/security/dataflow/XxeCustomizations.qll",
                        "/home/oleksii-shemshur/vscode-codeql-starter/ql/python/ql/lib/semmle/python/security/dataflow/XxeQuery.qll",
                        "/home/oleksii-shemshur/vscode-codeql-starter/ql/python/ql/lib/semmle/python/security/internal/EncryptionKeySizes.qll",
                        "/home/oleksii-shemshur/vscode-codeql-starter/ql/python/ql/lib/semmle/python/security/regexp/HostnameRegex.qll",
                        "/home/oleksii-shemshur/vscode-codeql-starter/ql/python/ql/lib/semmle/python/strings.qll",
                        "/home/oleksii-shemshur/vscode-codeql-starter/ql/python/ql/lib/semmle/python/templates/PyxlTags.qll",
                        "/home/oleksii-shemshur/vscode-codeql-starter/ql/python/ql/lib/semmle/python/templates/Templates.qll",
                        "/home/oleksii-shemshur/vscode-codeql-starter/ql/python/ql/lib/semmle/python/types/Builtins.qll",
                        "/home/oleksii-shemshur/vscode-codeql-starter/ql/python/ql/lib/semmle/python/types/ClassObject.qll",
                        "/home/oleksii-shemshur/vscode-codeql-starter/ql/python/ql/lib/semmle/python/types/Descriptors.qll",
                        "/home/oleksii-shemshur/vscode-codeql-starter/ql/python/ql/lib/semmle/python/types/Exceptions.qll",
                        "/home/oleksii-shemshur/vscode-codeql-starter/ql/python/ql/lib/semmle/python/types/Extensions.qll",
                        "/home/oleksii-shemshur/vscode-codeql-starter/ql/python/ql/lib/semmle/python/types/FunctionObject.qll",
                        "/home/oleksii-shemshur/vscode-codeql-starter/ql/python/ql/lib/semmle/python/types/ImportTime.qll",
                        "/home/oleksii-shemshur/vscode-codeql-starter/ql/python/ql/lib/semmle/python/types/ModuleKind.qll",
                        "/home/oleksii-shemshur/vscode-codeql-starter/ql/python/ql/lib/semmle/python/types/ModuleObject.qll",
                        "/home/oleksii-shemshur/vscode-codeql-starter/ql/python/ql/lib/semmle/python/types/Object.qll",
                        "/home/oleksii-shemshur/vscode-codeql-starter/ql/python/ql/lib/semmle/python/types/Properties.qll",
                        "/home/oleksii-shemshur/vscode-codeql-starter/ql/python/ql/lib/semmle/python/types/Version.qll",
                        "/home/oleksii-shemshur/vscode-codeql-starter/ql/python/ql/lib/semmle/python/values/StringAttributes.qll",
                        "/home/oleksii-shemshur/vscode-codeql-starter/ql/python/ql/lib/semmle/python/xml/XML.qll",
                        "/home/oleksii-shemshur/vscode-codeql-starter/ql/python/ql/lib/semmlecode.python.dbscheme",
                        "/home/oleksii-shemshur/vscode-codeql-starter/ql/python/ql/lib/semmlecode.python.dbscheme.stats",
                        "/home/oleksii-shemshur/vscode-codeql-starter/ql/python/ql/lib/site.qll",
                        "/home/oleksii-shemshur/vscode-codeql-starter/ql/python/ql/lib/upgrades/0355ecf0ac589e66467a378e0e9d60f41ee4a757/old.dbscheme",
                        "/home/oleksii-shemshur/vscode-codeql-starter/ql/python/ql/lib/upgrades/0355ecf0ac589e66467a378e0e9d60f41ee4a757/semmlecode.python.dbscheme",
                        "/home/oleksii-shemshur/vscode-codeql-starter/ql/python/ql/lib/upgrades/0355ecf0ac589e66467a378e0e9d60f41ee4a757/upgrade.properties",
                        "/home/oleksii-shemshur/vscode-codeql-starter/ql/python/ql/lib/upgrades/0565f7466437d52e1dc64a3b930926ab2f60cd64/old.dbscheme",
                        "/home/oleksii-shemshur/vscode-codeql-starter/ql/python/ql/lib/upgrades/0565f7466437d52e1dc64a3b930926ab2f60cd64/semmlecode.python.dbscheme",
                        "/home/oleksii-shemshur/vscode-codeql-starter/ql/python/ql/lib/upgrades/0565f7466437d52e1dc64a3b930926ab2f60cd64/upgrade.properties",
                        "/home/oleksii-shemshur/vscode-codeql-starter/ql/python/ql/lib/upgrades/279cbb08d387ecd57ac177e87c94cfd5ca62f792/old.dbscheme",
                        "/home/oleksii-shemshur/vscode-codeql-starter/ql/python/ql/lib/upgrades/279cbb08d387ecd57ac177e87c94cfd5ca62f792/semmlecode.python.dbscheme",
                        "/home/oleksii-shemshur/vscode-codeql-starter/ql/python/ql/lib/upgrades/279cbb08d387ecd57ac177e87c94cfd5ca62f792/upgrade.properties",
                        "/home/oleksii-shemshur/vscode-codeql-starter/ql/python/ql/lib/upgrades/47e552c4357a04c5735355fad818630daee4a5ac/old.dbscheme",
                        "/home/oleksii-shemshur/vscode-codeql-starter/ql/python/ql/lib/upgrades/47e552c4357a04c5735355fad818630daee4a5ac/semmlecode.python.dbscheme",
                        "/home/oleksii-shemshur/vscode-codeql-starter/ql/python/ql/lib/upgrades/47e552c4357a04c5735355fad818630daee4a5ac/upgrade.properties",
                        "/home/oleksii-shemshur/vscode-codeql-starter/ql/python/ql/lib/upgrades/4f1806347d7fafe2f78508da01c01e5aff5f7cbb/old.dbscheme",
                        "/home/oleksii-shemshur/vscode-codeql-starter/ql/python/ql/lib/upgrades/4f1806347d7fafe2f78508da01c01e5aff5f7cbb/semmlecode.python.dbscheme",
                        "/home/oleksii-shemshur/vscode-codeql-starter/ql/python/ql/lib/upgrades/4f1806347d7fafe2f78508da01c01e5aff5f7cbb/upgrade.properties",
                        "/home/oleksii-shemshur/vscode-codeql-starter/ql/python/ql/lib/upgrades/503c0516fba2e5da9570f00eb34ef43025ecb8fb/old.dbscheme",
                        "/home/oleksii-shemshur/vscode-codeql-starter/ql/python/ql/lib/upgrades/503c0516fba2e5da9570f00eb34ef43025ecb8fb/py_stmts.ql",
                        "/home/oleksii-shemshur/vscode-codeql-starter/ql/python/ql/lib/upgrades/503c0516fba2e5da9570f00eb34ef43025ecb8fb/semmlecode.python.dbscheme",
                        "/home/oleksii-shemshur/vscode-codeql-starter/ql/python/ql/lib/upgrades/503c0516fba2e5da9570f00eb34ef43025ecb8fb/upgrade.properties",
                        "/home/oleksii-shemshur/vscode-codeql-starter/ql/python/ql/lib/upgrades/5af903da088e3746aa283700a43a779302453523/old.dbscheme",
                        "/home/oleksii-shemshur/vscode-codeql-starter/ql/python/ql/lib/upgrades/5af903da088e3746aa283700a43a779302453523/semmlecode.python.dbscheme",
                        "/home/oleksii-shemshur/vscode-codeql-starter/ql/python/ql/lib/upgrades/5af903da088e3746aa283700a43a779302453523/upgrade.properties",
                        "/home/oleksii-shemshur/vscode-codeql-starter/ql/python/ql/lib/upgrades/62a30d37a729670a8cc3c67b4dad81f1983865f8/old.dbscheme",
                        "/home/oleksii-shemshur/vscode-codeql-starter/ql/python/ql/lib/upgrades/62a30d37a729670a8cc3c67b4dad81f1983865f8/semmlecode.python.dbscheme",
                        "/home/oleksii-shemshur/vscode-codeql-starter/ql/python/ql/lib/upgrades/62a30d37a729670a8cc3c67b4dad81f1983865f8/upgrade.properties",
                        "/home/oleksii-shemshur/vscode-codeql-starter/ql/python/ql/lib/upgrades/6a1f497168da2f43828161d3c86db7d4c94c2b53/old.dbscheme",
                        "/home/oleksii-shemshur/vscode-codeql-starter/ql/python/ql/lib/upgrades/6a1f497168da2f43828161d3c86db7d4c94c2b53/semmlecode.python.dbscheme",
                        "/home/oleksii-shemshur/vscode-codeql-starter/ql/python/ql/lib/upgrades/6a1f497168da2f43828161d3c86db7d4c94c2b53/upgrade.properties",
                        "/home/oleksii-shemshur/vscode-codeql-starter/ql/python/ql/lib/upgrades/728c6d65e61d808ae276013ebc15abc3a97aaef1/old.dbscheme",
                        "/home/oleksii-shemshur/vscode-codeql-starter/ql/python/ql/lib/upgrades/728c6d65e61d808ae276013ebc15abc3a97aaef1/semmlecode.python.dbscheme",
                        "/home/oleksii-shemshur/vscode-codeql-starter/ql/python/ql/lib/upgrades/728c6d65e61d808ae276013ebc15abc3a97aaef1/upgrade.properties",
                        "/home/oleksii-shemshur/vscode-codeql-starter/ql/python/ql/lib/upgrades/8d257a4a9bc78e39856d6cd33499389fc5148d4f/old.dbscheme",
                        "/home/oleksii-shemshur/vscode-codeql-starter/ql/python/ql/lib/upgrades/8d257a4a9bc78e39856d6cd33499389fc5148d4f/semmlecode.python.dbscheme",
                        "/home/oleksii-shemshur/vscode-codeql-starter/ql/python/ql/lib/upgrades/8d257a4a9bc78e39856d6cd33499389fc5148d4f/upgrade.properties",
                        "/home/oleksii-shemshur/vscode-codeql-starter/ql/python/ql/lib/upgrades/acf8d3b08ae3cfac8833d16efbfa5a10fef86819/old.dbscheme",
                        "/home/oleksii-shemshur/vscode-codeql-starter/ql/python/ql/lib/upgrades/acf8d3b08ae3cfac8833d16efbfa5a10fef86819/semmlecode.python.dbscheme",
                        "/home/oleksii-shemshur/vscode-codeql-starter/ql/python/ql/lib/upgrades/acf8d3b08ae3cfac8833d16efbfa5a10fef86819/upgrade.properties",
                        "/home/oleksii-shemshur/vscode-codeql-starter/ql/python/ql/lib/upgrades/eb5fc917c79bb23ce2de4a022f3e566d57a91be9/old.dbscheme",
                        "/home/oleksii-shemshur/vscode-codeql-starter/ql/python/ql/lib/upgrades/eb5fc917c79bb23ce2de4a022f3e566d57a91be9/semmlecode.python.dbscheme",
                        "/home/oleksii-shemshur/vscode-codeql-starter/ql/python/ql/lib/upgrades/eb5fc917c79bb23ce2de4a022f3e566d57a91be9/upgrade.properties",
                        "/home/oleksii-shemshur/vscode-codeql-starter/ql/python/ql/lib/upgrades/f635b392038a494915307f913657cd3058f9b476/old.dbscheme",
                        "/home/oleksii-shemshur/vscode-codeql-starter/ql/python/ql/lib/upgrades/f635b392038a494915307f913657cd3058f9b476/py_exprs.ql",
                        "/home/oleksii-shemshur/vscode-codeql-starter/ql/python/ql/lib/upgrades/f635b392038a494915307f913657cd3058f9b476/semmlecode.python.dbscheme",
                        "/home/oleksii-shemshur/vscode-codeql-starter/ql/python/ql/lib/upgrades/f635b392038a494915307f913657cd3058f9b476/upgrade.properties",
                        "/home/oleksii-shemshur/vscode-codeql-starter/ql/python/ql/lib/upgrades/ff5327c074ca235c6b2fa4ea9ed29f4c60aa46cb/old.dbscheme",
                        "/home/oleksii-shemshur/vscode-codeql-starter/ql/python/ql/lib/upgrades/ff5327c074ca235c6b2fa4ea9ed29f4c60aa46cb/py_exprs.ql",
                        "/home/oleksii-shemshur/vscode-codeql-starter/ql/python/ql/lib/upgrades/ff5327c074ca235c6b2fa4ea9ed29f4c60aa46cb/py_stmts.ql",
                        "/home/oleksii-shemshur/vscode-codeql-starter/ql/python/ql/lib/upgrades/ff5327c074ca235c6b2fa4ea9ed29f4c60aa46cb/semmlecode.python.dbscheme",
                        "/home/oleksii-shemshur/vscode-codeql-starter/ql/python/ql/lib/upgrades/ff5327c074ca235c6b2fa4ea9ed29f4c60aa46cb/upgrade.properties",
                        "/home/oleksii-shemshur/vscode-codeql-starter/ql/python/ql/lib/upgrades/initial/semmlecode.python.dbscheme",
                        "/home/oleksii-shemshur/vscode-codeql-starter/ql/python/ql/lib/utils/test/InlineExpectationsTest.qll",
                        "/home/oleksii-shemshur/vscode-codeql-starter/ql/python/ql/lib/utils/test/InlineExpectationsTestQuery.ql",
                        "/home/oleksii-shemshur/vscode-codeql-starter/ql/python/ql/lib/utils/test/PrettyPrintModels.ql",
                        "/home/oleksii-shemshur/vscode-codeql-starter/ql/python/ql/lib/utils/test/VerifyApiGraphs.qll",
                        "/home/oleksii-shemshur/vscode-codeql-starter/ql/python/ql/lib/utils/test/dataflow/DataflowQueryTest.qll",
                        "/home/oleksii-shemshur/vscode-codeql-starter/ql/python/ql/lib/utils/test/dataflow/FlowTest.qll",
                        "/home/oleksii-shemshur/vscode-codeql-starter/ql/python/ql/lib/utils/test/dataflow/LocalFlowStepTest.qll",
                        "/home/oleksii-shemshur/vscode-codeql-starter/ql/python/ql/lib/utils/test/dataflow/MaximalFlowTest.qll",
                        "/home/oleksii-shemshur/vscode-codeql-starter/ql/python/ql/lib/utils/test/dataflow/NormalDataflowTest.qll",
                        "/home/oleksii-shemshur/vscode-codeql-starter/ql/python/ql/lib/utils/test/dataflow/NormalTaintTrackingTest.qll",
                        "/home/oleksii-shemshur/vscode-codeql-starter/ql/python/ql/lib/utils/test/dataflow/RoutingTest.qll",
                        "/home/oleksii-shemshur/vscode-codeql-starter/ql/python/ql/lib/utils/test/dataflow/UnresolvedCalls.qll",
                        "/home/oleksii-shemshur/vscode-codeql-starter/ql/python/ql/lib/utils/test/dataflow/callGraphConfig.qll",
                        "/home/oleksii-shemshur/vscode-codeql-starter/ql/python/ql/lib/utils/test/dataflow/testConfig.qll",
                        "/home/oleksii-shemshur/vscode-codeql-starter/ql/python/ql/lib/utils/test/dataflow/testTaintConfig.qll",
                        "/home/oleksii-shemshur/vscode-codeql-starter/ql/python/ql/lib/utils/test/internal/InlineExpectationsTestImpl.qll"
                      ]
[2026-07-24 19:09:31] Plumbing command codeql pack packlist completed:
                      {
                        "paths" : [
                          "/home/oleksii-shemshur/vscode-codeql-starter/ql/python/ql/lib/CHANGELOG.md",
                          "/home/oleksii-shemshur/vscode-codeql-starter/ql/python/ql/lib/Customizations.qll",
                          "/home/oleksii-shemshur/vscode-codeql-starter/ql/python/ql/lib/LegacyPointsTo.qll",
                          "/home/oleksii-shemshur/vscode-codeql-starter/ql/python/ql/lib/analysis/DefinitionTracking.qll",
                          "/home/oleksii-shemshur/vscode-codeql-starter/ql/python/ql/lib/analysis/IDEContextual.qll",
                          "/home/oleksii-shemshur/vscode-codeql-starter/ql/python/ql/lib/analysis/LocalDefinitions.ql",
                          "/home/oleksii-shemshur/vscode-codeql-starter/ql/python/ql/lib/analysis/LocalReferences.ql",
                          "/home/oleksii-shemshur/vscode-codeql-starter/ql/python/ql/lib/default.qll",
                          "/home/oleksii-shemshur/vscode-codeql-starter/ql/python/ql/lib/design.md",
                          "/home/oleksii-shemshur/vscode-codeql-starter/ql/python/ql/lib/experimental/cryptography/Concepts.qll",
                          "/home/oleksii-shemshur/vscode-codeql-starter/ql/python/ql/lib/experimental/cryptography/CryptoAlgorithmNames.qll",
                          "/home/oleksii-shemshur/vscode-codeql-starter/ql/python/ql/lib/experimental/cryptography/CryptoArtifact.qll",
                          "/home/oleksii-shemshur/vscode-codeql-starter/ql/python/ql/lib/experimental/cryptography/modules/CryptographyModule.qll",
                          "/home/oleksii-shemshur/vscode-codeql-starter/ql/python/ql/lib/experimental/cryptography/modules/stdlib/HashlibModule.qll",
                          "/home/oleksii-shemshur/vscode-codeql-starter/ql/python/ql/lib/experimental/cryptography/modules/stdlib/HmacModule.qll",
                          "/home/oleksii-shemshur/vscode-codeql-starter/ql/python/ql/lib/experimental/cryptography/utils/CallCfgNodeWithTarget.qll",
                          "/home/oleksii-shemshur/vscode-codeql-starter/ql/python/ql/lib/experimental/cryptography/utils/Utils.qll",
                          "/home/oleksii-shemshur/vscode-codeql-starter/ql/python/ql/lib/ext/default-threat-models-fixup.model.yml",
                          "/home/oleksii-shemshur/vscode-codeql-starter/ql/python/ql/lib/modeling/ModelEditor.qll",
                          "/home/oleksii-shemshur/vscode-codeql-starter/ql/python/ql/lib/modeling/Util.qll",
                          "/home/oleksii-shemshur/vscode-codeql-starter/ql/python/ql/lib/printAst.ql",
                          "/home/oleksii-shemshur/vscode-codeql-starter/ql/python/ql/lib/python.qll",
                          "/home/oleksii-shemshur/vscode-codeql-starter/ql/python/ql/lib/qlpack.yml",
                          "/home/oleksii-shemshur/vscode-codeql-starter/ql/python/ql/lib/semmle/crypto/Crypto.qll",
                          "/home/oleksii-shemshur/vscode-codeql-starter/ql/python/ql/lib/semmle/dataflow/SSA.qll",
                          "/home/oleksii-shemshur/vscode-codeql-starter/ql/python/ql/lib/semmle/files/FileSystem.qll",
                          "/home/oleksii-shemshur/vscode-codeql-starter/ql/python/ql/lib/semmle/python/ApiGraphs.qll",
                          "/home/oleksii-shemshur/vscode-codeql-starter/ql/python/ql/lib/semmle/python/AstExtended.qll",
                          "/home/oleksii-shemshur/vscode-codeql-starter/ql/python/ql/lib/semmle/python/AstGenerated.qll",
                          "/home/oleksii-shemshur/vscode-codeql-starter/ql/python/ql/lib/semmle/python/Class.qll",
                          "/home/oleksii-shemshur/vscode-codeql-starter/ql/python/ql/lib/semmle/python/Comment.qll",
                          "/home/oleksii-shemshur/vscode-codeql-starter/ql/python/ql/lib/semmle/python/Comparisons.qll",
                          "/home/oleksii-shemshur/vscode-codeql-starter/ql/python/ql/lib/semmle/python/Comprehensions.qll",
                          "/home/oleksii-shemshur/vscode-codeql-starter/ql/python/ql/lib/semmle/python/Concepts.qll",
                          "/home/oleksii-shemshur/vscode-codeql-starter/ql/python/ql/lib/semmle/python/Constants.qll",
                          "/home/oleksii-shemshur/vscode-codeql-starter/ql/python/ql/lib/semmle/python/Exprs.qll",
                          "/home/oleksii-shemshur/vscode-codeql-starter/ql/python/ql/lib/semmle/python/Files.qll",
                          "/home/oleksii-shemshur/vscode-codeql-starter/ql/python/ql/lib/semmle/python/Flow.qll",
                          "/home/oleksii-shemshur/vscode-codeql-starter/ql/python/ql/lib/semmle/python/Frameworks.qll",
                          "/home/oleksii-shemshur/vscode-codeql-starter/ql/python/ql/lib/semmle/python/Function.qll",
                          "/home/oleksii-shemshur/vscode-codeql-starter/ql/python/ql/lib/semmle/python/GuardedControlFlow.qll",
                          "/home/oleksii-shemshur/vscode-codeql-starter/ql/python/ql/lib/semmle/python/Import.qll",
                          "/home/oleksii-shemshur/vscode-codeql-starter/ql/python/ql/lib/semmle/python/Keywords.qll",
                          "/home/oleksii-shemshur/vscode-codeql-starter/ql/python/ql/lib/semmle/python/Metrics.qll",
                          "/home/oleksii-shemshur/vscode-codeql-starter/ql/python/ql/lib/semmle/python/Module.qll",
                          "/home/oleksii-shemshur/vscode-codeql-starter/ql/python/ql/lib/semmle/python/Operations.qll",
                          "/home/oleksii-shemshur/vscode-codeql-starter/ql/python/ql/lib/semmle/python/Overlay.qll",
                          "/home/oleksii-shemshur/vscode-codeql-starter/ql/python/ql/lib/semmle/python/Patterns.qll",
                          "/home/oleksii-shemshur/vscode-codeql-starter/ql/python/ql/lib/semmle/python/PrintAst.qll",
                          "/home/oleksii-shemshur/vscode-codeql-starter/ql/python/ql/lib/semmle/python/SSA.qll",
                          "/home/oleksii-shemshur/vscode-codeql-starter/ql/python/ql/lib/semmle/python/Scope.qll",
                          "/home/oleksii-shemshur/vscode-codeql-starter/ql/python/ql/lib/semmle/python/SelfAttribute.qll",
                          "/home/oleksii-shemshur/vscode-codeql-starter/ql/python/ql/lib/semmle/python/SpecialMethods.qll",
                          "/home/oleksii-shemshur/vscode-codeql-starter/ql/python/ql/lib/semmle/python/Stmts.qll",
                          "/home/oleksii-shemshur/vscode-codeql-starter/ql/python/ql/lib/semmle/python/TestUtils.qll",
                          "/home/oleksii-shemshur/vscode-codeql-starter/ql/python/ql/lib/semmle/python/Unit.qll",
                          "/home/oleksii-shemshur/vscode-codeql-starter/ql/python/ql/lib/semmle/python/Variables.qll",
                          "/home/oleksii-shemshur/vscode-codeql-starter/ql/python/ql/lib/semmle/python/Yaml.qll",
                          "/home/oleksii-shemshur/vscode-codeql-starter/ql/python/ql/lib/semmle/python/concepts/CryptoAlgorithms.qll",
                          "/home/oleksii-shemshur/vscode-codeql-starter/ql/python/ql/lib/semmle/python/dataflow/Configuration.qll",
                          "/home/oleksii-shemshur/vscode-codeql-starter/ql/python/ql/lib/semmle/python/dataflow/DataFlow.qll",
                          "/home/oleksii-shemshur/vscode-codeql-starter/ql/python/ql/lib/semmle/python/dataflow/Files.qll",
                          "/home/oleksii-shemshur/vscode-codeql-starter/ql/python/ql/lib/semmle/python/dataflow/Implementation.qll",
                          "/home/oleksii-shemshur/vscode-codeql-starter/ql/python/ql/lib/semmle/python/dataflow/Legacy.qll",
                          "/home/oleksii-shemshur/vscode-codeql-starter/ql/python/ql/lib/semmle/python/dataflow/StateTracking.qll",
                          "/home/oleksii-shemshur/vscode-codeql-starter/ql/python/ql/lib/semmle/python/dataflow/TaintTracking.qll",
                          "/home/oleksii-shemshur/vscode-codeql-starter/ql/python/ql/lib/semmle/python/dataflow/new/BarrierGuards.qll",
                          "/home/oleksii-shemshur/vscode-codeql-starter/ql/python/ql/lib/semmle/python/dataflow/new/DataFlow.qll",
                          "/home/oleksii-shemshur/vscode-codeql-starter/ql/python/ql/lib/semmle/python/dataflow/new/FlowSummary.qll",
                          "/home/oleksii-shemshur/vscode-codeql-starter/ql/python/ql/lib/semmle/python/dataflow/new/Regexp.qll",
                          "/home/oleksii-shemshur/vscode-codeql-starter/ql/python/ql/lib/semmle/python/dataflow/new/RemoteFlowSources.qll",
                          "/home/oleksii-shemshur/vscode-codeql-starter/ql/python/ql/lib/semmle/python/dataflow/new/SensitiveDataSources.qll",
                          "/home/oleksii-shemshur/vscode-codeql-starter/ql/python/ql/lib/semmle/python/dataflow/new/TaintTracking.qll",
                          "/home/oleksii-shemshur/vscode-codeql-starter/ql/python/ql/lib/semmle/python/dataflow/new/TypeTracking.qll",
                          "/home/oleksii-shemshur/vscode-codeql-starter/ql/python/ql/lib/semmle/python/dataflow/new/internal/Attributes.qll",
                          "/home/oleksii-shemshur/vscode-codeql-starter/ql/python/ql/lib/semmle/python/dataflow/new/internal/Builtins.qll",
                          "/home/oleksii-shemshur/vscode-codeql-starter/ql/python/ql/lib/semmle/python/dataflow/new/internal/DataFlowDispatch.qll",
                          "/home/oleksii-shemshur/vscode-codeql-starter/ql/python/ql/lib/semmle/python/dataflow/new/internal/DataFlowImpl.qll",
                          "/home/oleksii-shemshur/vscode-codeql-starter/ql/python/ql/lib/semmle/python/dataflow/new/internal/DataFlowImplCommon.qll",
                          "/home/oleksii-shemshur/vscode-codeql-starter/ql/python/ql/lib/semmle/python/dataflow/new/internal/DataFlowImplSpecific.qll",
                          "/home/oleksii-shemshur/vscode-codeql-starter/ql/python/ql/lib/semmle/python/dataflow/new/internal/DataFlowPrivate.qll",
                          "/home/oleksii-shemshur/vscode-codeql-starter/ql/python/ql/lib/semmle/python/dataflow/new/internal/DataFlowPublic.qll",
                          "/home/oleksii-shemshur/vscode-codeql-starter/ql/python/ql/lib/semmle/python/dataflow/new/internal/DataFlowUtil.qll",
                          "/home/oleksii-shemshur/vscode-codeql-starter/ql/python/ql/lib/semmle/python/dataflow/new/internal/FlowSummaryImpl.qll",
                          "/home/oleksii-shemshur/vscode-codeql-starter/ql/python/ql/lib/semmle/python/dataflow/new/internal/ImportResolution.qll",
                          "/home/oleksii-shemshur/vscode-codeql-starter/ql/python/ql/lib/semmle/python/dataflow/new/internal/ImportStar.qll",
                          "/home/oleksii-shemshur/vscode-codeql-starter/ql/python/ql/lib/semmle/python/dataflow/new/internal/IterableUnpacking.qll",
                          "/home/oleksii-shemshur/vscode-codeql-starter/ql/python/ql/lib/semmle/python/dataflow/new/internal/LocalSources.qll",
                          "/home/oleksii-shemshur/vscode-codeql-starter/ql/python/ql/lib/semmle/python/dataflow/new/internal/MatchUnpacking.qll",
                          "/home/oleksii-shemshur/vscode-codeql-starter/ql/python/ql/lib/semmle/python/dataflow/new/internal/PrintNode.qll",
                          "/home/oleksii-shemshur/vscode-codeql-starter/ql/python/ql/lib/semmle/python/dataflow/new/internal/ReExposedInstance.qll",
                          "/home/oleksii-shemshur/vscode-codeql-starter/ql/python/ql/lib/semmle/python/dataflow/new/internal/TaintTrackingImplSpecific.qll",
                          "/home/oleksii-shemshur/vscode-codeql-starter/ql/python/ql/lib/semmle/python/dataflow/new/internal/TaintTrackingPrivate.qll",
                          "/home/oleksii-shemshur/vscode-codeql-starter/ql/python/ql/lib/semmle/python/dataflow/new/internal/TaintTrackingPublic.qll",
                          "/home/oleksii-shemshur/vscode-codeql-starter/ql/python/ql/lib/semmle/python/dataflow/new/internal/TypeTrackingImpl.qll",
                          "/home/oleksii-shemshur/vscode-codeql-starter/ql/python/ql/lib/semmle/python/dataflow/new/internal/VariableCapture.qll",
                          "/home/oleksii-shemshur/vscode-codeql-starter/ql/python/ql/lib/semmle/python/dataflow/old/Configuration.qll",
                          "/home/oleksii-shemshur/vscode-codeql-starter/ql/python/ql/lib/semmle/python/dataflow/old/DataFlow.qll",
                          "/home/oleksii-shemshur/vscode-codeql-starter/ql/python/ql/lib/semmle/python/dataflow/old/Files.qll",
                          "/home/oleksii-shemshur/vscode-codeql-starter/ql/python/ql/lib/semmle/python/dataflow/old/Implementation.qll",
                          "/home/oleksii-shemshur/vscode-codeql-starter/ql/python/ql/lib/semmle/python/dataflow/old/Legacy.qll",
                          "/home/oleksii-shemshur/vscode-codeql-starter/ql/python/ql/lib/semmle/python/dataflow/old/StateTracking.qll",
                          "/home/oleksii-shemshur/vscode-codeql-starter/ql/python/ql/lib/semmle/python/dataflow/old/TaintTracking.qll",
                          "/home/oleksii-shemshur/vscode-codeql-starter/ql/python/ql/lib/semmle/python/dependencies/Dependencies.qll",
                          "/home/oleksii-shemshur/vscode-codeql-starter/ql/python/ql/lib/semmle/python/dependencies/DependencyKind.qll",
                          "/home/oleksii-shemshur/vscode-codeql-starter/ql/python/ql/lib/semmle/python/dependencies/TechInventory.qll",
                          "/home/oleksii-shemshur/vscode-codeql-starter/ql/python/ql/lib/semmle/python/essa/Definitions.qll",
                          "/home/oleksii-shemshur/vscode-codeql-starter/ql/python/ql/lib/semmle/python/essa/Essa.qll",
                          "/home/oleksii-shemshur/vscode-codeql-starter/ql/python/ql/lib/semmle/python/essa/SsaCompute.qll",
                          "/home/oleksii-shemshur/vscode-codeql-starter/ql/python/ql/lib/semmle/python/essa/SsaDefinitions.qll",
                          "/home/oleksii-shemshur/vscode-codeql-starter/ql/python/ql/lib/semmle/python/filters/GeneratedCode.qll",
                          "/home/oleksii-shemshur/vscode-codeql-starter/ql/python/ql/lib/semmle/python/filters/Tests.qll",
                          "/home/oleksii-shemshur/vscode-codeql-starter/ql/python/ql/lib/semmle/python/frameworks/Aioch.qll",
                          "/home/oleksii-shemshur/vscode-codeql-starter/ql/python/ql/lib/semmle/python/frameworks/Aiofile.qll",
                          "/home/oleksii-shemshur/vscode-codeql-starter/ql/python/ql/lib/semmle/python/frameworks/Aiofiles.qll",
                          "/home/oleksii-shemshur/vscode-codeql-starter/ql/python/ql/lib/semmle/python/frameworks/Aiohttp.qll",
                          "/home/oleksii-shemshur/vscode-codeql-starter/ql/python/ql/lib/semmle/python/frameworks/Aiomysql.qll",
                          "/home/oleksii-shemshur/vscode-codeql-starter/ql/python/ql/lib/semmle/python/frameworks/Aiopg.qll",
                          "/home/oleksii-shemshur/vscode-codeql-starter/ql/python/ql/lib/semmle/python/frameworks/Aiosqlite.qll",
                          "/home/oleksii-shemshur/vscode-codeql-starter/ql/python/ql/lib/semmle/python/frameworks/Airspeed.qll",
                          "/home/oleksii-shemshur/vscode-codeql-starter/ql/python/ql/lib/semmle/python/frameworks/AntiSSRF.model.yml",
                          "/home/oleksii-shemshur/vscode-codeql-starter/ql/python/ql/lib/semmle/python/frameworks/Anyio.qll",
                          "/home/oleksii-shemshur/vscode-codeql-starter/ql/python/ql/lib/semmle/python/frameworks/Asyncpg.model.yml",
                          "/home/oleksii-shemshur/vscode-codeql-starter/ql/python/ql/lib/semmle/python/frameworks/Asyncpg.qll",
                          "/home/oleksii-shemshur/vscode-codeql-starter/ql/python/ql/lib/semmle/python/frameworks/Azure.Keyvault.model.yml",
                          "/home/oleksii-shemshur/vscode-codeql-starter/ql/python/ql/lib/semmle/python/frameworks/Azure.Storage.model.yml",
                          "/home/oleksii-shemshur/vscode-codeql-starter/ql/python/ql/lib/semmle/python/frameworks/BSon.qll",
                          "/home/oleksii-shemshur/vscode-codeql-starter/ql/python/ql/lib/semmle/python/frameworks/Baize.qll",
                          "/home/oleksii-shemshur/vscode-codeql-starter/ql/python/ql/lib/semmle/python/frameworks/Bottle.qll",
                          "/home/oleksii-shemshur/vscode-codeql-starter/ql/python/ql/lib/semmle/python/frameworks/CassandraDriver.qll",
                          "/home/oleksii-shemshur/vscode-codeql-starter/ql/python/ql/lib/semmle/python/frameworks/Chameleon.qll",
                          "/home/oleksii-shemshur/vscode-codeql-starter/ql/python/ql/lib/semmle/python/frameworks/Cherrypy.qll",
                          "/home/oleksii-shemshur/vscode-codeql-starter/ql/python/ql/lib/semmle/python/frameworks/Chevron.qll",
                          "/home/oleksii-shemshur/vscode-codeql-starter/ql/python/ql/lib/semmle/python/frameworks/ClickhouseDriver.qll",
                          "/home/oleksii-shemshur/vscode-codeql-starter/ql/python/ql/lib/semmle/python/frameworks/Cryptodome.qll",
                          "/home/oleksii-shemshur/vscode-codeql-starter/ql/python/ql/lib/semmle/python/frameworks/Cryptography.qll",
                          "/home/oleksii-shemshur/vscode-codeql-starter/ql/python/ql/lib/semmle/python/frameworks/Cx_Oracle.qll",
                          "/home/oleksii-shemshur/vscode-codeql-starter/ql/python/ql/lib/semmle/python/frameworks/Dill.qll",
                          "/home/oleksii-shemshur/vscode-codeql-starter/ql/python/ql/lib/semmle/python/frameworks/Django.model.yml",
                          "/home/oleksii-shemshur/vscode-codeql-starter/ql/python/ql/lib/semmle/python/frameworks/Django.qll",
                          "/home/oleksii-shemshur/vscode-codeql-starter/ql/python/ql/lib/semmle/python/frameworks/Eventlet.model.yml",
                          "/home/oleksii-shemshur/vscode-codeql-starter/ql/python/ql/lib/semmle/python/frameworks/Fabric.qll",
                          "/home/oleksii-shemshur/vscode-codeql-starter/ql/python/ql/lib/semmle/python/frameworks/FastApi.qll",
                          "/home/oleksii-shemshur/vscode-codeql-starter/ql/python/ql/lib/semmle/python/frameworks/Flask.qll",
                          "/home/oleksii-shemshur/vscode-codeql-starter/ql/python/ql/lib/semmle/python/frameworks/FlaskAdmin.qll",
                          "/home/oleksii-shemshur/vscode-codeql-starter/ql/python/ql/lib/semmle/python/frameworks/FlaskSqlAlchemy.qll",
                          "/home/oleksii-shemshur/vscode-codeql-starter/ql/python/ql/lib/semmle/python/frameworks/Genshi.qll",
                          "/home/oleksii-shemshur/vscode-codeql-starter/ql/python/ql/lib/semmle/python/frameworks/Gevent.model.yml",
                          "/home/oleksii-shemshur/vscode-codeql-starter/ql/python/ql/lib/semmle/python/frameworks/Gradio.qll",
                          "/home/oleksii-shemshur/vscode-codeql-starter/ql/python/ql/lib/semmle/python/frameworks/Hdbcli.qll",
                          "/home/oleksii-shemshur/vscode-codeql-starter/ql/python/ql/lib/semmle/python/frameworks/Httpx.qll",
                          "/home/oleksii-shemshur/vscode-codeql-starter/ql/python/ql/lib/semmle/python/frameworks/Idna.qll",
                          "/home/oleksii-shemshur/vscode-codeql-starter/ql/python/ql/lib/semmle/python/frameworks/Invoke.qll",
                          "/home/oleksii-shemshur/vscode-codeql-starter/ql/python/ql/lib/semmle/python/frameworks/Jinja2.qll",
                          "/home/oleksii-shemshur/vscode-codeql-starter/ql/python/ql/lib/semmle/python/frameworks/Jmespath.qll",
                          "/home/oleksii-shemshur/vscode-codeql-starter/ql/python/ql/lib/semmle/python/frameworks/Joblib.qll",
                          "/home/oleksii-shemshur/vscode-codeql-starter/ql/python/ql/lib/semmle/python/frameworks/JsonPickle.qll",
                          "/home/oleksii-shemshur/vscode-codeql-starter/ql/python/ql/lib/semmle/python/frameworks/Ldap.qll",
                          "/home/oleksii-shemshur/vscode-codeql-starter/ql/python/ql/lib/semmle/python/frameworks/Ldap3.qll",
                          "/home/oleksii-shemshur/vscode-codeql-starter/ql/python/ql/lib/semmle/python/frameworks/Libtaxii.qll",
                          "/home/oleksii-shemshur/vscode-codeql-starter/ql/python/ql/lib/semmle/python/frameworks/Libxml2.qll",
                          "/home/oleksii-shemshur/vscode-codeql-starter/ql/python/ql/lib/semmle/python/frameworks/Lxml.qll",
                          "/home/oleksii-shemshur/vscode-codeql-starter/ql/python/ql/lib/semmle/python/frameworks/Mako.qll",
                          "/home/oleksii-shemshur/vscode-codeql-starter/ql/python/ql/lib/semmle/python/frameworks/MarkupSafe.qll",
                          "/home/oleksii-shemshur/vscode-codeql-starter/ql/python/ql/lib/semmle/python/frameworks/Multidict.qll",
                          "/home/oleksii-shemshur/vscode-codeql-starter/ql/python/ql/lib/semmle/python/frameworks/MySQLdb.qll",
                          "/home/oleksii-shemshur/vscode-codeql-starter/ql/python/ql/lib/semmle/python/frameworks/Mysql.qll",
                          "/home/oleksii-shemshur/vscode-codeql-starter/ql/python/ql/lib/semmle/python/frameworks/Numpy.qll",
                          "/home/oleksii-shemshur/vscode-codeql-starter/ql/python/ql/lib/semmle/python/frameworks/Opml.qll",
                          "/home/oleksii-shemshur/vscode-codeql-starter/ql/python/ql/lib/semmle/python/frameworks/Oracledb.qll",
                          "/home/oleksii-shemshur/vscode-codeql-starter/ql/python/ql/lib/semmle/python/frameworks/PEP249.qll",
                          "/home/oleksii-shemshur/vscode-codeql-starter/ql/python/ql/lib/semmle/python/frameworks/Pandas.qll",
                          "/home/oleksii-shemshur/vscode-codeql-starter/ql/python/ql/lib/semmle/python/frameworks/Paramiko.qll",
                          "/home/oleksii-shemshur/vscode-codeql-starter/ql/python/ql/lib/semmle/python/frameworks/Peewee.qll",
                          "/home/oleksii-shemshur/vscode-codeql-starter/ql/python/ql/lib/semmle/python/frameworks/Pexpect.qll",
                          "/home/oleksii-shemshur/vscode-codeql-starter/ql/python/ql/lib/semmle/python/frameworks/Phoenixdb.qll",
                          "/home/oleksii-shemshur/vscode-codeql-starter/ql/python/ql/lib/semmle/python/frameworks/Psycopg.qll",
                          "/home/oleksii-shemshur/vscode-codeql-starter/ql/python/ql/lib/semmle/python/frameworks/Psycopg2.qll",
                          "/home/oleksii-shemshur/vscode-codeql-starter/ql/python/ql/lib/semmle/python/frameworks/PyMongo.qll",
                          "/home/oleksii-shemshur/vscode-codeql-starter/ql/python/ql/lib/semmle/python/frameworks/PyMySQL.qll",
                          "/home/oleksii-shemshur/vscode-codeql-starter/ql/python/ql/lib/semmle/python/frameworks/Pycurl.qll",
                          "/home/oleksii-shemshur/vscode-codeql-starter/ql/python/ql/lib/semmle/python/frameworks/Pydantic.qll",
                          "/home/oleksii-shemshur/vscode-codeql-starter/ql/python/ql/lib/semmle/python/frameworks/Pymssql.qll",
                          "/home/oleksii-shemshur/vscode-codeql-starter/ql/python/ql/lib/semmle/python/frameworks/Pyodbc.qll",
                          "/home/oleksii-shemshur/vscode-codeql-starter/ql/python/ql/lib/semmle/python/frameworks/Pyramid.qll",
                          "/home/oleksii-shemshur/vscode-codeql-starter/ql/python/ql/lib/semmle/python/frameworks/Requests.qll",
                          "/home/oleksii-shemshur/vscode-codeql-starter/ql/python/ql/lib/semmle/python/frameworks/RestFramework.qll",
                          "/home/oleksii-shemshur/vscode-codeql-starter/ql/python/ql/lib/semmle/python/frameworks/Rsa.qll",
                          "/home/oleksii-shemshur/vscode-codeql-starter/ql/python/ql/lib/semmle/python/frameworks/RuamelYaml.qll",
                          "/home/oleksii-shemshur/vscode-codeql-starter/ql/python/ql/lib/semmle/python/frameworks/Sanic.qll",
                          "/home/oleksii-shemshur/vscode-codeql-starter/ql/python/ql/lib/semmle/python/frameworks/ServerLess.qll",
                          "/home/oleksii-shemshur/vscode-codeql-starter/ql/python/ql/lib/semmle/python/frameworks/Setuptools.qll",
                          "/home/oleksii-shemshur/vscode-codeql-starter/ql/python/ql/lib/semmle/python/frameworks/Simplejson.qll",
                          "/home/oleksii-shemshur/vscode-codeql-starter/ql/python/ql/lib/semmle/python/frameworks/Socketio.qll",
                          "/home/oleksii-shemshur/vscode-codeql-starter/ql/python/ql/lib/semmle/python/frameworks/SqlAlchemy.qll",
                          "/home/oleksii-shemshur/vscode-codeql-starter/ql/python/ql/lib/semmle/python/frameworks/Starlette.qll",
                          "/home/oleksii-shemshur/vscode-codeql-starter/ql/python/ql/lib/semmle/python/frameworks/Stdlib.model.yml",
                          "/home/oleksii-shemshur/vscode-codeql-starter/ql/python/ql/lib/semmle/python/frameworks/Stdlib.qll",
                          "/home/oleksii-shemshur/vscode-codeql-starter/ql/python/ql/lib/semmle/python/frameworks/Stdlib/Urllib.qll",
                          "/home/oleksii-shemshur/vscode-codeql-starter/ql/python/ql/lib/semmle/python/frameworks/Stdlib/Urllib2.qll",
                          "/home/oleksii-shemshur/vscode-codeql-starter/ql/python/ql/lib/semmle/python/frameworks/Streamlit.qll",
                          "/home/oleksii-shemshur/vscode-codeql-starter/ql/python/ql/lib/semmle/python/frameworks/TRender.qll",
                          "/home/oleksii-shemshur/vscode-codeql-starter/ql/python/ql/lib/semmle/python/frameworks/Toml.qll",
                          "/home/oleksii-shemshur/vscode-codeql-starter/ql/python/ql/lib/semmle/python/frameworks/Torch.qll",
                          "/home/oleksii-shemshur/vscode-codeql-starter/ql/python/ql/lib/semmle/python/frameworks/Tornado.qll",
                          "/home/oleksii-shemshur/vscode-codeql-starter/ql/python/ql/lib/semmle/python/frameworks/Twisted.qll",
                          "/home/oleksii-shemshur/vscode-codeql-starter/ql/python/ql/lib/semmle/python/frameworks/Ujson.qll",
                          "/home/oleksii-shemshur/vscode-codeql-starter/ql/python/ql/lib/semmle/python/frameworks/Urllib3.qll",
                          "/home/oleksii-shemshur/vscode-codeql-starter/ql/python/ql/lib/semmle/python/frameworks/Websockets.qll",
                          "/home/oleksii-shemshur/vscode-codeql-starter/ql/python/ql/lib/semmle/python/frameworks/Werkzeug.qll",
                          "/home/oleksii-shemshur/vscode-codeql-starter/ql/python/ql/lib/semmle/python/frameworks/Xmltodict.qll",
                          "/home/oleksii-shemshur/vscode-codeql-starter/ql/python/ql/lib/semmle/python/frameworks/Yaml.qll",
                          "/home/oleksii-shemshur/vscode-codeql-starter/ql/python/ql/lib/semmle/python/frameworks/Yarl.qll",
                          "/home/oleksii-shemshur/vscode-codeql-starter/ql/python/ql/lib/semmle/python/frameworks/agent.model.yml",
                          "/home/oleksii-shemshur/vscode-codeql-starter/ql/python/ql/lib/semmle/python/frameworks/anthropic.model.yml",
                          "/home/oleksii-shemshur/vscode-codeql-starter/ql/python/ql/lib/semmle/python/frameworks/builtins.model.yml",
                          "/home/oleksii-shemshur/vscode-codeql-starter/ql/python/ql/lib/semmle/python/frameworks/data/ModelsAsData.qll",
                          "/home/oleksii-shemshur/vscode-codeql-starter/ql/python/ql/lib/semmle/python/frameworks/data/internal/ApiGraphModels.qll",
                          "/home/oleksii-shemshur/vscode-codeql-starter/ql/python/ql/lib/semmle/python/frameworks/data/internal/ApiGraphModelsExtensions.qll",
                          "/home/oleksii-shemshur/vscode-codeql-starter/ql/python/ql/lib/semmle/python/frameworks/data/internal/ApiGraphModelsSpecific.qll",
                          "/home/oleksii-shemshur/vscode-codeql-starter/ql/python/ql/lib/semmle/python/frameworks/data/internal/empty.model.yml",
                          "/home/oleksii-shemshur/vscode-codeql-starter/ql/python/ql/lib/semmle/python/frameworks/data/internal/subclass-capture/ALL.model.yml",
                          "/home/oleksii-shemshur/vscode-codeql-starter/ql/python/ql/lib/semmle/python/frameworks/internal/InstanceTaintStepsHelper.qll",
                          "/home/oleksii-shemshur/vscode-codeql-starter/ql/python/ql/lib/semmle/python/frameworks/internal/PoorMansFunctionResolution.qll",
                          "/home/oleksii-shemshur/vscode-codeql-starter/ql/python/ql/lib/semmle/python/frameworks/internal/SelfRefMixin.qll",
                          "/home/oleksii-shemshur/vscode-codeql-starter/ql/python/ql/lib/semmle/python/frameworks/internal/SubclassFinder.qll",
                          "/home/oleksii-shemshur/vscode-codeql-starter/ql/python/ql/lib/semmle/python/frameworks/lxml.model.yml",
                          "/home/oleksii-shemshur/vscode-codeql-starter/ql/python/ql/lib/semmle/python/frameworks/openai.model.yml",
                          "/home/oleksii-shemshur/vscode-codeql-starter/ql/python/ql/lib/semmle/python/frameworks/xml.model.yml",
                          "/home/oleksii-shemshur/vscode-codeql-starter/ql/python/ql/lib/semmle/python/internal/Awaited.qll",
                          "/home/oleksii-shemshur/vscode-codeql-starter/ql/python/ql/lib/semmle/python/internal/CachedStages.qll",
                          "/home/oleksii-shemshur/vscode-codeql-starter/ql/python/ql/lib/semmle/python/internal/OverlayDiscardConsistencyQuery.qll",
                          "/home/oleksii-shemshur/vscode-codeql-starter/ql/python/ql/lib/semmle/python/internal/OverlayXml.qll",
                          "/home/oleksii-shemshur/vscode-codeql-starter/ql/python/ql/lib/semmle/python/libraries/Zope.qll",
                          "/home/oleksii-shemshur/vscode-codeql-starter/ql/python/ql/lib/semmle/python/objects/Callables.qll",
                          "/home/oleksii-shemshur/vscode-codeql-starter/ql/python/ql/lib/semmle/python/objects/Classes.qll",
                          "/home/oleksii-shemshur/vscode-codeql-starter/ql/python/ql/lib/semmle/python/objects/Constants.qll",
                          "/home/oleksii-shemshur/vscode-codeql-starter/ql/python/ql/lib/semmle/python/objects/Descriptors.qll",
                          "/home/oleksii-shemshur/vscode-codeql-starter/ql/python/ql/lib/semmle/python/objects/Instances.qll",
                          "/home/oleksii-shemshur/vscode-codeql-starter/ql/python/ql/lib/semmle/python/objects/Modules.qll",
                          "/home/oleksii-shemshur/vscode-codeql-starter/ql/python/ql/lib/semmle/python/objects/ObjectAPI.qll",
                          "/home/oleksii-shemshur/vscode-codeql-starter/ql/python/ql/lib/semmle/python/objects/ObjectInternal.qll",
                          "/home/oleksii-shemshur/vscode-codeql-starter/ql/python/ql/lib/semmle/python/objects/ObjectModel.md",
                          "/home/oleksii-shemshur/vscode-codeql-starter/ql/python/ql/lib/semmle/python/objects/Sequences.qll",
                          "/home/oleksii-shemshur/vscode-codeql-starter/ql/python/ql/lib/semmle/python/objects/TObject.qll",
                          "/home/oleksii-shemshur/vscode-codeql-starter/ql/python/ql/lib/semmle/python/pointsto/Base.qll",
                          "/home/oleksii-shemshur/vscode-codeql-starter/ql/python/ql/lib/semmle/python/pointsto/CallGraph.qll",
                          "/home/oleksii-shemshur/vscode-codeql-starter/ql/python/ql/lib/semmle/python/pointsto/Context.qll",
                          "/home/oleksii-shemshur/vscode-codeql-starter/ql/python/ql/lib/semmle/python/pointsto/Filters.qll",
                          "/home/oleksii-shemshur/vscode-codeql-starter/ql/python/ql/lib/semmle/python/pointsto/Final.qll",
                          "/home/oleksii-shemshur/vscode-codeql-starter/ql/python/ql/lib/semmle/python/pointsto/MRO.qll",
                          "/home/oleksii-shemshur/vscode-codeql-starter/ql/python/ql/lib/semmle/python/pointsto/Overview.qll",
                          "/home/oleksii-shemshur/vscode-codeql-starter/ql/python/ql/lib/semmle/python/pointsto/PointsTo.qll",
                          "/home/oleksii-shemshur/vscode-codeql-starter/ql/python/ql/lib/semmle/python/pointsto/PointsToContext.qll",
                          "/home/oleksii-shemshur/vscode-codeql-starter/ql/python/ql/lib/semmle/python/regex.qll",
                          "/home/oleksii-shemshur/vscode-codeql-starter/ql/python/ql/lib/semmle/python/regexp/RegexTreeView.qll",
                          "/home/oleksii-shemshur/vscode-codeql-starter/ql/python/ql/lib/semmle/python/regexp/internal/ParseRegExp.qll",
                          "/home/oleksii-shemshur/vscode-codeql-starter/ql/python/ql/lib/semmle/python/regexp/internal/RegExpTracking.qll",
                          "/home/oleksii-shemshur/vscode-codeql-starter/ql/python/ql/lib/semmle/python/security/README.md",
                          "/home/oleksii-shemshur/vscode-codeql-starter/ql/python/ql/lib/semmle/python/security/TaintTracking.qll",
                          "/home/oleksii-shemshur/vscode-codeql-starter/ql/python/ql/lib/semmle/python/security/dataflow/CleartextLoggingCustomizations.qll",
                          "/home/oleksii-shemshur/vscode-codeql-starter/ql/python/ql/lib/semmle/python/security/dataflow/CleartextLoggingQuery.qll",
                          "/home/oleksii-shemshur/vscode-codeql-starter/ql/python/ql/lib/semmle/python/security/dataflow/CleartextStorageCustomizations.qll",
                          "/home/oleksii-shemshur/vscode-codeql-starter/ql/python/ql/lib/semmle/python/security/dataflow/CleartextStorageQuery.qll",
                          "/home/oleksii-shemshur/vscode-codeql-starter/ql/python/ql/lib/semmle/python/security/dataflow/CodeInjectionCustomizations.qll",
                          "/home/oleksii-shemshur/vscode-codeql-starter/ql/python/ql/lib/semmle/python/security/dataflow/CodeInjectionQuery.qll",
                          "/home/oleksii-shemshur/vscode-codeql-starter/ql/python/ql/lib/semmle/python/security/dataflow/CommandInjectionCustomizations.qll",
                          "/home/oleksii-shemshur/vscode-codeql-starter/ql/python/ql/lib/semmle/python/security/dataflow/CommandInjectionQuery.qll",
                          "/home/oleksii-shemshur/vscode-codeql-starter/ql/python/ql/lib/semmle/python/security/dataflow/CookieInjectionCustomizations.qll",
                          "/home/oleksii-shemshur/vscode-codeql-starter/ql/python/ql/lib/semmle/python/security/dataflow/CookieInjectionQuery.qll",
                          "/home/oleksii-shemshur/vscode-codeql-starter/ql/python/ql/lib/semmle/python/security/dataflow/ExceptionInfo.qll",
                          "/home/oleksii-shemshur/vscode-codeql-starter/ql/python/ql/lib/semmle/python/security/dataflow/HttpHeaderInjectionCustomizations.qll",
                          "/home/oleksii-shemshur/vscode-codeql-starter/ql/python/ql/lib/semmle/python/security/dataflow/HttpHeaderInjectionQuery.qll",
                          "/home/oleksii-shemshur/vscode-codeql-starter/ql/python/ql/lib/semmle/python/security/dataflow/LdapInjectionCustomizations.qll",
                          "/home/oleksii-shemshur/vscode-codeql-starter/ql/python/ql/lib/semmle/python/security/dataflow/LdapInjectionQuery.qll",
                          "/home/oleksii-shemshur/vscode-codeql-starter/ql/python/ql/lib/semmle/python/security/dataflow/LogInjectionCustomizations.qll",
                          "/home/oleksii-shemshur/vscode-codeql-starter/ql/python/ql/lib/semmle/python/security/dataflow/LogInjectionQuery.qll",
                          "/home/oleksii-shemshur/vscode-codeql-starter/ql/python/ql/lib/semmle/python/security/dataflow/NoSqlInjectionCustomizations.qll",
                          "/home/oleksii-shemshur/vscode-codeql-starter/ql/python/ql/lib/semmle/python/security/dataflow/NoSqlInjectionQuery.qll",
                          "/home/oleksii-shemshur/vscode-codeql-starter/ql/python/ql/lib/semmle/python/security/dataflow/PamAuthorizationCustomizations.qll",
                          "/home/oleksii-shemshur/vscode-codeql-starter/ql/python/ql/lib/semmle/python/security/dataflow/PamAuthorizationQuery.qll",
                          "/home/oleksii-shemshur/vscode-codeql-starter/ql/python/ql/lib/semmle/python/security/dataflow/PathInjectionCustomizations.qll",
                          "/home/oleksii-shemshur/vscode-codeql-starter/ql/python/ql/lib/semmle/python/security/dataflow/PathInjectionQuery.qll",
                          "/home/oleksii-shemshur/vscode-codeql-starter/ql/python/ql/lib/semmle/python/security/dataflow/PolynomialReDoSCustomizations.qll",
                          "/home/oleksii-shemshur/vscode-codeql-starter/ql/python/ql/lib/semmle/python/security/dataflow/PolynomialReDoSQuery.qll",
                          "/home/oleksii-shemshur/vscode-codeql-starter/ql/python/ql/lib/semmle/python/security/dataflow/ReflectedXSSCustomizations.qll",
                          "/home/oleksii-shemshur/vscode-codeql-starter/ql/python/ql/lib/semmle/python/security/dataflow/ReflectedXssQuery.qll",
                          "/home/oleksii-shemshur/vscode-codeql-starter/ql/python/ql/lib/semmle/python/security/dataflow/RegexInjectionCustomizations.qll",
                          "/home/oleksii-shemshur/vscode-codeql-starter/ql/python/ql/lib/semmle/python/security/dataflow/RegexInjectionQuery.qll",
                          "/home/oleksii-shemshur/vscode-codeql-starter/ql/python/ql/lib/semmle/python/security/dataflow/ServerSideRequestForgeryCustomizations.qll",
                          "/home/oleksii-shemshur/vscode-codeql-starter/ql/python/ql/lib/semmle/python/security/dataflow/ServerSideRequestForgeryQuery.qll",
                          "/home/oleksii-shemshur/vscode-codeql-starter/ql/python/ql/lib/semmle/python/security/dataflow/SqlInjectionCustomizations.qll",
                          "/home/oleksii-shemshur/vscode-codeql-starter/ql/python/ql/lib/semmle/python/security/dataflow/SqlInjectionQuery.qll",
                          "/home/oleksii-shemshur/vscode-codeql-starter/ql/python/ql/lib/semmle/python/security/dataflow/StackTraceExposureCustomizations.qll",
                          "/home/oleksii-shemshur/vscode-codeql-starter/ql/python/ql/lib/semmle/python/security/dataflow/StackTraceExposureQuery.qll",
                          "/home/oleksii-shemshur/vscode-codeql-starter/ql/python/ql/lib/semmle/python/security/dataflow/TarSlipCustomizations.qll",
                          "/home/oleksii-shemshur/vscode-codeql-starter/ql/python/ql/lib/semmle/python/security/dataflow/TarSlipQuery.qll",
                          "/home/oleksii-shemshur/vscode-codeql-starter/ql/python/ql/lib/semmle/python/security/dataflow/TemplateInjectionCustomizations.qll",
                          "/home/oleksii-shemshur/vscode-codeql-starter/ql/python/ql/lib/semmle/python/security/dataflow/TemplateInjectionQuery.qll",
                          "/home/oleksii-shemshur/vscode-codeql-starter/ql/python/ql/lib/semmle/python/security/dataflow/UnsafeDeserializationCustomizations.qll",
                          "/home/oleksii-shemshur/vscode-codeql-starter/ql/python/ql/lib/semmle/python/security/dataflow/UnsafeDeserializationQuery.qll",
                          "/home/oleksii-shemshur/vscode-codeql-starter/ql/python/ql/lib/semmle/python/security/dataflow/UnsafeShellCommandConstructionCustomizations.qll",
                          "/home/oleksii-shemshur/vscode-codeql-starter/ql/python/ql/lib/semmle/python/security/dataflow/UnsafeShellCommandConstructionQuery.qll",
                          "/home/oleksii-shemshur/vscode-codeql-starter/ql/python/ql/lib/semmle/python/security/dataflow/UrlRedirectCustomizations.qll",
                          "/home/oleksii-shemshur/vscode-codeql-starter/ql/python/ql/lib/semmle/python/security/dataflow/UrlRedirectQuery.qll",
                          "/home/oleksii-shemshur/vscode-codeql-starter/ql/python/ql/lib/semmle/python/security/dataflow/WeakSensitiveDataHashingCustomizations.qll",
                          "/home/oleksii-shemshur/vscode-codeql-starter/ql/python/ql/lib/semmle/python/security/dataflow/WeakSensitiveDataHashingQuery.qll",
                          "/home/oleksii-shemshur/vscode-codeql-starter/ql/python/ql/lib/semmle/python/security/dataflow/XmlBombCustomizations.qll",
                          "/home/oleksii-shemshur/vscode-codeql-starter/ql/python/ql/lib/semmle/python/security/dataflow/XmlBombQuery.qll",
                          "/home/oleksii-shemshur/vscode-codeql-starter/ql/python/ql/lib/semmle/python/security/dataflow/XpathInjectionCustomizations.qll",
                          "/home/oleksii-shemshur/vscode-codeql-starter/ql/python/ql/lib/semmle/python/security/dataflow/XpathInjectionQuery.qll",
                          "/home/oleksii-shemshur/vscode-codeql-starter/ql/python/ql/lib/semmle/python/security/dataflow/XxeCustomizations.qll",
                          "/home/oleksii-shemshur/vscode-codeql-starter/ql/python/ql/lib/semmle/python/security/dataflow/XxeQuery.qll",
                          "/home/oleksii-shemshur/vscode-codeql-starter/ql/python/ql/lib/semmle/python/security/internal/EncryptionKeySizes.qll",
                          "/home/oleksii-shemshur/vscode-codeql-starter/ql/python/ql/lib/semmle/python/security/regexp/HostnameRegex.qll",
                          "/home/oleksii-shemshur/vscode-codeql-starter/ql/python/ql/lib/semmle/python/strings.qll",
                          "/home/oleksii-shemshur/vscode-codeql-starter/ql/python/ql/lib/semmle/python/templates/PyxlTags.qll",
                          "/home/oleksii-shemshur/vscode-codeql-starter/ql/python/ql/lib/semmle/python/templates/Templates.qll",
                          "/home/oleksii-shemshur/vscode-codeql-starter/ql/python/ql/lib/semmle/python/types/Builtins.qll",
                          "/home/oleksii-shemshur/vscode-codeql-starter/ql/python/ql/lib/semmle/python/types/ClassObject.qll",
                          "/home/oleksii-shemshur/vscode-codeql-starter/ql/python/ql/lib/semmle/python/types/Descriptors.qll",
                          "/home/oleksii-shemshur/vscode-codeql-starter/ql/python/ql/lib/semmle/python/types/Exceptions.qll",
                          "/home/oleksii-shemshur/vscode-codeql-starter/ql/python/ql/lib/semmle/python/types/Extensions.qll",
                          "/home/oleksii-shemshur/vscode-codeql-starter/ql/python/ql/lib/semmle/python/types/FunctionObject.qll",
                          "/home/oleksii-shemshur/vscode-codeql-starter/ql/python/ql/lib/semmle/python/types/ImportTime.qll",
                          "/home/oleksii-shemshur/vscode-codeql-starter/ql/python/ql/lib/semmle/python/types/ModuleKind.qll",
                          "/home/oleksii-shemshur/vscode-codeql-starter/ql/python/ql/lib/semmle/python/types/ModuleObject.qll",
                          "/home/oleksii-shemshur/vscode-codeql-starter/ql/python/ql/lib/semmle/python/types/Object.qll",
                          "/home/oleksii-shemshur/vscode-codeql-starter/ql/python/ql/lib/semmle/python/types/Properties.qll",
                          "/home/oleksii-shemshur/vscode-codeql-starter/ql/python/ql/lib/semmle/python/types/Version.qll",
                          "/home/oleksii-shemshur/vscode-codeql-starter/ql/python/ql/lib/semmle/python/values/StringAttributes.qll",
                          "/home/oleksii-shemshur/vscode-codeql-starter/ql/python/ql/lib/semmle/python/xml/XML.qll",
                          "/home/oleksii-shemshur/vscode-codeql-starter/ql/python/ql/lib/semmlecode.python.dbscheme",
                          "/home/oleksii-shemshur/vscode-codeql-starter/ql/python/ql/lib/semmlecode.python.dbscheme.stats",
                          "/home/oleksii-shemshur/vscode-codeql-starter/ql/python/ql/lib/site.qll",
                          "/home/oleksii-shemshur/vscode-codeql-starter/ql/python/ql/lib/upgrades/0355ecf0ac589e66467a378e0e9d60f41ee4a757/old.dbscheme",
                          "/home/oleksii-shemshur/vscode-codeql-starter/ql/python/ql/lib/upgrades/0355ecf0ac589e66467a378e0e9d60f41ee4a757/semmlecode.python.dbscheme",
                          "/home/oleksii-shemshur/vscode-codeql-starter/ql/python/ql/lib/upgrades/0355ecf0ac589e66467a378e0e9d60f41ee4a757/upgrade.properties",
                          "/home/oleksii-shemshur/vscode-codeql-starter/ql/python/ql/lib/upgrades/0565f7466437d52e1dc64a3b930926ab2f60cd64/old.dbscheme",
                          "/home/oleksii-shemshur/vscode-codeql-starter/ql/python/ql/lib/upgrades/0565f7466437d52e1dc64a3b930926ab2f60cd64/semmlecode.python.dbscheme",
                          "/home/oleksii-shemshur/vscode-codeql-starter/ql/python/ql/lib/upgrades/0565f7466437d52e1dc64a3b930926ab2f60cd64/upgrade.properties",
                          "/home/oleksii-shemshur/vscode-codeql-starter/ql/python/ql/lib/upgrades/279cbb08d387ecd57ac177e87c94cfd5ca62f792/old.dbscheme",
                          "/home/oleksii-shemshur/vscode-codeql-starter/ql/python/ql/lib/upgrades/279cbb08d387ecd57ac177e87c94cfd5ca62f792/semmlecode.python.dbscheme",
                          "/home/oleksii-shemshur/vscode-codeql-starter/ql/python/ql/lib/upgrades/279cbb08d387ecd57ac177e87c94cfd5ca62f792/upgrade.properties",
                          "/home/oleksii-shemshur/vscode-codeql-starter/ql/python/ql/lib/upgrades/47e552c4357a04c5735355fad818630daee4a5ac/old.dbscheme",
                          "/home/oleksii-shemshur/vscode-codeql-starter/ql/python/ql/lib/upgrades/47e552c4357a04c5735355fad818630daee4a5ac/semmlecode.python.dbscheme",
                          "/home/oleksii-shemshur/vscode-codeql-starter/ql/python/ql/lib/upgrades/47e552c4357a04c5735355fad818630daee4a5ac/upgrade.properties",
                          "/home/oleksii-shemshur/vscode-codeql-starter/ql/python/ql/lib/upgrades/4f1806347d7fafe2f78508da01c01e5aff5f7cbb/old.dbscheme",
                          "/home/oleksii-shemshur/vscode-codeql-starter/ql/python/ql/lib/upgrades/4f1806347d7fafe2f78508da01c01e5aff5f7cbb/semmlecode.python.dbscheme",
                          "/home/oleksii-shemshur/vscode-codeql-starter/ql/python/ql/lib/upgrades/4f1806347d7fafe2f78508da01c01e5aff5f7cbb/upgrade.properties",
                          "/home/oleksii-shemshur/vscode-codeql-starter/ql/python/ql/lib/upgrades/503c0516fba2e5da9570f00eb34ef43025ecb8fb/old.dbscheme",
                          "/home/oleksii-shemshur/vscode-codeql-starter/ql/python/ql/lib/upgrades/503c0516fba2e5da9570f00eb34ef43025ecb8fb/py_stmts.ql",
                          "/home/oleksii-shemshur/vscode-codeql-starter/ql/python/ql/lib/upgrades/503c0516fba2e5da9570f00eb34ef43025ecb8fb/semmlecode.python.dbscheme",
                          "/home/oleksii-shemshur/vscode-codeql-starter/ql/python/ql/lib/upgrades/503c0516fba2e5da9570f00eb34ef43025ecb8fb/upgrade.properties",
                          "/home/oleksii-shemshur/vscode-codeql-starter/ql/python/ql/lib/upgrades/5af903da088e3746aa283700a43a779302453523/old.dbscheme",
                          "/home/oleksii-shemshur/vscode-codeql-starter/ql/python/ql/lib/upgrades/5af903da088e3746aa283700a43a779302453523/semmlecode.python.dbscheme",
                          "/home/oleksii-shemshur/vscode-codeql-starter/ql/python/ql/lib/upgrades/5af903da088e3746aa283700a43a779302453523/upgrade.properties",
                          "/home/oleksii-shemshur/vscode-codeql-starter/ql/python/ql/lib/upgrades/62a30d37a729670a8cc3c67b4dad81f1983865f8/old.dbscheme",
                          "/home/oleksii-shemshur/vscode-codeql-starter/ql/python/ql/lib/upgrades/62a30d37a729670a8cc3c67b4dad81f1983865f8/semmlecode.python.dbscheme",
                          "/home/oleksii-shemshur/vscode-codeql-starter/ql/python/ql/lib/upgrades/62a30d37a729670a8cc3c67b4dad81f1983865f8/upgrade.properties",
                          "/home/oleksii-shemshur/vscode-codeql-starter/ql/python/ql/lib/upgrades/6a1f497168da2f43828161d3c86db7d4c94c2b53/old.dbscheme",
                          "/home/oleksii-shemshur/vscode-codeql-starter/ql/python/ql/lib/upgrades/6a1f497168da2f43828161d3c86db7d4c94c2b53/semmlecode.python.dbscheme",
                          "/home/oleksii-shemshur/vscode-codeql-starter/ql/python/ql/lib/upgrades/6a1f497168da2f43828161d3c86db7d4c94c2b53/upgrade.properties",
                          "/home/oleksii-shemshur/vscode-codeql-starter/ql/python/ql/lib/upgrades/728c6d65e61d808ae276013ebc15abc3a97aaef1/old.dbscheme",
                          "/home/oleksii-shemshur/vscode-codeql-starter/ql/python/ql/lib/upgrades/728c6d65e61d808ae276013ebc15abc3a97aaef1/semmlecode.python.dbscheme",
                          "/home/oleksii-shemshur/vscode-codeql-starter/ql/python/ql/lib/upgrades/728c6d65e61d808ae276013ebc15abc3a97aaef1/upgrade.properties",
                          "/home/oleksii-shemshur/vscode-codeql-starter/ql/python/ql/lib/upgrades/8d257a4a9bc78e39856d6cd33499389fc5148d4f/old.dbscheme",
                          "/home/oleksii-shemshur/vscode-codeql-starter/ql/python/ql/lib/upgrades/8d257a4a9bc78e39856d6cd33499389fc5148d4f/semmlecode.python.dbscheme",
                          "/home/oleksii-shemshur/vscode-codeql-starter/ql/python/ql/lib/upgrades/8d257a4a9bc78e39856d6cd33499389fc5148d4f/upgrade.properties",
                          "/home/oleksii-shemshur/vscode-codeql-starter/ql/python/ql/lib/upgrades/acf8d3b08ae3cfac8833d16efbfa5a10fef86819/old.dbscheme",
                          "/home/oleksii-shemshur/vscode-codeql-starter/ql/python/ql/lib/upgrades/acf8d3b08ae3cfac8833d16efbfa5a10fef86819/semmlecode.python.dbscheme",
                          "/home/oleksii-shemshur/vscode-codeql-starter/ql/python/ql/lib/upgrades/acf8d3b08ae3cfac8833d16efbfa5a10fef86819/upgrade.properties",
                          "/home/oleksii-shemshur/vscode-codeql-starter/ql/python/ql/lib/upgrades/eb5fc917c79bb23ce2de4a022f3e566d57a91be9/old.dbscheme",
                          "/home/oleksii-shemshur/vscode-codeql-starter/ql/python/ql/lib/upgrades/eb5fc917c79bb23ce2de4a022f3e566d57a91be9/semmlecode.python.dbscheme",
                          "/home/oleksii-shemshur/vscode-codeql-starter/ql/python/ql/lib/upgrades/eb5fc917c79bb23ce2de4a022f3e566d57a91be9/upgrade.properties",
                          "/home/oleksii-shemshur/vscode-codeql-starter/ql/python/ql/lib/upgrades/f635b392038a494915307f913657cd3058f9b476/old.dbscheme",
                          "/home/oleksii-shemshur/vscode-codeql-starter/ql/python/ql/lib/upgrades/f635b392038a494915307f913657cd3058f9b476/py_exprs.ql",
                          "/home/oleksii-shemshur/vscode-codeql-starter/ql/python/ql/lib/upgrades/f635b392038a494915307f913657cd3058f9b476/semmlecode.python.dbscheme",
                          "/home/oleksii-shemshur/vscode-codeql-starter/ql/python/ql/lib/upgrades/f635b392038a494915307f913657cd3058f9b476/upgrade.properties",
                          "/home/oleksii-shemshur/vscode-codeql-starter/ql/python/ql/lib/upgrades/ff5327c074ca235c6b2fa4ea9ed29f4c60aa46cb/old.dbscheme",
                          "/home/oleksii-shemshur/vscode-codeql-starter/ql/python/ql/lib/upgrades/ff5327c074ca235c6b2fa4ea9ed29f4c60aa46cb/py_exprs.ql",
                          "/home/oleksii-shemshur/vscode-codeql-starter/ql/python/ql/lib/upgrades/ff5327c074ca235c6b2fa4ea9ed29f4c60aa46cb/py_stmts.ql",
                          "/home/oleksii-shemshur/vscode-codeql-starter/ql/python/ql/lib/upgrades/ff5327c074ca235c6b2fa4ea9ed29f4c60aa46cb/semmlecode.python.dbscheme",
                          "/home/oleksii-shemshur/vscode-codeql-starter/ql/python/ql/lib/upgrades/ff5327c074ca235c6b2fa4ea9ed29f4c60aa46cb/upgrade.properties",
                          "/home/oleksii-shemshur/vscode-codeql-starter/ql/python/ql/lib/upgrades/initial/semmlecode.python.dbscheme",
                          "/home/oleksii-shemshur/vscode-codeql-starter/ql/python/ql/lib/utils/test/InlineExpectationsTest.qll",
                          "/home/oleksii-shemshur/vscode-codeql-starter/ql/python/ql/lib/utils/test/InlineExpectationsTestQuery.ql",
                          "/home/oleksii-shemshur/vscode-codeql-starter/ql/python/ql/lib/utils/test/PrettyPrintModels.ql",
                          "/home/oleksii-shemshur/vscode-codeql-starter/ql/python/ql/lib/utils/test/VerifyApiGraphs.qll",
                          "/home/oleksii-shemshur/vscode-codeql-starter/ql/python/ql/lib/utils/test/dataflow/DataflowQueryTest.qll",
                          "/home/oleksii-shemshur/vscode-codeql-starter/ql/python/ql/lib/utils/test/dataflow/FlowTest.qll",
                          "/home/oleksii-shemshur/vscode-codeql-starter/ql/python/ql/lib/utils/test/dataflow/LocalFlowStepTest.qll",
                          "/home/oleksii-shemshur/vscode-codeql-starter/ql/python/ql/lib/utils/test/dataflow/MaximalFlowTest.qll",
                          "/home/oleksii-shemshur/vscode-codeql-starter/ql/python/ql/lib/utils/test/dataflow/NormalDataflowTest.qll",
                          "/home/oleksii-shemshur/vscode-codeql-starter/ql/python/ql/lib/utils/test/dataflow/NormalTaintTrackingTest.qll",
                          "/home/oleksii-shemshur/vscode-codeql-starter/ql/python/ql/lib/utils/test/dataflow/RoutingTest.qll",
                          "/home/oleksii-shemshur/vscode-codeql-starter/ql/python/ql/lib/utils/test/dataflow/UnresolvedCalls.qll",
                          "/home/oleksii-shemshur/vscode-codeql-starter/ql/python/ql/lib/utils/test/dataflow/callGraphConfig.qll",
                          "/home/oleksii-shemshur/vscode-codeql-starter/ql/python/ql/lib/utils/test/dataflow/testConfig.qll",
                          "/home/oleksii-shemshur/vscode-codeql-starter/ql/python/ql/lib/utils/test/dataflow/testTaintConfig.qll",
                          "/home/oleksii-shemshur/vscode-codeql-starter/ql/python/ql/lib/utils/test/internal/InlineExpectationsTestImpl.qll"
                        ]
                      }
[2026-07-24 19:09:32] Plumbing command codeql generate extensible-predicate-metadata completed:
                      {
                        "extensible_predicates" : [
                          {
                            "name" : "sourceModel",
                            "parameters" : [
                              {
                                "name" : "type",
                                "type" : "string"
                              },
                              {
                                "name" : "path",
                                "type" : "string"
                              },
                              {
                                "name" : "kind",
                                "type" : "string"
                              }
                            ],
                            "has_origin" : true,
                            "path" : "semmle/python/frameworks/data/internal/ApiGraphModelsExtensions.qll",
                            "start_line" : 13,
                            "start_column" : 1,
                            "end_line" : 15,
                            "end_column" : 3
                          },
                          {
                            "name" : "sinkModel",
                            "parameters" : [
                              {
                                "name" : "type",
                                "type" : "string"
                              },
                              {
                                "name" : "path",
                                "type" : "string"
                              },
                              {
                                "name" : "kind",
                                "type" : "string"
                              }
                            ],
                            "has_origin" : true,
                            "path" : "semmle/python/frameworks/data/internal/ApiGraphModelsExtensions.qll",
                            "start_line" : 21,
                            "start_column" : 1,
                            "end_line" : 21,
                            "end_column" : 102
                          },
                          {
                            "name" : "barrierModel",
                            "parameters" : [
                              {
                                "name" : "type",
                                "type" : "string"
                              },
                              {
                                "name" : "path",
                                "type" : "string"
                              },
                              {
                                "name" : "kind",
                                "type" : "string"
                              }
                            ],
                            "has_origin" : true,
                            "path" : "semmle/python/frameworks/data/internal/ApiGraphModelsExtensions.qll",
                            "start_line" : 27,
                            "start_column" : 1,
                            "end_line" : 29,
                            "end_column" : 3
                          },
                          {
                            "name" : "barrierGuardModel",
                            "parameters" : [
                              {
                                "name" : "type",
                                "type" : "string"
                              },
                              {
                                "name" : "path",
                                "type" : "string"
                              },
                              {
                                "name" : "acceptingValue",
                                "type" : "string"
                              },
                              {
                                "name" : "kind",
                                "type" : "string"
                              }
                            ],
                            "has_origin" : true,
                            "path" : "semmle/python/frameworks/data/internal/ApiGraphModelsExtensions.qll",
                            "start_line" : 39,
                            "start_column" : 1,
                            "end_line" : 41,
                            "end_column" : 3
                          },
                          {
                            "name" : "summaryModel",
                            "parameters" : [
                              {
                                "name" : "type",
                                "type" : "string"
                              },
                              {
                                "name" : "path",
                                "type" : "string"
                              },
                              {
                                "name" : "input",
                                "type" : "string"
                              },
                              {
                                "name" : "output",
                                "type" : "string"
                              },
                              {
                                "name" : "kind",
                                "type" : "string"
                              }
                            ],
                            "has_origin" : true,
                            "path" : "semmle/python/frameworks/data/internal/ApiGraphModelsExtensions.qll",
                            "start_line" : 51,
                            "start_column" : 1,
                            "end_line" : 53,
                            "end_column" : 3
                          },
                          {
                            "name" : "neutralModel",
                            "parameters" : [
                              {
                                "name" : "type",
                                "type" : "string"
                              },
                              {
                                "name" : "path",
                                "type" : "string"
                              },
                              {
                                "name" : "kind",
                                "type" : "string"
                              }
                            ],
                            "has_origin" : false,
                            "path" : "semmle/python/frameworks/data/internal/ApiGraphModelsExtensions.qll",
                            "start_line" : 60,
                            "start_column" : 1,
                            "end_line" : 60,
                            "end_column" : 74
                          },
                          {
                            "name" : "typeModel",
                            "parameters" : [
                              {
                                "name" : "type1",
                                "type" : "string"
                              },
                              {
                                "name" : "type2",
                                "type" : "string"
                              },
                              {
                                "name" : "path",
                                "type" : "string"
                              }
                            ],
                            "has_origin" : false,
                            "path" : "semmle/python/frameworks/data/internal/ApiGraphModelsExtensions.qll",
                            "start_line" : 65,
                            "start_column" : 1,
                            "end_line" : 65,
                            "end_column" : 73
                          },
                          {
                            "name" : "typeVariableModel",
                            "parameters" : [
                              {
                                "name" : "name",
                                "type" : "string"
                              },
                              {
                                "name" : "path",
                                "type" : "string"
                              }
                            ],
                            "has_origin" : false,
                            "path" : "semmle/python/frameworks/data/internal/ApiGraphModelsExtensions.qll",
                            "start_line" : 70,
                            "start_column" : 1,
                            "end_line" : 70,
                            "end_column" : 66
                          }
                        ]
                      }
[2026-07-24 19:09:32] [PROGRESS] resolve extensions-by-pack> Loading data extensions in /home/oleksii-shemshur/vscode-codeql-starter/ql/python/ql/lib/semmle/python/frameworks/Asyncpg.model.yml.
[2026-07-24 19:09:32] [DETAILS] resolve extensions-by-pack>   Found extension targeting codeql/python-all:sinkModel: 5 tuples.
[2026-07-24 19:09:32] [DETAILS] resolve extensions-by-pack>   Found extension targeting codeql/python-all:typeModel: 6 tuples.
[2026-07-24 19:09:32] [PROGRESS] resolve extensions-by-pack> Loading data extensions in /home/oleksii-shemshur/vscode-codeql-starter/ql/python/ql/lib/semmle/python/frameworks/Azure.Keyvault.model.yml.
[2026-07-24 19:09:32] [DETAILS] resolve extensions-by-pack>   Found extension targeting codeql/python-all:sinkModel: 4 tuples.
[2026-07-24 19:09:32] [PROGRESS] resolve extensions-by-pack> Loading data extensions in /home/oleksii-shemshur/vscode-codeql-starter/ql/python/ql/lib/semmle/python/frameworks/Azure.Storage.model.yml.
[2026-07-24 19:09:32] [DETAILS] resolve extensions-by-pack>   Found extension targeting codeql/python-all:sinkModel: 29 tuples.
[2026-07-24 19:09:32] [PROGRESS] resolve extensions-by-pack> Loading data extensions in /home/oleksii-shemshur/vscode-codeql-starter/ql/python/ql/lib/semmle/python/frameworks/Django.model.yml.
[2026-07-24 19:09:32] [DETAILS] resolve extensions-by-pack>   Found extension targeting codeql/python-all:barrierGuardModel: 1 tuples.
[2026-07-24 19:09:32] [PROGRESS] resolve extensions-by-pack> Loading data extensions in /home/oleksii-shemshur/vscode-codeql-starter/ql/python/ql/lib/semmle/python/frameworks/Eventlet.model.yml.
[2026-07-24 19:09:32] [DETAILS] resolve extensions-by-pack>   Found extension targeting codeql/python-all:typeModel: 2 tuples.
[2026-07-24 19:09:32] [PROGRESS] resolve extensions-by-pack> Loading data extensions in /home/oleksii-shemshur/vscode-codeql-starter/ql/python/ql/lib/semmle/python/frameworks/Gevent.model.yml.
[2026-07-24 19:09:32] [DETAILS] resolve extensions-by-pack>   Found extension targeting codeql/python-all:typeModel: 1 tuples.
[2026-07-24 19:09:32] [PROGRESS] resolve extensions-by-pack> Loading data extensions in /home/oleksii-shemshur/vscode-codeql-starter/ql/python/ql/lib/semmle/python/frameworks/Stdlib.model.yml.
[2026-07-24 19:09:32] [DETAILS] resolve extensions-by-pack>   Found extension targeting codeql/python-all:sourceModel: 12 tuples.
[2026-07-24 19:09:32] [DETAILS] resolve extensions-by-pack>   Found extension targeting codeql/python-all:sinkModel: 2 tuples.
[2026-07-24 19:09:32] [DETAILS] resolve extensions-by-pack>   Found extension targeting codeql/python-all:summaryModel: 67 tuples.
[2026-07-24 19:09:32] [DETAILS] resolve extensions-by-pack>   Found extension targeting codeql/python-all:neutralModel: 0 tuples.
[2026-07-24 19:09:32] [DETAILS] resolve extensions-by-pack>   Found extension targeting codeql/python-all:typeModel: 2 tuples.
[2026-07-24 19:09:32] [DETAILS] resolve extensions-by-pack>   Found extension targeting codeql/python-all:typeVariableModel: 0 tuples.
[2026-07-24 19:09:32] [PROGRESS] resolve extensions-by-pack> Loading data extensions in /home/oleksii-shemshur/vscode-codeql-starter/ql/python/ql/lib/semmle/python/frameworks/agent.model.yml.
[2026-07-24 19:09:32] [DETAILS] resolve extensions-by-pack>   Found extension targeting codeql/python-all:sinkModel: 1 tuples.
[2026-07-24 19:09:32] [PROGRESS] resolve extensions-by-pack> Loading data extensions in /home/oleksii-shemshur/vscode-codeql-starter/ql/python/ql/lib/semmle/python/frameworks/anthropic.model.yml.
[2026-07-24 19:09:32] [DETAILS] resolve extensions-by-pack>   Found extension targeting codeql/python-all:sinkModel: 6 tuples.
[2026-07-24 19:09:32] [DETAILS] resolve extensions-by-pack>   Found extension targeting codeql/python-all:typeModel: 1 tuples.
[2026-07-24 19:09:32] [PROGRESS] resolve extensions-by-pack> Loading data extensions in /home/oleksii-shemshur/vscode-codeql-starter/ql/python/ql/lib/semmle/python/frameworks/builtins.model.yml.
[2026-07-24 19:09:32] [DETAILS] resolve extensions-by-pack>   Found extension targeting codeql/python-all:typeModel: 244 tuples.
[2026-07-24 19:09:32] [PROGRESS] resolve extensions-by-pack> Loading data extensions in /home/oleksii-shemshur/vscode-codeql-starter/ql/python/ql/lib/semmle/python/frameworks/data/internal/empty.model.yml.
[2026-07-24 19:09:32] [DETAILS] resolve extensions-by-pack>   Found extension targeting codeql/python-all:sourceModel: 0 tuples.
[2026-07-24 19:09:32] [DETAILS] resolve extensions-by-pack>   Found extension targeting codeql/python-all:sinkModel: 0 tuples.
[2026-07-24 19:09:32] [DETAILS] resolve extensions-by-pack>   Found extension targeting codeql/python-all:barrierModel: 0 tuples.
[2026-07-24 19:09:32] [DETAILS] resolve extensions-by-pack>   Found extension targeting codeql/python-all:barrierGuardModel: 0 tuples.
[2026-07-24 19:09:32] [DETAILS] resolve extensions-by-pack>   Found extension targeting codeql/python-all:summaryModel: 0 tuples.
[2026-07-24 19:09:32] [DETAILS] resolve extensions-by-pack>   Found extension targeting codeql/python-all:neutralModel: 0 tuples.
[2026-07-24 19:09:32] [DETAILS] resolve extensions-by-pack>   Found extension targeting codeql/python-all:typeModel: 0 tuples.
[2026-07-24 19:09:32] [DETAILS] resolve extensions-by-pack>   Found extension targeting codeql/python-all:typeVariableModel: 0 tuples.
[2026-07-24 19:09:33] [PROGRESS] resolve extensions-by-pack> Loading data extensions in /home/oleksii-shemshur/vscode-codeql-starter/ql/python/ql/lib/semmle/python/frameworks/data/internal/subclass-capture/ALL.model.yml.
[2026-07-24 19:09:33] [DETAILS] resolve extensions-by-pack>   Found extension targeting codeql/python-all:typeModel: 58275 tuples.
[2026-07-24 19:09:33] [PROGRESS] resolve extensions-by-pack> Loading data extensions in /home/oleksii-shemshur/vscode-codeql-starter/ql/python/ql/lib/semmle/python/frameworks/lxml.model.yml.
[2026-07-24 19:09:33] [DETAILS] resolve extensions-by-pack>   Found extension targeting codeql/python-all:summaryModel: 1 tuples.
[2026-07-24 19:09:33] [PROGRESS] resolve extensions-by-pack> Loading data extensions in /home/oleksii-shemshur/vscode-codeql-starter/ql/python/ql/lib/semmle/python/frameworks/openai.model.yml.
[2026-07-24 19:09:33] [DETAILS] resolve extensions-by-pack>   Found extension targeting codeql/python-all:sinkModel: 4 tuples.
[2026-07-24 19:09:33] [DETAILS] resolve extensions-by-pack>   Found extension targeting codeql/python-all:typeModel: 1 tuples.
[2026-07-24 19:09:33] [PROGRESS] resolve extensions-by-pack> Loading data extensions in /home/oleksii-shemshur/vscode-codeql-starter/ql/python/ql/lib/semmle/python/frameworks/xml.model.yml.
[2026-07-24 19:09:33] [DETAILS] resolve extensions-by-pack>   Found extension targeting codeql/python-all:summaryModel: 1 tuples.
[2026-07-24 19:09:33] [PROGRESS] resolve extensions-by-pack> Loading data extensions in /home/oleksii-shemshur/vscode-codeql-starter/ql/shared/threat-models/ext/supported-threat-models.model.yml.
[2026-07-24 19:09:33] [DETAILS] resolve extensions-by-pack>   Found extension targeting codeql/threat-models:threatModelConfiguration: 1 tuples.
[2026-07-24 19:09:33] [PROGRESS] resolve extensions-by-pack> Loading data extensions in /home/oleksii-shemshur/vscode-codeql-starter/ql/shared/threat-models/ext/threat-model-grouping.model.yml.
[2026-07-24 19:09:33] [DETAILS] resolve extensions-by-pack>   Found extension targeting codeql/threat-models:threatModelGrouping: 15 tuples.
[2026-07-24 19:09:33] [PROGRESS] resolve extensions-by-pack> Loading data extensions in /home/oleksii-shemshur/vscode-codeql-starter/ql/shared/util/ext/default-alert-filter.yml.
[2026-07-24 19:09:33] [DETAILS] resolve extensions-by-pack>   Found extension targeting codeql/util:restrictAlertsTo: 0 tuples.
[2026-07-24 19:09:33] Calling plumbing command: codeql generate extensible-predicate-metadata /home/oleksii-shemshur/vscode-codeql-starter/ql/shared/util
[2026-07-24 19:09:33] Calling plumbing command: codeql pack packlist /home/oleksii-shemshur/vscode-codeql-starter/ql/shared/util --format=json
[2026-07-24 19:09:33] Calling plumbing command: codeql resolve files --include=**/*.qll --include=**/*.dbscheme --include=**/*.dbscheme.stats --include=**/*.md --include=**/*.qls --include=**/*.qlref --include=**/*.yml --include=**/*.yaml --include=**/upgrade.properties --include=**/*.ql --include=!**/.* --include=!**/qlpack.auth.yml --include=!**/qlconfig.yml --include=!codeql-pack.lock.yml --include=!qlpack.lock.yml --include=!codeql-pack.release.yml --include=!change-notes --include=!**/*.qhelp --include=codeql-pack.yml --include=qlpack.yml --include=LICENSE --include=README.md --include=CHANGELOG.md --include=!**/*.qlx --include=ext/*.yml /home/oleksii-shemshur/vscode-codeql-starter/ql/shared/util --format=json
[2026-07-24 19:09:33] [PROGRESS] resolve files> Scanning /home/oleksii-shemshur/vscode-codeql-starter/ql/shared/util...
[2026-07-24 19:09:33] [PROGRESS] resolve files> Scanning /home/oleksii-shemshur/vscode-codeql-starter/ql/shared/util/codeql...
[2026-07-24 19:09:33] [PROGRESS] resolve files> Scanning /home/oleksii-shemshur/vscode-codeql-starter/ql/shared/util/codeql/util...
[2026-07-24 19:09:33] [PROGRESS] resolve files> Scanning /home/oleksii-shemshur/vscode-codeql-starter/ql/shared/util/codeql/util/suppression...
[2026-07-24 19:09:33] [PROGRESS] resolve files> Scanning /home/oleksii-shemshur/vscode-codeql-starter/ql/shared/util/codeql/util/test...
[2026-07-24 19:09:33] [PROGRESS] resolve files> Scanning /home/oleksii-shemshur/vscode-codeql-starter/ql/shared/util/ext...
[2026-07-24 19:09:33] Plumbing command codeql resolve files completed:
                      [
                        "/home/oleksii-shemshur/vscode-codeql-starter/ql/shared/util/CHANGELOG.md",
                        "/home/oleksii-shemshur/vscode-codeql-starter/ql/shared/util/codeql/util/AlertFiltering.qll",
                        "/home/oleksii-shemshur/vscode-codeql-starter/ql/shared/util/codeql/util/Boolean.qll",
                        "/home/oleksii-shemshur/vscode-codeql-starter/ql/shared/util/codeql/util/DenseRank.qll",
                        "/home/oleksii-shemshur/vscode-codeql-starter/ql/shared/util/codeql/util/Either.qll",
                        "/home/oleksii-shemshur/vscode-codeql-starter/ql/shared/util/codeql/util/FilePath.qll",
                        "/home/oleksii-shemshur/vscode-codeql-starter/ql/shared/util/codeql/util/FileSystem.qll",
                        "/home/oleksii-shemshur/vscode-codeql-starter/ql/shared/util/codeql/util/Location.qll",
                        "/home/oleksii-shemshur/vscode-codeql-starter/ql/shared/util/codeql/util/Numbers.qll",
                        "/home/oleksii-shemshur/vscode-codeql-starter/ql/shared/util/codeql/util/Option.qll",
                        "/home/oleksii-shemshur/vscode-codeql-starter/ql/shared/util/codeql/util/ReportStats.qll",
                        "/home/oleksii-shemshur/vscode-codeql-starter/ql/shared/util/codeql/util/Strings.qll",
                        "/home/oleksii-shemshur/vscode-codeql-starter/ql/shared/util/codeql/util/UnboundList.qll",
                        "/home/oleksii-shemshur/vscode-codeql-starter/ql/shared/util/codeql/util/Unit.qll",
                        "/home/oleksii-shemshur/vscode-codeql-starter/ql/shared/util/codeql/util/Void.qll",
                        "/home/oleksii-shemshur/vscode-codeql-starter/ql/shared/util/codeql/util/suppression/AlertSuppression.qll",
                        "/home/oleksii-shemshur/vscode-codeql-starter/ql/shared/util/codeql/util/test/ExternalLocationPostProcessing.qll",
                        "/home/oleksii-shemshur/vscode-codeql-starter/ql/shared/util/codeql/util/test/InlineExpectationsTest.qll",
                        "/home/oleksii-shemshur/vscode-codeql-starter/ql/shared/util/ext/default-alert-filter.yml",
                        "/home/oleksii-shemshur/vscode-codeql-starter/ql/shared/util/qlpack.yml"
                      ]
[2026-07-24 19:09:33] Plumbing command codeql pack packlist completed:
                      {
                        "paths" : [
                          "/home/oleksii-shemshur/vscode-codeql-starter/ql/shared/util/CHANGELOG.md",
                          "/home/oleksii-shemshur/vscode-codeql-starter/ql/shared/util/codeql/util/AlertFiltering.qll",
                          "/home/oleksii-shemshur/vscode-codeql-starter/ql/shared/util/codeql/util/Boolean.qll",
                          "/home/oleksii-shemshur/vscode-codeql-starter/ql/shared/util/codeql/util/DenseRank.qll",
                          "/home/oleksii-shemshur/vscode-codeql-starter/ql/shared/util/codeql/util/Either.qll",
                          "/home/oleksii-shemshur/vscode-codeql-starter/ql/shared/util/codeql/util/FilePath.qll",
                          "/home/oleksii-shemshur/vscode-codeql-starter/ql/shared/util/codeql/util/FileSystem.qll",
                          "/home/oleksii-shemshur/vscode-codeql-starter/ql/shared/util/codeql/util/Location.qll",
                          "/home/oleksii-shemshur/vscode-codeql-starter/ql/shared/util/codeql/util/Numbers.qll",
                          "/home/oleksii-shemshur/vscode-codeql-starter/ql/shared/util/codeql/util/Option.qll",
                          "/home/oleksii-shemshur/vscode-codeql-starter/ql/shared/util/codeql/util/ReportStats.qll",
                          "/home/oleksii-shemshur/vscode-codeql-starter/ql/shared/util/codeql/util/Strings.qll",
                          "/home/oleksii-shemshur/vscode-codeql-starter/ql/shared/util/codeql/util/UnboundList.qll",
                          "/home/oleksii-shemshur/vscode-codeql-starter/ql/shared/util/codeql/util/Unit.qll",
                          "/home/oleksii-shemshur/vscode-codeql-starter/ql/shared/util/codeql/util/Void.qll",
                          "/home/oleksii-shemshur/vscode-codeql-starter/ql/shared/util/codeql/util/suppression/AlertSuppression.qll",
                          "/home/oleksii-shemshur/vscode-codeql-starter/ql/shared/util/codeql/util/test/ExternalLocationPostProcessing.qll",
                          "/home/oleksii-shemshur/vscode-codeql-starter/ql/shared/util/codeql/util/test/InlineExpectationsTest.qll",
                          "/home/oleksii-shemshur/vscode-codeql-starter/ql/shared/util/ext/default-alert-filter.yml",
                          "/home/oleksii-shemshur/vscode-codeql-starter/ql/shared/util/qlpack.yml"
                        ]
                      }
[2026-07-24 19:09:33] Plumbing command codeql generate extensible-predicate-metadata completed:
                      {
                        "extensible_predicates" : [
                          {
                            "name" : "restrictAlertsTo",
                            "parameters" : [
                              {
                                "name" : "filePath",
                                "type" : "string"
                              },
                              {
                                "name" : "lineStart",
                                "type" : "int"
                              },
                              {
                                "name" : "lineEnd",
                                "type" : "int"
                              }
                            ],
                            "has_origin" : false,
                            "path" : "codeql/util/AlertFiltering.qll",
                            "start_line" : 38,
                            "start_column" : 1,
                            "end_line" : 38,
                            "end_column" : 84
                          },
                          {
                            "name" : "restrictAlertsToExactLocation",
                            "parameters" : [
                              {
                                "name" : "filePath",
                                "type" : "string"
                              },
                              {
                                "name" : "startLine",
                                "type" : "int"
                              },
                              {
                                "name" : "startColumn",
                                "type" : "int"
                              },
                              {
                                "name" : "endLine",
                                "type" : "int"
                              },
                              {
                                "name" : "endColumn",
                                "type" : "int"
                              }
                            ],
                            "has_origin" : false,
                            "path" : "codeql/util/AlertFiltering.qll",
                            "start_line" : 68,
                            "start_column" : 1,
                            "end_line" : 70,
                            "end_column" : 3
                          }
                        ]
                      }
[2026-07-24 19:09:33] [DETAILS] resolve extensions-by-pack>   Found extension targeting codeql/util:restrictAlertsToExactLocation: 0 tuples.
[2026-07-24 19:09:33] Plumbing command codeql resolve extensions-by-pack completed:
                      {
                        "models" : [ ],
                        "data" : {
                          "/home/oleksii-shemshur/vscode-codeql-starter/codeql-custom-queries-python" : [
                            {
                              "predicate" : "threatModelConfiguration",
                              "file" : "/home/oleksii-shemshur/vscode-codeql-starter/ql/python/ql/lib/ext/default-threat-models-fixup.model.yml",
                              "index" : 0,
                              "firstRowId" : 0,
                              "rowCount" : 1,
                              "predicateHasOrigin" : false,
                              "locations" : {
                                "lineNumbers" : "A=8",
                                "columnNumbers" : "A=9"
                              }
                            },
                            {
                              "predicate" : "barrierGuardModel",
                              "file" : "/home/oleksii-shemshur/vscode-codeql-starter/ql/python/ql/lib/semmle/python/frameworks/AntiSSRF.model.yml",
                              "index" : 0,
                              "firstRowId" : 1,
                              "rowCount" : 1,
                              "predicateHasOrigin" : true,
                              "locations" : {
                                "lineNumbers" : "A=6",
                                "columnNumbers" : "A=9"
                              }
                            },
                            {
                              "predicate" : "sinkModel",
                              "file" : "/home/oleksii-shemshur/vscode-codeql-starter/ql/python/ql/lib/semmle/python/frameworks/Asyncpg.model.yml",
                              "index" : 0,
                              "firstRowId" : 2,
                              "rowCount" : 5,
                              "predicateHasOrigin" : true,
                              "locations" : {
                                "lineNumbers" : "A=7+1+2+1+2",
                                "columnNumbers" : "A=9*5"
                              }
                            },
                            {
                              "predicate" : "typeModel",
                              "file" : "/home/oleksii-shemshur/vscode-codeql-starter/ql/python/ql/lib/semmle/python/frameworks/Asyncpg.model.yml",
                              "index" : 1,
                              "firstRowId" : 7,
                              "rowCount" : 6,
                              "predicateHasOrigin" : false,
                              "locations" : {
                                "lineNumbers" : "A=20+4+1*2+2+1",
                                "columnNumbers" : "A=9*6"
                              }
                            },
                            {
                              "predicate" : "sinkModel",
                              "file" : "/home/oleksii-shemshur/vscode-codeql-starter/ql/python/ql/lib/semmle/python/frameworks/Azure.Keyvault.model.yml",
                              "index" : 0,
                              "firstRowId" : 13,
                              "rowCount" : 4,
                              "predicateHasOrigin" : true,
                              "locations" : {
                                "lineNumbers" : "A=6+1*3",
                                "columnNumbers" : "A=9*4"
                              }
                            },
                            {
                              "predicate" : "sinkModel",
                              "file" : "/home/oleksii-shemshur/vscode-codeql-starter/ql/python/ql/lib/semmle/python/frameworks/Azure.Storage.model.yml",
                              "index" : 0,
                              "firstRowId" : 17,
                              "rowCount" : 29,
                              "predicateHasOrigin" : true,
                              "locations" : {
                                "lineNumbers" : "A=6+1*28",
                                "columnNumbers" : "A=9*29"
                              }
                            },
                            {
                              "predicate" : "barrierGuardModel",
                              "file" : "/home/oleksii-shemshur/vscode-codeql-starter/ql/python/ql/lib/semmle/python/frameworks/Django.model.yml",
                              "index" : 0,
                              "firstRowId" : 46,
                              "rowCount" : 1,
                              "predicateHasOrigin" : true,
                              "locations" : {
                                "lineNumbers" : "A=6",
                                "columnNumbers" : "A=9"
                              }
                            },
                            {
                              "predicate" : "typeModel",
                              "file" : "/home/oleksii-shemshur/vscode-codeql-starter/ql/python/ql/lib/semmle/python/frameworks/Eventlet.model.yml",
                              "index" : 0,
                              "firstRowId" : 47,
                              "rowCount" : 2,
                              "predicateHasOrigin" : false,
                              "locations" : {
                                "lineNumbers" : "A=7+2",
                                "columnNumbers" : "A=9*2"
                              }
                            },
                            {
                              "predicate" : "typeModel",
                              "file" : "/home/oleksii-shemshur/vscode-codeql-starter/ql/python/ql/lib/semmle/python/frameworks/Gevent.model.yml",
                              "index" : 0,
                              "firstRowId" : 49,
                              "rowCount" : 1,
                              "predicateHasOrigin" : false,
                              "locations" : {
                                "lineNumbers" : "A=7",
                                "columnNumbers" : "A=9"
                              }
                            },
                            {
                              "predicate" : "sourceModel",
                              "file" : "/home/oleksii-shemshur/vscode-codeql-starter/ql/python/ql/lib/semmle/python/frameworks/Stdlib.model.yml",
                              "index" : 0,
                              "firstRowId" : 50,
                              "rowCount" : 12,
                              "predicateHasOrigin" : true,
                              "locations" : {
                                "lineNumbers" : "A=6+1*4+2+1+2+1*2+4+2",
                                "columnNumbers" : "A=9*12"
                              }
                            },
                            {
                              "predicate" : "sinkModel",
                              "file" : "/home/oleksii-shemshur/vscode-codeql-starter/ql/python/ql/lib/semmle/python/frameworks/Stdlib.model.yml",
                              "index" : 1,
                              "firstRowId" : 62,
                              "rowCount" : 2,
                              "predicateHasOrigin" : true,
                              "locations" : {
                                "lineNumbers" : "A=29+2",
                                "columnNumbers" : "A=9*2"
                              }
                            },
                            {
                              "predicate" : "summaryModel",
                              "file" : "/home/oleksii-shemshur/vscode-codeql-starter/ql/python/ql/lib/semmle/python/frameworks/Stdlib.model.yml",
                              "index" : 2,
                              "firstRowId" : 64,
                              "rowCount" : 67,
                              "predicateHasOrigin" : true,
                              "locations" : {
                                "lineNumbers" : "A=39+1+2+4+2*2+4+2*3+1+2+1+2+1+2+4+2+4+2*2+3+2*2+3+1+2*4+4+1+4+1+4+1*5+2*4+4+1+2*12+3+2+3+4+1+2*2+1+2",
                                "columnNumbers" : "A=9*67"
                              }
                            },
                            {
                              "predicate" : "neutralModel",
                              "file" : "/home/oleksii-shemshur/vscode-codeql-starter/ql/python/ql/lib/semmle/python/frameworks/Stdlib.model.yml",
                              "index" : 3,
                              "firstRowId" : 131,
                              "rowCount" : 0,
                              "predicateHasOrigin" : false,
                              "locations" : {
                                "lineNumbers" : "A",
                                "columnNumbers" : "A"
                              }
                            },
                            {
                              "predicate" : "typeModel",
                              "file" : "/home/oleksii-shemshur/vscode-codeql-starter/ql/python/ql/lib/semmle/python/frameworks/Stdlib.model.yml",
                              "index" : 4,
                              "firstRowId" : 131,
                              "rowCount" : 2,
                              "predicateHasOrigin" : false,
                              "locations" : {
                                "lineNumbers" : "A=190+2",
                                "columnNumbers" : "A=9*2"
                              }
                            },
                            {
                              "predicate" : "typeVariableModel",
                              "file" : "/home/oleksii-shemshur/vscode-codeql-starter/ql/python/ql/lib/semmle/python/frameworks/Stdlib.model.yml",
                              "index" : 5,
                              "firstRowId" : 133,
                              "rowCount" : 0,
                              "predicateHasOrigin" : false,
                              "locations" : {
                                "lineNumbers" : "A",
                                "columnNumbers" : "A"
                              }
                            },
                            {
                              "predicate" : "sinkModel",
                              "file" : "/home/oleksii-shemshur/vscode-codeql-starter/ql/python/ql/lib/semmle/python/frameworks/agent.model.yml",
                              "index" : 0,
                              "firstRowId" : 133,
                              "rowCount" : 1,
                              "predicateHasOrigin" : true,
                              "locations" : {
                                "lineNumbers" : "A=6",
                                "columnNumbers" : "A=9"
                              }
                            },
                            {
                              "predicate" : "sinkModel",
                              "file" : "/home/oleksii-shemshur/vscode-codeql-starter/ql/python/ql/lib/semmle/python/frameworks/anthropic.model.yml",
                              "index" : 0,
                              "firstRowId" : 134,
                              "rowCount" : 6,
                              "predicateHasOrigin" : true,
                              "locations" : {
                                "lineNumbers" : "A=6+1*5",
                                "columnNumbers" : "A=9*6"
                              }
                            },
                            {
                              "predicate" : "typeModel",
                              "file" : "/home/oleksii-shemshur/vscode-codeql-starter/ql/python/ql/lib/semmle/python/frameworks/anthropic.model.yml",
                              "index" : 1,
                              "firstRowId" : 140,
                              "rowCount" : 1,
                              "predicateHasOrigin" : false,
                              "locations" : {
                                "lineNumbers" : "A=17",
                                "columnNumbers" : "A=9"
                              }
                            },
                            {
                              "predicate" : "typeModel",
                              "file" : "/home/oleksii-shemshur/vscode-codeql-starter/ql/python/ql/lib/semmle/python/frameworks/builtins.model.yml",
                              "index" : 0,
                              "firstRowId" : 141,
                              "rowCount" : 244,
                              "predicateHasOrigin" : false,
                              "locations" : {
                                "lineNumbers" : "A=7+3*243",
                                "columnNumbers" : "A=5*244"
                              }
                            },
                            {
                              "predicate" : "sourceModel",
                              "file" : "/home/oleksii-shemshur/vscode-codeql-starter/ql/python/ql/lib/semmle/python/frameworks/data/internal/empty.model.yml",
                              "index" : 0,
                              "firstRowId" : 385,
                              "rowCount" : 0,
                              "predicateHasOrigin" : true,
                              "locations" : {
                                "lineNumbers" : "A",
                                "columnNumbers" : "A"
                              }
                            },
                            {
                              "predicate" : "sinkModel",
                              "file" : "/home/oleksii-shemshur/vscode-codeql-starter/ql/python/ql/lib/semmle/python/frameworks/data/internal/empty.model.yml",
                              "index" : 1,
                              "firstRowId" : 385,
                              "rowCount" : 0,
                              "predicateHasOrigin" : true,
                              "locations" : {
                                "lineNumbers" : "A",
                                "columnNumbers" : "A"
                              }
                            },
                            {
                              "predicate" : "barrierModel",
                              "file" : "/home/oleksii-shemshur/vscode-codeql-starter/ql/python/ql/lib/semmle/python/frameworks/data/internal/empty.model.yml",
                              "index" : 2,
                              "firstRowId" : 385,
                              "rowCount" : 0,
                              "predicateHasOrigin" : true,
                              "locations" : {
                                "lineNumbers" : "A",
                                "columnNumbers" : "A"
                              }
                            },
                            {
                              "predicate" : "barrierGuardModel",
                              "file" : "/home/oleksii-shemshur/vscode-codeql-starter/ql/python/ql/lib/semmle/python/frameworks/data/internal/empty.model.yml",
                              "index" : 3,
                              "firstRowId" : 385,
                              "rowCount" : 0,
                              "predicateHasOrigin" : true,
                              "locations" : {
                                "lineNumbers" : "A",
                                "columnNumbers" : "A"
                              }
                            },
                            {
                              "predicate" : "summaryModel",
                              "file" : "/home/oleksii-shemshur/vscode-codeql-starter/ql/python/ql/lib/semmle/python/frameworks/data/internal/empty.model.yml",
                              "index" : 4,
                              "firstRowId" : 385,
                              "rowCount" : 0,
                              "predicateHasOrigin" : true,
                              "locations" : {
                                "lineNumbers" : "A",
                                "columnNumbers" : "A"
                              }
                            },
                            {
                              "predicate" : "neutralModel",
                              "file" : "/home/oleksii-shemshur/vscode-codeql-starter/ql/python/ql/lib/semmle/python/frameworks/data/internal/empty.model.yml",
                              "index" : 5,
                              "firstRowId" : 385,
                              "rowCount" : 0,
                              "predicateHasOrigin" : false,
                              "locations" : {
                                "lineNumbers" : "A",
                                "columnNumbers" : "A"
                              }
                            },
                            {
                              "predicate" : "typeModel",
                              "file" : "/home/oleksii-shemshur/vscode-codeql-starter/ql/python/ql/lib/semmle/python/frameworks/data/internal/empty.model.yml",
                              "index" : 6,
                              "firstRowId" : 385,
                              "rowCount" : 0,
                              "predicateHasOrigin" : false,
                              "locations" : {
                                "lineNumbers" : "A",
                                "columnNumbers" : "A"
                              }
                            },
                            {
                              "predicate" : "typeVariableModel",
                              "file" : "/home/oleksii-shemshur/vscode-codeql-starter/ql/python/ql/lib/semmle/python/frameworks/data/internal/empty.model.yml",
                              "index" : 7,
                              "firstRowId" : 385,
                              "rowCount" : 0,
                              "predicateHasOrigin" : false,
                              "locations" : {
                                "lineNumbers" : "A",
                                "columnNumbers" : "A"
                              }
                            },
                            {
                              "predicate" : "typeModel",
                              "file" : "/home/oleksii-shemshur/vscode-codeql-starter/ql/python/ql/lib/semmle/python/frameworks/data/internal/subclass-capture/ALL.model.yml",
                              "index" : 0,
                              "firstRowId" : 385,
                              "rowCount" : 58275,
                              "predicateHasOrigin" : false,
                              "locations" : {
                                "lineNumbers" : "A=7+3*58274",
                                "columnNumbers" : "A=5*58275"
                              }
                            },
                            {
                              "predicate" : "summaryModel",
                              "file" : "/home/oleksii-shemshur/vscode-codeql-starter/ql/python/ql/lib/semmle/python/frameworks/lxml.model.yml",
                              "index" : 0,
                              "firstRowId" : 58660,
                              "rowCount" : 1,
                              "predicateHasOrigin" : true,
                              "locations" : {
                                "lineNumbers" : "A=6",
                                "columnNumbers" : "A=9"
                              }
                            },
                            {
                              "predicate" : "sinkModel",
                              "file" : "/home/oleksii-shemshur/vscode-codeql-starter/ql/python/ql/lib/semmle/python/frameworks/openai.model.yml",
                              "index" : 0,
                              "firstRowId" : 58661,
                              "rowCount" : 4,
                              "predicateHasOrigin" : true,
                              "locations" : {
                                "lineNumbers" : "A=6+1*3",
                                "columnNumbers" : "A=9*4"
                              }
                            },
                            {
                              "predicate" : "typeModel",
                              "file" : "/home/oleksii-shemshur/vscode-codeql-starter/ql/python/ql/lib/semmle/python/frameworks/openai.model.yml",
                              "index" : 1,
                              "firstRowId" : 58665,
                              "rowCount" : 1,
                              "predicateHasOrigin" : false,
                              "locations" : {
                                "lineNumbers" : "A=15",
                                "columnNumbers" : "A=9"
                              }
                            },
                            {
                              "predicate" : "summaryModel",
                              "file" : "/home/oleksii-shemshur/vscode-codeql-starter/ql/python/ql/lib/semmle/python/frameworks/xml.model.yml",
                              "index" : 0,
                              "firstRowId" : 58666,
                              "rowCount" : 1,
                              "predicateHasOrigin" : true,
                              "locations" : {
                                "lineNumbers" : "A=6",
                                "columnNumbers" : "A=9"
                              }
                            },
                            {
                              "predicate" : "threatModelConfiguration",
                              "file" : "/home/oleksii-shemshur/vscode-codeql-starter/ql/shared/threat-models/ext/supported-threat-models.model.yml",
                              "index" : 0,
                              "firstRowId" : 58667,
                              "rowCount" : 1,
                              "predicateHasOrigin" : false,
                              "locations" : {
                                "lineNumbers" : "A=6",
                                "columnNumbers" : "A=9"
                              }
                            },
                            {
                              "predicate" : "threatModelGrouping",
                              "file" : "/home/oleksii-shemshur/vscode-codeql-starter/ql/shared/threat-models/ext/threat-model-grouping.model.yml",
                              "index" : 0,
                              "firstRowId" : 58668,
                              "rowCount" : 15,
                              "predicateHasOrigin" : false,
                              "locations" : {
                                "lineNumbers" : "A=8+3+1+3+1*5+3+1+5+1*3",
                                "columnNumbers" : "A=9*15"
                              }
                            },
                            {
                              "predicate" : "restrictAlertsTo",
                              "file" : "/home/oleksii-shemshur/vscode-codeql-starter/ql/shared/util/ext/default-alert-filter.yml",
                              "index" : 0,
                              "firstRowId" : 58683,
                              "rowCount" : 0,
                              "predicateHasOrigin" : false,
                              "locations" : {
                                "lineNumbers" : "A",
                                "columnNumbers" : "A"
                              }
                            },
                            {
                              "predicate" : "restrictAlertsToExactLocation",
                              "file" : "/home/oleksii-shemshur/vscode-codeql-starter/ql/shared/util/ext/default-alert-filter.yml",
                              "index" : 1,
                              "firstRowId" : 58683,
                              "rowCount" : 0,
                              "predicateHasOrigin" : false,
                              "locations" : {
                                "lineNumbers" : "A",
                                "columnNumbers" : "A"
                              }
                            }
                          ]
                        },
                        "threatModels" : {
                          "/home/oleksii-shemshur/vscode-codeql-starter/codeql-custom-queries-python" : {
                            "extensions" : [
                              {
                                "data" : [ ],
                                "addsTo" : {
                                  "extensible" : "threatModelConfiguration",
                                  "checkPresence" : true,
                                  "packName" : "codeql/threat-models"
                                }
                              }
                            ]
                          }
                        },
                        "extensionPacks" : [ ]
                      }
[2026-07-24 19:09:33] [SPAMMY] execute query-server2> Selected JGit Git client for /home/oleksii-shemshur/vscode-codeql-starter/codeql-custom-queries-python because the repository uses SHA-1 object format.
[2026-07-24 19:09:33] [SPAMMY] execute query-server2> Selected JGit Git client for /home/oleksii-shemshur/vscode-codeql-starter/ql/python/ql/lib because the repository uses SHA-1 object format.
[2026-07-24 19:09:33] [SPAMMY] execute query-server2> Selected JGit Git client for /home/oleksii-shemshur/vscode-codeql-starter/ql/shared/threat-models because the repository uses SHA-1 object format.
[2026-07-24 19:09:33] [SPAMMY] execute query-server2> Selected JGit Git client for /home/oleksii-shemshur/vscode-codeql-starter/ql/shared/util because the repository uses SHA-1 object format.
[2026-07-24 19:09:34] Starting evaluation of /home/oleksii-shemshur/vscode-codeql-starter/codeql-custom-queries-python/example3.ql
[2026-07-24 19:09:34] (0s) Start query execution
[2026-07-24 19:09:34] (0s) Beginning execution of /home/oleksii-shemshur/vscode-codeql-starter/codeql-custom-queries-python/example3.ql
[2026-07-24 19:09:34] (0s)  >>> Full cache hit cached_AstExtended::AstNode.getLocation/0#dispred#6b4dcb62/2@389a43u0 with 113708 rows and digest 57ddbelpiqm9pun51o9ia5vubj7.
[2026-07-24 19:09:34] (0s)  >>> Full cache hit cached_Files::Impl::Container.splitAbsolutePath/2#dispred#324a3985/3@c992f399 with 1202 rows and digest 4704b0h54lj9qfk0ct9hf6c9sfe.
[2026-07-24 19:09:34] (0s)  >>> Full cache hit cached_Module::moduleNameFromFile/1#a01d5f51/2@e5aef9lf with 214 rows and digest f7d565d3crko8mqofmbav1o9bi8.
[2026-07-24 19:09:34] (0s)  >>> First-level cache hit cached_Import::ImportStar.getModuleExpr/0#dispred#8ab9ce73/2@9212cahk with empty relation.
[2026-07-24 19:09:34] (0s)  >>> Full cache hit cached_Exprs::Expr.toString/0#dispred#7435dfcd/2@149662k3 with 89857 rows and digest 6734c3uac4ho9jqromcnc5rgipa.
[2026-07-24 19:09:34] (0s)  >>> First-level cache hit py_strs_120#join_rhs/3@bec877pd with digest 25e2230v9a9590iv1mtbt1cevn2.
[2026-07-24 19:09:34] (0s)  >>> First-level cache hit py_Functions/2@dc6e589f with digest 22931f58njfg0v7kgd04vq96qpf.
[2026-07-24 19:09:34] (0s)  >>> Full cache hit py_strs_120#join_rhs/3@bec877pd with 43148 rows and digest 25e2230v9a9590iv1mtbt1cevn2.
[2026-07-24 19:09:34] (0s)  >>> Full cache hit py_Functions/2@dc6e589f with 1946 rows and digest 22931f58njfg0v7kgd04vq96qpf.
[2026-07-24 19:09:34] (0s)  >>> Full cache hit cached_SsaDefinitions::SsaSource::with_definition/2#e1888ceb/2@2861f12c with 113 rows and digest 70edcdcj6jchl5rim095gigu2f9.
[2026-07-24 19:09:34] (0s)  >>> Full cache hit cached_SsaDefinitions::SsaSource::test_refinement/3#2cbdf557/3@69bedbks with 44 rows and digest 332e17tu9h7vovjg7bs5r1cfp35.
[2026-07-24 19:09:34] (0s)  >>> First-level cache hit cached_SsaDefinitions::SsaSource::pattern_capture_definition/2#77b3ae42/2@65563fls with empty relation.
[2026-07-24 19:09:34] (0s)  >>> First-level cache hit cached_SsaDefinitions::SsaSource::pattern_alias_definition/2#e55586af/2@bcc18bfl with empty relation.
[2026-07-24 19:09:34] (0s)  >>> Full cache hit cached_SsaDefinitions::SsaSource::parameter_definition/2#40b2fede/2@9304ca4m with 4078 rows and digest d8653a1fm5a8abq0o24m0dns0d1.
[2026-07-24 19:09:34] (0s)  >>> Full cache hit cached_SsaDefinitions::SsaSource::multi_assignment_definition/4#1d17889e/4@9ce6c91v with 260 rows and digest c190cc3dis4hd757tun16skddrc.
[2026-07-24 19:09:34] (0s)  >>> Full cache hit cached_SsaDefinitions::SsaSource::method_call_refinement/3#3634d2a9/3@6bf8399m with 3091 rows and digest 4f2909jpf8q4kl6lmj99onfprqa.
[2026-07-24 19:09:34] (0s)  >>> First-level cache hit cached_SsaDefinitions::SsaSource::init_module_submodule_defn/2#64b1af7d/2@6a11efai with empty relation.
[2026-07-24 19:09:34] (0s)  >>> First-level cache hit cached_SsaDefinitions::SsaSource::import_star_refinement/3#1675f8e2/3@a336ad47 with empty relation.
[2026-07-24 19:09:34] (0s)  >>> First-level cache hit cached_SsaDefinitions::SsaSource::exception_group_capture/2#d53f492d/2@abf930fc with empty relation.
[2026-07-24 19:09:34] (0s)  >>> Full cache hit cached_SsaDefinitions::SsaSource::exception_capture/2#fd0779df/2@f70b8c4r with 62 rows and digest bf570cpos9b97orp2m0aqesu7be.
[2026-07-24 19:09:34] (0s)  >>> First-level cache hit cached_SsaDefinitions::SsaSource::deletion_definition/2#e74a17e3/2@2c1e7881 with empty relation.
[2026-07-24 19:09:34] (0s)  >>> First-level cache hit cached_SsaDefinitions::SsaSource::attribute_deletion_refinement/3#7de1bd7a/3@fda0adp7 with empty relation.
[2026-07-24 19:09:34] (0s)  >>> Full cache hit cached_SsaDefinitions::SsaSource::attribute_assignment_refinement/3#5f777592/3@a3892bot with 1163 rows and digest 022279g3qls9mhjou6c0gfups27.
[2026-07-24 19:09:34] (0s)  >>> Full cache hit cached_SsaDefinitions::SsaSource::assignment_definition/3#a5ba4d99/3@57e8fcve with 7340 rows and digest 184d5c3agh6dbedmf0cjhju7ms9.
[2026-07-24 19:09:34] (0s)  >>> Full cache hit cached_SsaDefinitions::SsaSource::argument_refinement/3#615fb3a9/3@8d683e2t with 3132 rows and digest 3f6911pl48jqocc4fgvmq212or1.
[2026-07-24 19:09:34] (0s)  >>> Full cache hit cached_SsaCompute::SsaComputeImpl::variableUse/4#da62dc30/4@c4051ekj with 78211 rows and digest 7a989edvqtmthrn4ust784naftf.
[2026-07-24 19:09:34] (0s)  >>> Full cache hit cached_SsaCompute::SsaComputeImpl::variableRefine/4#b20a3c26/4@7b65davk with 8014 rows and digest 572a310nd2o1lqeml6emmjpt45c.
[2026-07-24 19:09:34] (0s)  >>> Full cache hit cached_SsaCompute::SsaComputeImpl::variableDefine/4#79261f91/4@c7668aa3 with 22368 rows and digest 4ad996qim32t09dqvfna6nufth7.
[2026-07-24 19:09:34] (0s)  >>> Full cache hit cached_SsaCompute::SsaComputeImpl::variableDef/4#38b3ef7e/4@22896d19 with 30382 rows and digest f066f0mhg57m2pj7q17r09lce37.
[2026-07-24 19:09:34] (0s)  >>> Full cache hit cached_SsaCompute::SsaComputeImpl::ssaDefReachesUseWithinBlock/4#87a91e15/4@355f9f49 with 39409 rows and digest 231e6f7qcd2lfmcbbpsk1n83o1b.
[2026-07-24 19:09:34] (0s)  >>> Full cache hit cached_SsaCompute::SsaComputeImpl::ssaDefReachesRank/4#f19c6fee/4@ef3fe7t8 with 72895 rows and digest b2aee397ahr2lo4079l9a0co4e2.
[2026-07-24 19:09:34] (0s)  >>> Full cache hit cached_SsaCompute::SsaComputeImpl::ssaDef/2#1ca5a11b/2@839bbevn with 25752 rows and digest 5b189cebe5d6gh5ingdphieqk73.
[2026-07-24 19:09:34] (0s)  >>> Full cache hit cached_SsaCompute::SsaComputeImpl::lastRank/2#6cfcb19d/3@901bb85e with 45483 rows and digest 0fe0b1ot2vd7mofknsho47vfjia.
[2026-07-24 19:09:34] (0s)  >>> Full cache hit cached_SsaCompute::SsaComputeImpl::defUseRank/4#782a2f48/4@01f35es2 with 108593 rows and digest d4c671ud7lnegntnnn0jj0ro77f.
[2026-07-24 19:09:34] (0s)  >>> Full cache hit cached_SsaCompute::SsaComputeImpl::defRank/4#f608ea69/4@2903867i with 30382 rows and digest d74017ub70c3keq3km9a8c5stc8.
[2026-07-24 19:09:34] (0s)  >>> Full cache hit cached_SsaCompute::SsaDefinitions::reachesUse/4#216dc4f6/4@79f75586 with 75078 rows and digest f7953462r0t0bheduqgnmk12e1f.
[2026-07-24 19:09:34] (0s)  >>> Full cache hit cached_SsaCompute::SsaDefinitions::reachesExit/3#a534505a/3@7fb18acq with 13995 rows and digest 680dbe6mndbpaojc6hjqfibm4t6.
[2026-07-24 19:09:34] (0s)  >>> Full cache hit cached_SsaCompute::SsaDefinitions::reachesEndOfBlock/4#214bd902/4@e1e0cddi with 73479 rows and digest 6a1be9jn2r7ej7b5uhhmp7ikr89.
[2026-07-24 19:09:34] (0s)  >>> Full cache hit cached_SsaCompute::Liveness::liveAtExit/2#b6aa63f4/2@2f099dbh with 82739 rows and digest 9d8993mh9dlh9kermocl4mkki00.
[2026-07-24 19:09:34] (0s)  >>> Full cache hit cached_SsaCompute::Liveness::liveAtEntry/2#bab3ea7c/2@547472k0 with 83071 rows and digest 61d984dh38883biri759pkr2nv6.
[2026-07-24 19:09:34] (0s)  >>> Full cache hit cached_SsaCompute::EssaDefinitions::variableUpdate/5#c42159b9/5@edc26bgi with 24207 rows and digest 4135d375tkrd4h6n67h619mhul7.
[2026-07-24 19:09:34] (0s)  >>> Full cache hit cached_SsaCompute::EssaDefinitions::variableRefinement/5#4e891107/5@b3b96aih with 6980 rows and digest 789cd0uetc7iot1s2gu0jroa488.
[2026-07-24 19:09:34] (0s)  >>> Full cache hit cached_SsaCompute::EssaDefinitions::variableDefinition/5#32b5d84f/5@24045e5c with 17227 rows and digest 25bc2ahd5pnbo1e66s98f0je1q5.
[2026-07-24 19:09:34] (0s)  >>> Full cache hit cached_SsaCompute::EssaDefinitions::piNode/3#b1917f93/3@a8e5302n with 3859 rows and digest be77a7utd7a1mautbvh6v390ug1.
[2026-07-24 19:09:34] (0s)  >>> Full cache hit cached_SsaCompute::EssaDefinitions::phiNode/2#4864b30d/2@3c9e66p4 with 4744 rows and digest 20056akbit9lcdeolngpkpo97r4.
[2026-07-24 19:09:34] (0s)  >>> Full cache hit cached_SsaCompute::AdjacentUses::variableSourceUse/4#4525ef19/4@114bcdov with 27352 rows and digest 34db13vgin51tfsk9jdkotknq83.
[2026-07-24 19:09:34] (0s)  >>> Full cache hit cached_SsaCompute::AdjacentUses::useOfDef/2#16a7ee50/2@217b91m1 with 25798 rows and digest 69b066aebc9go3puffq768ec1k1.
[2026-07-24 19:09:34] (0s)  >>> Full cache hit cached_SsaCompute::AdjacentUses::firstUse/2#ca053ce0/2@06042deq with 12196 rows and digest b007a5ho5kgb8voh3fb9kp3vqp4.
[2026-07-24 19:09:34] (0s)  >>> Full cache hit cached_SsaCompute::AdjacentUses::definesAt/4#68130204/4@9e51f9ne with 21971 rows and digest a7586ckq785n1mcph3ft90bjfqb.
[2026-07-24 19:09:34] (0s)  >>> Full cache hit cached_SsaCompute::AdjacentUses::defSourceUseRank/4#ebad7bcb/4@c289cfdn with 49720 rows and digest d717feerjengkutk1d35cgn3260.
[2026-07-24 19:09:34] (0s)  >>> Full cache hit cached_SsaCompute::AdjacentUses::adjacentVarRefs/5#de1f7cd5/5@ca881fal with 38784 rows and digest eb4e921s6bm99rpa6jqlhrmcli8.
[2026-07-24 19:09:34] (0s)  >>> Full cache hit cached_SsaCompute::AdjacentUses::adjacentUseUseSameVar/2#2eafd7db/2@3b3ea8ph with 17458 rows and digest f67d62d7c23gdnpu5kpf4cf6am2.
[2026-07-24 19:09:34] (0s)  >>> Full cache hit cached_SsaCompute::AdjacentUses::adjacentUseUse/2#c094915e/2@9e4506ba with 17458 rows and digest f67d62d7c23gdnpu5kpf4cf6am2.
[2026-07-24 19:09:34] (0s)  >>> Full cache hit cached_Flow::SequenceNode.getElement/1#dispred#4cc4068f/3@cbb05al2 with 3111 rows and digest fda3ca9o19lv2m7racmoke4rp99.
[2026-07-24 19:09:34] (0s)  >>> Full cache hit cached_Flow::DefinitionNode#e8809c3b/1@fcb8f0c7 with 9898 rows and digest bdd584mri7fupov0pmdb41t1s0d.
[2026-07-24 19:09:34] (0s)  >>> Full cache hit cached_Flow::ControlFlowNode.toString/0#dispred#e1af144b/2@66f53fd9 with 105183 rows and digest dcd5852he9vd9hkukm5681mr7ob.
[2026-07-24 19:09:34] (0s)  >>> Full cache hit cached_Flow::ControlFlowNode.getScope/0#dispred#b061daac/2@f2de3f1g with 105183 rows and digest d34a43nlpslgpnn76eu7bb2ukq4.
[2026-07-24 19:09:34] (0s)  >>> Full cache hit cached_#Flow::BasicBlock.getASuccessor/0#dispred#7249dd96Plus/2@4ae642b8 with 62397 rows and digest adf911gv667p1dmtvq8a4m3m292.
[2026-07-24 19:09:34] (0s)  >>> Full cache hit cached_Flow::BasicBlock.strictlyDominates/1#dispred#65ae2ca3/2@40c1c68m with 39107 rows and digest 72b336drlp0r25un932tlmbmt27.
[2026-07-24 19:09:34] (0s)  >>> Full cache hit cached_Flow::BasicBlock.getImmediateDominator/0#dispred#0f15e8ec/2@408ca88v with 6652 rows and digest 7f2bc9nsqu6th24tsjnbhj5g6rb.
[2026-07-24 19:09:34] (0s)  >>> Full cache hit cached_Flow::BasicBlock.getASuccessor/0#dispred#7249dd96/2@debdc7ao with 9889 rows and digest 0a7afbtuuo2jagmk95vavpqjrsc.
[2026-07-24 19:09:34] (0s)  >>> Full cache hit cached_Essa::TPhiFunction#dfb6fe3b/3@ea558aq9 with 4744 rows and digest 93c84d0sufcuam82n3nn8quuabf.
[2026-07-24 19:09:34] (0s)  >>> Full cache hit cached_Essa::TEssaNodeRefinement#8de2de42/4@25de2e0k with 6980 rows and digest 950143ok1opm2ekhbp7160kpoj2.
[2026-07-24 19:09:34] (0s)  >>> Full cache hit cached_Essa::TEssaNodeDefinition#96e9ebfe/4@de863ceg with 17227 rows and digest 764b9auk1sglmeicbrdgbenj638.
[2026-07-24 19:09:34] (0s)  >>> Full cache hit cached_Essa::TEssaEdgeDefinition#be4738bc/4@598772h5 with 3859 rows and digest b80629mb093t1852m7ts5rv28ma.
[2026-07-24 19:09:34] (0s)  >>> Full cache hit cached_Essa::TEssaDefinition#4c062f56/1@46c38ar1 with 32810 rows and digest 668e51q0g34ar4ailel52qav9o2.
[2026-07-24 19:09:34] (0s)  >>> Full cache hit cached_Essa::PhiFunction.getInput/1#dispred#f797e1b9/3@650a73vd with 14622 rows and digest 254fd6vp5p2ggdh5tgrfioe0k09.
[2026-07-24 19:09:34] (0s)  >>> Full cache hit cached_CachedStages::Stages::AST::ref/0#e52d92b5/0@c876115v with 1 rows and digest ac90f0ei322hhreshlvdl215c38.
[2026-07-24 19:09:34] (0s)  >>> Full cache hit cached_CachedStages::Stages::AST::backref/0#dddb3000/0@a80d27a0 with 1 rows and digest ac90f0ei322hhreshlvdl215c38.
[2026-07-24 19:09:34] (0s)  >>> Full cache hit cached_AstExtended::AstNode.getParentNode/0#dispred#c159e3ee/2@b8c154e0 with 114724 rows and digest 61ceca9qrh8shc36gpgp00p3e53.
[2026-07-24 19:09:34] (0s)  >>> Full cache hit cached_AstExtended::AstNode.getAChildNode/0#dispred#a130356d/2@3bfc05cm with 114724 rows and digest e7d417jghqbg5ovphu0ahl6bg2d.
[2026-07-24 19:09:34] (0s) Starting to evaluate predicate Function::Function.getName/0#dispred#033700ef/2@26da98bi
[2026-07-24 19:09:34] (0s)  >>> Created relation Function::Function.getName/0#dispred#033700ef/2@26da98bi with 1946 rows and digest 941966pokkqm8repmlje8417oh6.
[2026-07-24 19:09:34] (0s) Starting to evaluate predicate #select/3@2290dca4
[2026-07-24 19:09:34] (0s)  >>> Created relation #select/3@2290dca4 with 1946 rows and digest d272dbl0jsbkjfnhr5io20muc99.
[2026-07-24 19:09:34] (0s)  >>> Full cache hit Files::Location.hasLocationInfo/5#dispred#143bb906/6@af7732rr with 126623 rows and digest aaac1ed33l3u2697co0kutls3b0.
[2026-07-24 19:09:34] (0s)  >>> First-level cache hit Scope::Scope.getLocation/0#dispred#0883d983/2@924174vk with digest e4aa2amkjiil8bhh5ujgrt1d90d.
[2026-07-24 19:09:34] (0s)  >>> Full cache hit Scope::Scope.getLocation/0#dispred#0883d983/2@924174vk with 2357 rows and digest e4aa2amkjiil8bhh5ujgrt1d90d.
[2026-07-24 19:09:34] (0s)  >>> First-level cache hit project##Files::Location.hasLocationInfo/5#dispred#143bb906Merge/1@8f0a749c with digest 9e706bcuop1d8csnelshnu873na.
[2026-07-24 19:09:34] (0s)  >>> Full cache hit project##Files::Location.hasLocationInfo/5#dispred#143bb906Merge/1@8f0a749c with 126623 rows and digest 9e706bcuop1d8csnelshnu873na.
[2026-07-24 19:09:34] (0s) Starting to evaluate predicate _#Scope::Scope.getLocation/0#dispred#0883d983Merge_#select#shared/4@9ee2ecn4
[2026-07-24 19:09:34] (0s)  >>> Created relation _#Scope::Scope.getLocation/0#dispred#0883d983Merge_#select#shared/4@9ee2ecn4 with 1946 rows and digest 5b2f07874nclp7b0dud8eohj4kc.
[2026-07-24 19:09:34] (0s) Starting to evaluate predicate _#AstExtended::AstNode.getLocation/0#dispred#6b4dcb62Merge_#select#shared/4@52fceat0
[2026-07-24 19:09:34] (0s)  >>> Created relation _#AstExtended::AstNode.getLocation/0#dispred#6b4dcb62Merge_#select#shared/4@52fceat0 with 1946 rows and digest 5b2f07874nclp7b0dud8eohj4kc.
[2026-07-24 19:09:34] (0s) Starting to evaluate predicate __#AstExtended::AstNode.getLocation/0#dispred#6b4dcb62Merge_#select#shared__#Scope::Scope.getLocatio__#antijoin_rhs/3@7fd2d2l7
[2026-07-24 19:09:35] (0s)  >>> Created relation __#AstExtended::AstNode.getLocation/0#dispred#6b4dcb62Merge_#select#shared__#Scope::Scope.getLocatio__#antijoin_rhs/3@7fd2d2l7 with 1946 rows and digest 8bde6b9ug89838etegma2c4j8p7.
[2026-07-24 19:09:35] (0s) Starting to evaluate predicate _#Files::Location.hasLocationInfo/5#dispred#143bb906Merge_#select__#AstExtended::AstNode.getLocation__#shared/8@0db57f8p
[2026-07-24 19:09:35] (0s)  >>> Created relation _#Files::Location.hasLocationInfo/5#dispred#143bb906Merge_#select__#AstExtended::AstNode.getLocation__#shared/8@0db57f8p with 1946 rows and digest b8a88661mioqqpdudjlh71o440b.
[2026-07-24 19:09:35] (0s) Starting to evaluate predicate _#Scope::Scope.getLocation/0#dispred#0883d983Merge__#Files::Location.hasLocationInfo/5#dispred#143bb__#shared/9@4c422ek2
[2026-07-24 19:09:35] (0s)  >>> Created relation _#Scope::Scope.getLocation/0#dispred#0883d983Merge__#Files::Location.hasLocationInfo/5#dispred#143bb__#shared/9@4c422ek2 with 1946 rows and digest 2434e1hils1499bfpvq1ti1lfd4.
[2026-07-24 19:09:35] (0s) Starting to evaluate predicate _#AstExtended::AstNode.getLocation/0#dispred#6b4dcb62Merge__#Files::Location.hasLocationInfo/5#dispr__#shared/9@0bd975qi
[2026-07-24 19:09:35] (0s)  >>> Created relation _#AstExtended::AstNode.getLocation/0#dispred#6b4dcb62Merge__#Files::Location.hasLocationInfo/5#dispr__#shared/9@0bd975qi with 1946 rows and digest 2434e1hils1499bfpvq1ti1lfd4.
[2026-07-24 19:09:35] (0s) Starting to evaluate predicate __#AstExtended::AstNode.getLocation/0#dispred#6b4dcb62Merge__#Files::Location.hasLocationInfo/5#disp__#antijoin_rhs/8@a2f22bl1
[2026-07-24 19:09:35] (0s)  >>> Created relation __#AstExtended::AstNode.getLocation/0#dispred#6b4dcb62Merge__#Files::Location.hasLocationInfo/5#disp__#antijoin_rhs/8@a2f22bl1 with 1946 rows and digest b8a88661mioqqpdudjlh71o440b.
[2026-07-24 19:09:35] (0s) Starting to evaluate predicate _#Files::Location.hasLocationInfo/5#dispred#143bb906Merge__#AstExtended::AstNode.getLocation/0#dispr__#shared/13@143f030v
[2026-07-24 19:09:35] (0s)  >>> Created relation _#Files::Location.hasLocationInfo/5#dispred#143bb906Merge__#AstExtended::AstNode.getLocation/0#dispr__#shared/13@143f030v with 1946 rows and digest 6b1e7efv80bigbq6setm2k0ghv1.
[2026-07-24 19:09:35] (0s)  >>> Full cache hit Files::Input::ContainerBase.getAbsolutePath/0#dispred#bb5aca3b/2@966d67vo with 470 rows and digest f10959rfmc343muachgj4u34967.
[2026-07-24 19:09:35] (0s)  >>> Full cache hit py_module_path/2@7a0f7599 with 224 rows and digest ee5aa222en611jhbrguje28sid5.
[2026-07-24 19:09:35] (0s)  >>> Full cache hit Module::Module.getFile/0#dispred#53eb9b1b/2@816ea0rg with 181 rows and digest d0b8f9tjcppvams1po8dt0id80b.
[2026-07-24 19:09:35] (0s)  >>> Full cache hit py_Classes/2@2777c63f with 187 rows and digest ec5305qhko72qlejkebodpcqked.
[2026-07-24 19:09:35] (0s)  >>> First-level cache hit py_comprehensions/3@5a5a332m with empty relation.
[2026-07-24 19:09:35] (0s) Inferred that AstExtended::Comprehension.getASubExpression/0#dispred#63af4970/2@8f912bbl is empty, due to py_comprehensions/3@5a5a332m.
[2026-07-24 19:09:35] (0s) Inferred that AstGenerated::ListComp_.getAGenerator/0#dispred#0726485f/2@776433m6 is empty, due to py_comprehensions/3@5a5a332m.
[2026-07-24 19:09:35] (0s)  >>> Full cache hit py_StringParts/3@40e65fbh with 181 rows and digest b48a563u4hbmn7alaj7mhsbvkt4.
[2026-07-24 19:09:35] (0s)  >>> Full cache hit py_dict_items_10#join_rhs/2@1abaaa6d with 5400 rows and digest ed357d9hlmdj9de211uf7du0cbe.
[2026-07-24 19:09:35] (0s)  >>> Full cache hit Files::Impl::Container.splitAbsolutePath/2#dispred#324a3985_021#join_rhs/3@9a865792 with 1202 rows and digest 477f95ro5j15c40cr40sb4ttqo3.
[2026-07-24 19:09:35] (0s)  >>> Full cache hit Module::Module.isPackage/0#dispred#a8679d5f/1@9131c737 with 43 rows and digest 7ba336djp76hft98jvl0p1tk6b8.
[2026-07-24 19:09:35] (0s)  >>> Full cache hit py_stmts_10#join_rhs/2@97ec97cm with 15913 rows and digest ad4e2421u6sb18rtrripe57h3s1.
[2026-07-24 19:09:35] (0s)  >>> Full cache hit Module::Module.getName/0#dispred#45a481b3/2@7cdbd8ae with 199 rows and digest 59d345bcdna9sgibf6h47jilro9.
[2026-07-24 19:09:35] (0s)  >>> Full cache hit project#Module::Module.getName/0#dispred#45a481b3/1@db672fcb with 199 rows and digest 90b35fcntaj73jcdipqh6dc5fo9.
[2026-07-24 19:09:35] (0s)  >>> First-level cache hit py_patterns_10#join_rhs/2@626962h6 with empty relation.
[2026-07-24 19:09:35] (0s) Inferred that Patterns::MatchAsPattern.getAlias/0#dispred#766c9d3f/2@e01a224v is empty, due to py_patterns_10#join_rhs/2@626962h6.
[2026-07-24 19:09:35] (0s) Inferred that Patterns::MatchCapturePattern.getVariable/0#dispred#1afb04d9/2@fac7a9lg is empty, due to py_patterns_10#join_rhs/2@626962h6.
[2026-07-24 19:09:35] (0s) Inferred that SsaDefinitions::SsaSource::pattern_alias_definition/2#e55586af/2@9e79e0lo is empty, due to Patterns::MatchAsPattern.getAlias/0#dispred#766c9d3f/2@e01a224v.
[2026-07-24 19:09:35] (0s) Inferred that SsaDefinitions::SsaSource::pattern_capture_definition/2#77b3ae42/2@de9ec5ao is empty, due to Patterns::MatchCapturePattern.getVariable/0#dispred#1afb04d9/2@fac7a9lg.
[2026-07-24 19:09:35] (0s)  >>> First-level cache hit py_type_parameters_10#join_rhs/2@dc8dd6s9 with empty relation.
[2026-07-24 19:09:35] (0s)  >>> Full cache hit Module::Module.getKind/0#dispred#ccc4de3e/2@2d81416l with 224 rows and digest c025003ohjsfc5b37lai0avklqb.
[2026-07-24 19:09:35] (0s)  >>> First-level cache hit py_stmts/4@93720efi with digest 4944a19dcslqpccca5cgiirmvv1.
[2026-07-24 19:09:35] (0s)  >>> First-level cache hit py_exprs/4@62fb455g with digest 67ce4cb4c1a9g1h76qis1di49a2.
[2026-07-24 19:09:35] (0s)  >>> First-level cache hit py_exprs_10#join_rhs/2@073ac12u with digest 5e1a23i8enr9trt62bclfaob125.
[2026-07-24 19:09:35] (0s) Starting to evaluate predicate Function::Function.toString/0#dispred#fa659a0b/2@e8c71f2r
[2026-07-24 19:09:35] (0s)  >>> Created relation Function::Function.toString/0#dispred#fa659a0b/2@e8c71f2r with 1946 rows and digest 7d18c8qed6coevj0mahqv8j6dpa.
[2026-07-24 19:09:35] (0s)  >>> Full cache hit py_exprs_10#join_rhs/2@073ac12u with 89857 rows and digest 5e1a23i8enr9trt62bclfaob125.
[2026-07-24 19:09:35] (0s)  >>> First-level cache hit py_exprs_203#join_rhs/3@0e8aa5mo with digest fbaa1fpsfpj8tg1j7e713p6iov7.
[2026-07-24 19:09:35] (0s)  >>> First-level cache hit py_expr_lists_120#join_rhs/3@3304a2u1 with digest 9e0ac3f3qkokks4jrsapr8gpo99.
[2026-07-24 19:09:35] (0s)  >>> Full cache hit py_exprs_203#join_rhs/3@0e8aa5mo with 89857 rows and digest fbaa1fpsfpj8tg1j7e713p6iov7.
[2026-07-24 19:09:35] (0s)  >>> Full cache hit py_expr_lists_120#join_rhs/3@3304a2u1 with 20706 rows and digest 9e0ac3f3qkokks4jrsapr8gpo99.
[2026-07-24 19:09:35] (0s) Starting to evaluate predicate AstGenerated::Call_.getPositionalArg/1#dispred#16c46df7#ffb/3@a4dc08h1
[2026-07-24 19:09:35] (0s)  >>> Created relation AstGenerated::Call_.getPositionalArg/1#dispred#16c46df7#ffb/3@a4dc08h1 with 10573 rows and digest d11dfev8jqm8uhsf7v6ii4a7apf.
[2026-07-24 19:09:35] (0s)  >>> Full cache hit _py_exprs_10#join_rhs#antijoin_rhs#3/1@8754f207 with 12 rows and digest 532bcfl86aipku0pj3e0ipuao3b.
[2026-07-24 19:09:35] (0s)  >>> Full cache hit py_exprs/4@62fb455g with 89857 rows and digest 67ce4cb4c1a9g1h76qis1di49a2.
[2026-07-24 19:09:35] (0s)  >>> Created relation _AstGenerated::Call_.getPositionalArg/1#dispred#16c46df7#ffb_py_exprs#antijoin_rhs/3@45e6d618 with 0 rows and digest THIS-RELATION-HAS-NO-TUPLES.
[2026-07-24 19:09:35] (0s)  >>> Created relation Exprs::Call.getArg/1#dispred#50c53eea#ffb/3@1505fcts with 10561 rows and digest b000c56hre3kp10b2bnaic968pa.
[2026-07-24 19:09:35] (0s)  >>> Created relation Exprs::Call.getArg/1#dispred#50c53eea#ffb_120#join_rhs/3@3628ddph with 10561 rows and digest 94be408a6qq7ajfb622madt3q73.
[2026-07-24 19:09:35] (0s)  >>> Created relation Function::FunctionExpr.getADecoratorCall/0#062a6e2a/2@0345bwbi with 493 rows and digest 22c546ij7s9m5o8667k4s7crqu2.
[2026-07-24 19:09:35] (0s) Starting to evaluate predicate project#Function::FunctionExpr.getADecoratorCall/0#062a6e2a/1@60d2c9ku
[2026-07-24 19:09:35] (0s)  >>> Created relation project#Function::FunctionExpr.getADecoratorCall/0#062a6e2a/1@60d2c9ku with 493 rows and digest fbd942pureqsajjgokb4auopv23.
[2026-07-24 19:09:35] (0s)  >>> Created relation Class::ClassExpr.getADecoratorCall/0#54df5696/2@a74dawoo with 9 rows and digest b932995tgea7c7b1gcp9lljkkm9.
[2026-07-24 19:09:35] (0s) Starting to evaluate predicate project#Class::ClassExpr.getADecoratorCall/0#54df5696/1@bfdc9eiu
[2026-07-24 19:09:35] (0s)  >>> Created relation project#Class::ClassExpr.getADecoratorCall/0#54df5696/1@bfdc9eiu with 9 rows and digest 6e5dccrr12orpsqa247llkn7k7b.
[2026-07-24 19:09:35] (0s) Starting to evaluate predicate m#AstGenerated::Assign_.getValue/0#dispred#53d00b56#fb/1@69d0c1nn
[2026-07-24 19:09:35] (0s)  >>> Created relation m#AstGenerated::Assign_.getValue/0#dispred#53d00b56#fb/1@69d0c1nn with 2121 rows and digest 9b5538019tfbn51rh2e20el805e.
[2026-07-24 19:09:35] (0s) Starting to evaluate predicate py_exprs_032#join_rhs/3@dc21c4iv
[2026-07-24 19:09:35] (0s)  >>> Created relation py_exprs_032#join_rhs/3@dc21c4iv with 89857 rows and digest f4c7b6cu0jrn775sg3pu23c0r81.
[2026-07-24 19:09:35] (0s)  >>> Full cache hit py_stmts/4@93720efi with 15913 rows and digest 4944a19dcslqpccca5cgiirmvv1.
[2026-07-24 19:09:35] (0s) Starting to evaluate predicate AstGenerated::Assign_.getValue/0#dispred#53d00b56#fb/2@edbfc39h
[2026-07-24 19:09:35] (0s)  >>> Created relation AstGenerated::Assign_.getValue/0#dispred#53d00b56#fb/2@edbfc39h with 1619 rows and digest b57ae443bi3pedc4ligpssvn0tc.
[2026-07-24 19:09:35] (0s) Starting to evaluate predicate AstGenerated::Assign_.getValue/0#dispred#53d00b56#fb_10#join_rhs/2@48cc0eb7
[2026-07-24 19:09:35] (0s)  >>> Created relation AstGenerated::Assign_.getValue/0#dispred#53d00b56#fb_10#join_rhs/2@48cc0eb7 with 1619 rows and digest 274edfuucp2m7csgen36iqvcccf.
[2026-07-24 19:09:35] (0s) Starting to evaluate predicate Function::FunctionDef#ffa22159/2@983fb7oa
[2026-07-24 19:09:35] (0s)  >>> Created relation Function::FunctionDef#ffa22159/2@983fb7oa with 1432 rows and digest b3d9e886il1m3sqm71bf9rbdj0f.
[2026-07-24 19:09:35] (0s)  >>> Created relation project#Function::FunctionDef#ffa22159/1@f2fc940q with 1432 rows and digest 4bd1b81ontqrrchbg5n2v7vfsr4.
[2026-07-24 19:09:35] (0s) Starting to evaluate predicate Class::ClassDef#83097204/1@76de69al
[2026-07-24 19:09:35] (0s)  >>> Created relation Class::ClassDef#83097204/1@76de69al with 187 rows and digest 81a096js85hi3raiu2hg19evqi5.
[2026-07-24 19:09:35] (0s)  >>> Created relation Stmts::AssignStmt#45f46a75/1@9038df0r with 4748 rows and digest 3e1342o4nk2ntvb412ktq7857ma.
[2026-07-24 19:09:35] (0s)  >>> Created relation AstGenerated::Assign__not_Stmts::AssignStmt_Class::ClassDef_Function::FunctionDef#9571075b/1@897705k1 with 0 rows and digest THIS-RELATION-HAS-NO-TUPLES.
[2026-07-24 19:09:35] (0s) Starting to evaluate predicate AstGenerated::AstNode_.toString/0#dispred#192f27b5/2@2879b3sv
[2026-07-24 19:09:35] (0s)  >>> Created relation AstGenerated::AstNode_.toString/0#dispred#192f27b5/2@2879b3sv with 113708 rows and digest ede64f256a4cboskjhhfck82i1b.
[2026-07-24 19:09:35] (0s) Starting to evaluate predicate project##AstGenerated::AstNode_.toString/0#dispred#192f27b5Merge/1@487e49h0
[2026-07-24 19:09:35] (0s)  >>> Created relation project##AstGenerated::AstNode_.toString/0#dispred#192f27b5Merge/1@487e49h0 with 113708 rows and digest d5f555qlhu72iat3vr7echinfrd.
[2026-07-24 19:09:35] (0s) Starting to evaluate predicate _#Function::Function.toString/0#dispred#fa659a0bMerge__#Files::Location.hasLocationInfo/5#dispred#14__#antijoin_rhs/13@d6761aj5
[2026-07-24 19:09:35] (0s)  >>> Created relation _#Function::Function.toString/0#dispred#fa659a0bMerge__#Files::Location.hasLocationInfo/5#dispred#14__#antijoin_rhs/13@d6761aj5 with 1946 rows and digest 6b1e7efv80bigbq6setm2k0ghv1.
[2026-07-24 19:09:35] (0s) Starting to evaluate predicate let0/14@abd9e5ht
[2026-07-24 19:09:35] (0s)  >>> Created relation let0/14@abd9e5ht with 1946 rows and digest e69178t2vf55th8dehfrodhceec.
[2026-07-24 19:09:35] (0s) Starting to evaluate predicate _#Function::Function.toString/0#dispred#fa659a0bMerge_let0_project##AstGenerated::AstNode_.toString/__#antijoin_rhs/14@a9cb02ph
[2026-07-24 19:09:35] (0s)  >>> Created relation _#Function::Function.toString/0#dispred#fa659a0bMerge_let0_project##AstGenerated::AstNode_.toString/__#antijoin_rhs/14@a9cb02ph with 1946 rows and digest e69178t2vf55th8dehfrodhceec.
[2026-07-24 19:09:35] (0s) Starting to evaluate predicate #select#query/15@8b81e8p6
[2026-07-24 19:09:35] (0s)  >>> Created relation #select#query/15@8b81e8p6 with 1946 rows and digest f4c2bf6k2ck5fmvpfaqhnatodkb.
[2026-07-24 19:09:35] (0s) Query done
[2026-07-24 19:09:35] (0s) Pausing evaluation to sync to disk at sequence stamp o+5342
[2026-07-24 19:09:35] (0s) Unpausing evaluation
[2026-07-24 19:09:35] Evaluation of /home/oleksii-shemshur/vscode-codeql-starter/codeql-custom-queries-python/example3.ql produced BQRS results.
 --- Evaluator Log Summary --- 
Completed evaluation of query example3.ql.
Most expensive predicates for stage 2 of completed query example3.ql:
        time | predicate
        -----|----------
        55ms | py_exprs_032#join_rhs@dc21c4iv
        53ms | AstGenerated::AstNode_.toString/0#dispred#192f27b5@2879b3sv
        51ms | #select@2290dca4
        35ms | AstGenerated::Call_.getPositionalArg/1#dispred#16c46df7#ffb@a4dc08h1
        26ms | project##AstGenerated::AstNode_.toString/0#dispred#192f27b5Merge@487e49h0
        21ms | _#Files::Location.hasLocationInfo/5#dispred#143bb906Merge_#select__#AstExtended::AstNode.getLocation__#shared@0db57f8p
        19ms | _#Files::Location.hasLocationInfo/5#dispred#143bb906Merge__#AstExtended::AstNode.getLocation/0#dispr__#shared@143f030v
        11ms | __#AstExtended::AstNode.getLocation/0#dispred#6b4dcb62Merge_#select#shared__#Scope::Scope.getLocatio__#antijoin_rhs@7fd2d2l7
        10ms | Function::Function.toString/0#dispred#fa659a0b@e8c71f2r
         9ms | Function::Function.getName/0#dispred#033700ef@26da98bi
         8ms | _#Scope::Scope.getLocation/0#dispred#0883d983Merge_#select#shared@9ee2ecn4
         8ms | __#AstExtended::AstNode.getLocation/0#dispred#6b4dcb62Merge__#Files::Location.hasLocationInfo/5#disp__#antijoin_rhs@a2f22bl1
         8ms | _#AstExtended::AstNode.getLocation/0#dispred#6b4dcb62Merge_#select#shared@52fceat0
         7ms | let0@abd9e5ht
         7ms | _#AstExtended::AstNode.getLocation/0#dispred#6b4dcb62Merge__#Files::Location.hasLocationInfo/5#dispr__#shared@0bd975qi
         7ms | _#Scope::Scope.getLocation/0#dispred#0883d983Merge__#Files::Location.hasLocationInfo/5#dispred#143bb__#shared@4c422ek2
         6ms | #select#query@8b81e8p6
         5ms | _#Function::Function.toString/0#dispred#fa659a0bMerge_let0_project##AstGenerated::AstNode_.toString/__#antijoin_rhs@a9cb02ph
         5ms | AstGenerated::Assign_.getValue/0#dispred#53d00b56#fb@edbfc39h
         5ms | _#Function::Function.toString/0#dispred#fa659a0bMerge__#Files::Location.hasLocationInfo/5#dispred#14__#antijoin_rhs@d6761aj5
         3ms | Function::FunctionDef#ffa22159@983fb7oa
         1ms | AstGenerated::Assign_.getValue/0#dispred#53d00b56#fb_10#join_rhs@48cc0eb7
         1ms | m#AstGenerated::Assign_.getValue/0#dispred#53d00b56#fb@69d0c1nn
         0ms | Class::ClassDef#83097204@76de69al
         0ms | project#Class::ClassExpr.getADecoratorCall/0#54df5696@bfdc9eiu
         0ms | project#Function::FunctionExpr.getADecoratorCall/0#062a6e2a@60d2c9ku

Most expensive predicates for completed query example3.ql:
        time | predicate
        -----|----------
        55ms | py_exprs_032#join_rhs@dc21c4iv
        53ms | AstGenerated::AstNode_.toString/0#dispred#192f27b5@2879b3sv
        51ms | #select@2290dca4
        35ms | AstGenerated::Call_.getPositionalArg/1#dispred#16c46df7#ffb@a4dc08h1
        26ms | project##AstGenerated::AstNode_.toString/0#dispred#192f27b5Merge@487e49h0
        21ms | _#Files::Location.hasLocationInfo/5#dispred#143bb906Merge_#select__#AstExtended::AstNode.getLocation__#shared@0db57f8p
        19ms | _#Files::Location.hasLocationInfo/5#dispred#143bb906Merge__#AstExtended::AstNode.getLocation/0#dispr__#shared@143f030v
        11ms | __#AstExtended::AstNode.getLocation/0#dispred#6b4dcb62Merge_#select#shared__#Scope::Scope.getLocatio__#antijoin_rhs@7fd2d2l7
        10ms | Function::Function.toString/0#dispred#fa659a0b@e8c71f2r
         9ms | Function::Function.getName/0#dispred#033700ef@26da98bi
         8ms | _#Scope::Scope.getLocation/0#dispred#0883d983Merge_#select#shared@9ee2ecn4
         8ms | __#AstExtended::AstNode.getLocation/0#dispred#6b4dcb62Merge__#Files::Location.hasLocationInfo/5#disp__#antijoin_rhs@a2f22bl1
         8ms | _#AstExtended::AstNode.getLocation/0#dispred#6b4dcb62Merge_#select#shared@52fceat0
         7ms | let0@abd9e5ht
         7ms | _#AstExtended::AstNode.getLocation/0#dispred#6b4dcb62Merge__#Files::Location.hasLocationInfo/5#dispr__#shared@0bd975qi
         7ms | _#Scope::Scope.getLocation/0#dispred#0883d983Merge__#Files::Location.hasLocationInfo/5#dispred#143bb__#shared@4c422ek2
         6ms | #select#query@8b81e8p6
         5ms | _#Function::Function.toString/0#dispred#fa659a0bMerge_let0_project##AstGenerated::AstNode_.toString/__#antijoin_rhs@a9cb02ph
         5ms | AstGenerated::Assign_.getValue/0#dispred#53d00b56#fb@edbfc39h
         5ms | _#Function::Function.toString/0#dispred#fa659a0bMerge__#Files::Location.hasLocationInfo/5#dispred#14__#antijoin_rhs@d6761aj5
         3ms | Function::FunctionDef#ffa22159@983fb7oa
         1ms | AstGenerated::Assign_.getValue/0#dispred#53d00b56#fb_10#join_rhs@48cc0eb7
         1ms | m#AstGenerated::Assign_.getValue/0#dispred#53d00b56#fb@69d0c1nn
         0ms | Class::ClassDef#83097204@76de69al
         0ms | project#Class::ClassExpr.getADecoratorCall/0#54df5696@bfdc9eiu
         0ms | project#Function::FunctionExpr.getADecoratorCall/0#062a6e2a@60d2c9ku

[2026-07-24 19:09:35] Total evaluation times for this run:
        * Wall-clock duration of evaluation run: 0.5 seconds
        * Total time spent evaluating predicates: 0.4 seconds
