[2026-07-24 19:02:44] [SPAMMY] execute query-server2> runQuery called with /home/oleksii-shemshur/vscode-codeql-starter/codeql-custom-queries-python/example.ql
[2026-07-24 19:02:44] Calling plumbing command: codeql resolve library-path --additional-packs=/home/oleksii-shemshur/vscode-codeql-starter --query=/home/oleksii-shemshur/vscode-codeql-starter/codeql-custom-queries-python/example.ql --format=json
[2026-07-24 19:02:44] [DETAILS] resolve library-path> Resolving query at normalized path /home/oleksii-shemshur/vscode-codeql-starter/codeql-custom-queries-python/example.ql.
[2026-07-24 19:02:44] [DETAILS] resolve library-path> Found enclosing pack 'getting-started/codeql-extra-queries-python' at /home/oleksii-shemshur/vscode-codeql-starter/codeql-custom-queries-python.
[2026-07-24 19:02:44] [DETAILS] resolve library-path> Adding compilation cache at /home/oleksii-shemshur/.codeql/compile-cache.
[2026-07-24 19:02:44] [DETAILS] resolve library-path> QL pack dependencies for /home/oleksii-shemshur/vscode-codeql-starter/codeql-custom-queries-python found in cache.
[2026-07-24 19:02:44] [DETAILS] resolve library-path> Found dbscheme through QL packs: /home/oleksii-shemshur/vscode-codeql-starter/ql/python/ql/lib/semmlecode.python.dbscheme.
[2026-07-24 19:02:44] Plumbing command codeql resolve library-path completed:
                      {
                        "libraryPath" : [
                          "/home/oleksii-shemshur/vscode-codeql-starter/codeql-custom-queries-python",
                          "/home/oleksii-shemshur/vscode-codeql-starter/ql/python/ql/lib",
                          "/home/oleksii-shemshur/vscode-codeql-starter/ql/shared/concepts",
                          "/home/oleksii-shemshur/vscode-codeql-starter/ql/shared/dataflow",
                          "/home/oleksii-shemshur/vscode-codeql-starter/ql/shared/controlflow",
                          "/home/oleksii-shemshur/vscode-codeql-starter/ql/shared/mad",
                          "/home/oleksii-shemshur/vscode-codeql-starter/ql/shared/regex",
                          "/home/oleksii-shemshur/vscode-codeql-starter/ql/shared/ssa",
                          "/home/oleksii-shemshur/vscode-codeql-starter/ql/shared/threat-models",
                          "/home/oleksii-shemshur/vscode-codeql-starter/ql/shared/tutorial",
                          "/home/oleksii-shemshur/vscode-codeql-starter/ql/shared/typetracking",
                          "/home/oleksii-shemshur/vscode-codeql-starter/ql/shared/util",
                          "/home/oleksii-shemshur/vscode-codeql-starter/ql/shared/xml",
                          "/home/oleksii-shemshur/vscode-codeql-starter/ql/shared/yaml"
                        ],
                        "dbscheme" : "/home/oleksii-shemshur/vscode-codeql-starter/ql/python/ql/lib/semmlecode.python.dbscheme",
                        "compilationCache" : [
                          "/home/oleksii-shemshur/.codeql/compile-cache"
                        ],
                        "relativeName" : "getting-started/codeql-extra-queries-python/example.ql",
                        "qlPackName" : "getting-started/codeql-extra-queries-python"
                      }
[2026-07-24 19:02:44] [PROGRESS] execute query-server2> Compiling query plan for /home/oleksii-shemshur/vscode-codeql-starter/codeql-custom-queries-python/example.ql.
[2026-07-24 19:02:44] [DETAILS] execute query-server2> Resolving imports for /home/oleksii-shemshur/vscode-codeql-starter/codeql-custom-queries-python/example.ql.
[2026-07-24 19:02:44] Resolved file set for /home/oleksii-shemshur/vscode-codeql-starter/codeql-custom-queries-python/example.ql hashes to df0149948a5d26d920da09e4e2fac2b4.
[2026-07-24 19:02:44] [DETAILS] execute query-server2> Checking QL for /home/oleksii-shemshur/vscode-codeql-starter/codeql-custom-queries-python/example.ql.
[2026-07-24 19:02:44] Stale frontend caches are invalidated based on import graph reachability.
[2026-07-24 19:02:44] ExternalModuleBindingPass ...
[2026-07-24 19:02:45] ExternalModuleBindingPass time: 00:00.632
[2026-07-24 19:02:45] CollectInstantiationsPass ...
[2026-07-24 19:02:45] CollectInstantiationsPass time: 00:00.133
[2026-07-24 19:02:45] Ql checks ...
[2026-07-24 19:02:48] Ql checks time: 00:02.553
[2026-07-24 19:02:56] Compilation pipeline
[2026-07-24 19:02:56] Type Inference ...
[2026-07-24 19:02:57] CSV_TYPE_HIERARCHY: Best number of iterations,Maximum number of runs,Number of BDD variables,Size of BDD for typefacts
[2026-07-24 19:02:57] CSV_TYPE_HIERARCHY: 0,0,1,1
[2026-07-24 19:02:57] CSV_TYPE_HIERARCHY: 0,0,0,0
[2026-07-24 19:02:57] CSV_TYPE_HIERARCHY: 0,0,0,0
[2026-07-24 19:02:57] CSV_TYPE_HIERARCHY: 0,0,104,142
[2026-07-24 19:02:57] CSV_TYPE_HIERARCHY: 0,0,1,1
[2026-07-24 19:02:57] CSV_TYPE_HIERARCHY: 0,0,0,0
[2026-07-24 19:02:57] CSV_TYPE_HIERARCHY: 0,0,345,419
[2026-07-24 19:02:57] CSV_TYPE_HIERARCHY: 0,0,0,0
[2026-07-24 19:02:57] CSV_TYPE_HIERARCHY: 0,0,25,25
[2026-07-24 19:02:57] CSV_TYPE_HIERARCHY: 0,0,8,8
[2026-07-24 19:02:57] CSV_TYPE_HIERARCHY: 0,0,582,85725
[2026-07-24 19:02:57] CSV_TYPE_HIERARCHY: 0,0,3,3
[2026-07-24 19:02:57] CSV_TYPE_HIERARCHY: 0,0,3,3
[2026-07-24 19:02:57] CSV_TYPE_HIERARCHY: 0,0,13,13
[2026-07-24 19:02:57] CSV_TYPE_HIERARCHY: 0,0,3,3
[2026-07-24 19:02:57] CSV_TYPE_HIERARCHY: 0,0,11,15
[2026-07-24 19:02:57] CSV_TYPE_HIERARCHY: 0,0,5,5
[2026-07-24 19:02:57] CSV_TYPE_HIERARCHY: 0,0,3,3
[2026-07-24 19:02:57] CSV_TYPE_HIERARCHY: 0,0,10,10
[2026-07-24 19:02:57] CSV_TYPE_HIERARCHY: 0,0,8,8
[2026-07-24 19:02:57] CSV_TYPE_HIERARCHY: 0,0,5,5
[2026-07-24 19:02:57] CSV_TYPE_HIERARCHY: 0,0,7,7
[2026-07-24 19:02:57] CSV_TYPE_HIERARCHY: 0,0,10,10
[2026-07-24 19:02:57] CSV_TYPE_HIERARCHY: 0,0,2,2
[2026-07-24 19:02:57] CSV_TYPE_HIERARCHY: 0,0,11,13
[2026-07-24 19:02:57] CSV_TYPE_HIERARCHY: 0,0,11,12
[2026-07-24 19:02:57] CSV_TYPE_HIERARCHY: 0,0,14,19
[2026-07-24 19:02:57] CSV_TYPE_HIERARCHY: 0,0,7,9
[2026-07-24 19:02:57] CSV_TYPE_HIERARCHY: 0,0,3,3
[2026-07-24 19:02:57] CSV_TYPE_HIERARCHY: 0,0,4,5
[2026-07-24 19:02:57] CSV_TYPE_HIERARCHY: 0,0,2,2
[2026-07-24 19:02:57] CSV_TYPE_HIERARCHY: 0,0,2,2
[2026-07-24 19:02:57] CSV_TYPE_HIERARCHY: 0,0,2,2
[2026-07-24 19:02:57] CSV_TYPE_HIERARCHY: 0,0,10,10
[2026-07-24 19:02:57] CSV_TYPE_HIERARCHY: 0,0,9,12
[2026-07-24 19:02:57] CSV_TYPE_HIERARCHY: 0,0,3,3
[2026-07-24 19:02:57] CSV_TYPE_HIERARCHY: 0,0,54,54
[2026-07-24 19:02:57] CSV_TYPE_HIERARCHY: 0,0,19,19
[2026-07-24 19:02:57] CSV_TYPE_HIERARCHY: 0,0,49,70
[2026-07-24 19:02:57] CSV_TYPE_HIERARCHY: 0,0,6,7
[2026-07-24 19:02:57] CSV_TYPE_HIERARCHY: 0,0,3,3
[2026-07-24 19:02:57] CSV_TYPE_HIERARCHY: 0,0,3,3
[2026-07-24 19:02:57] CSV_TYPE_HIERARCHY: 0,0,5,6
[2026-07-24 19:02:57] CSV_TYPE_HIERARCHY: 0,0,3,3
[2026-07-24 19:02:57] CSV_TYPE_HIERARCHY: 0,0,9,15
[2026-07-24 19:02:57] CSV_TYPE_HIERARCHY: 0,0,3,4
[2026-07-24 19:02:57] CSV_TYPE_HIERARCHY: 0,0,5,5
[2026-07-24 19:02:57] CSV_TYPE_HIERARCHY: 0,0,3,3
[2026-07-24 19:02:57] CSV_TYPE_HIERARCHY: 0,0,2,2
[2026-07-24 19:02:57] CSV_TYPE_HIERARCHY: 0,0,2,2
[2026-07-24 19:02:57] CSV_TYPE_HIERARCHY: 0,0,3,3
[2026-07-24 19:02:57] CSV_TYPE_HIERARCHY: 0,0,3,3
[2026-07-24 19:02:57] CSV_TYPE_HIERARCHY: 0,0,3,3
[2026-07-24 19:02:57] CSV_TYPE_HIERARCHY: 0,0,2,2
[2026-07-24 19:02:57] CSV_TYPE_HIERARCHY: 0,0,1,1
[2026-07-24 19:02:57] CSV_TYPE_HIERARCHY: 0,0,1,1
[2026-07-24 19:02:57] CSV_TYPE_HIERARCHY: 0,0,1,1
[2026-07-24 19:02:57] CSV_TYPE_HIERARCHY: 0,0,4,5
[2026-07-24 19:02:57] CSV_TYPE_HIERARCHY: 0,0,3,4
[2026-07-24 19:02:57] CSV_TYPE_HIERARCHY: 0,0,7,7
[2026-07-24 19:02:57] CSV_TYPE_HIERARCHY: 0,0,4,5
[2026-07-24 19:02:57] CSV_TYPE_HIERARCHY: 0,0,3,4
[2026-07-24 19:02:57] CSV_TYPE_HIERARCHY: 0,0,3,4
[2026-07-24 19:02:57] CSV_TYPE_HIERARCHY: 0,0,4,5
[2026-07-24 19:02:57] CSV_TYPE_HIERARCHY: 0,0,3,4
[2026-07-24 19:02:57] CSV_TYPE_HIERARCHY: 0,0,4,5
[2026-07-24 19:02:57] CSV_TYPE_HIERARCHY: 0,0,3,3
[2026-07-24 19:02:57] CSV_TYPE_HIERARCHY: 0,0,3,4
[2026-07-24 19:02:57] CSV_TYPE_HIERARCHY: 0,0,3,4
[2026-07-24 19:02:57] CSV_TYPE_HIERARCHY: 0,0,10,11
[2026-07-24 19:02:57] CSV_TYPE_HIERARCHY: 0,0,5,5
[2026-07-24 19:02:57] CSV_TYPE_HIERARCHY: 0,0,14,14
[2026-07-24 19:02:57] CSV_TYPE_HIERARCHY: 0,0,7,9
[2026-07-24 19:02:57] CSV_TYPE_HIERARCHY: 0,0,42,53
[2026-07-24 19:02:57] CSV_TYPE_HIERARCHY: 0,0,2,2
[2026-07-24 19:02:57] CSV_TYPE_HIERARCHY: 0,0,3,3
[2026-07-24 19:02:57] CSV_TYPE_HIERARCHY: 0,0,6,6
[2026-07-24 19:02:57] CSV_TYPE_HIERARCHY: 0,0,4,4
[2026-07-24 19:02:57] CSV_TYPE_HIERARCHY: 0,0,4,4
[2026-07-24 19:02:58] Type Inference time: 00:01.792
[2026-07-24 19:02:59] [DETAILS] execute query-server2> Optimizing /home/oleksii-shemshur/vscode-codeql-starter/codeql-custom-queries-python/example.ql.
[2026-07-24 19:02:59] Processing compilation pipeline
[2026-07-24 19:02:59] Started compiling a query
[2026-07-24 19:02:59] Initialising compiler...
[2026-07-24 19:02:59] 	 ... compiler initialised
[2026-07-24 19:02:59] About to start query optimisation
[2026-07-24 19:02:59] Compilation cache miss for 1b6cba8fdfb7bc714ffdda8befb88ca0.
[2026-07-24 19:02:59] Stored compiled program for 1b6cba8fdfb7bc714ffdda8befb88ca0.
[2026-07-24 19:02:59] Compilation cache miss for 7d413e8f44a337e5aaca51f3b3678095.
[2026-07-24 19:03:04] Stored compiled program for 7d413e8f44a337e5aaca51f3b3678095.
[2026-07-24 19:03:04] Compilation cache miss for 049cd95e617c536d0e806bf7308869d2.
[2026-07-24 19:03:05] Stored compiled program for 049cd95e617c536d0e806bf7308869d2.
[2026-07-24 19:03:05] CSV_COMPILATION: NONE,MISC,RA_TRANSLATION,OPTIMISATIONS
[2026-07-24 19:03:05] CSV_COMPILATION: 277,178,583,4800
[2026-07-24 19:03:05] [PROGRESS] execute query-server2> No database upgrade/downgrade needed for /home/oleksii-shemshur/vscode-codeql-starter/codeql-custom-queries-python/example.ql
[2026-07-24 19:03:05] Calling plumbing command: codeql resolve extensions-by-pack --additional-packs=/home/oleksii-shemshur/vscode-codeql-starter --include-extension-row-locations /home/oleksii-shemshur/vscode-codeql-starter/codeql-custom-queries-python
[2026-07-24 19:03:05] [SPAMMY] resolve extensions-by-pack> [INCOMPATIBILITY] getting-started/codeql-extra-queries-python: not 0.0.0 {root: getting-started/codeql-extra-queries-python@0.0.0}
[2026-07-24 19:03:05] [SPAMMY] resolve extensions-by-pack> [DERIVATION] getting-started/codeql-extra-queries-python: 0.0.0 {getting-started/codeql-extra-queries-python: not 0.0.0 {root: getting-started/codeql-extra-queries-python@0.0.0}}
[2026-07-24 19:03:05] [SPAMMY] resolve extensions-by-pack> [INCOMPATIBILITY] getting-started/codeql-extra-queries-python: * [*], codeql/python-all: not * [*] {dependency: getting-started/codeql-extra-queries-python@* [*] requires codeql/python-all@*}
[2026-07-24 19:03:05] [SPAMMY] resolve extensions-by-pack> [DECISION 1] getting-started/codeql-extra-queries-python: 0.0.0
[2026-07-24 19:03:05] [SPAMMY] resolve extensions-by-pack> [DERIVATION] codeql/python-all: * [*] {getting-started/codeql-extra-queries-python: * [*], codeql/python-all: not * [*] {dependency: getting-started/codeql-extra-queries-python@* [*] requires codeql/python-all@*}}
[2026-07-24 19:03:05] [SPAMMY] resolve extensions-by-pack> [INCOMPATIBILITY] codeql/python-all: * [*], codeql/concepts: not * [*] {dependency: codeql/python-all@* [*] requires codeql/concepts@0.0.27}
[2026-07-24 19:03:05] [SPAMMY] resolve extensions-by-pack> [INCOMPATIBILITY] codeql/python-all: * [*], codeql/dataflow: not * [*] {dependency: codeql/python-all@* [*] requires codeql/dataflow@2.1.9}
[2026-07-24 19:03:05] [SPAMMY] resolve extensions-by-pack> [INCOMPATIBILITY] codeql/python-all: * [*], codeql/mad: not * [*] {dependency: codeql/python-all@* [*] requires codeql/mad@1.0.53}
[2026-07-24 19:03:05] [SPAMMY] resolve extensions-by-pack> [INCOMPATIBILITY] codeql/python-all: * [*], codeql/regex: not * [*] {dependency: codeql/python-all@* [*] requires codeql/regex@1.0.53}
[2026-07-24 19:03:05] [SPAMMY] resolve extensions-by-pack> [INCOMPATIBILITY] codeql/python-all: * [*], codeql/threat-models: not * [*] {dependency: codeql/python-all@* [*] requires codeql/threat-models@1.0.53}
[2026-07-24 19:03:05] [SPAMMY] resolve extensions-by-pack> [INCOMPATIBILITY] codeql/python-all: * [*], codeql/tutorial: not * [*] {dependency: codeql/python-all@* [*] requires codeql/tutorial@1.0.53}
[2026-07-24 19:03:05] [SPAMMY] resolve extensions-by-pack> [INCOMPATIBILITY] codeql/python-all: * [*], codeql/util: not * [*] {dependency: codeql/python-all@* [*] requires codeql/util@2.0.40}
[2026-07-24 19:03:05] [SPAMMY] resolve extensions-by-pack> [INCOMPATIBILITY] codeql/python-all: * [*], codeql/xml: not * [*] {dependency: codeql/python-all@* [*] requires codeql/xml@1.0.53}
[2026-07-24 19:03:05] [SPAMMY] resolve extensions-by-pack> [INCOMPATIBILITY] codeql/python-all: * [*], codeql/yaml: not * [*] {dependency: codeql/python-all@* [*] requires codeql/yaml@1.0.53}
[2026-07-24 19:03:05] [SPAMMY] resolve extensions-by-pack> [DECISION 2] codeql/python-all: 7.2.1
[2026-07-24 19:03:05] [SPAMMY] resolve extensions-by-pack> [DERIVATION] codeql/yaml: * [*] {codeql/python-all: * [*], codeql/yaml: not * [*] {dependency: codeql/python-all@* [*] requires codeql/yaml@1.0.53}}
[2026-07-24 19:03:05] [SPAMMY] resolve extensions-by-pack> [DERIVATION] codeql/xml: * [*] {codeql/python-all: * [*], codeql/xml: not * [*] {dependency: codeql/python-all@* [*] requires codeql/xml@1.0.53}}
[2026-07-24 19:03:05] [SPAMMY] resolve extensions-by-pack> [DERIVATION] codeql/util: * [*] {codeql/python-all: * [*], codeql/util: not * [*] {dependency: codeql/python-all@* [*] requires codeql/util@2.0.40}}
[2026-07-24 19:03:05] [SPAMMY] resolve extensions-by-pack> [DERIVATION] codeql/tutorial: * [*] {codeql/python-all: * [*], codeql/tutorial: not * [*] {dependency: codeql/python-all@* [*] requires codeql/tutorial@1.0.53}}
[2026-07-24 19:03:05] [SPAMMY] resolve extensions-by-pack> [DERIVATION] codeql/threat-models: * [*] {codeql/python-all: * [*], codeql/threat-models: not * [*] {dependency: codeql/python-all@* [*] requires codeql/threat-models@1.0.53}}
[2026-07-24 19:03:05] [SPAMMY] resolve extensions-by-pack> [DERIVATION] codeql/regex: * [*] {codeql/python-all: * [*], codeql/regex: not * [*] {dependency: codeql/python-all@* [*] requires codeql/regex@1.0.53}}
[2026-07-24 19:03:05] [SPAMMY] resolve extensions-by-pack> [DERIVATION] codeql/mad: * [*] {codeql/python-all: * [*], codeql/mad: not * [*] {dependency: codeql/python-all@* [*] requires codeql/mad@1.0.53}}
[2026-07-24 19:03:05] [SPAMMY] resolve extensions-by-pack> [DERIVATION] codeql/dataflow: * [*] {codeql/python-all: * [*], codeql/dataflow: not * [*] {dependency: codeql/python-all@* [*] requires codeql/dataflow@2.1.9}}
[2026-07-24 19:03:05] [SPAMMY] resolve extensions-by-pack> [DERIVATION] codeql/concepts: * [*] {codeql/python-all: * [*], codeql/concepts: not * [*] {dependency: codeql/python-all@* [*] requires codeql/concepts@0.0.27}}
[2026-07-24 19:03:05] [SPAMMY] resolve extensions-by-pack> [INCOMPATIBILITY] codeql/concepts: * [*], codeql/dataflow: not * [*] {dependency: codeql/concepts@* [*] requires codeql/dataflow@2.1.9}
[2026-07-24 19:03:05] [SPAMMY] resolve extensions-by-pack> [INCOMPATIBILITY] codeql/concepts: * [*], codeql/util: not * [*] {dependency: codeql/concepts@* [*] requires codeql/util@2.0.40}
[2026-07-24 19:03:05] [SPAMMY] resolve extensions-by-pack> [DECISION 3] codeql/concepts: 0.0.27
[2026-07-24 19:03:05] [SPAMMY] resolve extensions-by-pack> [INCOMPATIBILITY] codeql/dataflow: * [*], codeql/controlflow: not * [*] {dependency: codeql/dataflow@* [*] requires codeql/controlflow@2.0.37}
[2026-07-24 19:03:05] [SPAMMY] resolve extensions-by-pack> [INCOMPATIBILITY] codeql/dataflow: * [*], codeql/ssa: not * [*] {dependency: codeql/dataflow@* [*] requires codeql/ssa@2.0.29}
[2026-07-24 19:03:05] [SPAMMY] resolve extensions-by-pack> [INCOMPATIBILITY] codeql/dataflow: * [*], codeql/typetracking: not * [*] {dependency: codeql/dataflow@* [*] requires codeql/typetracking@2.0.37}
[2026-07-24 19:03:05] [SPAMMY] resolve extensions-by-pack> [INCOMPATIBILITY] codeql/dataflow: * [*], codeql/util: not * [*] {dependency: codeql/dataflow@* [*] requires codeql/util@2.0.40}
[2026-07-24 19:03:05] [SPAMMY] resolve extensions-by-pack> [DECISION 4] codeql/dataflow: 2.1.9
[2026-07-24 19:03:05] [SPAMMY] resolve extensions-by-pack> [DERIVATION] codeql/typetracking: * [*] {codeql/dataflow: * [*], codeql/typetracking: not * [*] {dependency: codeql/dataflow@* [*] requires codeql/typetracking@2.0.37}}
[2026-07-24 19:03:05] [SPAMMY] resolve extensions-by-pack> [DERIVATION] codeql/ssa: * [*] {codeql/dataflow: * [*], codeql/ssa: not * [*] {dependency: codeql/dataflow@* [*] requires codeql/ssa@2.0.29}}
[2026-07-24 19:03:05] [SPAMMY] resolve extensions-by-pack> [DERIVATION] codeql/controlflow: * [*] {codeql/dataflow: * [*], codeql/controlflow: not * [*] {dependency: codeql/dataflow@* [*] requires codeql/controlflow@2.0.37}}
[2026-07-24 19:03:05] [SPAMMY] resolve extensions-by-pack> [INCOMPATIBILITY] codeql/controlflow: * [*], codeql/util: not * [*] {dependency: codeql/controlflow@* [*] requires codeql/util@2.0.40}
[2026-07-24 19:03:05] [SPAMMY] resolve extensions-by-pack> [DECISION 5] codeql/controlflow: 2.0.37
[2026-07-24 19:03:05] [SPAMMY] resolve extensions-by-pack> [INCOMPATIBILITY] codeql/mad: * [*], codeql/dataflow: not * [*] {dependency: codeql/mad@* [*] requires codeql/dataflow@2.1.9}
[2026-07-24 19:03:05] [SPAMMY] resolve extensions-by-pack> [INCOMPATIBILITY] codeql/mad: * [*], codeql/util: not * [*] {dependency: codeql/mad@* [*] requires codeql/util@2.0.40}
[2026-07-24 19:03:05] [SPAMMY] resolve extensions-by-pack> [DECISION 6] codeql/mad: 1.0.53
[2026-07-24 19:03:05] [SPAMMY] resolve extensions-by-pack> [INCOMPATIBILITY] codeql/regex: * [*], codeql/util: not * [*] {dependency: codeql/regex@* [*] requires codeql/util@2.0.40}
[2026-07-24 19:03:05] [SPAMMY] resolve extensions-by-pack> [DECISION 7] codeql/regex: 1.0.53
[2026-07-24 19:03:05] [SPAMMY] resolve extensions-by-pack> [INCOMPATIBILITY] codeql/ssa: * [*], codeql/controlflow: not * [*] {dependency: codeql/ssa@* [*] requires codeql/controlflow@2.0.37}
[2026-07-24 19:03:05] [SPAMMY] resolve extensions-by-pack> [INCOMPATIBILITY] codeql/ssa: * [*], codeql/util: not * [*] {dependency: codeql/ssa@* [*] requires codeql/util@2.0.40}
[2026-07-24 19:03:05] [SPAMMY] resolve extensions-by-pack> [DECISION 8] codeql/ssa: 2.0.29
[2026-07-24 19:03:05] [SPAMMY] resolve extensions-by-pack> [DECISION 9] codeql/threat-models: 1.0.53
[2026-07-24 19:03:05] [SPAMMY] resolve extensions-by-pack> [DECISION 10] codeql/tutorial: 1.0.53
[2026-07-24 19:03:05] [SPAMMY] resolve extensions-by-pack> [INCOMPATIBILITY] codeql/typetracking: * [*], codeql/util: not * [*] {dependency: codeql/typetracking@* [*] requires codeql/util@2.0.40}
[2026-07-24 19:03:05] [SPAMMY] resolve extensions-by-pack> [DECISION 11] codeql/typetracking: 2.0.37
[2026-07-24 19:03:05] [SPAMMY] resolve extensions-by-pack> [DECISION 12] codeql/util: 2.0.40
[2026-07-24 19:03:05] [SPAMMY] resolve extensions-by-pack> [INCOMPATIBILITY] codeql/xml: * [*], codeql/util: not * [*] {dependency: codeql/xml@* [*] requires codeql/util@2.0.40}
[2026-07-24 19:03:05] [SPAMMY] resolve extensions-by-pack> [DECISION 13] codeql/xml: 1.0.53
[2026-07-24 19:03:05] [SPAMMY] resolve extensions-by-pack> [DECISION 14] codeql/yaml: 1.0.53
[2026-07-24 19:03:05] [PROGRESS] resolve extensions-by-pack> Loading data extensions in /home/oleksii-shemshur/vscode-codeql-starter/ql/python/ql/lib/ext/default-threat-models-fixup.model.yml.
[2026-07-24 19:03:05] [DETAILS] resolve extensions-by-pack>   Found extension targeting codeql/threat-models:threatModelConfiguration: 1 tuples.
[2026-07-24 19:03:05] Calling plumbing command: codeql generate extensible-predicate-metadata /home/oleksii-shemshur/vscode-codeql-starter/ql/shared/threat-models
[2026-07-24 19:03:05] Calling plumbing command: codeql pack packlist /home/oleksii-shemshur/vscode-codeql-starter/ql/shared/threat-models --format=json
[2026-07-24 19:03:05] Calling plumbing command: codeql resolve files --include=**/*.qll --include=**/*.dbscheme --include=**/*.dbscheme.stats --include=**/*.md --include=**/*.qls --include=**/*.qlref --include=**/*.yml --include=**/*.yaml --include=**/upgrade.properties --include=**/*.ql --include=!**/.* --include=!**/qlpack.auth.yml --include=!**/qlconfig.yml --include=!codeql-pack.lock.yml --include=!qlpack.lock.yml --include=!codeql-pack.release.yml --include=!change-notes --include=!**/*.qhelp --include=codeql-pack.yml --include=qlpack.yml --include=LICENSE --include=README.md --include=CHANGELOG.md --include=!**/*.qlx --include=ext/*.model.yml /home/oleksii-shemshur/vscode-codeql-starter/ql/shared/threat-models --format=json
[2026-07-24 19:03:05] [PROGRESS] resolve files> Scanning /home/oleksii-shemshur/vscode-codeql-starter/ql/shared/threat-models...
[2026-07-24 19:03:05] [PROGRESS] resolve files> Scanning /home/oleksii-shemshur/vscode-codeql-starter/ql/shared/threat-models/codeql...
[2026-07-24 19:03:05] [PROGRESS] resolve files> Scanning /home/oleksii-shemshur/vscode-codeql-starter/ql/shared/threat-models/codeql/threatmodels...
[2026-07-24 19:03:05] [PROGRESS] resolve files> Scanning /home/oleksii-shemshur/vscode-codeql-starter/ql/shared/threat-models/ext...
[2026-07-24 19:03:05] Plumbing command codeql resolve files completed:
                      [
                        "/home/oleksii-shemshur/vscode-codeql-starter/ql/shared/threat-models/CHANGELOG.md",
                        "/home/oleksii-shemshur/vscode-codeql-starter/ql/shared/threat-models/codeql/threatmodels/ThreatModels.qll",
                        "/home/oleksii-shemshur/vscode-codeql-starter/ql/shared/threat-models/ext/supported-threat-models.model.yml",
                        "/home/oleksii-shemshur/vscode-codeql-starter/ql/shared/threat-models/ext/threat-model-grouping.model.yml",
                        "/home/oleksii-shemshur/vscode-codeql-starter/ql/shared/threat-models/qlpack.yml"
                      ]
[2026-07-24 19:03:05] Plumbing command codeql pack packlist completed:
                      {
                        "paths" : [
                          "/home/oleksii-shemshur/vscode-codeql-starter/ql/shared/threat-models/CHANGELOG.md",
                          "/home/oleksii-shemshur/vscode-codeql-starter/ql/shared/threat-models/codeql/threatmodels/ThreatModels.qll",
                          "/home/oleksii-shemshur/vscode-codeql-starter/ql/shared/threat-models/ext/supported-threat-models.model.yml",
                          "/home/oleksii-shemshur/vscode-codeql-starter/ql/shared/threat-models/ext/threat-model-grouping.model.yml",
                          "/home/oleksii-shemshur/vscode-codeql-starter/ql/shared/threat-models/qlpack.yml"
                        ]
                      }
[2026-07-24 19:03:05] Plumbing command codeql generate extensible-predicate-metadata completed:
                      {
                        "extensible_predicates" : [
                          {
                            "name" : "threatModelConfiguration",
                            "parameters" : [
                              {
                                "name" : "kind",
                                "type" : "string"
                              },
                              {
                                "name" : "enable",
                                "type" : "boolean"
                              },
                              {
                                "name" : "priority",
                                "type" : "int"
                              }
                            ],
                            "has_origin" : false,
                            "path" : "codeql/threatmodels/ThreatModels.qll",
                            "start_line" : 26,
                            "start_column" : 1,
                            "end_line" : 26,
                            "end_column" : 90
                          },
                          {
                            "name" : "threatModelGrouping",
                            "parameters" : [
                              {
                                "name" : "kind",
                                "type" : "string"
                              },
                              {
                                "name" : "group",
                                "type" : "string"
                              }
                            ],
                            "has_origin" : false,
                            "path" : "codeql/threatmodels/ThreatModels.qll",
                            "start_line" : 31,
                            "start_column" : 1,
                            "end_line" : 31,
                            "end_column" : 77
                          }
                        ]
                      }
[2026-07-24 19:03:05] [PROGRESS] resolve extensions-by-pack> Loading data extensions in /home/oleksii-shemshur/vscode-codeql-starter/ql/python/ql/lib/semmle/python/frameworks/AntiSSRF.model.yml.
[2026-07-24 19:03:05] [DETAILS] resolve extensions-by-pack>   Found extension targeting codeql/python-all:barrierGuardModel: 1 tuples.
[2026-07-24 19:03:05] Calling plumbing command: codeql generate extensible-predicate-metadata /home/oleksii-shemshur/vscode-codeql-starter/ql/python/ql/lib
[2026-07-24 19:03:05] Calling plumbing command: codeql pack packlist /home/oleksii-shemshur/vscode-codeql-starter/ql/python/ql/lib --format=json
[2026-07-24 19:03:05] Calling plumbing command: codeql resolve files --include=**/*.qll --include=**/*.dbscheme --include=**/*.dbscheme.stats --include=**/*.md --include=**/*.qls --include=**/*.qlref --include=**/*.yml --include=**/*.yaml --include=**/upgrade.properties --include=**/*.ql --include=!**/.* --include=!**/qlpack.auth.yml --include=!**/qlconfig.yml --include=!codeql-pack.lock.yml --include=!qlpack.lock.yml --include=!codeql-pack.release.yml --include=!change-notes --include=!**/*.qhelp --include=codeql-pack.yml --include=qlpack.yml --include=LICENSE --include=README.md --include=CHANGELOG.md --include=!**/*.qlx --include=semmle/python/frameworks/**/*.model.yml --include=ext/*.model.yml /home/oleksii-shemshur/vscode-codeql-starter/ql/python/ql/lib --format=json
[2026-07-24 19:03:05] [PROGRESS] resolve files> Scanning /home/oleksii-shemshur/vscode-codeql-starter/ql/python/ql/lib...
[2026-07-24 19:03:05] [PROGRESS] resolve files> Scanning /home/oleksii-shemshur/vscode-codeql-starter/ql/python/ql/lib/upgrades...
[2026-07-24 19:03:05] [PROGRESS] resolve files> Scanning /home/oleksii-shemshur/vscode-codeql-starter/ql/python/ql/lib/upgrades/0565f7466437d52e1dc64a3b930926ab2f60cd64...
[2026-07-24 19:03:05] [PROGRESS] resolve files> Scanning /home/oleksii-shemshur/vscode-codeql-starter/ql/python/ql/lib/upgrades/initial...
[2026-07-24 19:03:05] [PROGRESS] resolve files> Scanning /home/oleksii-shemshur/vscode-codeql-starter/ql/python/ql/lib/upgrades/eb5fc917c79bb23ce2de4a022f3e566d57a91be9...
[2026-07-24 19:03:05] [PROGRESS] resolve files> Scanning /home/oleksii-shemshur/vscode-codeql-starter/ql/python/ql/lib/upgrades/4f1806347d7fafe2f78508da01c01e5aff5f7cbb...
[2026-07-24 19:03:05] [PROGRESS] resolve files> Scanning /home/oleksii-shemshur/vscode-codeql-starter/ql/python/ql/lib/upgrades/ff5327c074ca235c6b2fa4ea9ed29f4c60aa46cb...
[2026-07-24 19:03:05] [PROGRESS] resolve files> Scanning /home/oleksii-shemshur/vscode-codeql-starter/ql/python/ql/lib/upgrades/6a1f497168da2f43828161d3c86db7d4c94c2b53...
[2026-07-24 19:03:05] [PROGRESS] resolve files> Scanning /home/oleksii-shemshur/vscode-codeql-starter/ql/python/ql/lib/upgrades/728c6d65e61d808ae276013ebc15abc3a97aaef1...
[2026-07-24 19:03:05] [PROGRESS] resolve files> Scanning /home/oleksii-shemshur/vscode-codeql-starter/ql/python/ql/lib/upgrades/503c0516fba2e5da9570f00eb34ef43025ecb8fb...
[2026-07-24 19:03:05] [PROGRESS] resolve files> Scanning /home/oleksii-shemshur/vscode-codeql-starter/ql/python/ql/lib/upgrades/62a30d37a729670a8cc3c67b4dad81f1983865f8...
[2026-07-24 19:03:05] [PROGRESS] resolve files> Scanning /home/oleksii-shemshur/vscode-codeql-starter/ql/python/ql/lib/upgrades/5af903da088e3746aa283700a43a779302453523...
[2026-07-24 19:03:05] [PROGRESS] resolve files> Scanning /home/oleksii-shemshur/vscode-codeql-starter/ql/python/ql/lib/upgrades/279cbb08d387ecd57ac177e87c94cfd5ca62f792...
[2026-07-24 19:03:05] [PROGRESS] resolve files> Scanning /home/oleksii-shemshur/vscode-codeql-starter/ql/python/ql/lib/upgrades/acf8d3b08ae3cfac8833d16efbfa5a10fef86819...
[2026-07-24 19:03:05] [PROGRESS] resolve files> Scanning /home/oleksii-shemshur/vscode-codeql-starter/ql/python/ql/lib/upgrades/47e552c4357a04c5735355fad818630daee4a5ac...
[2026-07-24 19:03:05] [PROGRESS] resolve files> Scanning /home/oleksii-shemshur/vscode-codeql-starter/ql/python/ql/lib/upgrades/f635b392038a494915307f913657cd3058f9b476...
[2026-07-24 19:03:05] [PROGRESS] resolve files> Scanning /home/oleksii-shemshur/vscode-codeql-starter/ql/python/ql/lib/upgrades/0355ecf0ac589e66467a378e0e9d60f41ee4a757...
[2026-07-24 19:03:05] [PROGRESS] resolve files> Scanning /home/oleksii-shemshur/vscode-codeql-starter/ql/python/ql/lib/upgrades/8d257a4a9bc78e39856d6cd33499389fc5148d4f...
[2026-07-24 19:03:05] [PROGRESS] resolve files> Scanning /home/oleksii-shemshur/vscode-codeql-starter/ql/python/ql/lib/semmle...
[2026-07-24 19:03:05] [PROGRESS] resolve files> Scanning /home/oleksii-shemshur/vscode-codeql-starter/ql/python/ql/lib/semmle/files...
[2026-07-24 19:03:05] [PROGRESS] resolve files> Scanning /home/oleksii-shemshur/vscode-codeql-starter/ql/python/ql/lib/semmle/crypto...
[2026-07-24 19:03:05] [PROGRESS] resolve files> Scanning /home/oleksii-shemshur/vscode-codeql-starter/ql/python/ql/lib/semmle/python...
[2026-07-24 19:03:05] [PROGRESS] resolve files> Scanning /home/oleksii-shemshur/vscode-codeql-starter/ql/python/ql/lib/semmle/python/objects...
[2026-07-24 19:03:05] [PROGRESS] resolve files> Scanning /home/oleksii-shemshur/vscode-codeql-starter/ql/python/ql/lib/semmle/python/libraries...
[2026-07-24 19:03:05] [PROGRESS] resolve files> Scanning /home/oleksii-shemshur/vscode-codeql-starter/ql/python/ql/lib/semmle/python/essa...
[2026-07-24 19:03:05] [PROGRESS] resolve files> Scanning /home/oleksii-shemshur/vscode-codeql-starter/ql/python/ql/lib/semmle/python/xml...
[2026-07-24 19:03:05] [PROGRESS] resolve files> Scanning /home/oleksii-shemshur/vscode-codeql-starter/ql/python/ql/lib/semmle/python/internal...
[2026-07-24 19:03:05] [PROGRESS] resolve files> Scanning /home/oleksii-shemshur/vscode-codeql-starter/ql/python/ql/lib/semmle/python/types...
[2026-07-24 19:03:05] [PROGRESS] resolve files> Scanning /home/oleksii-shemshur/vscode-codeql-starter/ql/python/ql/lib/semmle/python/regexp...
[2026-07-24 19:03:05] [PROGRESS] resolve files> Scanning /home/oleksii-shemshur/vscode-codeql-starter/ql/python/ql/lib/semmle/python/regexp/internal...
[2026-07-24 19:03:05] [PROGRESS] resolve files> Scanning /home/oleksii-shemshur/vscode-codeql-starter/ql/python/ql/lib/semmle/python/dependencies...
[2026-07-24 19:03:05] [PROGRESS] resolve files> Scanning /home/oleksii-shemshur/vscode-codeql-starter/ql/python/ql/lib/semmle/python/templates...
[2026-07-24 19:03:05] [PROGRESS] resolve files> Scanning /home/oleksii-shemshur/vscode-codeql-starter/ql/python/ql/lib/semmle/python/frameworks...
[2026-07-24 19:03:05] [PROGRESS] resolve files> Scanning /home/oleksii-shemshur/vscode-codeql-starter/ql/python/ql/lib/semmle/python/frameworks/internal...
[2026-07-24 19:03:05] [PROGRESS] resolve files> Scanning /home/oleksii-shemshur/vscode-codeql-starter/ql/python/ql/lib/semmle/python/frameworks/Stdlib...
[2026-07-24 19:03:05] [PROGRESS] resolve files> Scanning /home/oleksii-shemshur/vscode-codeql-starter/ql/python/ql/lib/semmle/python/frameworks/data...
[2026-07-24 19:03:05] [PROGRESS] resolve files> Scanning /home/oleksii-shemshur/vscode-codeql-starter/ql/python/ql/lib/semmle/python/frameworks/data/internal...
[2026-07-24 19:03:05] [PROGRESS] resolve files> Scanning /home/oleksii-shemshur/vscode-codeql-starter/ql/python/ql/lib/semmle/python/frameworks/data/internal/subclass-capture...
[2026-07-24 19:03:05] [PROGRESS] resolve files> Scanning /home/oleksii-shemshur/vscode-codeql-starter/ql/python/ql/lib/semmle/python/pointsto...
[2026-07-24 19:03:05] [PROGRESS] resolve files> Scanning /home/oleksii-shemshur/vscode-codeql-starter/ql/python/ql/lib/semmle/python/filters...
[2026-07-24 19:03:05] [PROGRESS] resolve files> Scanning /home/oleksii-shemshur/vscode-codeql-starter/ql/python/ql/lib/semmle/python/concepts...
[2026-07-24 19:03:05] [PROGRESS] resolve files> Scanning /home/oleksii-shemshur/vscode-codeql-starter/ql/python/ql/lib/semmle/python/values...
[2026-07-24 19:03:05] [PROGRESS] resolve files> Scanning /home/oleksii-shemshur/vscode-codeql-starter/ql/python/ql/lib/semmle/python/security...
[2026-07-24 19:03:05] [PROGRESS] resolve files> Scanning /home/oleksii-shemshur/vscode-codeql-starter/ql/python/ql/lib/semmle/python/security/internal...
[2026-07-24 19:03:05] [PROGRESS] resolve files> Scanning /home/oleksii-shemshur/vscode-codeql-starter/ql/python/ql/lib/semmle/python/security/regexp...
[2026-07-24 19:03:05] [PROGRESS] resolve files> Scanning /home/oleksii-shemshur/vscode-codeql-starter/ql/python/ql/lib/semmle/python/security/dataflow...
[2026-07-24 19:03:05] [PROGRESS] resolve files> Scanning /home/oleksii-shemshur/vscode-codeql-starter/ql/python/ql/lib/semmle/python/dataflow...
[2026-07-24 19:03:05] [PROGRESS] resolve files> Scanning /home/oleksii-shemshur/vscode-codeql-starter/ql/python/ql/lib/semmle/python/dataflow/old...
[2026-07-24 19:03:05] [PROGRESS] resolve files> Scanning /home/oleksii-shemshur/vscode-codeql-starter/ql/python/ql/lib/semmle/python/dataflow/new...
[2026-07-24 19:03:05] [PROGRESS] resolve files> Scanning /home/oleksii-shemshur/vscode-codeql-starter/ql/python/ql/lib/semmle/python/dataflow/new/internal...
[2026-07-24 19:03:05] [PROGRESS] resolve files> Scanning /home/oleksii-shemshur/vscode-codeql-starter/ql/python/ql/lib/semmle/dataflow...
[2026-07-24 19:03:05] [PROGRESS] resolve files> Scanning /home/oleksii-shemshur/vscode-codeql-starter/ql/python/ql/lib/modeling...
[2026-07-24 19:03:05] [PROGRESS] resolve files> Scanning /home/oleksii-shemshur/vscode-codeql-starter/ql/python/ql/lib/utils...
[2026-07-24 19:03:05] [PROGRESS] resolve files> Scanning /home/oleksii-shemshur/vscode-codeql-starter/ql/python/ql/lib/utils/test...
[2026-07-24 19:03:05] [PROGRESS] resolve files> Scanning /home/oleksii-shemshur/vscode-codeql-starter/ql/python/ql/lib/utils/test/internal...
[2026-07-24 19:03:05] [PROGRESS] resolve files> Scanning /home/oleksii-shemshur/vscode-codeql-starter/ql/python/ql/lib/utils/test/dataflow...
[2026-07-24 19:03:05] [PROGRESS] resolve files> Scanning /home/oleksii-shemshur/vscode-codeql-starter/ql/python/ql/lib/experimental...
[2026-07-24 19:03:05] [PROGRESS] resolve files> Scanning /home/oleksii-shemshur/vscode-codeql-starter/ql/python/ql/lib/experimental/cryptography...
[2026-07-24 19:03:05] [PROGRESS] resolve files> Scanning /home/oleksii-shemshur/vscode-codeql-starter/ql/python/ql/lib/experimental/cryptography/modules...
[2026-07-24 19:03:05] [PROGRESS] resolve files> Scanning /home/oleksii-shemshur/vscode-codeql-starter/ql/python/ql/lib/experimental/cryptography/modules/stdlib...
[2026-07-24 19:03:05] [PROGRESS] resolve files> Scanning /home/oleksii-shemshur/vscode-codeql-starter/ql/python/ql/lib/experimental/cryptography/utils...
[2026-07-24 19:03:05] [PROGRESS] resolve files> Scanning /home/oleksii-shemshur/vscode-codeql-starter/ql/python/ql/lib/ext...
[2026-07-24 19:03:05] [PROGRESS] resolve files> Scanning /home/oleksii-shemshur/vscode-codeql-starter/ql/python/ql/lib/analysis...
[2026-07-24 19:03:05] Plumbing command codeql resolve files completed:
                      [
                        "/home/oleksii-shemshur/vscode-codeql-starter/ql/python/ql/lib/CHANGELOG.md",
                        "/home/oleksii-shemshur/vscode-codeql-starter/ql/python/ql/lib/Customizations.qll",
                        "/home/oleksii-shemshur/vscode-codeql-starter/ql/python/ql/lib/LegacyPointsTo.qll",
                        "/home/oleksii-shemshur/vscode-codeql-starter/ql/python/ql/lib/analysis/DefinitionTracking.qll",
                        "/home/oleksii-shemshur/vscode-codeql-starter/ql/python/ql/lib/analysis/IDEContextual.qll",
                        "/home/oleksii-shemshur/vscode-codeql-starter/ql/python/ql/lib/analysis/LocalDefinitions.ql",
                        "/home/oleksii-shemshur/vscode-codeql-starter/ql/python/ql/lib/analysis/LocalReferences.ql",
                        "/home/oleksii-shemshur/vscode-codeql-starter/ql/python/ql/lib/default.qll",
                        "/home/oleksii-shemshur/vscode-codeql-starter/ql/python/ql/lib/design.md",
                        "/home/oleksii-shemshur/vscode-codeql-starter/ql/python/ql/lib/experimental/cryptography/Concepts.qll",
                        "/home/oleksii-shemshur/vscode-codeql-starter/ql/python/ql/lib/experimental/cryptography/CryptoAlgorithmNames.qll",
                        "/home/oleksii-shemshur/vscode-codeql-starter/ql/python/ql/lib/experimental/cryptography/CryptoArtifact.qll",
                        "/home/oleksii-shemshur/vscode-codeql-starter/ql/python/ql/lib/experimental/cryptography/modules/CryptographyModule.qll",
                        "/home/oleksii-shemshur/vscode-codeql-starter/ql/python/ql/lib/experimental/cryptography/modules/stdlib/HashlibModule.qll",
                        "/home/oleksii-shemshur/vscode-codeql-starter/ql/python/ql/lib/experimental/cryptography/modules/stdlib/HmacModule.qll",
                        "/home/oleksii-shemshur/vscode-codeql-starter/ql/python/ql/lib/experimental/cryptography/utils/CallCfgNodeWithTarget.qll",
                        "/home/oleksii-shemshur/vscode-codeql-starter/ql/python/ql/lib/experimental/cryptography/utils/Utils.qll",
                        "/home/oleksii-shemshur/vscode-codeql-starter/ql/python/ql/lib/ext/default-threat-models-fixup.model.yml",
                        "/home/oleksii-shemshur/vscode-codeql-starter/ql/python/ql/lib/modeling/ModelEditor.qll",
                        "/home/oleksii-shemshur/vscode-codeql-starter/ql/python/ql/lib/modeling/Util.qll",
                        "/home/oleksii-shemshur/vscode-codeql-starter/ql/python/ql/lib/printAst.ql",
                        "/home/oleksii-shemshur/vscode-codeql-starter/ql/python/ql/lib/python.qll",
                        "/home/oleksii-shemshur/vscode-codeql-starter/ql/python/ql/lib/qlpack.yml",
                        "/home/oleksii-shemshur/vscode-codeql-starter/ql/python/ql/lib/semmle/crypto/Crypto.qll",
                        "/home/oleksii-shemshur/vscode-codeql-starter/ql/python/ql/lib/semmle/dataflow/SSA.qll",
                        "/home/oleksii-shemshur/vscode-codeql-starter/ql/python/ql/lib/semmle/files/FileSystem.qll",
                        "/home/oleksii-shemshur/vscode-codeql-starter/ql/python/ql/lib/semmle/python/ApiGraphs.qll",
                        "/home/oleksii-shemshur/vscode-codeql-starter/ql/python/ql/lib/semmle/python/AstExtended.qll",
                        "/home/oleksii-shemshur/vscode-codeql-starter/ql/python/ql/lib/semmle/python/AstGenerated.qll",
                        "/home/oleksii-shemshur/vscode-codeql-starter/ql/python/ql/lib/semmle/python/Class.qll",
                        "/home/oleksii-shemshur/vscode-codeql-starter/ql/python/ql/lib/semmle/python/Comment.qll",
                        "/home/oleksii-shemshur/vscode-codeql-starter/ql/python/ql/lib/semmle/python/Comparisons.qll",
                        "/home/oleksii-shemshur/vscode-codeql-starter/ql/python/ql/lib/semmle/python/Comprehensions.qll",
                        "/home/oleksii-shemshur/vscode-codeql-starter/ql/python/ql/lib/semmle/python/Concepts.qll",
                        "/home/oleksii-shemshur/vscode-codeql-starter/ql/python/ql/lib/semmle/python/Constants.qll",
                        "/home/oleksii-shemshur/vscode-codeql-starter/ql/python/ql/lib/semmle/python/Exprs.qll",
                        "/home/oleksii-shemshur/vscode-codeql-starter/ql/python/ql/lib/semmle/python/Files.qll",
                        "/home/oleksii-shemshur/vscode-codeql-starter/ql/python/ql/lib/semmle/python/Flow.qll",
                        "/home/oleksii-shemshur/vscode-codeql-starter/ql/python/ql/lib/semmle/python/Frameworks.qll",
                        "/home/oleksii-shemshur/vscode-codeql-starter/ql/python/ql/lib/semmle/python/Function.qll",
                        "/home/oleksii-shemshur/vscode-codeql-starter/ql/python/ql/lib/semmle/python/GuardedControlFlow.qll",
                        "/home/oleksii-shemshur/vscode-codeql-starter/ql/python/ql/lib/semmle/python/Import.qll",
                        "/home/oleksii-shemshur/vscode-codeql-starter/ql/python/ql/lib/semmle/python/Keywords.qll",
                        "/home/oleksii-shemshur/vscode-codeql-starter/ql/python/ql/lib/semmle/python/Metrics.qll",
                        "/home/oleksii-shemshur/vscode-codeql-starter/ql/python/ql/lib/semmle/python/Module.qll",
                        "/home/oleksii-shemshur/vscode-codeql-starter/ql/python/ql/lib/semmle/python/Operations.qll",
                        "/home/oleksii-shemshur/vscode-codeql-starter/ql/python/ql/lib/semmle/python/Overlay.qll",
                        "/home/oleksii-shemshur/vscode-codeql-starter/ql/python/ql/lib/semmle/python/Patterns.qll",
                        "/home/oleksii-shemshur/vscode-codeql-starter/ql/python/ql/lib/semmle/python/PrintAst.qll",
                        "/home/oleksii-shemshur/vscode-codeql-starter/ql/python/ql/lib/semmle/python/SSA.qll",
                        "/home/oleksii-shemshur/vscode-codeql-starter/ql/python/ql/lib/semmle/python/Scope.qll",
                        "/home/oleksii-shemshur/vscode-codeql-starter/ql/python/ql/lib/semmle/python/SelfAttribute.qll",
                        "/home/oleksii-shemshur/vscode-codeql-starter/ql/python/ql/lib/semmle/python/SpecialMethods.qll",
                        "/home/oleksii-shemshur/vscode-codeql-starter/ql/python/ql/lib/semmle/python/Stmts.qll",
                        "/home/oleksii-shemshur/vscode-codeql-starter/ql/python/ql/lib/semmle/python/TestUtils.qll",
                        "/home/oleksii-shemshur/vscode-codeql-starter/ql/python/ql/lib/semmle/python/Unit.qll",
                        "/home/oleksii-shemshur/vscode-codeql-starter/ql/python/ql/lib/semmle/python/Variables.qll",
                        "/home/oleksii-shemshur/vscode-codeql-starter/ql/python/ql/lib/semmle/python/Yaml.qll",
                        "/home/oleksii-shemshur/vscode-codeql-starter/ql/python/ql/lib/semmle/python/concepts/CryptoAlgorithms.qll",
                        "/home/oleksii-shemshur/vscode-codeql-starter/ql/python/ql/lib/semmle/python/dataflow/Configuration.qll",
                        "/home/oleksii-shemshur/vscode-codeql-starter/ql/python/ql/lib/semmle/python/dataflow/DataFlow.qll",
                        "/home/oleksii-shemshur/vscode-codeql-starter/ql/python/ql/lib/semmle/python/dataflow/Files.qll",
                        "/home/oleksii-shemshur/vscode-codeql-starter/ql/python/ql/lib/semmle/python/dataflow/Implementation.qll",
                        "/home/oleksii-shemshur/vscode-codeql-starter/ql/python/ql/lib/semmle/python/dataflow/Legacy.qll",
                        "/home/oleksii-shemshur/vscode-codeql-starter/ql/python/ql/lib/semmle/python/dataflow/StateTracking.qll",
                        "/home/oleksii-shemshur/vscode-codeql-starter/ql/python/ql/lib/semmle/python/dataflow/TaintTracking.qll",
                        "/home/oleksii-shemshur/vscode-codeql-starter/ql/python/ql/lib/semmle/python/dataflow/new/BarrierGuards.qll",
                        "/home/oleksii-shemshur/vscode-codeql-starter/ql/python/ql/lib/semmle/python/dataflow/new/DataFlow.qll",
                        "/home/oleksii-shemshur/vscode-codeql-starter/ql/python/ql/lib/semmle/python/dataflow/new/FlowSummary.qll",
                        "/home/oleksii-shemshur/vscode-codeql-starter/ql/python/ql/lib/semmle/python/dataflow/new/Regexp.qll",
                        "/home/oleksii-shemshur/vscode-codeql-starter/ql/python/ql/lib/semmle/python/dataflow/new/RemoteFlowSources.qll",
                        "/home/oleksii-shemshur/vscode-codeql-starter/ql/python/ql/lib/semmle/python/dataflow/new/SensitiveDataSources.qll",
                        "/home/oleksii-shemshur/vscode-codeql-starter/ql/python/ql/lib/semmle/python/dataflow/new/TaintTracking.qll",
                        "/home/oleksii-shemshur/vscode-codeql-starter/ql/python/ql/lib/semmle/python/dataflow/new/TypeTracking.qll",
                        "/home/oleksii-shemshur/vscode-codeql-starter/ql/python/ql/lib/semmle/python/dataflow/new/internal/Attributes.qll",
                        "/home/oleksii-shemshur/vscode-codeql-starter/ql/python/ql/lib/semmle/python/dataflow/new/internal/Builtins.qll",
                        "/home/oleksii-shemshur/vscode-codeql-starter/ql/python/ql/lib/semmle/python/dataflow/new/internal/DataFlowDispatch.qll",
                        "/home/oleksii-shemshur/vscode-codeql-starter/ql/python/ql/lib/semmle/python/dataflow/new/internal/DataFlowImpl.qll",
                        "/home/oleksii-shemshur/vscode-codeql-starter/ql/python/ql/lib/semmle/python/dataflow/new/internal/DataFlowImplCommon.qll",
                        "/home/oleksii-shemshur/vscode-codeql-starter/ql/python/ql/lib/semmle/python/dataflow/new/internal/DataFlowImplSpecific.qll",
                        "/home/oleksii-shemshur/vscode-codeql-starter/ql/python/ql/lib/semmle/python/dataflow/new/internal/DataFlowPrivate.qll",
                        "/home/oleksii-shemshur/vscode-codeql-starter/ql/python/ql/lib/semmle/python/dataflow/new/internal/DataFlowPublic.qll",
                        "/home/oleksii-shemshur/vscode-codeql-starter/ql/python/ql/lib/semmle/python/dataflow/new/internal/DataFlowUtil.qll",
                        "/home/oleksii-shemshur/vscode-codeql-starter/ql/python/ql/lib/semmle/python/dataflow/new/internal/FlowSummaryImpl.qll",
                        "/home/oleksii-shemshur/vscode-codeql-starter/ql/python/ql/lib/semmle/python/dataflow/new/internal/ImportResolution.qll",
                        "/home/oleksii-shemshur/vscode-codeql-starter/ql/python/ql/lib/semmle/python/dataflow/new/internal/ImportStar.qll",
                        "/home/oleksii-shemshur/vscode-codeql-starter/ql/python/ql/lib/semmle/python/dataflow/new/internal/IterableUnpacking.qll",
                        "/home/oleksii-shemshur/vscode-codeql-starter/ql/python/ql/lib/semmle/python/dataflow/new/internal/LocalSources.qll",
                        "/home/oleksii-shemshur/vscode-codeql-starter/ql/python/ql/lib/semmle/python/dataflow/new/internal/MatchUnpacking.qll",
                        "/home/oleksii-shemshur/vscode-codeql-starter/ql/python/ql/lib/semmle/python/dataflow/new/internal/PrintNode.qll",
                        "/home/oleksii-shemshur/vscode-codeql-starter/ql/python/ql/lib/semmle/python/dataflow/new/internal/ReExposedInstance.qll",
                        "/home/oleksii-shemshur/vscode-codeql-starter/ql/python/ql/lib/semmle/python/dataflow/new/internal/TaintTrackingImplSpecific.qll",
                        "/home/oleksii-shemshur/vscode-codeql-starter/ql/python/ql/lib/semmle/python/dataflow/new/internal/TaintTrackingPrivate.qll",
                        "/home/oleksii-shemshur/vscode-codeql-starter/ql/python/ql/lib/semmle/python/dataflow/new/internal/TaintTrackingPublic.qll",
                        "/home/oleksii-shemshur/vscode-codeql-starter/ql/python/ql/lib/semmle/python/dataflow/new/internal/TypeTrackingImpl.qll",
                        "/home/oleksii-shemshur/vscode-codeql-starter/ql/python/ql/lib/semmle/python/dataflow/new/internal/VariableCapture.qll",
                        "/home/oleksii-shemshur/vscode-codeql-starter/ql/python/ql/lib/semmle/python/dataflow/old/Configuration.qll",
                        "/home/oleksii-shemshur/vscode-codeql-starter/ql/python/ql/lib/semmle/python/dataflow/old/DataFlow.qll",
                        "/home/oleksii-shemshur/vscode-codeql-starter/ql/python/ql/lib/semmle/python/dataflow/old/Files.qll",
                        "/home/oleksii-shemshur/vscode-codeql-starter/ql/python/ql/lib/semmle/python/dataflow/old/Implementation.qll",
                        "/home/oleksii-shemshur/vscode-codeql-starter/ql/python/ql/lib/semmle/python/dataflow/old/Legacy.qll",
                        "/home/oleksii-shemshur/vscode-codeql-starter/ql/python/ql/lib/semmle/python/dataflow/old/StateTracking.qll",
                        "/home/oleksii-shemshur/vscode-codeql-starter/ql/python/ql/lib/semmle/python/dataflow/old/TaintTracking.qll",
                        "/home/oleksii-shemshur/vscode-codeql-starter/ql/python/ql/lib/semmle/python/dependencies/Dependencies.qll",
                        "/home/oleksii-shemshur/vscode-codeql-starter/ql/python/ql/lib/semmle/python/dependencies/DependencyKind.qll",
                        "/home/oleksii-shemshur/vscode-codeql-starter/ql/python/ql/lib/semmle/python/dependencies/TechInventory.qll",
                        "/home/oleksii-shemshur/vscode-codeql-starter/ql/python/ql/lib/semmle/python/essa/Definitions.qll",
                        "/home/oleksii-shemshur/vscode-codeql-starter/ql/python/ql/lib/semmle/python/essa/Essa.qll",
                        "/home/oleksii-shemshur/vscode-codeql-starter/ql/python/ql/lib/semmle/python/essa/SsaCompute.qll",
                        "/home/oleksii-shemshur/vscode-codeql-starter/ql/python/ql/lib/semmle/python/essa/SsaDefinitions.qll",
                        "/home/oleksii-shemshur/vscode-codeql-starter/ql/python/ql/lib/semmle/python/filters/GeneratedCode.qll",
                        "/home/oleksii-shemshur/vscode-codeql-starter/ql/python/ql/lib/semmle/python/filters/Tests.qll",
                        "/home/oleksii-shemshur/vscode-codeql-starter/ql/python/ql/lib/semmle/python/frameworks/Aioch.qll",
                        "/home/oleksii-shemshur/vscode-codeql-starter/ql/python/ql/lib/semmle/python/frameworks/Aiofile.qll",
                        "/home/oleksii-shemshur/vscode-codeql-starter/ql/python/ql/lib/semmle/python/frameworks/Aiofiles.qll",
                        "/home/oleksii-shemshur/vscode-codeql-starter/ql/python/ql/lib/semmle/python/frameworks/Aiohttp.qll",
                        "/home/oleksii-shemshur/vscode-codeql-starter/ql/python/ql/lib/semmle/python/frameworks/Aiomysql.qll",
                        "/home/oleksii-shemshur/vscode-codeql-starter/ql/python/ql/lib/semmle/python/frameworks/Aiopg.qll",
                        "/home/oleksii-shemshur/vscode-codeql-starter/ql/python/ql/lib/semmle/python/frameworks/Aiosqlite.qll",
                        "/home/oleksii-shemshur/vscode-codeql-starter/ql/python/ql/lib/semmle/python/frameworks/Airspeed.qll",
                        "/home/oleksii-shemshur/vscode-codeql-starter/ql/python/ql/lib/semmle/python/frameworks/AntiSSRF.model.yml",
                        "/home/oleksii-shemshur/vscode-codeql-starter/ql/python/ql/lib/semmle/python/frameworks/Anyio.qll",
                        "/home/oleksii-shemshur/vscode-codeql-starter/ql/python/ql/lib/semmle/python/frameworks/Asyncpg.model.yml",
                        "/home/oleksii-shemshur/vscode-codeql-starter/ql/python/ql/lib/semmle/python/frameworks/Asyncpg.qll",
                        "/home/oleksii-shemshur/vscode-codeql-starter/ql/python/ql/lib/semmle/python/frameworks/Azure.Keyvault.model.yml",
                        "/home/oleksii-shemshur/vscode-codeql-starter/ql/python/ql/lib/semmle/python/frameworks/Azure.Storage.model.yml",
                        "/home/oleksii-shemshur/vscode-codeql-starter/ql/python/ql/lib/semmle/python/frameworks/BSon.qll",
                        "/home/oleksii-shemshur/vscode-codeql-starter/ql/python/ql/lib/semmle/python/frameworks/Baize.qll",
                        "/home/oleksii-shemshur/vscode-codeql-starter/ql/python/ql/lib/semmle/python/frameworks/Bottle.qll",
                        "/home/oleksii-shemshur/vscode-codeql-starter/ql/python/ql/lib/semmle/python/frameworks/CassandraDriver.qll",
                        "/home/oleksii-shemshur/vscode-codeql-starter/ql/python/ql/lib/semmle/python/frameworks/Chameleon.qll",
                        "/home/oleksii-shemshur/vscode-codeql-starter/ql/python/ql/lib/semmle/python/frameworks/Cherrypy.qll",
                        "/home/oleksii-shemshur/vscode-codeql-starter/ql/python/ql/lib/semmle/python/frameworks/Chevron.qll",
                        "/home/oleksii-shemshur/vscode-codeql-starter/ql/python/ql/lib/semmle/python/frameworks/ClickhouseDriver.qll",
                        "/home/oleksii-shemshur/vscode-codeql-starter/ql/python/ql/lib/semmle/python/frameworks/Cryptodome.qll",
                        "/home/oleksii-shemshur/vscode-codeql-starter/ql/python/ql/lib/semmle/python/frameworks/Cryptography.qll",
                        "/home/oleksii-shemshur/vscode-codeql-starter/ql/python/ql/lib/semmle/python/frameworks/Cx_Oracle.qll",
                        "/home/oleksii-shemshur/vscode-codeql-starter/ql/python/ql/lib/semmle/python/frameworks/Dill.qll",
                        "/home/oleksii-shemshur/vscode-codeql-starter/ql/python/ql/lib/semmle/python/frameworks/Django.model.yml",
                        "/home/oleksii-shemshur/vscode-codeql-starter/ql/python/ql/lib/semmle/python/frameworks/Django.qll",
                        "/home/oleksii-shemshur/vscode-codeql-starter/ql/python/ql/lib/semmle/python/frameworks/Eventlet.model.yml",
                        "/home/oleksii-shemshur/vscode-codeql-starter/ql/python/ql/lib/semmle/python/frameworks/Fabric.qll",
                        "/home/oleksii-shemshur/vscode-codeql-starter/ql/python/ql/lib/semmle/python/frameworks/FastApi.qll",
                        "/home/oleksii-shemshur/vscode-codeql-starter/ql/python/ql/lib/semmle/python/frameworks/Flask.qll",
                        "/home/oleksii-shemshur/vscode-codeql-starter/ql/python/ql/lib/semmle/python/frameworks/FlaskAdmin.qll",
                        "/home/oleksii-shemshur/vscode-codeql-starter/ql/python/ql/lib/semmle/python/frameworks/FlaskSqlAlchemy.qll",
                        "/home/oleksii-shemshur/vscode-codeql-starter/ql/python/ql/lib/semmle/python/frameworks/Genshi.qll",
                        "/home/oleksii-shemshur/vscode-codeql-starter/ql/python/ql/lib/semmle/python/frameworks/Gevent.model.yml",
                        "/home/oleksii-shemshur/vscode-codeql-starter/ql/python/ql/lib/semmle/python/frameworks/Gradio.qll",
                        "/home/oleksii-shemshur/vscode-codeql-starter/ql/python/ql/lib/semmle/python/frameworks/Hdbcli.qll",
                        "/home/oleksii-shemshur/vscode-codeql-starter/ql/python/ql/lib/semmle/python/frameworks/Httpx.qll",
                        "/home/oleksii-shemshur/vscode-codeql-starter/ql/python/ql/lib/semmle/python/frameworks/Idna.qll",
                        "/home/oleksii-shemshur/vscode-codeql-starter/ql/python/ql/lib/semmle/python/frameworks/Invoke.qll",
                        "/home/oleksii-shemshur/vscode-codeql-starter/ql/python/ql/lib/semmle/python/frameworks/Jinja2.qll",
                        "/home/oleksii-shemshur/vscode-codeql-starter/ql/python/ql/lib/semmle/python/frameworks/Jmespath.qll",
                        "/home/oleksii-shemshur/vscode-codeql-starter/ql/python/ql/lib/semmle/python/frameworks/Joblib.qll",
                        "/home/oleksii-shemshur/vscode-codeql-starter/ql/python/ql/lib/semmle/python/frameworks/JsonPickle.qll",
                        "/home/oleksii-shemshur/vscode-codeql-starter/ql/python/ql/lib/semmle/python/frameworks/Ldap.qll",
                        "/home/oleksii-shemshur/vscode-codeql-starter/ql/python/ql/lib/semmle/python/frameworks/Ldap3.qll",
                        "/home/oleksii-shemshur/vscode-codeql-starter/ql/python/ql/lib/semmle/python/frameworks/Libtaxii.qll",
                        "/home/oleksii-shemshur/vscode-codeql-starter/ql/python/ql/lib/semmle/python/frameworks/Libxml2.qll",
                        "/home/oleksii-shemshur/vscode-codeql-starter/ql/python/ql/lib/semmle/python/frameworks/Lxml.qll",
                        "/home/oleksii-shemshur/vscode-codeql-starter/ql/python/ql/lib/semmle/python/frameworks/Mako.qll",
                        "/home/oleksii-shemshur/vscode-codeql-starter/ql/python/ql/lib/semmle/python/frameworks/MarkupSafe.qll",
                        "/home/oleksii-shemshur/vscode-codeql-starter/ql/python/ql/lib/semmle/python/frameworks/Multidict.qll",
                        "/home/oleksii-shemshur/vscode-codeql-starter/ql/python/ql/lib/semmle/python/frameworks/MySQLdb.qll",
                        "/home/oleksii-shemshur/vscode-codeql-starter/ql/python/ql/lib/semmle/python/frameworks/Mysql.qll",
                        "/home/oleksii-shemshur/vscode-codeql-starter/ql/python/ql/lib/semmle/python/frameworks/Numpy.qll",
                        "/home/oleksii-shemshur/vscode-codeql-starter/ql/python/ql/lib/semmle/python/frameworks/Opml.qll",
                        "/home/oleksii-shemshur/vscode-codeql-starter/ql/python/ql/lib/semmle/python/frameworks/Oracledb.qll",
                        "/home/oleksii-shemshur/vscode-codeql-starter/ql/python/ql/lib/semmle/python/frameworks/PEP249.qll",
                        "/home/oleksii-shemshur/vscode-codeql-starter/ql/python/ql/lib/semmle/python/frameworks/Pandas.qll",
                        "/home/oleksii-shemshur/vscode-codeql-starter/ql/python/ql/lib/semmle/python/frameworks/Paramiko.qll",
                        "/home/oleksii-shemshur/vscode-codeql-starter/ql/python/ql/lib/semmle/python/frameworks/Peewee.qll",
                        "/home/oleksii-shemshur/vscode-codeql-starter/ql/python/ql/lib/semmle/python/frameworks/Pexpect.qll",
                        "/home/oleksii-shemshur/vscode-codeql-starter/ql/python/ql/lib/semmle/python/frameworks/Phoenixdb.qll",
                        "/home/oleksii-shemshur/vscode-codeql-starter/ql/python/ql/lib/semmle/python/frameworks/Psycopg.qll",
                        "/home/oleksii-shemshur/vscode-codeql-starter/ql/python/ql/lib/semmle/python/frameworks/Psycopg2.qll",
                        "/home/oleksii-shemshur/vscode-codeql-starter/ql/python/ql/lib/semmle/python/frameworks/PyMongo.qll",
                        "/home/oleksii-shemshur/vscode-codeql-starter/ql/python/ql/lib/semmle/python/frameworks/PyMySQL.qll",
                        "/home/oleksii-shemshur/vscode-codeql-starter/ql/python/ql/lib/semmle/python/frameworks/Pycurl.qll",
                        "/home/oleksii-shemshur/vscode-codeql-starter/ql/python/ql/lib/semmle/python/frameworks/Pydantic.qll",
                        "/home/oleksii-shemshur/vscode-codeql-starter/ql/python/ql/lib/semmle/python/frameworks/Pymssql.qll",
                        "/home/oleksii-shemshur/vscode-codeql-starter/ql/python/ql/lib/semmle/python/frameworks/Pyodbc.qll",
                        "/home/oleksii-shemshur/vscode-codeql-starter/ql/python/ql/lib/semmle/python/frameworks/Pyramid.qll",
                        "/home/oleksii-shemshur/vscode-codeql-starter/ql/python/ql/lib/semmle/python/frameworks/Requests.qll",
                        "/home/oleksii-shemshur/vscode-codeql-starter/ql/python/ql/lib/semmle/python/frameworks/RestFramework.qll",
                        "/home/oleksii-shemshur/vscode-codeql-starter/ql/python/ql/lib/semmle/python/frameworks/Rsa.qll",
                        "/home/oleksii-shemshur/vscode-codeql-starter/ql/python/ql/lib/semmle/python/frameworks/RuamelYaml.qll",
                        "/home/oleksii-shemshur/vscode-codeql-starter/ql/python/ql/lib/semmle/python/frameworks/Sanic.qll",
                        "/home/oleksii-shemshur/vscode-codeql-starter/ql/python/ql/lib/semmle/python/frameworks/ServerLess.qll",
                        "/home/oleksii-shemshur/vscode-codeql-starter/ql/python/ql/lib/semmle/python/frameworks/Setuptools.qll",
                        "/home/oleksii-shemshur/vscode-codeql-starter/ql/python/ql/lib/semmle/python/frameworks/Simplejson.qll",
                        "/home/oleksii-shemshur/vscode-codeql-starter/ql/python/ql/lib/semmle/python/frameworks/Socketio.qll",
                        "/home/oleksii-shemshur/vscode-codeql-starter/ql/python/ql/lib/semmle/python/frameworks/SqlAlchemy.qll",
                        "/home/oleksii-shemshur/vscode-codeql-starter/ql/python/ql/lib/semmle/python/frameworks/Starlette.qll",
                        "/home/oleksii-shemshur/vscode-codeql-starter/ql/python/ql/lib/semmle/python/frameworks/Stdlib.model.yml",
                        "/home/oleksii-shemshur/vscode-codeql-starter/ql/python/ql/lib/semmle/python/frameworks/Stdlib.qll",
                        "/home/oleksii-shemshur/vscode-codeql-starter/ql/python/ql/lib/semmle/python/frameworks/Stdlib/Urllib.qll",
                        "/home/oleksii-shemshur/vscode-codeql-starter/ql/python/ql/lib/semmle/python/frameworks/Stdlib/Urllib2.qll",
                        "/home/oleksii-shemshur/vscode-codeql-starter/ql/python/ql/lib/semmle/python/frameworks/Streamlit.qll",
                        "/home/oleksii-shemshur/vscode-codeql-starter/ql/python/ql/lib/semmle/python/frameworks/TRender.qll",
                        "/home/oleksii-shemshur/vscode-codeql-starter/ql/python/ql/lib/semmle/python/frameworks/Toml.qll",
                        "/home/oleksii-shemshur/vscode-codeql-starter/ql/python/ql/lib/semmle/python/frameworks/Torch.qll",
                        "/home/oleksii-shemshur/vscode-codeql-starter/ql/python/ql/lib/semmle/python/frameworks/Tornado.qll",
                        "/home/oleksii-shemshur/vscode-codeql-starter/ql/python/ql/lib/semmle/python/frameworks/Twisted.qll",
                        "/home/oleksii-shemshur/vscode-codeql-starter/ql/python/ql/lib/semmle/python/frameworks/Ujson.qll",
                        "/home/oleksii-shemshur/vscode-codeql-starter/ql/python/ql/lib/semmle/python/frameworks/Urllib3.qll",
                        "/home/oleksii-shemshur/vscode-codeql-starter/ql/python/ql/lib/semmle/python/frameworks/Websockets.qll",
                        "/home/oleksii-shemshur/vscode-codeql-starter/ql/python/ql/lib/semmle/python/frameworks/Werkzeug.qll",
                        "/home/oleksii-shemshur/vscode-codeql-starter/ql/python/ql/lib/semmle/python/frameworks/Xmltodict.qll",
                        "/home/oleksii-shemshur/vscode-codeql-starter/ql/python/ql/lib/semmle/python/frameworks/Yaml.qll",
                        "/home/oleksii-shemshur/vscode-codeql-starter/ql/python/ql/lib/semmle/python/frameworks/Yarl.qll",
                        "/home/oleksii-shemshur/vscode-codeql-starter/ql/python/ql/lib/semmle/python/frameworks/agent.model.yml",
                        "/home/oleksii-shemshur/vscode-codeql-starter/ql/python/ql/lib/semmle/python/frameworks/anthropic.model.yml",
                        "/home/oleksii-shemshur/vscode-codeql-starter/ql/python/ql/lib/semmle/python/frameworks/builtins.model.yml",
                        "/home/oleksii-shemshur/vscode-codeql-starter/ql/python/ql/lib/semmle/python/frameworks/data/ModelsAsData.qll",
                        "/home/oleksii-shemshur/vscode-codeql-starter/ql/python/ql/lib/semmle/python/frameworks/data/internal/ApiGraphModels.qll",
                        "/home/oleksii-shemshur/vscode-codeql-starter/ql/python/ql/lib/semmle/python/frameworks/data/internal/ApiGraphModelsExtensions.qll",
                        "/home/oleksii-shemshur/vscode-codeql-starter/ql/python/ql/lib/semmle/python/frameworks/data/internal/ApiGraphModelsSpecific.qll",
                        "/home/oleksii-shemshur/vscode-codeql-starter/ql/python/ql/lib/semmle/python/frameworks/data/internal/empty.model.yml",
                        "/home/oleksii-shemshur/vscode-codeql-starter/ql/python/ql/lib/semmle/python/frameworks/data/internal/subclass-capture/ALL.model.yml",
                        "/home/oleksii-shemshur/vscode-codeql-starter/ql/python/ql/lib/semmle/python/frameworks/internal/InstanceTaintStepsHelper.qll",
                        "/home/oleksii-shemshur/vscode-codeql-starter/ql/python/ql/lib/semmle/python/frameworks/internal/PoorMansFunctionResolution.qll",
                        "/home/oleksii-shemshur/vscode-codeql-starter/ql/python/ql/lib/semmle/python/frameworks/internal/SelfRefMixin.qll",
                        "/home/oleksii-shemshur/vscode-codeql-starter/ql/python/ql/lib/semmle/python/frameworks/internal/SubclassFinder.qll",
                        "/home/oleksii-shemshur/vscode-codeql-starter/ql/python/ql/lib/semmle/python/frameworks/lxml.model.yml",
                        "/home/oleksii-shemshur/vscode-codeql-starter/ql/python/ql/lib/semmle/python/frameworks/openai.model.yml",
                        "/home/oleksii-shemshur/vscode-codeql-starter/ql/python/ql/lib/semmle/python/frameworks/xml.model.yml",
                        "/home/oleksii-shemshur/vscode-codeql-starter/ql/python/ql/lib/semmle/python/internal/Awaited.qll",
                        "/home/oleksii-shemshur/vscode-codeql-starter/ql/python/ql/lib/semmle/python/internal/CachedStages.qll",
                        "/home/oleksii-shemshur/vscode-codeql-starter/ql/python/ql/lib/semmle/python/internal/OverlayDiscardConsistencyQuery.qll",
                        "/home/oleksii-shemshur/vscode-codeql-starter/ql/python/ql/lib/semmle/python/internal/OverlayXml.qll",
                        "/home/oleksii-shemshur/vscode-codeql-starter/ql/python/ql/lib/semmle/python/libraries/Zope.qll",
                        "/home/oleksii-shemshur/vscode-codeql-starter/ql/python/ql/lib/semmle/python/objects/Callables.qll",
                        "/home/oleksii-shemshur/vscode-codeql-starter/ql/python/ql/lib/semmle/python/objects/Classes.qll",
                        "/home/oleksii-shemshur/vscode-codeql-starter/ql/python/ql/lib/semmle/python/objects/Constants.qll",
                        "/home/oleksii-shemshur/vscode-codeql-starter/ql/python/ql/lib/semmle/python/objects/Descriptors.qll",
                        "/home/oleksii-shemshur/vscode-codeql-starter/ql/python/ql/lib/semmle/python/objects/Instances.qll",
                        "/home/oleksii-shemshur/vscode-codeql-starter/ql/python/ql/lib/semmle/python/objects/Modules.qll",
                        "/home/oleksii-shemshur/vscode-codeql-starter/ql/python/ql/lib/semmle/python/objects/ObjectAPI.qll",
                        "/home/oleksii-shemshur/vscode-codeql-starter/ql/python/ql/lib/semmle/python/objects/ObjectInternal.qll",
                        "/home/oleksii-shemshur/vscode-codeql-starter/ql/python/ql/lib/semmle/python/objects/ObjectModel.md",
                        "/home/oleksii-shemshur/vscode-codeql-starter/ql/python/ql/lib/semmle/python/objects/Sequences.qll",
                        "/home/oleksii-shemshur/vscode-codeql-starter/ql/python/ql/lib/semmle/python/objects/TObject.qll",
                        "/home/oleksii-shemshur/vscode-codeql-starter/ql/python/ql/lib/semmle/python/pointsto/Base.qll",
                        "/home/oleksii-shemshur/vscode-codeql-starter/ql/python/ql/lib/semmle/python/pointsto/CallGraph.qll",
                        "/home/oleksii-shemshur/vscode-codeql-starter/ql/python/ql/lib/semmle/python/pointsto/Context.qll",
                        "/home/oleksii-shemshur/vscode-codeql-starter/ql/python/ql/lib/semmle/python/pointsto/Filters.qll",
                        "/home/oleksii-shemshur/vscode-codeql-starter/ql/python/ql/lib/semmle/python/pointsto/Final.qll",
                        "/home/oleksii-shemshur/vscode-codeql-starter/ql/python/ql/lib/semmle/python/pointsto/MRO.qll",
                        "/home/oleksii-shemshur/vscode-codeql-starter/ql/python/ql/lib/semmle/python/pointsto/Overview.qll",
                        "/home/oleksii-shemshur/vscode-codeql-starter/ql/python/ql/lib/semmle/python/pointsto/PointsTo.qll",
                        "/home/oleksii-shemshur/vscode-codeql-starter/ql/python/ql/lib/semmle/python/pointsto/PointsToContext.qll",
                        "/home/oleksii-shemshur/vscode-codeql-starter/ql/python/ql/lib/semmle/python/regex.qll",
                        "/home/oleksii-shemshur/vscode-codeql-starter/ql/python/ql/lib/semmle/python/regexp/RegexTreeView.qll",
                        "/home/oleksii-shemshur/vscode-codeql-starter/ql/python/ql/lib/semmle/python/regexp/internal/ParseRegExp.qll",
                        "/home/oleksii-shemshur/vscode-codeql-starter/ql/python/ql/lib/semmle/python/regexp/internal/RegExpTracking.qll",
                        "/home/oleksii-shemshur/vscode-codeql-starter/ql/python/ql/lib/semmle/python/security/README.md",
                        "/home/oleksii-shemshur/vscode-codeql-starter/ql/python/ql/lib/semmle/python/security/TaintTracking.qll",
                        "/home/oleksii-shemshur/vscode-codeql-starter/ql/python/ql/lib/semmle/python/security/dataflow/CleartextLoggingCustomizations.qll",
                        "/home/oleksii-shemshur/vscode-codeql-starter/ql/python/ql/lib/semmle/python/security/dataflow/CleartextLoggingQuery.qll",
                        "/home/oleksii-shemshur/vscode-codeql-starter/ql/python/ql/lib/semmle/python/security/dataflow/CleartextStorageCustomizations.qll",
                        "/home/oleksii-shemshur/vscode-codeql-starter/ql/python/ql/lib/semmle/python/security/dataflow/CleartextStorageQuery.qll",
                        "/home/oleksii-shemshur/vscode-codeql-starter/ql/python/ql/lib/semmle/python/security/dataflow/CodeInjectionCustomizations.qll",
                        "/home/oleksii-shemshur/vscode-codeql-starter/ql/python/ql/lib/semmle/python/security/dataflow/CodeInjectionQuery.qll",
                        "/home/oleksii-shemshur/vscode-codeql-starter/ql/python/ql/lib/semmle/python/security/dataflow/CommandInjectionCustomizations.qll",
                        "/home/oleksii-shemshur/vscode-codeql-starter/ql/python/ql/lib/semmle/python/security/dataflow/CommandInjectionQuery.qll",
                        "/home/oleksii-shemshur/vscode-codeql-starter/ql/python/ql/lib/semmle/python/security/dataflow/CookieInjectionCustomizations.qll",
                        "/home/oleksii-shemshur/vscode-codeql-starter/ql/python/ql/lib/semmle/python/security/dataflow/CookieInjectionQuery.qll",
                        "/home/oleksii-shemshur/vscode-codeql-starter/ql/python/ql/lib/semmle/python/security/dataflow/ExceptionInfo.qll",
                        "/home/oleksii-shemshur/vscode-codeql-starter/ql/python/ql/lib/semmle/python/security/dataflow/HttpHeaderInjectionCustomizations.qll",
                        "/home/oleksii-shemshur/vscode-codeql-starter/ql/python/ql/lib/semmle/python/security/dataflow/HttpHeaderInjectionQuery.qll",
                        "/home/oleksii-shemshur/vscode-codeql-starter/ql/python/ql/lib/semmle/python/security/dataflow/LdapInjectionCustomizations.qll",
                        "/home/oleksii-shemshur/vscode-codeql-starter/ql/python/ql/lib/semmle/python/security/dataflow/LdapInjectionQuery.qll",
                        "/home/oleksii-shemshur/vscode-codeql-starter/ql/python/ql/lib/semmle/python/security/dataflow/LogInjectionCustomizations.qll",
                        "/home/oleksii-shemshur/vscode-codeql-starter/ql/python/ql/lib/semmle/python/security/dataflow/LogInjectionQuery.qll",
                        "/home/oleksii-shemshur/vscode-codeql-starter/ql/python/ql/lib/semmle/python/security/dataflow/NoSqlInjectionCustomizations.qll",
                        "/home/oleksii-shemshur/vscode-codeql-starter/ql/python/ql/lib/semmle/python/security/dataflow/NoSqlInjectionQuery.qll",
                        "/home/oleksii-shemshur/vscode-codeql-starter/ql/python/ql/lib/semmle/python/security/dataflow/PamAuthorizationCustomizations.qll",
                        "/home/oleksii-shemshur/vscode-codeql-starter/ql/python/ql/lib/semmle/python/security/dataflow/PamAuthorizationQuery.qll",
                        "/home/oleksii-shemshur/vscode-codeql-starter/ql/python/ql/lib/semmle/python/security/dataflow/PathInjectionCustomizations.qll",
                        "/home/oleksii-shemshur/vscode-codeql-starter/ql/python/ql/lib/semmle/python/security/dataflow/PathInjectionQuery.qll",
                        "/home/oleksii-shemshur/vscode-codeql-starter/ql/python/ql/lib/semmle/python/security/dataflow/PolynomialReDoSCustomizations.qll",
                        "/home/oleksii-shemshur/vscode-codeql-starter/ql/python/ql/lib/semmle/python/security/dataflow/PolynomialReDoSQuery.qll",
                        "/home/oleksii-shemshur/vscode-codeql-starter/ql/python/ql/lib/semmle/python/security/dataflow/ReflectedXSSCustomizations.qll",
                        "/home/oleksii-shemshur/vscode-codeql-starter/ql/python/ql/lib/semmle/python/security/dataflow/ReflectedXssQuery.qll",
                        "/home/oleksii-shemshur/vscode-codeql-starter/ql/python/ql/lib/semmle/python/security/dataflow/RegexInjectionCustomizations.qll",
                        "/home/oleksii-shemshur/vscode-codeql-starter/ql/python/ql/lib/semmle/python/security/dataflow/RegexInjectionQuery.qll",
                        "/home/oleksii-shemshur/vscode-codeql-starter/ql/python/ql/lib/semmle/python/security/dataflow/ServerSideRequestForgeryCustomizations.qll",
                        "/home/oleksii-shemshur/vscode-codeql-starter/ql/python/ql/lib/semmle/python/security/dataflow/ServerSideRequestForgeryQuery.qll",
                        "/home/oleksii-shemshur/vscode-codeql-starter/ql/python/ql/lib/semmle/python/security/dataflow/SqlInjectionCustomizations.qll",
                        "/home/oleksii-shemshur/vscode-codeql-starter/ql/python/ql/lib/semmle/python/security/dataflow/SqlInjectionQuery.qll",
                        "/home/oleksii-shemshur/vscode-codeql-starter/ql/python/ql/lib/semmle/python/security/dataflow/StackTraceExposureCustomizations.qll",
                        "/home/oleksii-shemshur/vscode-codeql-starter/ql/python/ql/lib/semmle/python/security/dataflow/StackTraceExposureQuery.qll",
                        "/home/oleksii-shemshur/vscode-codeql-starter/ql/python/ql/lib/semmle/python/security/dataflow/TarSlipCustomizations.qll",
                        "/home/oleksii-shemshur/vscode-codeql-starter/ql/python/ql/lib/semmle/python/security/dataflow/TarSlipQuery.qll",
                        "/home/oleksii-shemshur/vscode-codeql-starter/ql/python/ql/lib/semmle/python/security/dataflow/TemplateInjectionCustomizations.qll",
                        "/home/oleksii-shemshur/vscode-codeql-starter/ql/python/ql/lib/semmle/python/security/dataflow/TemplateInjectionQuery.qll",
                        "/home/oleksii-shemshur/vscode-codeql-starter/ql/python/ql/lib/semmle/python/security/dataflow/UnsafeDeserializationCustomizations.qll",
                        "/home/oleksii-shemshur/vscode-codeql-starter/ql/python/ql/lib/semmle/python/security/dataflow/UnsafeDeserializationQuery.qll",
                        "/home/oleksii-shemshur/vscode-codeql-starter/ql/python/ql/lib/semmle/python/security/dataflow/UnsafeShellCommandConstructionCustomizations.qll",
                        "/home/oleksii-shemshur/vscode-codeql-starter/ql/python/ql/lib/semmle/python/security/dataflow/UnsafeShellCommandConstructionQuery.qll",
                        "/home/oleksii-shemshur/vscode-codeql-starter/ql/python/ql/lib/semmle/python/security/dataflow/UrlRedirectCustomizations.qll",
                        "/home/oleksii-shemshur/vscode-codeql-starter/ql/python/ql/lib/semmle/python/security/dataflow/UrlRedirectQuery.qll",
                        "/home/oleksii-shemshur/vscode-codeql-starter/ql/python/ql/lib/semmle/python/security/dataflow/WeakSensitiveDataHashingCustomizations.qll",
                        "/home/oleksii-shemshur/vscode-codeql-starter/ql/python/ql/lib/semmle/python/security/dataflow/WeakSensitiveDataHashingQuery.qll",
                        "/home/oleksii-shemshur/vscode-codeql-starter/ql/python/ql/lib/semmle/python/security/dataflow/XmlBombCustomizations.qll",
                        "/home/oleksii-shemshur/vscode-codeql-starter/ql/python/ql/lib/semmle/python/security/dataflow/XmlBombQuery.qll",
                        "/home/oleksii-shemshur/vscode-codeql-starter/ql/python/ql/lib/semmle/python/security/dataflow/XpathInjectionCustomizations.qll",
                        "/home/oleksii-shemshur/vscode-codeql-starter/ql/python/ql/lib/semmle/python/security/dataflow/XpathInjectionQuery.qll",
                        "/home/oleksii-shemshur/vscode-codeql-starter/ql/python/ql/lib/semmle/python/security/dataflow/XxeCustomizations.qll",
                        "/home/oleksii-shemshur/vscode-codeql-starter/ql/python/ql/lib/semmle/python/security/dataflow/XxeQuery.qll",
                        "/home/oleksii-shemshur/vscode-codeql-starter/ql/python/ql/lib/semmle/python/security/internal/EncryptionKeySizes.qll",
                        "/home/oleksii-shemshur/vscode-codeql-starter/ql/python/ql/lib/semmle/python/security/regexp/HostnameRegex.qll",
                        "/home/oleksii-shemshur/vscode-codeql-starter/ql/python/ql/lib/semmle/python/strings.qll",
                        "/home/oleksii-shemshur/vscode-codeql-starter/ql/python/ql/lib/semmle/python/templates/PyxlTags.qll",
                        "/home/oleksii-shemshur/vscode-codeql-starter/ql/python/ql/lib/semmle/python/templates/Templates.qll",
                        "/home/oleksii-shemshur/vscode-codeql-starter/ql/python/ql/lib/semmle/python/types/Builtins.qll",
                        "/home/oleksii-shemshur/vscode-codeql-starter/ql/python/ql/lib/semmle/python/types/ClassObject.qll",
                        "/home/oleksii-shemshur/vscode-codeql-starter/ql/python/ql/lib/semmle/python/types/Descriptors.qll",
                        "/home/oleksii-shemshur/vscode-codeql-starter/ql/python/ql/lib/semmle/python/types/Exceptions.qll",
                        "/home/oleksii-shemshur/vscode-codeql-starter/ql/python/ql/lib/semmle/python/types/Extensions.qll",
                        "/home/oleksii-shemshur/vscode-codeql-starter/ql/python/ql/lib/semmle/python/types/FunctionObject.qll",
                        "/home/oleksii-shemshur/vscode-codeql-starter/ql/python/ql/lib/semmle/python/types/ImportTime.qll",
                        "/home/oleksii-shemshur/vscode-codeql-starter/ql/python/ql/lib/semmle/python/types/ModuleKind.qll",
                        "/home/oleksii-shemshur/vscode-codeql-starter/ql/python/ql/lib/semmle/python/types/ModuleObject.qll",
                        "/home/oleksii-shemshur/vscode-codeql-starter/ql/python/ql/lib/semmle/python/types/Object.qll",
                        "/home/oleksii-shemshur/vscode-codeql-starter/ql/python/ql/lib/semmle/python/types/Properties.qll",
                        "/home/oleksii-shemshur/vscode-codeql-starter/ql/python/ql/lib/semmle/python/types/Version.qll",
                        "/home/oleksii-shemshur/vscode-codeql-starter/ql/python/ql/lib/semmle/python/values/StringAttributes.qll",
                        "/home/oleksii-shemshur/vscode-codeql-starter/ql/python/ql/lib/semmle/python/xml/XML.qll",
                        "/home/oleksii-shemshur/vscode-codeql-starter/ql/python/ql/lib/semmlecode.python.dbscheme",
                        "/home/oleksii-shemshur/vscode-codeql-starter/ql/python/ql/lib/semmlecode.python.dbscheme.stats",
                        "/home/oleksii-shemshur/vscode-codeql-starter/ql/python/ql/lib/site.qll",
                        "/home/oleksii-shemshur/vscode-codeql-starter/ql/python/ql/lib/upgrades/0355ecf0ac589e66467a378e0e9d60f41ee4a757/old.dbscheme",
                        "/home/oleksii-shemshur/vscode-codeql-starter/ql/python/ql/lib/upgrades/0355ecf0ac589e66467a378e0e9d60f41ee4a757/semmlecode.python.dbscheme",
                        "/home/oleksii-shemshur/vscode-codeql-starter/ql/python/ql/lib/upgrades/0355ecf0ac589e66467a378e0e9d60f41ee4a757/upgrade.properties",
                        "/home/oleksii-shemshur/vscode-codeql-starter/ql/python/ql/lib/upgrades/0565f7466437d52e1dc64a3b930926ab2f60cd64/old.dbscheme",
                        "/home/oleksii-shemshur/vscode-codeql-starter/ql/python/ql/lib/upgrades/0565f7466437d52e1dc64a3b930926ab2f60cd64/semmlecode.python.dbscheme",
                        "/home/oleksii-shemshur/vscode-codeql-starter/ql/python/ql/lib/upgrades/0565f7466437d52e1dc64a3b930926ab2f60cd64/upgrade.properties",
                        "/home/oleksii-shemshur/vscode-codeql-starter/ql/python/ql/lib/upgrades/279cbb08d387ecd57ac177e87c94cfd5ca62f792/old.dbscheme",
                        "/home/oleksii-shemshur/vscode-codeql-starter/ql/python/ql/lib/upgrades/279cbb08d387ecd57ac177e87c94cfd5ca62f792/semmlecode.python.dbscheme",
                        "/home/oleksii-shemshur/vscode-codeql-starter/ql/python/ql/lib/upgrades/279cbb08d387ecd57ac177e87c94cfd5ca62f792/upgrade.properties",
                        "/home/oleksii-shemshur/vscode-codeql-starter/ql/python/ql/lib/upgrades/47e552c4357a04c5735355fad818630daee4a5ac/old.dbscheme",
                        "/home/oleksii-shemshur/vscode-codeql-starter/ql/python/ql/lib/upgrades/47e552c4357a04c5735355fad818630daee4a5ac/semmlecode.python.dbscheme",
                        "/home/oleksii-shemshur/vscode-codeql-starter/ql/python/ql/lib/upgrades/47e552c4357a04c5735355fad818630daee4a5ac/upgrade.properties",
                        "/home/oleksii-shemshur/vscode-codeql-starter/ql/python/ql/lib/upgrades/4f1806347d7fafe2f78508da01c01e5aff5f7cbb/old.dbscheme",
                        "/home/oleksii-shemshur/vscode-codeql-starter/ql/python/ql/lib/upgrades/4f1806347d7fafe2f78508da01c01e5aff5f7cbb/semmlecode.python.dbscheme",
                        "/home/oleksii-shemshur/vscode-codeql-starter/ql/python/ql/lib/upgrades/4f1806347d7fafe2f78508da01c01e5aff5f7cbb/upgrade.properties",
                        "/home/oleksii-shemshur/vscode-codeql-starter/ql/python/ql/lib/upgrades/503c0516fba2e5da9570f00eb34ef43025ecb8fb/old.dbscheme",
                        "/home/oleksii-shemshur/vscode-codeql-starter/ql/python/ql/lib/upgrades/503c0516fba2e5da9570f00eb34ef43025ecb8fb/py_stmts.ql",
                        "/home/oleksii-shemshur/vscode-codeql-starter/ql/python/ql/lib/upgrades/503c0516fba2e5da9570f00eb34ef43025ecb8fb/semmlecode.python.dbscheme",
                        "/home/oleksii-shemshur/vscode-codeql-starter/ql/python/ql/lib/upgrades/503c0516fba2e5da9570f00eb34ef43025ecb8fb/upgrade.properties",
                        "/home/oleksii-shemshur/vscode-codeql-starter/ql/python/ql/lib/upgrades/5af903da088e3746aa283700a43a779302453523/old.dbscheme",
                        "/home/oleksii-shemshur/vscode-codeql-starter/ql/python/ql/lib/upgrades/5af903da088e3746aa283700a43a779302453523/semmlecode.python.dbscheme",
                        "/home/oleksii-shemshur/vscode-codeql-starter/ql/python/ql/lib/upgrades/5af903da088e3746aa283700a43a779302453523/upgrade.properties",
                        "/home/oleksii-shemshur/vscode-codeql-starter/ql/python/ql/lib/upgrades/62a30d37a729670a8cc3c67b4dad81f1983865f8/old.dbscheme",
                        "/home/oleksii-shemshur/vscode-codeql-starter/ql/python/ql/lib/upgrades/62a30d37a729670a8cc3c67b4dad81f1983865f8/semmlecode.python.dbscheme",
                        "/home/oleksii-shemshur/vscode-codeql-starter/ql/python/ql/lib/upgrades/62a30d37a729670a8cc3c67b4dad81f1983865f8/upgrade.properties",
                        "/home/oleksii-shemshur/vscode-codeql-starter/ql/python/ql/lib/upgrades/6a1f497168da2f43828161d3c86db7d4c94c2b53/old.dbscheme",
                        "/home/oleksii-shemshur/vscode-codeql-starter/ql/python/ql/lib/upgrades/6a1f497168da2f43828161d3c86db7d4c94c2b53/semmlecode.python.dbscheme",
                        "/home/oleksii-shemshur/vscode-codeql-starter/ql/python/ql/lib/upgrades/6a1f497168da2f43828161d3c86db7d4c94c2b53/upgrade.properties",
                        "/home/oleksii-shemshur/vscode-codeql-starter/ql/python/ql/lib/upgrades/728c6d65e61d808ae276013ebc15abc3a97aaef1/old.dbscheme",
                        "/home/oleksii-shemshur/vscode-codeql-starter/ql/python/ql/lib/upgrades/728c6d65e61d808ae276013ebc15abc3a97aaef1/semmlecode.python.dbscheme",
                        "/home/oleksii-shemshur/vscode-codeql-starter/ql/python/ql/lib/upgrades/728c6d65e61d808ae276013ebc15abc3a97aaef1/upgrade.properties",
                        "/home/oleksii-shemshur/vscode-codeql-starter/ql/python/ql/lib/upgrades/8d257a4a9bc78e39856d6cd33499389fc5148d4f/old.dbscheme",
                        "/home/oleksii-shemshur/vscode-codeql-starter/ql/python/ql/lib/upgrades/8d257a4a9bc78e39856d6cd33499389fc5148d4f/semmlecode.python.dbscheme",
                        "/home/oleksii-shemshur/vscode-codeql-starter/ql/python/ql/lib/upgrades/8d257a4a9bc78e39856d6cd33499389fc5148d4f/upgrade.properties",
                        "/home/oleksii-shemshur/vscode-codeql-starter/ql/python/ql/lib/upgrades/acf8d3b08ae3cfac8833d16efbfa5a10fef86819/old.dbscheme",
                        "/home/oleksii-shemshur/vscode-codeql-starter/ql/python/ql/lib/upgrades/acf8d3b08ae3cfac8833d16efbfa5a10fef86819/semmlecode.python.dbscheme",
                        "/home/oleksii-shemshur/vscode-codeql-starter/ql/python/ql/lib/upgrades/acf8d3b08ae3cfac8833d16efbfa5a10fef86819/upgrade.properties",
                        "/home/oleksii-shemshur/vscode-codeql-starter/ql/python/ql/lib/upgrades/eb5fc917c79bb23ce2de4a022f3e566d57a91be9/old.dbscheme",
                        "/home/oleksii-shemshur/vscode-codeql-starter/ql/python/ql/lib/upgrades/eb5fc917c79bb23ce2de4a022f3e566d57a91be9/semmlecode.python.dbscheme",
                        "/home/oleksii-shemshur/vscode-codeql-starter/ql/python/ql/lib/upgrades/eb5fc917c79bb23ce2de4a022f3e566d57a91be9/upgrade.properties",
                        "/home/oleksii-shemshur/vscode-codeql-starter/ql/python/ql/lib/upgrades/f635b392038a494915307f913657cd3058f9b476/old.dbscheme",
                        "/home/oleksii-shemshur/vscode-codeql-starter/ql/python/ql/lib/upgrades/f635b392038a494915307f913657cd3058f9b476/py_exprs.ql",
                        "/home/oleksii-shemshur/vscode-codeql-starter/ql/python/ql/lib/upgrades/f635b392038a494915307f913657cd3058f9b476/semmlecode.python.dbscheme",
                        "/home/oleksii-shemshur/vscode-codeql-starter/ql/python/ql/lib/upgrades/f635b392038a494915307f913657cd3058f9b476/upgrade.properties",
                        "/home/oleksii-shemshur/vscode-codeql-starter/ql/python/ql/lib/upgrades/ff5327c074ca235c6b2fa4ea9ed29f4c60aa46cb/old.dbscheme",
                        "/home/oleksii-shemshur/vscode-codeql-starter/ql/python/ql/lib/upgrades/ff5327c074ca235c6b2fa4ea9ed29f4c60aa46cb/py_exprs.ql",
                        "/home/oleksii-shemshur/vscode-codeql-starter/ql/python/ql/lib/upgrades/ff5327c074ca235c6b2fa4ea9ed29f4c60aa46cb/py_stmts.ql",
                        "/home/oleksii-shemshur/vscode-codeql-starter/ql/python/ql/lib/upgrades/ff5327c074ca235c6b2fa4ea9ed29f4c60aa46cb/semmlecode.python.dbscheme",
                        "/home/oleksii-shemshur/vscode-codeql-starter/ql/python/ql/lib/upgrades/ff5327c074ca235c6b2fa4ea9ed29f4c60aa46cb/upgrade.properties",
                        "/home/oleksii-shemshur/vscode-codeql-starter/ql/python/ql/lib/upgrades/initial/semmlecode.python.dbscheme",
                        "/home/oleksii-shemshur/vscode-codeql-starter/ql/python/ql/lib/utils/test/InlineExpectationsTest.qll",
                        "/home/oleksii-shemshur/vscode-codeql-starter/ql/python/ql/lib/utils/test/InlineExpectationsTestQuery.ql",
                        "/home/oleksii-shemshur/vscode-codeql-starter/ql/python/ql/lib/utils/test/PrettyPrintModels.ql",
                        "/home/oleksii-shemshur/vscode-codeql-starter/ql/python/ql/lib/utils/test/VerifyApiGraphs.qll",
                        "/home/oleksii-shemshur/vscode-codeql-starter/ql/python/ql/lib/utils/test/dataflow/DataflowQueryTest.qll",
                        "/home/oleksii-shemshur/vscode-codeql-starter/ql/python/ql/lib/utils/test/dataflow/FlowTest.qll",
                        "/home/oleksii-shemshur/vscode-codeql-starter/ql/python/ql/lib/utils/test/dataflow/LocalFlowStepTest.qll",
                        "/home/oleksii-shemshur/vscode-codeql-starter/ql/python/ql/lib/utils/test/dataflow/MaximalFlowTest.qll",
                        "/home/oleksii-shemshur/vscode-codeql-starter/ql/python/ql/lib/utils/test/dataflow/NormalDataflowTest.qll",
                        "/home/oleksii-shemshur/vscode-codeql-starter/ql/python/ql/lib/utils/test/dataflow/NormalTaintTrackingTest.qll",
                        "/home/oleksii-shemshur/vscode-codeql-starter/ql/python/ql/lib/utils/test/dataflow/RoutingTest.qll",
                        "/home/oleksii-shemshur/vscode-codeql-starter/ql/python/ql/lib/utils/test/dataflow/UnresolvedCalls.qll",
                        "/home/oleksii-shemshur/vscode-codeql-starter/ql/python/ql/lib/utils/test/dataflow/callGraphConfig.qll",
                        "/home/oleksii-shemshur/vscode-codeql-starter/ql/python/ql/lib/utils/test/dataflow/testConfig.qll",
                        "/home/oleksii-shemshur/vscode-codeql-starter/ql/python/ql/lib/utils/test/dataflow/testTaintConfig.qll",
                        "/home/oleksii-shemshur/vscode-codeql-starter/ql/python/ql/lib/utils/test/internal/InlineExpectationsTestImpl.qll"
                      ]
[2026-07-24 19:03:05] Plumbing command codeql pack packlist completed:
                      {
                        "paths" : [
                          "/home/oleksii-shemshur/vscode-codeql-starter/ql/python/ql/lib/CHANGELOG.md",
                          "/home/oleksii-shemshur/vscode-codeql-starter/ql/python/ql/lib/Customizations.qll",
                          "/home/oleksii-shemshur/vscode-codeql-starter/ql/python/ql/lib/LegacyPointsTo.qll",
                          "/home/oleksii-shemshur/vscode-codeql-starter/ql/python/ql/lib/analysis/DefinitionTracking.qll",
                          "/home/oleksii-shemshur/vscode-codeql-starter/ql/python/ql/lib/analysis/IDEContextual.qll",
                          "/home/oleksii-shemshur/vscode-codeql-starter/ql/python/ql/lib/analysis/LocalDefinitions.ql",
                          "/home/oleksii-shemshur/vscode-codeql-starter/ql/python/ql/lib/analysis/LocalReferences.ql",
                          "/home/oleksii-shemshur/vscode-codeql-starter/ql/python/ql/lib/default.qll",
                          "/home/oleksii-shemshur/vscode-codeql-starter/ql/python/ql/lib/design.md",
                          "/home/oleksii-shemshur/vscode-codeql-starter/ql/python/ql/lib/experimental/cryptography/Concepts.qll",
                          "/home/oleksii-shemshur/vscode-codeql-starter/ql/python/ql/lib/experimental/cryptography/CryptoAlgorithmNames.qll",
                          "/home/oleksii-shemshur/vscode-codeql-starter/ql/python/ql/lib/experimental/cryptography/CryptoArtifact.qll",
                          "/home/oleksii-shemshur/vscode-codeql-starter/ql/python/ql/lib/experimental/cryptography/modules/CryptographyModule.qll",
                          "/home/oleksii-shemshur/vscode-codeql-starter/ql/python/ql/lib/experimental/cryptography/modules/stdlib/HashlibModule.qll",
                          "/home/oleksii-shemshur/vscode-codeql-starter/ql/python/ql/lib/experimental/cryptography/modules/stdlib/HmacModule.qll",
                          "/home/oleksii-shemshur/vscode-codeql-starter/ql/python/ql/lib/experimental/cryptography/utils/CallCfgNodeWithTarget.qll",
                          "/home/oleksii-shemshur/vscode-codeql-starter/ql/python/ql/lib/experimental/cryptography/utils/Utils.qll",
                          "/home/oleksii-shemshur/vscode-codeql-starter/ql/python/ql/lib/ext/default-threat-models-fixup.model.yml",
                          "/home/oleksii-shemshur/vscode-codeql-starter/ql/python/ql/lib/modeling/ModelEditor.qll",
                          "/home/oleksii-shemshur/vscode-codeql-starter/ql/python/ql/lib/modeling/Util.qll",
                          "/home/oleksii-shemshur/vscode-codeql-starter/ql/python/ql/lib/printAst.ql",
                          "/home/oleksii-shemshur/vscode-codeql-starter/ql/python/ql/lib/python.qll",
                          "/home/oleksii-shemshur/vscode-codeql-starter/ql/python/ql/lib/qlpack.yml",
                          "/home/oleksii-shemshur/vscode-codeql-starter/ql/python/ql/lib/semmle/crypto/Crypto.qll",
                          "/home/oleksii-shemshur/vscode-codeql-starter/ql/python/ql/lib/semmle/dataflow/SSA.qll",
                          "/home/oleksii-shemshur/vscode-codeql-starter/ql/python/ql/lib/semmle/files/FileSystem.qll",
                          "/home/oleksii-shemshur/vscode-codeql-starter/ql/python/ql/lib/semmle/python/ApiGraphs.qll",
                          "/home/oleksii-shemshur/vscode-codeql-starter/ql/python/ql/lib/semmle/python/AstExtended.qll",
                          "/home/oleksii-shemshur/vscode-codeql-starter/ql/python/ql/lib/semmle/python/AstGenerated.qll",
                          "/home/oleksii-shemshur/vscode-codeql-starter/ql/python/ql/lib/semmle/python/Class.qll",
                          "/home/oleksii-shemshur/vscode-codeql-starter/ql/python/ql/lib/semmle/python/Comment.qll",
                          "/home/oleksii-shemshur/vscode-codeql-starter/ql/python/ql/lib/semmle/python/Comparisons.qll",
                          "/home/oleksii-shemshur/vscode-codeql-starter/ql/python/ql/lib/semmle/python/Comprehensions.qll",
                          "/home/oleksii-shemshur/vscode-codeql-starter/ql/python/ql/lib/semmle/python/Concepts.qll",
                          "/home/oleksii-shemshur/vscode-codeql-starter/ql/python/ql/lib/semmle/python/Constants.qll",
                          "/home/oleksii-shemshur/vscode-codeql-starter/ql/python/ql/lib/semmle/python/Exprs.qll",
                          "/home/oleksii-shemshur/vscode-codeql-starter/ql/python/ql/lib/semmle/python/Files.qll",
                          "/home/oleksii-shemshur/vscode-codeql-starter/ql/python/ql/lib/semmle/python/Flow.qll",
                          "/home/oleksii-shemshur/vscode-codeql-starter/ql/python/ql/lib/semmle/python/Frameworks.qll",
                          "/home/oleksii-shemshur/vscode-codeql-starter/ql/python/ql/lib/semmle/python/Function.qll",
                          "/home/oleksii-shemshur/vscode-codeql-starter/ql/python/ql/lib/semmle/python/GuardedControlFlow.qll",
                          "/home/oleksii-shemshur/vscode-codeql-starter/ql/python/ql/lib/semmle/python/Import.qll",
                          "/home/oleksii-shemshur/vscode-codeql-starter/ql/python/ql/lib/semmle/python/Keywords.qll",
                          "/home/oleksii-shemshur/vscode-codeql-starter/ql/python/ql/lib/semmle/python/Metrics.qll",
                          "/home/oleksii-shemshur/vscode-codeql-starter/ql/python/ql/lib/semmle/python/Module.qll",
                          "/home/oleksii-shemshur/vscode-codeql-starter/ql/python/ql/lib/semmle/python/Operations.qll",
                          "/home/oleksii-shemshur/vscode-codeql-starter/ql/python/ql/lib/semmle/python/Overlay.qll",
                          "/home/oleksii-shemshur/vscode-codeql-starter/ql/python/ql/lib/semmle/python/Patterns.qll",
                          "/home/oleksii-shemshur/vscode-codeql-starter/ql/python/ql/lib/semmle/python/PrintAst.qll",
                          "/home/oleksii-shemshur/vscode-codeql-starter/ql/python/ql/lib/semmle/python/SSA.qll",
                          "/home/oleksii-shemshur/vscode-codeql-starter/ql/python/ql/lib/semmle/python/Scope.qll",
                          "/home/oleksii-shemshur/vscode-codeql-starter/ql/python/ql/lib/semmle/python/SelfAttribute.qll",
                          "/home/oleksii-shemshur/vscode-codeql-starter/ql/python/ql/lib/semmle/python/SpecialMethods.qll",
                          "/home/oleksii-shemshur/vscode-codeql-starter/ql/python/ql/lib/semmle/python/Stmts.qll",
                          "/home/oleksii-shemshur/vscode-codeql-starter/ql/python/ql/lib/semmle/python/TestUtils.qll",
                          "/home/oleksii-shemshur/vscode-codeql-starter/ql/python/ql/lib/semmle/python/Unit.qll",
                          "/home/oleksii-shemshur/vscode-codeql-starter/ql/python/ql/lib/semmle/python/Variables.qll",
                          "/home/oleksii-shemshur/vscode-codeql-starter/ql/python/ql/lib/semmle/python/Yaml.qll",
                          "/home/oleksii-shemshur/vscode-codeql-starter/ql/python/ql/lib/semmle/python/concepts/CryptoAlgorithms.qll",
                          "/home/oleksii-shemshur/vscode-codeql-starter/ql/python/ql/lib/semmle/python/dataflow/Configuration.qll",
                          "/home/oleksii-shemshur/vscode-codeql-starter/ql/python/ql/lib/semmle/python/dataflow/DataFlow.qll",
                          "/home/oleksii-shemshur/vscode-codeql-starter/ql/python/ql/lib/semmle/python/dataflow/Files.qll",
                          "/home/oleksii-shemshur/vscode-codeql-starter/ql/python/ql/lib/semmle/python/dataflow/Implementation.qll",
                          "/home/oleksii-shemshur/vscode-codeql-starter/ql/python/ql/lib/semmle/python/dataflow/Legacy.qll",
                          "/home/oleksii-shemshur/vscode-codeql-starter/ql/python/ql/lib/semmle/python/dataflow/StateTracking.qll",
                          "/home/oleksii-shemshur/vscode-codeql-starter/ql/python/ql/lib/semmle/python/dataflow/TaintTracking.qll",
                          "/home/oleksii-shemshur/vscode-codeql-starter/ql/python/ql/lib/semmle/python/dataflow/new/BarrierGuards.qll",
                          "/home/oleksii-shemshur/vscode-codeql-starter/ql/python/ql/lib/semmle/python/dataflow/new/DataFlow.qll",
                          "/home/oleksii-shemshur/vscode-codeql-starter/ql/python/ql/lib/semmle/python/dataflow/new/FlowSummary.qll",
                          "/home/oleksii-shemshur/vscode-codeql-starter/ql/python/ql/lib/semmle/python/dataflow/new/Regexp.qll",
                          "/home/oleksii-shemshur/vscode-codeql-starter/ql/python/ql/lib/semmle/python/dataflow/new/RemoteFlowSources.qll",
                          "/home/oleksii-shemshur/vscode-codeql-starter/ql/python/ql/lib/semmle/python/dataflow/new/SensitiveDataSources.qll",
                          "/home/oleksii-shemshur/vscode-codeql-starter/ql/python/ql/lib/semmle/python/dataflow/new/TaintTracking.qll",
                          "/home/oleksii-shemshur/vscode-codeql-starter/ql/python/ql/lib/semmle/python/dataflow/new/TypeTracking.qll",
                          "/home/oleksii-shemshur/vscode-codeql-starter/ql/python/ql/lib/semmle/python/dataflow/new/internal/Attributes.qll",
                          "/home/oleksii-shemshur/vscode-codeql-starter/ql/python/ql/lib/semmle/python/dataflow/new/internal/Builtins.qll",
                          "/home/oleksii-shemshur/vscode-codeql-starter/ql/python/ql/lib/semmle/python/dataflow/new/internal/DataFlowDispatch.qll",
                          "/home/oleksii-shemshur/vscode-codeql-starter/ql/python/ql/lib/semmle/python/dataflow/new/internal/DataFlowImpl.qll",
                          "/home/oleksii-shemshur/vscode-codeql-starter/ql/python/ql/lib/semmle/python/dataflow/new/internal/DataFlowImplCommon.qll",
                          "/home/oleksii-shemshur/vscode-codeql-starter/ql/python/ql/lib/semmle/python/dataflow/new/internal/DataFlowImplSpecific.qll",
                          "/home/oleksii-shemshur/vscode-codeql-starter/ql/python/ql/lib/semmle/python/dataflow/new/internal/DataFlowPrivate.qll",
                          "/home/oleksii-shemshur/vscode-codeql-starter/ql/python/ql/lib/semmle/python/dataflow/new/internal/DataFlowPublic.qll",
                          "/home/oleksii-shemshur/vscode-codeql-starter/ql/python/ql/lib/semmle/python/dataflow/new/internal/DataFlowUtil.qll",
                          "/home/oleksii-shemshur/vscode-codeql-starter/ql/python/ql/lib/semmle/python/dataflow/new/internal/FlowSummaryImpl.qll",
                          "/home/oleksii-shemshur/vscode-codeql-starter/ql/python/ql/lib/semmle/python/dataflow/new/internal/ImportResolution.qll",
                          "/home/oleksii-shemshur/vscode-codeql-starter/ql/python/ql/lib/semmle/python/dataflow/new/internal/ImportStar.qll",
                          "/home/oleksii-shemshur/vscode-codeql-starter/ql/python/ql/lib/semmle/python/dataflow/new/internal/IterableUnpacking.qll",
                          "/home/oleksii-shemshur/vscode-codeql-starter/ql/python/ql/lib/semmle/python/dataflow/new/internal/LocalSources.qll",
                          "/home/oleksii-shemshur/vscode-codeql-starter/ql/python/ql/lib/semmle/python/dataflow/new/internal/MatchUnpacking.qll",
                          "/home/oleksii-shemshur/vscode-codeql-starter/ql/python/ql/lib/semmle/python/dataflow/new/internal/PrintNode.qll",
                          "/home/oleksii-shemshur/vscode-codeql-starter/ql/python/ql/lib/semmle/python/dataflow/new/internal/ReExposedInstance.qll",
                          "/home/oleksii-shemshur/vscode-codeql-starter/ql/python/ql/lib/semmle/python/dataflow/new/internal/TaintTrackingImplSpecific.qll",
                          "/home/oleksii-shemshur/vscode-codeql-starter/ql/python/ql/lib/semmle/python/dataflow/new/internal/TaintTrackingPrivate.qll",
                          "/home/oleksii-shemshur/vscode-codeql-starter/ql/python/ql/lib/semmle/python/dataflow/new/internal/TaintTrackingPublic.qll",
                          "/home/oleksii-shemshur/vscode-codeql-starter/ql/python/ql/lib/semmle/python/dataflow/new/internal/TypeTrackingImpl.qll",
                          "/home/oleksii-shemshur/vscode-codeql-starter/ql/python/ql/lib/semmle/python/dataflow/new/internal/VariableCapture.qll",
                          "/home/oleksii-shemshur/vscode-codeql-starter/ql/python/ql/lib/semmle/python/dataflow/old/Configuration.qll",
                          "/home/oleksii-shemshur/vscode-codeql-starter/ql/python/ql/lib/semmle/python/dataflow/old/DataFlow.qll",
                          "/home/oleksii-shemshur/vscode-codeql-starter/ql/python/ql/lib/semmle/python/dataflow/old/Files.qll",
                          "/home/oleksii-shemshur/vscode-codeql-starter/ql/python/ql/lib/semmle/python/dataflow/old/Implementation.qll",
                          "/home/oleksii-shemshur/vscode-codeql-starter/ql/python/ql/lib/semmle/python/dataflow/old/Legacy.qll",
                          "/home/oleksii-shemshur/vscode-codeql-starter/ql/python/ql/lib/semmle/python/dataflow/old/StateTracking.qll",
                          "/home/oleksii-shemshur/vscode-codeql-starter/ql/python/ql/lib/semmle/python/dataflow/old/TaintTracking.qll",
                          "/home/oleksii-shemshur/vscode-codeql-starter/ql/python/ql/lib/semmle/python/dependencies/Dependencies.qll",
                          "/home/oleksii-shemshur/vscode-codeql-starter/ql/python/ql/lib/semmle/python/dependencies/DependencyKind.qll",
                          "/home/oleksii-shemshur/vscode-codeql-starter/ql/python/ql/lib/semmle/python/dependencies/TechInventory.qll",
                          "/home/oleksii-shemshur/vscode-codeql-starter/ql/python/ql/lib/semmle/python/essa/Definitions.qll",
                          "/home/oleksii-shemshur/vscode-codeql-starter/ql/python/ql/lib/semmle/python/essa/Essa.qll",
                          "/home/oleksii-shemshur/vscode-codeql-starter/ql/python/ql/lib/semmle/python/essa/SsaCompute.qll",
                          "/home/oleksii-shemshur/vscode-codeql-starter/ql/python/ql/lib/semmle/python/essa/SsaDefinitions.qll",
                          "/home/oleksii-shemshur/vscode-codeql-starter/ql/python/ql/lib/semmle/python/filters/GeneratedCode.qll",
                          "/home/oleksii-shemshur/vscode-codeql-starter/ql/python/ql/lib/semmle/python/filters/Tests.qll",
                          "/home/oleksii-shemshur/vscode-codeql-starter/ql/python/ql/lib/semmle/python/frameworks/Aioch.qll",
                          "/home/oleksii-shemshur/vscode-codeql-starter/ql/python/ql/lib/semmle/python/frameworks/Aiofile.qll",
                          "/home/oleksii-shemshur/vscode-codeql-starter/ql/python/ql/lib/semmle/python/frameworks/Aiofiles.qll",
                          "/home/oleksii-shemshur/vscode-codeql-starter/ql/python/ql/lib/semmle/python/frameworks/Aiohttp.qll",
                          "/home/oleksii-shemshur/vscode-codeql-starter/ql/python/ql/lib/semmle/python/frameworks/Aiomysql.qll",
                          "/home/oleksii-shemshur/vscode-codeql-starter/ql/python/ql/lib/semmle/python/frameworks/Aiopg.qll",
                          "/home/oleksii-shemshur/vscode-codeql-starter/ql/python/ql/lib/semmle/python/frameworks/Aiosqlite.qll",
                          "/home/oleksii-shemshur/vscode-codeql-starter/ql/python/ql/lib/semmle/python/frameworks/Airspeed.qll",
                          "/home/oleksii-shemshur/vscode-codeql-starter/ql/python/ql/lib/semmle/python/frameworks/AntiSSRF.model.yml",
                          "/home/oleksii-shemshur/vscode-codeql-starter/ql/python/ql/lib/semmle/python/frameworks/Anyio.qll",
                          "/home/oleksii-shemshur/vscode-codeql-starter/ql/python/ql/lib/semmle/python/frameworks/Asyncpg.model.yml",
                          "/home/oleksii-shemshur/vscode-codeql-starter/ql/python/ql/lib/semmle/python/frameworks/Asyncpg.qll",
                          "/home/oleksii-shemshur/vscode-codeql-starter/ql/python/ql/lib/semmle/python/frameworks/Azure.Keyvault.model.yml",
                          "/home/oleksii-shemshur/vscode-codeql-starter/ql/python/ql/lib/semmle/python/frameworks/Azure.Storage.model.yml",
                          "/home/oleksii-shemshur/vscode-codeql-starter/ql/python/ql/lib/semmle/python/frameworks/BSon.qll",
                          "/home/oleksii-shemshur/vscode-codeql-starter/ql/python/ql/lib/semmle/python/frameworks/Baize.qll",
                          "/home/oleksii-shemshur/vscode-codeql-starter/ql/python/ql/lib/semmle/python/frameworks/Bottle.qll",
                          "/home/oleksii-shemshur/vscode-codeql-starter/ql/python/ql/lib/semmle/python/frameworks/CassandraDriver.qll",
                          "/home/oleksii-shemshur/vscode-codeql-starter/ql/python/ql/lib/semmle/python/frameworks/Chameleon.qll",
                          "/home/oleksii-shemshur/vscode-codeql-starter/ql/python/ql/lib/semmle/python/frameworks/Cherrypy.qll",
                          "/home/oleksii-shemshur/vscode-codeql-starter/ql/python/ql/lib/semmle/python/frameworks/Chevron.qll",
                          "/home/oleksii-shemshur/vscode-codeql-starter/ql/python/ql/lib/semmle/python/frameworks/ClickhouseDriver.qll",
                          "/home/oleksii-shemshur/vscode-codeql-starter/ql/python/ql/lib/semmle/python/frameworks/Cryptodome.qll",
                          "/home/oleksii-shemshur/vscode-codeql-starter/ql/python/ql/lib/semmle/python/frameworks/Cryptography.qll",
                          "/home/oleksii-shemshur/vscode-codeql-starter/ql/python/ql/lib/semmle/python/frameworks/Cx_Oracle.qll",
                          "/home/oleksii-shemshur/vscode-codeql-starter/ql/python/ql/lib/semmle/python/frameworks/Dill.qll",
                          "/home/oleksii-shemshur/vscode-codeql-starter/ql/python/ql/lib/semmle/python/frameworks/Django.model.yml",
                          "/home/oleksii-shemshur/vscode-codeql-starter/ql/python/ql/lib/semmle/python/frameworks/Django.qll",
                          "/home/oleksii-shemshur/vscode-codeql-starter/ql/python/ql/lib/semmle/python/frameworks/Eventlet.model.yml",
                          "/home/oleksii-shemshur/vscode-codeql-starter/ql/python/ql/lib/semmle/python/frameworks/Fabric.qll",
                          "/home/oleksii-shemshur/vscode-codeql-starter/ql/python/ql/lib/semmle/python/frameworks/FastApi.qll",
                          "/home/oleksii-shemshur/vscode-codeql-starter/ql/python/ql/lib/semmle/python/frameworks/Flask.qll",
                          "/home/oleksii-shemshur/vscode-codeql-starter/ql/python/ql/lib/semmle/python/frameworks/FlaskAdmin.qll",
                          "/home/oleksii-shemshur/vscode-codeql-starter/ql/python/ql/lib/semmle/python/frameworks/FlaskSqlAlchemy.qll",
                          "/home/oleksii-shemshur/vscode-codeql-starter/ql/python/ql/lib/semmle/python/frameworks/Genshi.qll",
                          "/home/oleksii-shemshur/vscode-codeql-starter/ql/python/ql/lib/semmle/python/frameworks/Gevent.model.yml",
                          "/home/oleksii-shemshur/vscode-codeql-starter/ql/python/ql/lib/semmle/python/frameworks/Gradio.qll",
                          "/home/oleksii-shemshur/vscode-codeql-starter/ql/python/ql/lib/semmle/python/frameworks/Hdbcli.qll",
                          "/home/oleksii-shemshur/vscode-codeql-starter/ql/python/ql/lib/semmle/python/frameworks/Httpx.qll",
                          "/home/oleksii-shemshur/vscode-codeql-starter/ql/python/ql/lib/semmle/python/frameworks/Idna.qll",
                          "/home/oleksii-shemshur/vscode-codeql-starter/ql/python/ql/lib/semmle/python/frameworks/Invoke.qll",
                          "/home/oleksii-shemshur/vscode-codeql-starter/ql/python/ql/lib/semmle/python/frameworks/Jinja2.qll",
                          "/home/oleksii-shemshur/vscode-codeql-starter/ql/python/ql/lib/semmle/python/frameworks/Jmespath.qll",
                          "/home/oleksii-shemshur/vscode-codeql-starter/ql/python/ql/lib/semmle/python/frameworks/Joblib.qll",
                          "/home/oleksii-shemshur/vscode-codeql-starter/ql/python/ql/lib/semmle/python/frameworks/JsonPickle.qll",
                          "/home/oleksii-shemshur/vscode-codeql-starter/ql/python/ql/lib/semmle/python/frameworks/Ldap.qll",
                          "/home/oleksii-shemshur/vscode-codeql-starter/ql/python/ql/lib/semmle/python/frameworks/Ldap3.qll",
                          "/home/oleksii-shemshur/vscode-codeql-starter/ql/python/ql/lib/semmle/python/frameworks/Libtaxii.qll",
                          "/home/oleksii-shemshur/vscode-codeql-starter/ql/python/ql/lib/semmle/python/frameworks/Libxml2.qll",
                          "/home/oleksii-shemshur/vscode-codeql-starter/ql/python/ql/lib/semmle/python/frameworks/Lxml.qll",
                          "/home/oleksii-shemshur/vscode-codeql-starter/ql/python/ql/lib/semmle/python/frameworks/Mako.qll",
                          "/home/oleksii-shemshur/vscode-codeql-starter/ql/python/ql/lib/semmle/python/frameworks/MarkupSafe.qll",
                          "/home/oleksii-shemshur/vscode-codeql-starter/ql/python/ql/lib/semmle/python/frameworks/Multidict.qll",
                          "/home/oleksii-shemshur/vscode-codeql-starter/ql/python/ql/lib/semmle/python/frameworks/MySQLdb.qll",
                          "/home/oleksii-shemshur/vscode-codeql-starter/ql/python/ql/lib/semmle/python/frameworks/Mysql.qll",
                          "/home/oleksii-shemshur/vscode-codeql-starter/ql/python/ql/lib/semmle/python/frameworks/Numpy.qll",
                          "/home/oleksii-shemshur/vscode-codeql-starter/ql/python/ql/lib/semmle/python/frameworks/Opml.qll",
                          "/home/oleksii-shemshur/vscode-codeql-starter/ql/python/ql/lib/semmle/python/frameworks/Oracledb.qll",
                          "/home/oleksii-shemshur/vscode-codeql-starter/ql/python/ql/lib/semmle/python/frameworks/PEP249.qll",
                          "/home/oleksii-shemshur/vscode-codeql-starter/ql/python/ql/lib/semmle/python/frameworks/Pandas.qll",
                          "/home/oleksii-shemshur/vscode-codeql-starter/ql/python/ql/lib/semmle/python/frameworks/Paramiko.qll",
                          "/home/oleksii-shemshur/vscode-codeql-starter/ql/python/ql/lib/semmle/python/frameworks/Peewee.qll",
                          "/home/oleksii-shemshur/vscode-codeql-starter/ql/python/ql/lib/semmle/python/frameworks/Pexpect.qll",
                          "/home/oleksii-shemshur/vscode-codeql-starter/ql/python/ql/lib/semmle/python/frameworks/Phoenixdb.qll",
                          "/home/oleksii-shemshur/vscode-codeql-starter/ql/python/ql/lib/semmle/python/frameworks/Psycopg.qll",
                          "/home/oleksii-shemshur/vscode-codeql-starter/ql/python/ql/lib/semmle/python/frameworks/Psycopg2.qll",
                          "/home/oleksii-shemshur/vscode-codeql-starter/ql/python/ql/lib/semmle/python/frameworks/PyMongo.qll",
                          "/home/oleksii-shemshur/vscode-codeql-starter/ql/python/ql/lib/semmle/python/frameworks/PyMySQL.qll",
                          "/home/oleksii-shemshur/vscode-codeql-starter/ql/python/ql/lib/semmle/python/frameworks/Pycurl.qll",
                          "/home/oleksii-shemshur/vscode-codeql-starter/ql/python/ql/lib/semmle/python/frameworks/Pydantic.qll",
                          "/home/oleksii-shemshur/vscode-codeql-starter/ql/python/ql/lib/semmle/python/frameworks/Pymssql.qll",
                          "/home/oleksii-shemshur/vscode-codeql-starter/ql/python/ql/lib/semmle/python/frameworks/Pyodbc.qll",
                          "/home/oleksii-shemshur/vscode-codeql-starter/ql/python/ql/lib/semmle/python/frameworks/Pyramid.qll",
                          "/home/oleksii-shemshur/vscode-codeql-starter/ql/python/ql/lib/semmle/python/frameworks/Requests.qll",
                          "/home/oleksii-shemshur/vscode-codeql-starter/ql/python/ql/lib/semmle/python/frameworks/RestFramework.qll",
                          "/home/oleksii-shemshur/vscode-codeql-starter/ql/python/ql/lib/semmle/python/frameworks/Rsa.qll",
                          "/home/oleksii-shemshur/vscode-codeql-starter/ql/python/ql/lib/semmle/python/frameworks/RuamelYaml.qll",
                          "/home/oleksii-shemshur/vscode-codeql-starter/ql/python/ql/lib/semmle/python/frameworks/Sanic.qll",
                          "/home/oleksii-shemshur/vscode-codeql-starter/ql/python/ql/lib/semmle/python/frameworks/ServerLess.qll",
                          "/home/oleksii-shemshur/vscode-codeql-starter/ql/python/ql/lib/semmle/python/frameworks/Setuptools.qll",
                          "/home/oleksii-shemshur/vscode-codeql-starter/ql/python/ql/lib/semmle/python/frameworks/Simplejson.qll",
                          "/home/oleksii-shemshur/vscode-codeql-starter/ql/python/ql/lib/semmle/python/frameworks/Socketio.qll",
                          "/home/oleksii-shemshur/vscode-codeql-starter/ql/python/ql/lib/semmle/python/frameworks/SqlAlchemy.qll",
                          "/home/oleksii-shemshur/vscode-codeql-starter/ql/python/ql/lib/semmle/python/frameworks/Starlette.qll",
                          "/home/oleksii-shemshur/vscode-codeql-starter/ql/python/ql/lib/semmle/python/frameworks/Stdlib.model.yml",
                          "/home/oleksii-shemshur/vscode-codeql-starter/ql/python/ql/lib/semmle/python/frameworks/Stdlib.qll",
                          "/home/oleksii-shemshur/vscode-codeql-starter/ql/python/ql/lib/semmle/python/frameworks/Stdlib/Urllib.qll",
                          "/home/oleksii-shemshur/vscode-codeql-starter/ql/python/ql/lib/semmle/python/frameworks/Stdlib/Urllib2.qll",
                          "/home/oleksii-shemshur/vscode-codeql-starter/ql/python/ql/lib/semmle/python/frameworks/Streamlit.qll",
                          "/home/oleksii-shemshur/vscode-codeql-starter/ql/python/ql/lib/semmle/python/frameworks/TRender.qll",
                          "/home/oleksii-shemshur/vscode-codeql-starter/ql/python/ql/lib/semmle/python/frameworks/Toml.qll",
                          "/home/oleksii-shemshur/vscode-codeql-starter/ql/python/ql/lib/semmle/python/frameworks/Torch.qll",
                          "/home/oleksii-shemshur/vscode-codeql-starter/ql/python/ql/lib/semmle/python/frameworks/Tornado.qll",
                          "/home/oleksii-shemshur/vscode-codeql-starter/ql/python/ql/lib/semmle/python/frameworks/Twisted.qll",
                          "/home/oleksii-shemshur/vscode-codeql-starter/ql/python/ql/lib/semmle/python/frameworks/Ujson.qll",
                          "/home/oleksii-shemshur/vscode-codeql-starter/ql/python/ql/lib/semmle/python/frameworks/Urllib3.qll",
                          "/home/oleksii-shemshur/vscode-codeql-starter/ql/python/ql/lib/semmle/python/frameworks/Websockets.qll",
                          "/home/oleksii-shemshur/vscode-codeql-starter/ql/python/ql/lib/semmle/python/frameworks/Werkzeug.qll",
                          "/home/oleksii-shemshur/vscode-codeql-starter/ql/python/ql/lib/semmle/python/frameworks/Xmltodict.qll",
                          "/home/oleksii-shemshur/vscode-codeql-starter/ql/python/ql/lib/semmle/python/frameworks/Yaml.qll",
                          "/home/oleksii-shemshur/vscode-codeql-starter/ql/python/ql/lib/semmle/python/frameworks/Yarl.qll",
                          "/home/oleksii-shemshur/vscode-codeql-starter/ql/python/ql/lib/semmle/python/frameworks/agent.model.yml",
                          "/home/oleksii-shemshur/vscode-codeql-starter/ql/python/ql/lib/semmle/python/frameworks/anthropic.model.yml",
                          "/home/oleksii-shemshur/vscode-codeql-starter/ql/python/ql/lib/semmle/python/frameworks/builtins.model.yml",
                          "/home/oleksii-shemshur/vscode-codeql-starter/ql/python/ql/lib/semmle/python/frameworks/data/ModelsAsData.qll",
                          "/home/oleksii-shemshur/vscode-codeql-starter/ql/python/ql/lib/semmle/python/frameworks/data/internal/ApiGraphModels.qll",
                          "/home/oleksii-shemshur/vscode-codeql-starter/ql/python/ql/lib/semmle/python/frameworks/data/internal/ApiGraphModelsExtensions.qll",
                          "/home/oleksii-shemshur/vscode-codeql-starter/ql/python/ql/lib/semmle/python/frameworks/data/internal/ApiGraphModelsSpecific.qll",
                          "/home/oleksii-shemshur/vscode-codeql-starter/ql/python/ql/lib/semmle/python/frameworks/data/internal/empty.model.yml",
                          "/home/oleksii-shemshur/vscode-codeql-starter/ql/python/ql/lib/semmle/python/frameworks/data/internal/subclass-capture/ALL.model.yml",
                          "/home/oleksii-shemshur/vscode-codeql-starter/ql/python/ql/lib/semmle/python/frameworks/internal/InstanceTaintStepsHelper.qll",
                          "/home/oleksii-shemshur/vscode-codeql-starter/ql/python/ql/lib/semmle/python/frameworks/internal/PoorMansFunctionResolution.qll",
                          "/home/oleksii-shemshur/vscode-codeql-starter/ql/python/ql/lib/semmle/python/frameworks/internal/SelfRefMixin.qll",
                          "/home/oleksii-shemshur/vscode-codeql-starter/ql/python/ql/lib/semmle/python/frameworks/internal/SubclassFinder.qll",
                          "/home/oleksii-shemshur/vscode-codeql-starter/ql/python/ql/lib/semmle/python/frameworks/lxml.model.yml",
                          "/home/oleksii-shemshur/vscode-codeql-starter/ql/python/ql/lib/semmle/python/frameworks/openai.model.yml",
                          "/home/oleksii-shemshur/vscode-codeql-starter/ql/python/ql/lib/semmle/python/frameworks/xml.model.yml",
                          "/home/oleksii-shemshur/vscode-codeql-starter/ql/python/ql/lib/semmle/python/internal/Awaited.qll",
                          "/home/oleksii-shemshur/vscode-codeql-starter/ql/python/ql/lib/semmle/python/internal/CachedStages.qll",
                          "/home/oleksii-shemshur/vscode-codeql-starter/ql/python/ql/lib/semmle/python/internal/OverlayDiscardConsistencyQuery.qll",
                          "/home/oleksii-shemshur/vscode-codeql-starter/ql/python/ql/lib/semmle/python/internal/OverlayXml.qll",
                          "/home/oleksii-shemshur/vscode-codeql-starter/ql/python/ql/lib/semmle/python/libraries/Zope.qll",
                          "/home/oleksii-shemshur/vscode-codeql-starter/ql/python/ql/lib/semmle/python/objects/Callables.qll",
                          "/home/oleksii-shemshur/vscode-codeql-starter/ql/python/ql/lib/semmle/python/objects/Classes.qll",
                          "/home/oleksii-shemshur/vscode-codeql-starter/ql/python/ql/lib/semmle/python/objects/Constants.qll",
                          "/home/oleksii-shemshur/vscode-codeql-starter/ql/python/ql/lib/semmle/python/objects/Descriptors.qll",
                          "/home/oleksii-shemshur/vscode-codeql-starter/ql/python/ql/lib/semmle/python/objects/Instances.qll",
                          "/home/oleksii-shemshur/vscode-codeql-starter/ql/python/ql/lib/semmle/python/objects/Modules.qll",
                          "/home/oleksii-shemshur/vscode-codeql-starter/ql/python/ql/lib/semmle/python/objects/ObjectAPI.qll",
                          "/home/oleksii-shemshur/vscode-codeql-starter/ql/python/ql/lib/semmle/python/objects/ObjectInternal.qll",
                          "/home/oleksii-shemshur/vscode-codeql-starter/ql/python/ql/lib/semmle/python/objects/ObjectModel.md",
                          "/home/oleksii-shemshur/vscode-codeql-starter/ql/python/ql/lib/semmle/python/objects/Sequences.qll",
                          "/home/oleksii-shemshur/vscode-codeql-starter/ql/python/ql/lib/semmle/python/objects/TObject.qll",
                          "/home/oleksii-shemshur/vscode-codeql-starter/ql/python/ql/lib/semmle/python/pointsto/Base.qll",
                          "/home/oleksii-shemshur/vscode-codeql-starter/ql/python/ql/lib/semmle/python/pointsto/CallGraph.qll",
                          "/home/oleksii-shemshur/vscode-codeql-starter/ql/python/ql/lib/semmle/python/pointsto/Context.qll",
                          "/home/oleksii-shemshur/vscode-codeql-starter/ql/python/ql/lib/semmle/python/pointsto/Filters.qll",
                          "/home/oleksii-shemshur/vscode-codeql-starter/ql/python/ql/lib/semmle/python/pointsto/Final.qll",
                          "/home/oleksii-shemshur/vscode-codeql-starter/ql/python/ql/lib/semmle/python/pointsto/MRO.qll",
                          "/home/oleksii-shemshur/vscode-codeql-starter/ql/python/ql/lib/semmle/python/pointsto/Overview.qll",
                          "/home/oleksii-shemshur/vscode-codeql-starter/ql/python/ql/lib/semmle/python/pointsto/PointsTo.qll",
                          "/home/oleksii-shemshur/vscode-codeql-starter/ql/python/ql/lib/semmle/python/pointsto/PointsToContext.qll",
                          "/home/oleksii-shemshur/vscode-codeql-starter/ql/python/ql/lib/semmle/python/regex.qll",
                          "/home/oleksii-shemshur/vscode-codeql-starter/ql/python/ql/lib/semmle/python/regexp/RegexTreeView.qll",
                          "/home/oleksii-shemshur/vscode-codeql-starter/ql/python/ql/lib/semmle/python/regexp/internal/ParseRegExp.qll",
                          "/home/oleksii-shemshur/vscode-codeql-starter/ql/python/ql/lib/semmle/python/regexp/internal/RegExpTracking.qll",
                          "/home/oleksii-shemshur/vscode-codeql-starter/ql/python/ql/lib/semmle/python/security/README.md",
                          "/home/oleksii-shemshur/vscode-codeql-starter/ql/python/ql/lib/semmle/python/security/TaintTracking.qll",
                          "/home/oleksii-shemshur/vscode-codeql-starter/ql/python/ql/lib/semmle/python/security/dataflow/CleartextLoggingCustomizations.qll",
                          "/home/oleksii-shemshur/vscode-codeql-starter/ql/python/ql/lib/semmle/python/security/dataflow/CleartextLoggingQuery.qll",
                          "/home/oleksii-shemshur/vscode-codeql-starter/ql/python/ql/lib/semmle/python/security/dataflow/CleartextStorageCustomizations.qll",
                          "/home/oleksii-shemshur/vscode-codeql-starter/ql/python/ql/lib/semmle/python/security/dataflow/CleartextStorageQuery.qll",
                          "/home/oleksii-shemshur/vscode-codeql-starter/ql/python/ql/lib/semmle/python/security/dataflow/CodeInjectionCustomizations.qll",
                          "/home/oleksii-shemshur/vscode-codeql-starter/ql/python/ql/lib/semmle/python/security/dataflow/CodeInjectionQuery.qll",
                          "/home/oleksii-shemshur/vscode-codeql-starter/ql/python/ql/lib/semmle/python/security/dataflow/CommandInjectionCustomizations.qll",
                          "/home/oleksii-shemshur/vscode-codeql-starter/ql/python/ql/lib/semmle/python/security/dataflow/CommandInjectionQuery.qll",
                          "/home/oleksii-shemshur/vscode-codeql-starter/ql/python/ql/lib/semmle/python/security/dataflow/CookieInjectionCustomizations.qll",
                          "/home/oleksii-shemshur/vscode-codeql-starter/ql/python/ql/lib/semmle/python/security/dataflow/CookieInjectionQuery.qll",
                          "/home/oleksii-shemshur/vscode-codeql-starter/ql/python/ql/lib/semmle/python/security/dataflow/ExceptionInfo.qll",
                          "/home/oleksii-shemshur/vscode-codeql-starter/ql/python/ql/lib/semmle/python/security/dataflow/HttpHeaderInjectionCustomizations.qll",
                          "/home/oleksii-shemshur/vscode-codeql-starter/ql/python/ql/lib/semmle/python/security/dataflow/HttpHeaderInjectionQuery.qll",
                          "/home/oleksii-shemshur/vscode-codeql-starter/ql/python/ql/lib/semmle/python/security/dataflow/LdapInjectionCustomizations.qll",
                          "/home/oleksii-shemshur/vscode-codeql-starter/ql/python/ql/lib/semmle/python/security/dataflow/LdapInjectionQuery.qll",
                          "/home/oleksii-shemshur/vscode-codeql-starter/ql/python/ql/lib/semmle/python/security/dataflow/LogInjectionCustomizations.qll",
                          "/home/oleksii-shemshur/vscode-codeql-starter/ql/python/ql/lib/semmle/python/security/dataflow/LogInjectionQuery.qll",
                          "/home/oleksii-shemshur/vscode-codeql-starter/ql/python/ql/lib/semmle/python/security/dataflow/NoSqlInjectionCustomizations.qll",
                          "/home/oleksii-shemshur/vscode-codeql-starter/ql/python/ql/lib/semmle/python/security/dataflow/NoSqlInjectionQuery.qll",
                          "/home/oleksii-shemshur/vscode-codeql-starter/ql/python/ql/lib/semmle/python/security/dataflow/PamAuthorizationCustomizations.qll",
                          "/home/oleksii-shemshur/vscode-codeql-starter/ql/python/ql/lib/semmle/python/security/dataflow/PamAuthorizationQuery.qll",
                          "/home/oleksii-shemshur/vscode-codeql-starter/ql/python/ql/lib/semmle/python/security/dataflow/PathInjectionCustomizations.qll",
                          "/home/oleksii-shemshur/vscode-codeql-starter/ql/python/ql/lib/semmle/python/security/dataflow/PathInjectionQuery.qll",
                          "/home/oleksii-shemshur/vscode-codeql-starter/ql/python/ql/lib/semmle/python/security/dataflow/PolynomialReDoSCustomizations.qll",
                          "/home/oleksii-shemshur/vscode-codeql-starter/ql/python/ql/lib/semmle/python/security/dataflow/PolynomialReDoSQuery.qll",
                          "/home/oleksii-shemshur/vscode-codeql-starter/ql/python/ql/lib/semmle/python/security/dataflow/ReflectedXSSCustomizations.qll",
                          "/home/oleksii-shemshur/vscode-codeql-starter/ql/python/ql/lib/semmle/python/security/dataflow/ReflectedXssQuery.qll",
                          "/home/oleksii-shemshur/vscode-codeql-starter/ql/python/ql/lib/semmle/python/security/dataflow/RegexInjectionCustomizations.qll",
                          "/home/oleksii-shemshur/vscode-codeql-starter/ql/python/ql/lib/semmle/python/security/dataflow/RegexInjectionQuery.qll",
                          "/home/oleksii-shemshur/vscode-codeql-starter/ql/python/ql/lib/semmle/python/security/dataflow/ServerSideRequestForgeryCustomizations.qll",
                          "/home/oleksii-shemshur/vscode-codeql-starter/ql/python/ql/lib/semmle/python/security/dataflow/ServerSideRequestForgeryQuery.qll",
                          "/home/oleksii-shemshur/vscode-codeql-starter/ql/python/ql/lib/semmle/python/security/dataflow/SqlInjectionCustomizations.qll",
                          "/home/oleksii-shemshur/vscode-codeql-starter/ql/python/ql/lib/semmle/python/security/dataflow/SqlInjectionQuery.qll",
                          "/home/oleksii-shemshur/vscode-codeql-starter/ql/python/ql/lib/semmle/python/security/dataflow/StackTraceExposureCustomizations.qll",
                          "/home/oleksii-shemshur/vscode-codeql-starter/ql/python/ql/lib/semmle/python/security/dataflow/StackTraceExposureQuery.qll",
                          "/home/oleksii-shemshur/vscode-codeql-starter/ql/python/ql/lib/semmle/python/security/dataflow/TarSlipCustomizations.qll",
                          "/home/oleksii-shemshur/vscode-codeql-starter/ql/python/ql/lib/semmle/python/security/dataflow/TarSlipQuery.qll",
                          "/home/oleksii-shemshur/vscode-codeql-starter/ql/python/ql/lib/semmle/python/security/dataflow/TemplateInjectionCustomizations.qll",
                          "/home/oleksii-shemshur/vscode-codeql-starter/ql/python/ql/lib/semmle/python/security/dataflow/TemplateInjectionQuery.qll",
                          "/home/oleksii-shemshur/vscode-codeql-starter/ql/python/ql/lib/semmle/python/security/dataflow/UnsafeDeserializationCustomizations.qll",
                          "/home/oleksii-shemshur/vscode-codeql-starter/ql/python/ql/lib/semmle/python/security/dataflow/UnsafeDeserializationQuery.qll",
                          "/home/oleksii-shemshur/vscode-codeql-starter/ql/python/ql/lib/semmle/python/security/dataflow/UnsafeShellCommandConstructionCustomizations.qll",
                          "/home/oleksii-shemshur/vscode-codeql-starter/ql/python/ql/lib/semmle/python/security/dataflow/UnsafeShellCommandConstructionQuery.qll",
                          "/home/oleksii-shemshur/vscode-codeql-starter/ql/python/ql/lib/semmle/python/security/dataflow/UrlRedirectCustomizations.qll",
                          "/home/oleksii-shemshur/vscode-codeql-starter/ql/python/ql/lib/semmle/python/security/dataflow/UrlRedirectQuery.qll",
                          "/home/oleksii-shemshur/vscode-codeql-starter/ql/python/ql/lib/semmle/python/security/dataflow/WeakSensitiveDataHashingCustomizations.qll",
                          "/home/oleksii-shemshur/vscode-codeql-starter/ql/python/ql/lib/semmle/python/security/dataflow/WeakSensitiveDataHashingQuery.qll",
                          "/home/oleksii-shemshur/vscode-codeql-starter/ql/python/ql/lib/semmle/python/security/dataflow/XmlBombCustomizations.qll",
                          "/home/oleksii-shemshur/vscode-codeql-starter/ql/python/ql/lib/semmle/python/security/dataflow/XmlBombQuery.qll",
                          "/home/oleksii-shemshur/vscode-codeql-starter/ql/python/ql/lib/semmle/python/security/dataflow/XpathInjectionCustomizations.qll",
                          "/home/oleksii-shemshur/vscode-codeql-starter/ql/python/ql/lib/semmle/python/security/dataflow/XpathInjectionQuery.qll",
                          "/home/oleksii-shemshur/vscode-codeql-starter/ql/python/ql/lib/semmle/python/security/dataflow/XxeCustomizations.qll",
                          "/home/oleksii-shemshur/vscode-codeql-starter/ql/python/ql/lib/semmle/python/security/dataflow/XxeQuery.qll",
                          "/home/oleksii-shemshur/vscode-codeql-starter/ql/python/ql/lib/semmle/python/security/internal/EncryptionKeySizes.qll",
                          "/home/oleksii-shemshur/vscode-codeql-starter/ql/python/ql/lib/semmle/python/security/regexp/HostnameRegex.qll",
                          "/home/oleksii-shemshur/vscode-codeql-starter/ql/python/ql/lib/semmle/python/strings.qll",
                          "/home/oleksii-shemshur/vscode-codeql-starter/ql/python/ql/lib/semmle/python/templates/PyxlTags.qll",
                          "/home/oleksii-shemshur/vscode-codeql-starter/ql/python/ql/lib/semmle/python/templates/Templates.qll",
                          "/home/oleksii-shemshur/vscode-codeql-starter/ql/python/ql/lib/semmle/python/types/Builtins.qll",
                          "/home/oleksii-shemshur/vscode-codeql-starter/ql/python/ql/lib/semmle/python/types/ClassObject.qll",
                          "/home/oleksii-shemshur/vscode-codeql-starter/ql/python/ql/lib/semmle/python/types/Descriptors.qll",
                          "/home/oleksii-shemshur/vscode-codeql-starter/ql/python/ql/lib/semmle/python/types/Exceptions.qll",
                          "/home/oleksii-shemshur/vscode-codeql-starter/ql/python/ql/lib/semmle/python/types/Extensions.qll",
                          "/home/oleksii-shemshur/vscode-codeql-starter/ql/python/ql/lib/semmle/python/types/FunctionObject.qll",
                          "/home/oleksii-shemshur/vscode-codeql-starter/ql/python/ql/lib/semmle/python/types/ImportTime.qll",
                          "/home/oleksii-shemshur/vscode-codeql-starter/ql/python/ql/lib/semmle/python/types/ModuleKind.qll",
                          "/home/oleksii-shemshur/vscode-codeql-starter/ql/python/ql/lib/semmle/python/types/ModuleObject.qll",
                          "/home/oleksii-shemshur/vscode-codeql-starter/ql/python/ql/lib/semmle/python/types/Object.qll",
                          "/home/oleksii-shemshur/vscode-codeql-starter/ql/python/ql/lib/semmle/python/types/Properties.qll",
                          "/home/oleksii-shemshur/vscode-codeql-starter/ql/python/ql/lib/semmle/python/types/Version.qll",
                          "/home/oleksii-shemshur/vscode-codeql-starter/ql/python/ql/lib/semmle/python/values/StringAttributes.qll",
                          "/home/oleksii-shemshur/vscode-codeql-starter/ql/python/ql/lib/semmle/python/xml/XML.qll",
                          "/home/oleksii-shemshur/vscode-codeql-starter/ql/python/ql/lib/semmlecode.python.dbscheme",
                          "/home/oleksii-shemshur/vscode-codeql-starter/ql/python/ql/lib/semmlecode.python.dbscheme.stats",
                          "/home/oleksii-shemshur/vscode-codeql-starter/ql/python/ql/lib/site.qll",
                          "/home/oleksii-shemshur/vscode-codeql-starter/ql/python/ql/lib/upgrades/0355ecf0ac589e66467a378e0e9d60f41ee4a757/old.dbscheme",
                          "/home/oleksii-shemshur/vscode-codeql-starter/ql/python/ql/lib/upgrades/0355ecf0ac589e66467a378e0e9d60f41ee4a757/semmlecode.python.dbscheme",
                          "/home/oleksii-shemshur/vscode-codeql-starter/ql/python/ql/lib/upgrades/0355ecf0ac589e66467a378e0e9d60f41ee4a757/upgrade.properties",
                          "/home/oleksii-shemshur/vscode-codeql-starter/ql/python/ql/lib/upgrades/0565f7466437d52e1dc64a3b930926ab2f60cd64/old.dbscheme",
                          "/home/oleksii-shemshur/vscode-codeql-starter/ql/python/ql/lib/upgrades/0565f7466437d52e1dc64a3b930926ab2f60cd64/semmlecode.python.dbscheme",
                          "/home/oleksii-shemshur/vscode-codeql-starter/ql/python/ql/lib/upgrades/0565f7466437d52e1dc64a3b930926ab2f60cd64/upgrade.properties",
                          "/home/oleksii-shemshur/vscode-codeql-starter/ql/python/ql/lib/upgrades/279cbb08d387ecd57ac177e87c94cfd5ca62f792/old.dbscheme",
                          "/home/oleksii-shemshur/vscode-codeql-starter/ql/python/ql/lib/upgrades/279cbb08d387ecd57ac177e87c94cfd5ca62f792/semmlecode.python.dbscheme",
                          "/home/oleksii-shemshur/vscode-codeql-starter/ql/python/ql/lib/upgrades/279cbb08d387ecd57ac177e87c94cfd5ca62f792/upgrade.properties",
                          "/home/oleksii-shemshur/vscode-codeql-starter/ql/python/ql/lib/upgrades/47e552c4357a04c5735355fad818630daee4a5ac/old.dbscheme",
                          "/home/oleksii-shemshur/vscode-codeql-starter/ql/python/ql/lib/upgrades/47e552c4357a04c5735355fad818630daee4a5ac/semmlecode.python.dbscheme",
                          "/home/oleksii-shemshur/vscode-codeql-starter/ql/python/ql/lib/upgrades/47e552c4357a04c5735355fad818630daee4a5ac/upgrade.properties",
                          "/home/oleksii-shemshur/vscode-codeql-starter/ql/python/ql/lib/upgrades/4f1806347d7fafe2f78508da01c01e5aff5f7cbb/old.dbscheme",
                          "/home/oleksii-shemshur/vscode-codeql-starter/ql/python/ql/lib/upgrades/4f1806347d7fafe2f78508da01c01e5aff5f7cbb/semmlecode.python.dbscheme",
                          "/home/oleksii-shemshur/vscode-codeql-starter/ql/python/ql/lib/upgrades/4f1806347d7fafe2f78508da01c01e5aff5f7cbb/upgrade.properties",
                          "/home/oleksii-shemshur/vscode-codeql-starter/ql/python/ql/lib/upgrades/503c0516fba2e5da9570f00eb34ef43025ecb8fb/old.dbscheme",
                          "/home/oleksii-shemshur/vscode-codeql-starter/ql/python/ql/lib/upgrades/503c0516fba2e5da9570f00eb34ef43025ecb8fb/py_stmts.ql",
                          "/home/oleksii-shemshur/vscode-codeql-starter/ql/python/ql/lib/upgrades/503c0516fba2e5da9570f00eb34ef43025ecb8fb/semmlecode.python.dbscheme",
                          "/home/oleksii-shemshur/vscode-codeql-starter/ql/python/ql/lib/upgrades/503c0516fba2e5da9570f00eb34ef43025ecb8fb/upgrade.properties",
                          "/home/oleksii-shemshur/vscode-codeql-starter/ql/python/ql/lib/upgrades/5af903da088e3746aa283700a43a779302453523/old.dbscheme",
                          "/home/oleksii-shemshur/vscode-codeql-starter/ql/python/ql/lib/upgrades/5af903da088e3746aa283700a43a779302453523/semmlecode.python.dbscheme",
                          "/home/oleksii-shemshur/vscode-codeql-starter/ql/python/ql/lib/upgrades/5af903da088e3746aa283700a43a779302453523/upgrade.properties",
                          "/home/oleksii-shemshur/vscode-codeql-starter/ql/python/ql/lib/upgrades/62a30d37a729670a8cc3c67b4dad81f1983865f8/old.dbscheme",
                          "/home/oleksii-shemshur/vscode-codeql-starter/ql/python/ql/lib/upgrades/62a30d37a729670a8cc3c67b4dad81f1983865f8/semmlecode.python.dbscheme",
                          "/home/oleksii-shemshur/vscode-codeql-starter/ql/python/ql/lib/upgrades/62a30d37a729670a8cc3c67b4dad81f1983865f8/upgrade.properties",
                          "/home/oleksii-shemshur/vscode-codeql-starter/ql/python/ql/lib/upgrades/6a1f497168da2f43828161d3c86db7d4c94c2b53/old.dbscheme",
                          "/home/oleksii-shemshur/vscode-codeql-starter/ql/python/ql/lib/upgrades/6a1f497168da2f43828161d3c86db7d4c94c2b53/semmlecode.python.dbscheme",
                          "/home/oleksii-shemshur/vscode-codeql-starter/ql/python/ql/lib/upgrades/6a1f497168da2f43828161d3c86db7d4c94c2b53/upgrade.properties",
                          "/home/oleksii-shemshur/vscode-codeql-starter/ql/python/ql/lib/upgrades/728c6d65e61d808ae276013ebc15abc3a97aaef1/old.dbscheme",
                          "/home/oleksii-shemshur/vscode-codeql-starter/ql/python/ql/lib/upgrades/728c6d65e61d808ae276013ebc15abc3a97aaef1/semmlecode.python.dbscheme",
                          "/home/oleksii-shemshur/vscode-codeql-starter/ql/python/ql/lib/upgrades/728c6d65e61d808ae276013ebc15abc3a97aaef1/upgrade.properties",
                          "/home/oleksii-shemshur/vscode-codeql-starter/ql/python/ql/lib/upgrades/8d257a4a9bc78e39856d6cd33499389fc5148d4f/old.dbscheme",
                          "/home/oleksii-shemshur/vscode-codeql-starter/ql/python/ql/lib/upgrades/8d257a4a9bc78e39856d6cd33499389fc5148d4f/semmlecode.python.dbscheme",
                          "/home/oleksii-shemshur/vscode-codeql-starter/ql/python/ql/lib/upgrades/8d257a4a9bc78e39856d6cd33499389fc5148d4f/upgrade.properties",
                          "/home/oleksii-shemshur/vscode-codeql-starter/ql/python/ql/lib/upgrades/acf8d3b08ae3cfac8833d16efbfa5a10fef86819/old.dbscheme",
                          "/home/oleksii-shemshur/vscode-codeql-starter/ql/python/ql/lib/upgrades/acf8d3b08ae3cfac8833d16efbfa5a10fef86819/semmlecode.python.dbscheme",
                          "/home/oleksii-shemshur/vscode-codeql-starter/ql/python/ql/lib/upgrades/acf8d3b08ae3cfac8833d16efbfa5a10fef86819/upgrade.properties",
                          "/home/oleksii-shemshur/vscode-codeql-starter/ql/python/ql/lib/upgrades/eb5fc917c79bb23ce2de4a022f3e566d57a91be9/old.dbscheme",
                          "/home/oleksii-shemshur/vscode-codeql-starter/ql/python/ql/lib/upgrades/eb5fc917c79bb23ce2de4a022f3e566d57a91be9/semmlecode.python.dbscheme",
                          "/home/oleksii-shemshur/vscode-codeql-starter/ql/python/ql/lib/upgrades/eb5fc917c79bb23ce2de4a022f3e566d57a91be9/upgrade.properties",
                          "/home/oleksii-shemshur/vscode-codeql-starter/ql/python/ql/lib/upgrades/f635b392038a494915307f913657cd3058f9b476/old.dbscheme",
                          "/home/oleksii-shemshur/vscode-codeql-starter/ql/python/ql/lib/upgrades/f635b392038a494915307f913657cd3058f9b476/py_exprs.ql",
                          "/home/oleksii-shemshur/vscode-codeql-starter/ql/python/ql/lib/upgrades/f635b392038a494915307f913657cd3058f9b476/semmlecode.python.dbscheme",
                          "/home/oleksii-shemshur/vscode-codeql-starter/ql/python/ql/lib/upgrades/f635b392038a494915307f913657cd3058f9b476/upgrade.properties",
                          "/home/oleksii-shemshur/vscode-codeql-starter/ql/python/ql/lib/upgrades/ff5327c074ca235c6b2fa4ea9ed29f4c60aa46cb/old.dbscheme",
                          "/home/oleksii-shemshur/vscode-codeql-starter/ql/python/ql/lib/upgrades/ff5327c074ca235c6b2fa4ea9ed29f4c60aa46cb/py_exprs.ql",
                          "/home/oleksii-shemshur/vscode-codeql-starter/ql/python/ql/lib/upgrades/ff5327c074ca235c6b2fa4ea9ed29f4c60aa46cb/py_stmts.ql",
                          "/home/oleksii-shemshur/vscode-codeql-starter/ql/python/ql/lib/upgrades/ff5327c074ca235c6b2fa4ea9ed29f4c60aa46cb/semmlecode.python.dbscheme",
                          "/home/oleksii-shemshur/vscode-codeql-starter/ql/python/ql/lib/upgrades/ff5327c074ca235c6b2fa4ea9ed29f4c60aa46cb/upgrade.properties",
                          "/home/oleksii-shemshur/vscode-codeql-starter/ql/python/ql/lib/upgrades/initial/semmlecode.python.dbscheme",
                          "/home/oleksii-shemshur/vscode-codeql-starter/ql/python/ql/lib/utils/test/InlineExpectationsTest.qll",
                          "/home/oleksii-shemshur/vscode-codeql-starter/ql/python/ql/lib/utils/test/InlineExpectationsTestQuery.ql",
                          "/home/oleksii-shemshur/vscode-codeql-starter/ql/python/ql/lib/utils/test/PrettyPrintModels.ql",
                          "/home/oleksii-shemshur/vscode-codeql-starter/ql/python/ql/lib/utils/test/VerifyApiGraphs.qll",
                          "/home/oleksii-shemshur/vscode-codeql-starter/ql/python/ql/lib/utils/test/dataflow/DataflowQueryTest.qll",
                          "/home/oleksii-shemshur/vscode-codeql-starter/ql/python/ql/lib/utils/test/dataflow/FlowTest.qll",
                          "/home/oleksii-shemshur/vscode-codeql-starter/ql/python/ql/lib/utils/test/dataflow/LocalFlowStepTest.qll",
                          "/home/oleksii-shemshur/vscode-codeql-starter/ql/python/ql/lib/utils/test/dataflow/MaximalFlowTest.qll",
                          "/home/oleksii-shemshur/vscode-codeql-starter/ql/python/ql/lib/utils/test/dataflow/NormalDataflowTest.qll",
                          "/home/oleksii-shemshur/vscode-codeql-starter/ql/python/ql/lib/utils/test/dataflow/NormalTaintTrackingTest.qll",
                          "/home/oleksii-shemshur/vscode-codeql-starter/ql/python/ql/lib/utils/test/dataflow/RoutingTest.qll",
                          "/home/oleksii-shemshur/vscode-codeql-starter/ql/python/ql/lib/utils/test/dataflow/UnresolvedCalls.qll",
                          "/home/oleksii-shemshur/vscode-codeql-starter/ql/python/ql/lib/utils/test/dataflow/callGraphConfig.qll",
                          "/home/oleksii-shemshur/vscode-codeql-starter/ql/python/ql/lib/utils/test/dataflow/testConfig.qll",
                          "/home/oleksii-shemshur/vscode-codeql-starter/ql/python/ql/lib/utils/test/dataflow/testTaintConfig.qll",
                          "/home/oleksii-shemshur/vscode-codeql-starter/ql/python/ql/lib/utils/test/internal/InlineExpectationsTestImpl.qll"
                        ]
                      }
[2026-07-24 19:03:05] Plumbing command codeql generate extensible-predicate-metadata completed:
                      {
                        "extensible_predicates" : [
                          {
                            "name" : "sourceModel",
                            "parameters" : [
                              {
                                "name" : "type",
                                "type" : "string"
                              },
                              {
                                "name" : "path",
                                "type" : "string"
                              },
                              {
                                "name" : "kind",
                                "type" : "string"
                              }
                            ],
                            "has_origin" : true,
                            "path" : "semmle/python/frameworks/data/internal/ApiGraphModelsExtensions.qll",
                            "start_line" : 13,
                            "start_column" : 1,
                            "end_line" : 15,
                            "end_column" : 3
                          },
                          {
                            "name" : "sinkModel",
                            "parameters" : [
                              {
                                "name" : "type",
                                "type" : "string"
                              },
                              {
                                "name" : "path",
                                "type" : "string"
                              },
                              {
                                "name" : "kind",
                                "type" : "string"
                              }
                            ],
                            "has_origin" : true,
                            "path" : "semmle/python/frameworks/data/internal/ApiGraphModelsExtensions.qll",
                            "start_line" : 21,
                            "start_column" : 1,
                            "end_line" : 21,
                            "end_column" : 102
                          },
                          {
                            "name" : "barrierModel",
                            "parameters" : [
                              {
                                "name" : "type",
                                "type" : "string"
                              },
                              {
                                "name" : "path",
                                "type" : "string"
                              },
                              {
                                "name" : "kind",
                                "type" : "string"
                              }
                            ],
                            "has_origin" : true,
                            "path" : "semmle/python/frameworks/data/internal/ApiGraphModelsExtensions.qll",
                            "start_line" : 27,
                            "start_column" : 1,
                            "end_line" : 29,
                            "end_column" : 3
                          },
                          {
                            "name" : "barrierGuardModel",
                            "parameters" : [
                              {
                                "name" : "type",
                                "type" : "string"
                              },
                              {
                                "name" : "path",
                                "type" : "string"
                              },
                              {
                                "name" : "acceptingValue",
                                "type" : "string"
                              },
                              {
                                "name" : "kind",
                                "type" : "string"
                              }
                            ],
                            "has_origin" : true,
                            "path" : "semmle/python/frameworks/data/internal/ApiGraphModelsExtensions.qll",
                            "start_line" : 39,
                            "start_column" : 1,
                            "end_line" : 41,
                            "end_column" : 3
                          },
                          {
                            "name" : "summaryModel",
                            "parameters" : [
                              {
                                "name" : "type",
                                "type" : "string"
                              },
                              {
                                "name" : "path",
                                "type" : "string"
                              },
                              {
                                "name" : "input",
                                "type" : "string"
                              },
                              {
                                "name" : "output",
                                "type" : "string"
                              },
                              {
                                "name" : "kind",
                                "type" : "string"
                              }
                            ],
                            "has_origin" : true,
                            "path" : "semmle/python/frameworks/data/internal/ApiGraphModelsExtensions.qll",
                            "start_line" : 51,
                            "start_column" : 1,
                            "end_line" : 53,
                            "end_column" : 3
                          },
                          {
                            "name" : "neutralModel",
                            "parameters" : [
                              {
                                "name" : "type",
                                "type" : "string"
                              },
                              {
                                "name" : "path",
                                "type" : "string"
                              },
                              {
                                "name" : "kind",
                                "type" : "string"
                              }
                            ],
                            "has_origin" : false,
                            "path" : "semmle/python/frameworks/data/internal/ApiGraphModelsExtensions.qll",
                            "start_line" : 60,
                            "start_column" : 1,
                            "end_line" : 60,
                            "end_column" : 74
                          },
                          {
                            "name" : "typeModel",
                            "parameters" : [
                              {
                                "name" : "type1",
                                "type" : "string"
                              },
                              {
                                "name" : "type2",
                                "type" : "string"
                              },
                              {
                                "name" : "path",
                                "type" : "string"
                              }
                            ],
                            "has_origin" : false,
                            "path" : "semmle/python/frameworks/data/internal/ApiGraphModelsExtensions.qll",
                            "start_line" : 65,
                            "start_column" : 1,
                            "end_line" : 65,
                            "end_column" : 73
                          },
                          {
                            "name" : "typeVariableModel",
                            "parameters" : [
                              {
                                "name" : "name",
                                "type" : "string"
                              },
                              {
                                "name" : "path",
                                "type" : "string"
                              }
                            ],
                            "has_origin" : false,
                            "path" : "semmle/python/frameworks/data/internal/ApiGraphModelsExtensions.qll",
                            "start_line" : 70,
                            "start_column" : 1,
                            "end_line" : 70,
                            "end_column" : 66
                          }
                        ]
                      }
[2026-07-24 19:03:05] [PROGRESS] resolve extensions-by-pack> Loading data extensions in /home/oleksii-shemshur/vscode-codeql-starter/ql/python/ql/lib/semmle/python/frameworks/Asyncpg.model.yml.
[2026-07-24 19:03:05] [DETAILS] resolve extensions-by-pack>   Found extension targeting codeql/python-all:sinkModel: 5 tuples.
[2026-07-24 19:03:05] [DETAILS] resolve extensions-by-pack>   Found extension targeting codeql/python-all:typeModel: 6 tuples.
[2026-07-24 19:03:05] [PROGRESS] resolve extensions-by-pack> Loading data extensions in /home/oleksii-shemshur/vscode-codeql-starter/ql/python/ql/lib/semmle/python/frameworks/Azure.Keyvault.model.yml.
[2026-07-24 19:03:05] [DETAILS] resolve extensions-by-pack>   Found extension targeting codeql/python-all:sinkModel: 4 tuples.
[2026-07-24 19:03:05] [PROGRESS] resolve extensions-by-pack> Loading data extensions in /home/oleksii-shemshur/vscode-codeql-starter/ql/python/ql/lib/semmle/python/frameworks/Azure.Storage.model.yml.
[2026-07-24 19:03:05] [DETAILS] resolve extensions-by-pack>   Found extension targeting codeql/python-all:sinkModel: 29 tuples.
[2026-07-24 19:03:05] [PROGRESS] resolve extensions-by-pack> Loading data extensions in /home/oleksii-shemshur/vscode-codeql-starter/ql/python/ql/lib/semmle/python/frameworks/Django.model.yml.
[2026-07-24 19:03:05] [DETAILS] resolve extensions-by-pack>   Found extension targeting codeql/python-all:barrierGuardModel: 1 tuples.
[2026-07-24 19:03:05] [PROGRESS] resolve extensions-by-pack> Loading data extensions in /home/oleksii-shemshur/vscode-codeql-starter/ql/python/ql/lib/semmle/python/frameworks/Eventlet.model.yml.
[2026-07-24 19:03:05] [DETAILS] resolve extensions-by-pack>   Found extension targeting codeql/python-all:typeModel: 2 tuples.
[2026-07-24 19:03:05] [PROGRESS] resolve extensions-by-pack> Loading data extensions in /home/oleksii-shemshur/vscode-codeql-starter/ql/python/ql/lib/semmle/python/frameworks/Gevent.model.yml.
[2026-07-24 19:03:05] [DETAILS] resolve extensions-by-pack>   Found extension targeting codeql/python-all:typeModel: 1 tuples.
[2026-07-24 19:03:05] [PROGRESS] resolve extensions-by-pack> Loading data extensions in /home/oleksii-shemshur/vscode-codeql-starter/ql/python/ql/lib/semmle/python/frameworks/Stdlib.model.yml.
[2026-07-24 19:03:05] [DETAILS] resolve extensions-by-pack>   Found extension targeting codeql/python-all:sourceModel: 12 tuples.
[2026-07-24 19:03:05] [DETAILS] resolve extensions-by-pack>   Found extension targeting codeql/python-all:sinkModel: 2 tuples.
[2026-07-24 19:03:05] [DETAILS] resolve extensions-by-pack>   Found extension targeting codeql/python-all:summaryModel: 67 tuples.
[2026-07-24 19:03:05] [DETAILS] resolve extensions-by-pack>   Found extension targeting codeql/python-all:neutralModel: 0 tuples.
[2026-07-24 19:03:05] [DETAILS] resolve extensions-by-pack>   Found extension targeting codeql/python-all:typeModel: 2 tuples.
[2026-07-24 19:03:05] [DETAILS] resolve extensions-by-pack>   Found extension targeting codeql/python-all:typeVariableModel: 0 tuples.
[2026-07-24 19:03:05] [PROGRESS] resolve extensions-by-pack> Loading data extensions in /home/oleksii-shemshur/vscode-codeql-starter/ql/python/ql/lib/semmle/python/frameworks/agent.model.yml.
[2026-07-24 19:03:05] [DETAILS] resolve extensions-by-pack>   Found extension targeting codeql/python-all:sinkModel: 1 tuples.
[2026-07-24 19:03:05] [PROGRESS] resolve extensions-by-pack> Loading data extensions in /home/oleksii-shemshur/vscode-codeql-starter/ql/python/ql/lib/semmle/python/frameworks/anthropic.model.yml.
[2026-07-24 19:03:05] [DETAILS] resolve extensions-by-pack>   Found extension targeting codeql/python-all:sinkModel: 6 tuples.
[2026-07-24 19:03:05] [DETAILS] resolve extensions-by-pack>   Found extension targeting codeql/python-all:typeModel: 1 tuples.
[2026-07-24 19:03:05] [PROGRESS] resolve extensions-by-pack> Loading data extensions in /home/oleksii-shemshur/vscode-codeql-starter/ql/python/ql/lib/semmle/python/frameworks/builtins.model.yml.
[2026-07-24 19:03:05] [DETAILS] resolve extensions-by-pack>   Found extension targeting codeql/python-all:typeModel: 244 tuples.
[2026-07-24 19:03:05] [PROGRESS] resolve extensions-by-pack> Loading data extensions in /home/oleksii-shemshur/vscode-codeql-starter/ql/python/ql/lib/semmle/python/frameworks/data/internal/empty.model.yml.
[2026-07-24 19:03:05] [DETAILS] resolve extensions-by-pack>   Found extension targeting codeql/python-all:sourceModel: 0 tuples.
[2026-07-24 19:03:05] [DETAILS] resolve extensions-by-pack>   Found extension targeting codeql/python-all:sinkModel: 0 tuples.
[2026-07-24 19:03:05] [DETAILS] resolve extensions-by-pack>   Found extension targeting codeql/python-all:barrierModel: 0 tuples.
[2026-07-24 19:03:05] [DETAILS] resolve extensions-by-pack>   Found extension targeting codeql/python-all:barrierGuardModel: 0 tuples.
[2026-07-24 19:03:05] [DETAILS] resolve extensions-by-pack>   Found extension targeting codeql/python-all:summaryModel: 0 tuples.
[2026-07-24 19:03:05] [DETAILS] resolve extensions-by-pack>   Found extension targeting codeql/python-all:neutralModel: 0 tuples.
[2026-07-24 19:03:05] [DETAILS] resolve extensions-by-pack>   Found extension targeting codeql/python-all:typeModel: 0 tuples.
[2026-07-24 19:03:05] [DETAILS] resolve extensions-by-pack>   Found extension targeting codeql/python-all:typeVariableModel: 0 tuples.
[2026-07-24 19:03:06] [PROGRESS] resolve extensions-by-pack> Loading data extensions in /home/oleksii-shemshur/vscode-codeql-starter/ql/python/ql/lib/semmle/python/frameworks/data/internal/subclass-capture/ALL.model.yml.
[2026-07-24 19:03:06] [DETAILS] resolve extensions-by-pack>   Found extension targeting codeql/python-all:typeModel: 58275 tuples.
[2026-07-24 19:03:06] [PROGRESS] resolve extensions-by-pack> Loading data extensions in /home/oleksii-shemshur/vscode-codeql-starter/ql/python/ql/lib/semmle/python/frameworks/lxml.model.yml.
[2026-07-24 19:03:06] [DETAILS] resolve extensions-by-pack>   Found extension targeting codeql/python-all:summaryModel: 1 tuples.
[2026-07-24 19:03:06] [PROGRESS] resolve extensions-by-pack> Loading data extensions in /home/oleksii-shemshur/vscode-codeql-starter/ql/python/ql/lib/semmle/python/frameworks/openai.model.yml.
[2026-07-24 19:03:06] [DETAILS] resolve extensions-by-pack>   Found extension targeting codeql/python-all:sinkModel: 4 tuples.
[2026-07-24 19:03:06] [DETAILS] resolve extensions-by-pack>   Found extension targeting codeql/python-all:typeModel: 1 tuples.
[2026-07-24 19:03:06] [PROGRESS] resolve extensions-by-pack> Loading data extensions in /home/oleksii-shemshur/vscode-codeql-starter/ql/python/ql/lib/semmle/python/frameworks/xml.model.yml.
[2026-07-24 19:03:06] [DETAILS] resolve extensions-by-pack>   Found extension targeting codeql/python-all:summaryModel: 1 tuples.
[2026-07-24 19:03:06] [PROGRESS] resolve extensions-by-pack> Loading data extensions in /home/oleksii-shemshur/vscode-codeql-starter/ql/shared/threat-models/ext/supported-threat-models.model.yml.
[2026-07-24 19:03:06] [DETAILS] resolve extensions-by-pack>   Found extension targeting codeql/threat-models:threatModelConfiguration: 1 tuples.
[2026-07-24 19:03:06] [PROGRESS] resolve extensions-by-pack> Loading data extensions in /home/oleksii-shemshur/vscode-codeql-starter/ql/shared/threat-models/ext/threat-model-grouping.model.yml.
[2026-07-24 19:03:06] [DETAILS] resolve extensions-by-pack>   Found extension targeting codeql/threat-models:threatModelGrouping: 15 tuples.
[2026-07-24 19:03:06] [PROGRESS] resolve extensions-by-pack> Loading data extensions in /home/oleksii-shemshur/vscode-codeql-starter/ql/shared/util/ext/default-alert-filter.yml.
[2026-07-24 19:03:06] [DETAILS] resolve extensions-by-pack>   Found extension targeting codeql/util:restrictAlertsTo: 0 tuples.
[2026-07-24 19:03:06] Calling plumbing command: codeql generate extensible-predicate-metadata /home/oleksii-shemshur/vscode-codeql-starter/ql/shared/util
[2026-07-24 19:03:06] Calling plumbing command: codeql pack packlist /home/oleksii-shemshur/vscode-codeql-starter/ql/shared/util --format=json
[2026-07-24 19:03:06] Calling plumbing command: codeql resolve files --include=**/*.qll --include=**/*.dbscheme --include=**/*.dbscheme.stats --include=**/*.md --include=**/*.qls --include=**/*.qlref --include=**/*.yml --include=**/*.yaml --include=**/upgrade.properties --include=**/*.ql --include=!**/.* --include=!**/qlpack.auth.yml --include=!**/qlconfig.yml --include=!codeql-pack.lock.yml --include=!qlpack.lock.yml --include=!codeql-pack.release.yml --include=!change-notes --include=!**/*.qhelp --include=codeql-pack.yml --include=qlpack.yml --include=LICENSE --include=README.md --include=CHANGELOG.md --include=!**/*.qlx --include=ext/*.yml /home/oleksii-shemshur/vscode-codeql-starter/ql/shared/util --format=json
[2026-07-24 19:03:06] [PROGRESS] resolve files> Scanning /home/oleksii-shemshur/vscode-codeql-starter/ql/shared/util...
[2026-07-24 19:03:06] [PROGRESS] resolve files> Scanning /home/oleksii-shemshur/vscode-codeql-starter/ql/shared/util/codeql...
[2026-07-24 19:03:06] [PROGRESS] resolve files> Scanning /home/oleksii-shemshur/vscode-codeql-starter/ql/shared/util/codeql/util...
[2026-07-24 19:03:06] [PROGRESS] resolve files> Scanning /home/oleksii-shemshur/vscode-codeql-starter/ql/shared/util/codeql/util/suppression...
[2026-07-24 19:03:06] [PROGRESS] resolve files> Scanning /home/oleksii-shemshur/vscode-codeql-starter/ql/shared/util/codeql/util/test...
[2026-07-24 19:03:06] [PROGRESS] resolve files> Scanning /home/oleksii-shemshur/vscode-codeql-starter/ql/shared/util/ext...
[2026-07-24 19:03:06] Plumbing command codeql resolve files completed:
                      [
                        "/home/oleksii-shemshur/vscode-codeql-starter/ql/shared/util/CHANGELOG.md",
                        "/home/oleksii-shemshur/vscode-codeql-starter/ql/shared/util/codeql/util/AlertFiltering.qll",
                        "/home/oleksii-shemshur/vscode-codeql-starter/ql/shared/util/codeql/util/Boolean.qll",
                        "/home/oleksii-shemshur/vscode-codeql-starter/ql/shared/util/codeql/util/DenseRank.qll",
                        "/home/oleksii-shemshur/vscode-codeql-starter/ql/shared/util/codeql/util/Either.qll",
                        "/home/oleksii-shemshur/vscode-codeql-starter/ql/shared/util/codeql/util/FilePath.qll",
                        "/home/oleksii-shemshur/vscode-codeql-starter/ql/shared/util/codeql/util/FileSystem.qll",
                        "/home/oleksii-shemshur/vscode-codeql-starter/ql/shared/util/codeql/util/Location.qll",
                        "/home/oleksii-shemshur/vscode-codeql-starter/ql/shared/util/codeql/util/Numbers.qll",
                        "/home/oleksii-shemshur/vscode-codeql-starter/ql/shared/util/codeql/util/Option.qll",
                        "/home/oleksii-shemshur/vscode-codeql-starter/ql/shared/util/codeql/util/ReportStats.qll",
                        "/home/oleksii-shemshur/vscode-codeql-starter/ql/shared/util/codeql/util/Strings.qll",
                        "/home/oleksii-shemshur/vscode-codeql-starter/ql/shared/util/codeql/util/UnboundList.qll",
                        "/home/oleksii-shemshur/vscode-codeql-starter/ql/shared/util/codeql/util/Unit.qll",
                        "/home/oleksii-shemshur/vscode-codeql-starter/ql/shared/util/codeql/util/Void.qll",
                        "/home/oleksii-shemshur/vscode-codeql-starter/ql/shared/util/codeql/util/suppression/AlertSuppression.qll",
                        "/home/oleksii-shemshur/vscode-codeql-starter/ql/shared/util/codeql/util/test/ExternalLocationPostProcessing.qll",
                        "/home/oleksii-shemshur/vscode-codeql-starter/ql/shared/util/codeql/util/test/InlineExpectationsTest.qll",
                        "/home/oleksii-shemshur/vscode-codeql-starter/ql/shared/util/ext/default-alert-filter.yml",
                        "/home/oleksii-shemshur/vscode-codeql-starter/ql/shared/util/qlpack.yml"
                      ]
[2026-07-24 19:03:06] Plumbing command codeql pack packlist completed:
                      {
                        "paths" : [
                          "/home/oleksii-shemshur/vscode-codeql-starter/ql/shared/util/CHANGELOG.md",
                          "/home/oleksii-shemshur/vscode-codeql-starter/ql/shared/util/codeql/util/AlertFiltering.qll",
                          "/home/oleksii-shemshur/vscode-codeql-starter/ql/shared/util/codeql/util/Boolean.qll",
                          "/home/oleksii-shemshur/vscode-codeql-starter/ql/shared/util/codeql/util/DenseRank.qll",
                          "/home/oleksii-shemshur/vscode-codeql-starter/ql/shared/util/codeql/util/Either.qll",
                          "/home/oleksii-shemshur/vscode-codeql-starter/ql/shared/util/codeql/util/FilePath.qll",
                          "/home/oleksii-shemshur/vscode-codeql-starter/ql/shared/util/codeql/util/FileSystem.qll",
                          "/home/oleksii-shemshur/vscode-codeql-starter/ql/shared/util/codeql/util/Location.qll",
                          "/home/oleksii-shemshur/vscode-codeql-starter/ql/shared/util/codeql/util/Numbers.qll",
                          "/home/oleksii-shemshur/vscode-codeql-starter/ql/shared/util/codeql/util/Option.qll",
                          "/home/oleksii-shemshur/vscode-codeql-starter/ql/shared/util/codeql/util/ReportStats.qll",
                          "/home/oleksii-shemshur/vscode-codeql-starter/ql/shared/util/codeql/util/Strings.qll",
                          "/home/oleksii-shemshur/vscode-codeql-starter/ql/shared/util/codeql/util/UnboundList.qll",
                          "/home/oleksii-shemshur/vscode-codeql-starter/ql/shared/util/codeql/util/Unit.qll",
                          "/home/oleksii-shemshur/vscode-codeql-starter/ql/shared/util/codeql/util/Void.qll",
                          "/home/oleksii-shemshur/vscode-codeql-starter/ql/shared/util/codeql/util/suppression/AlertSuppression.qll",
                          "/home/oleksii-shemshur/vscode-codeql-starter/ql/shared/util/codeql/util/test/ExternalLocationPostProcessing.qll",
                          "/home/oleksii-shemshur/vscode-codeql-starter/ql/shared/util/codeql/util/test/InlineExpectationsTest.qll",
                          "/home/oleksii-shemshur/vscode-codeql-starter/ql/shared/util/ext/default-alert-filter.yml",
                          "/home/oleksii-shemshur/vscode-codeql-starter/ql/shared/util/qlpack.yml"
                        ]
                      }
[2026-07-24 19:03:06] Plumbing command codeql generate extensible-predicate-metadata completed:
                      {
                        "extensible_predicates" : [
                          {
                            "name" : "restrictAlertsTo",
                            "parameters" : [
                              {
                                "name" : "filePath",
                                "type" : "string"
                              },
                              {
                                "name" : "lineStart",
                                "type" : "int"
                              },
                              {
                                "name" : "lineEnd",
                                "type" : "int"
                              }
                            ],
                            "has_origin" : false,
                            "path" : "codeql/util/AlertFiltering.qll",
                            "start_line" : 38,
                            "start_column" : 1,
                            "end_line" : 38,
                            "end_column" : 84
                          },
                          {
                            "name" : "restrictAlertsToExactLocation",
                            "parameters" : [
                              {
                                "name" : "filePath",
                                "type" : "string"
                              },
                              {
                                "name" : "startLine",
                                "type" : "int"
                              },
                              {
                                "name" : "startColumn",
                                "type" : "int"
                              },
                              {
                                "name" : "endLine",
                                "type" : "int"
                              },
                              {
                                "name" : "endColumn",
                                "type" : "int"
                              }
                            ],
                            "has_origin" : false,
                            "path" : "codeql/util/AlertFiltering.qll",
                            "start_line" : 68,
                            "start_column" : 1,
                            "end_line" : 70,
                            "end_column" : 3
                          }
                        ]
                      }
[2026-07-24 19:03:06] [DETAILS] resolve extensions-by-pack>   Found extension targeting codeql/util:restrictAlertsToExactLocation: 0 tuples.
[2026-07-24 19:03:06] Plumbing command codeql resolve extensions-by-pack completed:
                      {
                        "models" : [ ],
                        "data" : {
                          "/home/oleksii-shemshur/vscode-codeql-starter/codeql-custom-queries-python" : [
                            {
                              "predicate" : "threatModelConfiguration",
                              "file" : "/home/oleksii-shemshur/vscode-codeql-starter/ql/python/ql/lib/ext/default-threat-models-fixup.model.yml",
                              "index" : 0,
                              "firstRowId" : 0,
                              "rowCount" : 1,
                              "predicateHasOrigin" : false,
                              "locations" : {
                                "lineNumbers" : "A=8",
                                "columnNumbers" : "A=9"
                              }
                            },
                            {
                              "predicate" : "barrierGuardModel",
                              "file" : "/home/oleksii-shemshur/vscode-codeql-starter/ql/python/ql/lib/semmle/python/frameworks/AntiSSRF.model.yml",
                              "index" : 0,
                              "firstRowId" : 1,
                              "rowCount" : 1,
                              "predicateHasOrigin" : true,
                              "locations" : {
                                "lineNumbers" : "A=6",
                                "columnNumbers" : "A=9"
                              }
                            },
                            {
                              "predicate" : "sinkModel",
                              "file" : "/home/oleksii-shemshur/vscode-codeql-starter/ql/python/ql/lib/semmle/python/frameworks/Asyncpg.model.yml",
                              "index" : 0,
                              "firstRowId" : 2,
                              "rowCount" : 5,
                              "predicateHasOrigin" : true,
                              "locations" : {
                                "lineNumbers" : "A=7+1+2+1+2",
                                "columnNumbers" : "A=9*5"
                              }
                            },
                            {
                              "predicate" : "typeModel",
                              "file" : "/home/oleksii-shemshur/vscode-codeql-starter/ql/python/ql/lib/semmle/python/frameworks/Asyncpg.model.yml",
                              "index" : 1,
                              "firstRowId" : 7,
                              "rowCount" : 6,
                              "predicateHasOrigin" : false,
                              "locations" : {
                                "lineNumbers" : "A=20+4+1*2+2+1",
                                "columnNumbers" : "A=9*6"
                              }
                            },
                            {
                              "predicate" : "sinkModel",
                              "file" : "/home/oleksii-shemshur/vscode-codeql-starter/ql/python/ql/lib/semmle/python/frameworks/Azure.Keyvault.model.yml",
                              "index" : 0,
                              "firstRowId" : 13,
                              "rowCount" : 4,
                              "predicateHasOrigin" : true,
                              "locations" : {
                                "lineNumbers" : "A=6+1*3",
                                "columnNumbers" : "A=9*4"
                              }
                            },
                            {
                              "predicate" : "sinkModel",
                              "file" : "/home/oleksii-shemshur/vscode-codeql-starter/ql/python/ql/lib/semmle/python/frameworks/Azure.Storage.model.yml",
                              "index" : 0,
                              "firstRowId" : 17,
                              "rowCount" : 29,
                              "predicateHasOrigin" : true,
                              "locations" : {
                                "lineNumbers" : "A=6+1*28",
                                "columnNumbers" : "A=9*29"
                              }
                            },
                            {
                              "predicate" : "barrierGuardModel",
                              "file" : "/home/oleksii-shemshur/vscode-codeql-starter/ql/python/ql/lib/semmle/python/frameworks/Django.model.yml",
                              "index" : 0,
                              "firstRowId" : 46,
                              "rowCount" : 1,
                              "predicateHasOrigin" : true,
                              "locations" : {
                                "lineNumbers" : "A=6",
                                "columnNumbers" : "A=9"
                              }
                            },
                            {
                              "predicate" : "typeModel",
                              "file" : "/home/oleksii-shemshur/vscode-codeql-starter/ql/python/ql/lib/semmle/python/frameworks/Eventlet.model.yml",
                              "index" : 0,
                              "firstRowId" : 47,
                              "rowCount" : 2,
                              "predicateHasOrigin" : false,
                              "locations" : {
                                "lineNumbers" : "A=7+2",
                                "columnNumbers" : "A=9*2"
                              }
                            },
                            {
                              "predicate" : "typeModel",
                              "file" : "/home/oleksii-shemshur/vscode-codeql-starter/ql/python/ql/lib/semmle/python/frameworks/Gevent.model.yml",
                              "index" : 0,
                              "firstRowId" : 49,
                              "rowCount" : 1,
                              "predicateHasOrigin" : false,
                              "locations" : {
                                "lineNumbers" : "A=7",
                                "columnNumbers" : "A=9"
                              }
                            },
                            {
                              "predicate" : "sourceModel",
                              "file" : "/home/oleksii-shemshur/vscode-codeql-starter/ql/python/ql/lib/semmle/python/frameworks/Stdlib.model.yml",
                              "index" : 0,
                              "firstRowId" : 50,
                              "rowCount" : 12,
                              "predicateHasOrigin" : true,
                              "locations" : {
                                "lineNumbers" : "A=6+1*4+2+1+2+1*2+4+2",
                                "columnNumbers" : "A=9*12"
                              }
                            },
                            {
                              "predicate" : "sinkModel",
                              "file" : "/home/oleksii-shemshur/vscode-codeql-starter/ql/python/ql/lib/semmle/python/frameworks/Stdlib.model.yml",
                              "index" : 1,
                              "firstRowId" : 62,
                              "rowCount" : 2,
                              "predicateHasOrigin" : true,
                              "locations" : {
                                "lineNumbers" : "A=29+2",
                                "columnNumbers" : "A=9*2"
                              }
                            },
                            {
                              "predicate" : "summaryModel",
                              "file" : "/home/oleksii-shemshur/vscode-codeql-starter/ql/python/ql/lib/semmle/python/frameworks/Stdlib.model.yml",
                              "index" : 2,
                              "firstRowId" : 64,
                              "rowCount" : 67,
                              "predicateHasOrigin" : true,
                              "locations" : {
                                "lineNumbers" : "A=39+1+2+4+2*2+4+2*3+1+2+1+2+1+2+4+2+4+2*2+3+2*2+3+1+2*4+4+1+4+1+4+1*5+2*4+4+1+2*12+3+2+3+4+1+2*2+1+2",
                                "columnNumbers" : "A=9*67"
                              }
                            },
                            {
                              "predicate" : "neutralModel",
                              "file" : "/home/oleksii-shemshur/vscode-codeql-starter/ql/python/ql/lib/semmle/python/frameworks/Stdlib.model.yml",
                              "index" : 3,
                              "firstRowId" : 131,
                              "rowCount" : 0,
                              "predicateHasOrigin" : false,
                              "locations" : {
                                "lineNumbers" : "A",
                                "columnNumbers" : "A"
                              }
                            },
                            {
                              "predicate" : "typeModel",
                              "file" : "/home/oleksii-shemshur/vscode-codeql-starter/ql/python/ql/lib/semmle/python/frameworks/Stdlib.model.yml",
                              "index" : 4,
                              "firstRowId" : 131,
                              "rowCount" : 2,
                              "predicateHasOrigin" : false,
                              "locations" : {
                                "lineNumbers" : "A=190+2",
                                "columnNumbers" : "A=9*2"
                              }
                            },
                            {
                              "predicate" : "typeVariableModel",
                              "file" : "/home/oleksii-shemshur/vscode-codeql-starter/ql/python/ql/lib/semmle/python/frameworks/Stdlib.model.yml",
                              "index" : 5,
                              "firstRowId" : 133,
                              "rowCount" : 0,
                              "predicateHasOrigin" : false,
                              "locations" : {
                                "lineNumbers" : "A",
                                "columnNumbers" : "A"
                              }
                            },
                            {
                              "predicate" : "sinkModel",
                              "file" : "/home/oleksii-shemshur/vscode-codeql-starter/ql/python/ql/lib/semmle/python/frameworks/agent.model.yml",
                              "index" : 0,
                              "firstRowId" : 133,
                              "rowCount" : 1,
                              "predicateHasOrigin" : true,
                              "locations" : {
                                "lineNumbers" : "A=6",
                                "columnNumbers" : "A=9"
                              }
                            },
                            {
                              "predicate" : "sinkModel",
                              "file" : "/home/oleksii-shemshur/vscode-codeql-starter/ql/python/ql/lib/semmle/python/frameworks/anthropic.model.yml",
                              "index" : 0,
                              "firstRowId" : 134,
                              "rowCount" : 6,
                              "predicateHasOrigin" : true,
                              "locations" : {
                                "lineNumbers" : "A=6+1*5",
                                "columnNumbers" : "A=9*6"
                              }
                            },
                            {
                              "predicate" : "typeModel",
                              "file" : "/home/oleksii-shemshur/vscode-codeql-starter/ql/python/ql/lib/semmle/python/frameworks/anthropic.model.yml",
                              "index" : 1,
                              "firstRowId" : 140,
                              "rowCount" : 1,
                              "predicateHasOrigin" : false,
                              "locations" : {
                                "lineNumbers" : "A=17",
                                "columnNumbers" : "A=9"
                              }
                            },
                            {
                              "predicate" : "typeModel",
                              "file" : "/home/oleksii-shemshur/vscode-codeql-starter/ql/python/ql/lib/semmle/python/frameworks/builtins.model.yml",
                              "index" : 0,
                              "firstRowId" : 141,
                              "rowCount" : 244,
                              "predicateHasOrigin" : false,
                              "locations" : {
                                "lineNumbers" : "A=7+3*243",
                                "columnNumbers" : "A=5*244"
                              }
                            },
                            {
                              "predicate" : "sourceModel",
                              "file" : "/home/oleksii-shemshur/vscode-codeql-starter/ql/python/ql/lib/semmle/python/frameworks/data/internal/empty.model.yml",
                              "index" : 0,
                              "firstRowId" : 385,
                              "rowCount" : 0,
                              "predicateHasOrigin" : true,
                              "locations" : {
                                "lineNumbers" : "A",
                                "columnNumbers" : "A"
                              }
                            },
                            {
                              "predicate" : "sinkModel",
                              "file" : "/home/oleksii-shemshur/vscode-codeql-starter/ql/python/ql/lib/semmle/python/frameworks/data/internal/empty.model.yml",
                              "index" : 1,
                              "firstRowId" : 385,
                              "rowCount" : 0,
                              "predicateHasOrigin" : true,
                              "locations" : {
                                "lineNumbers" : "A",
                                "columnNumbers" : "A"
                              }
                            },
                            {
                              "predicate" : "barrierModel",
                              "file" : "/home/oleksii-shemshur/vscode-codeql-starter/ql/python/ql/lib/semmle/python/frameworks/data/internal/empty.model.yml",
                              "index" : 2,
                              "firstRowId" : 385,
                              "rowCount" : 0,
                              "predicateHasOrigin" : true,
                              "locations" : {
                                "lineNumbers" : "A",
                                "columnNumbers" : "A"
                              }
                            },
                            {
                              "predicate" : "barrierGuardModel",
                              "file" : "/home/oleksii-shemshur/vscode-codeql-starter/ql/python/ql/lib/semmle/python/frameworks/data/internal/empty.model.yml",
                              "index" : 3,
                              "firstRowId" : 385,
                              "rowCount" : 0,
                              "predicateHasOrigin" : true,
                              "locations" : {
                                "lineNumbers" : "A",
                                "columnNumbers" : "A"
                              }
                            },
                            {
                              "predicate" : "summaryModel",
                              "file" : "/home/oleksii-shemshur/vscode-codeql-starter/ql/python/ql/lib/semmle/python/frameworks/data/internal/empty.model.yml",
                              "index" : 4,
                              "firstRowId" : 385,
                              "rowCount" : 0,
                              "predicateHasOrigin" : true,
                              "locations" : {
                                "lineNumbers" : "A",
                                "columnNumbers" : "A"
                              }
                            },
                            {
                              "predicate" : "neutralModel",
                              "file" : "/home/oleksii-shemshur/vscode-codeql-starter/ql/python/ql/lib/semmle/python/frameworks/data/internal/empty.model.yml",
                              "index" : 5,
                              "firstRowId" : 385,
                              "rowCount" : 0,
                              "predicateHasOrigin" : false,
                              "locations" : {
                                "lineNumbers" : "A",
                                "columnNumbers" : "A"
                              }
                            },
                            {
                              "predicate" : "typeModel",
                              "file" : "/home/oleksii-shemshur/vscode-codeql-starter/ql/python/ql/lib/semmle/python/frameworks/data/internal/empty.model.yml",
                              "index" : 6,
                              "firstRowId" : 385,
                              "rowCount" : 0,
                              "predicateHasOrigin" : false,
                              "locations" : {
                                "lineNumbers" : "A",
                                "columnNumbers" : "A"
                              }
                            },
                            {
                              "predicate" : "typeVariableModel",
                              "file" : "/home/oleksii-shemshur/vscode-codeql-starter/ql/python/ql/lib/semmle/python/frameworks/data/internal/empty.model.yml",
                              "index" : 7,
                              "firstRowId" : 385,
                              "rowCount" : 0,
                              "predicateHasOrigin" : false,
                              "locations" : {
                                "lineNumbers" : "A",
                                "columnNumbers" : "A"
                              }
                            },
                            {
                              "predicate" : "typeModel",
                              "file" : "/home/oleksii-shemshur/vscode-codeql-starter/ql/python/ql/lib/semmle/python/frameworks/data/internal/subclass-capture/ALL.model.yml",
                              "index" : 0,
                              "firstRowId" : 385,
                              "rowCount" : 58275,
                              "predicateHasOrigin" : false,
                              "locations" : {
                                "lineNumbers" : "A=7+3*58274",
                                "columnNumbers" : "A=5*58275"
                              }
                            },
                            {
                              "predicate" : "summaryModel",
                              "file" : "/home/oleksii-shemshur/vscode-codeql-starter/ql/python/ql/lib/semmle/python/frameworks/lxml.model.yml",
                              "index" : 0,
                              "firstRowId" : 58660,
                              "rowCount" : 1,
                              "predicateHasOrigin" : true,
                              "locations" : {
                                "lineNumbers" : "A=6",
                                "columnNumbers" : "A=9"
                              }
                            },
                            {
                              "predicate" : "sinkModel",
                              "file" : "/home/oleksii-shemshur/vscode-codeql-starter/ql/python/ql/lib/semmle/python/frameworks/openai.model.yml",
                              "index" : 0,
                              "firstRowId" : 58661,
                              "rowCount" : 4,
                              "predicateHasOrigin" : true,
                              "locations" : {
                                "lineNumbers" : "A=6+1*3",
                                "columnNumbers" : "A=9*4"
                              }
                            },
                            {
                              "predicate" : "typeModel",
                              "file" : "/home/oleksii-shemshur/vscode-codeql-starter/ql/python/ql/lib/semmle/python/frameworks/openai.model.yml",
                              "index" : 1,
                              "firstRowId" : 58665,
                              "rowCount" : 1,
                              "predicateHasOrigin" : false,
                              "locations" : {
                                "lineNumbers" : "A=15",
                                "columnNumbers" : "A=9"
                              }
                            },
                            {
                              "predicate" : "summaryModel",
                              "file" : "/home/oleksii-shemshur/vscode-codeql-starter/ql/python/ql/lib/semmle/python/frameworks/xml.model.yml",
                              "index" : 0,
                              "firstRowId" : 58666,
                              "rowCount" : 1,
                              "predicateHasOrigin" : true,
                              "locations" : {
                                "lineNumbers" : "A=6",
                                "columnNumbers" : "A=9"
                              }
                            },
                            {
                              "predicate" : "threatModelConfiguration",
                              "file" : "/home/oleksii-shemshur/vscode-codeql-starter/ql/shared/threat-models/ext/supported-threat-models.model.yml",
                              "index" : 0,
                              "firstRowId" : 58667,
                              "rowCount" : 1,
                              "predicateHasOrigin" : false,
                              "locations" : {
                                "lineNumbers" : "A=6",
                                "columnNumbers" : "A=9"
                              }
                            },
                            {
                              "predicate" : "threatModelGrouping",
                              "file" : "/home/oleksii-shemshur/vscode-codeql-starter/ql/shared/threat-models/ext/threat-model-grouping.model.yml",
                              "index" : 0,
                              "firstRowId" : 58668,
                              "rowCount" : 15,
                              "predicateHasOrigin" : false,
                              "locations" : {
                                "lineNumbers" : "A=8+3+1+3+1*5+3+1+5+1*3",
                                "columnNumbers" : "A=9*15"
                              }
                            },
                            {
                              "predicate" : "restrictAlertsTo",
                              "file" : "/home/oleksii-shemshur/vscode-codeql-starter/ql/shared/util/ext/default-alert-filter.yml",
                              "index" : 0,
                              "firstRowId" : 58683,
                              "rowCount" : 0,
                              "predicateHasOrigin" : false,
                              "locations" : {
                                "lineNumbers" : "A",
                                "columnNumbers" : "A"
                              }
                            },
                            {
                              "predicate" : "restrictAlertsToExactLocation",
                              "file" : "/home/oleksii-shemshur/vscode-codeql-starter/ql/shared/util/ext/default-alert-filter.yml",
                              "index" : 1,
                              "firstRowId" : 58683,
                              "rowCount" : 0,
                              "predicateHasOrigin" : false,
                              "locations" : {
                                "lineNumbers" : "A",
                                "columnNumbers" : "A"
                              }
                            }
                          ]
                        },
                        "threatModels" : {
                          "/home/oleksii-shemshur/vscode-codeql-starter/codeql-custom-queries-python" : {
                            "extensions" : [
                              {
                                "data" : [ ],
                                "addsTo" : {
                                  "extensible" : "threatModelConfiguration",
                                  "checkPresence" : true,
                                  "packName" : "codeql/threat-models"
                                }
                              }
                            ]
                          }
                        },
                        "extensionPacks" : [ ]
                      }
[2026-07-24 19:03:06] [SPAMMY] execute query-server2> Selected JGit Git client for /home/oleksii-shemshur/vscode-codeql-starter/codeql-custom-queries-python because the repository uses SHA-1 object format.
[2026-07-24 19:03:06] [SPAMMY] execute query-server2> Selected JGit Git client for /home/oleksii-shemshur/vscode-codeql-starter/ql/python/ql/lib because the repository uses SHA-1 object format.
[2026-07-24 19:03:06] [SPAMMY] execute query-server2> Selected JGit Git client for /home/oleksii-shemshur/vscode-codeql-starter/ql/shared/threat-models because the repository uses SHA-1 object format.
[2026-07-24 19:03:06] [SPAMMY] execute query-server2> Selected JGit Git client for /home/oleksii-shemshur/vscode-codeql-starter/ql/shared/util because the repository uses SHA-1 object format.
[2026-07-24 19:03:07] Starting evaluation of /home/oleksii-shemshur/vscode-codeql-starter/codeql-custom-queries-python/example.ql
[2026-07-24 19:03:07] (0s) Start query execution
[2026-07-24 19:03:07] (0s) Beginning execution of /home/oleksii-shemshur/vscode-codeql-starter/codeql-custom-queries-python/example.ql
[2026-07-24 19:03:07] (0s)  >>> First-level cache hit Files::Input::ContainerBase.getAbsolutePath/0#dispred#bb5aca3b/2@966d67vo with digest f10959rfmc343muachgj4u34967.
[2026-07-24 19:03:07] (0s)  >>> Full cache hit Files::Input::ContainerBase.getAbsolutePath/0#dispred#bb5aca3b/2@966d67vo with 470 rows and digest f10959rfmc343muachgj4u34967.
[2026-07-24 19:03:07] (0s)  >>> First-level cache hit folders/2@bad7d9u0 with digest 7a82f8kh66ikp1kh3nk1g5sm6uf.
[2026-07-24 19:03:07] (0s)  >>> First-level cache hit files/2@ec93749g with digest 68c0ea6b0s9ivq39oosfgsqbas2.
[2026-07-24 19:03:07] (0s)  >>> Created relation py_Functions/2@dc6e589f with 1946 rows and digest 22931f58njfg0v7kgd04vq96qpf.
[2026-07-24 19:03:07] (0s)  >>> Created relation py_Classes/2@2777c63f with 187 rows and digest ec5305qhko72qlejkebodpcqked.
[2026-07-24 19:03:07] (0s)  >>> Created relation py_Modules/1@3e58c00b with 224 rows and digest 7ae3beavu50bnprb61ou1nabu50.
[2026-07-24 19:03:07] (0s) Starting to evaluate predicate AstGenerated::Scope_#cc08b056/1@78c72bkc
[2026-07-24 19:03:07] (0s)  >>> Created relation AstGenerated::Scope_#cc08b056/1@78c72bkc with 2357 rows and digest c0f709eqce3tbcdh0a62a2ccqse.
[2026-07-24 19:03:07] (0s)  >>> Created relation py_stmts/4@93720efi with 15913 rows and digest 4944a19dcslqpccca5cgiirmvv1.
[2026-07-24 19:03:07] (0s) Starting to evaluate predicate py_stmts_20#join_rhs/2@e780a92c
[2026-07-24 19:03:07] (0s)  >>> Created relation py_stmts_20#join_rhs/2@e780a92c with 15913 rows and digest 9b9d45t4lvqotne6klcaj60t1f8.
[2026-07-24 19:03:07] (0s)  >>> Created relation py_stmt_lists/3@bef968k2 with 4877 rows and digest 899fc3n7kp26436ni3ger01k6l0.
[2026-07-24 19:03:07] (0s) Starting to evaluate predicate py_stmt_lists_120#join_rhs/3@0e183epv
[2026-07-24 19:03:07] (0s)  >>> Created relation py_stmt_lists_120#join_rhs/3@0e183epv with 4877 rows and digest bbb29d8j0gobgkqu3ret80mmebd.
[2026-07-24 19:03:07] (0s) Starting to evaluate predicate Scope::Scope.getAStmt/0#dispred#d709491a/2@b759a2c5
[2026-07-24 19:03:07] (0s)  >>> Created relation Scope::Scope.getAStmt/0#dispred#d709491a/2@b759a2c5 with 11359 rows and digest 420db6rjs0l5vq2kfq3st9ggvb9.
[2026-07-24 19:03:07] (0s) Starting to evaluate predicate project##Scope::Scope.getAStmt/0#dispred#d709491aMerge/1@0fbe062a
[2026-07-24 19:03:07] (0s)  >>> Created relation project##Scope::Scope.getAStmt/0#dispred#d709491aMerge/1@0fbe062a with 2296 rows and digest 5110929kfjifvm8sls7ahedjtnd.
[2026-07-24 19:03:07] (0s) Starting to evaluate predicate #select#cpe#1/1@d1f81589
[2026-07-24 19:03:07] (0s)  >>> Created relation #select#cpe#1/1@d1f81589 with 61 rows and digest 489dcc8ka5etkhe797t0sn54444.
[2026-07-24 19:03:07] (0s)  >>> Created relation py_module_path/2@7a0f7599 with 224 rows and digest ee5aa222en611jhbrguje28sid5.
[2026-07-24 19:03:07] (0s) Starting to evaluate predicate Files::Impl::Container.splitAbsolutePath/2#dispred#324a3985/3@e59cbcdu
[2026-07-24 19:03:08] (0s)  >>> Created relation Files::Impl::Container.splitAbsolutePath/2#dispred#324a3985/3@e59cbcdu with 1202 rows and digest 4704b0h54lj9qfk0ct9hf6c9sfe.
[2026-07-24 19:03:08] (0s) Promoting strings for Files::Impl::Container.splitAbsolutePath/2#dispred#324a3985/3@e59cbcdu
[2026-07-24 19:03:08] (0s) Promoted strings for Files::Impl::Container.splitAbsolutePath/2#dispred#324a3985/3@e59cbcdu, took 10ms
[2026-07-24 19:03:08] (0s) Saved stringpool to save strings from Files::Impl::Container.splitAbsolutePath/2#dispred#324a3985/3@e59cbcdu, took 0ms
[2026-07-24 19:03:08] (0s)  >>> Created relation cached_Files::Impl::Container.splitAbsolutePath/2#dispred#324a3985/3@c992f399 with 1202 rows and digest 4704b0h54lj9qfk0ct9hf6c9sfe.
[2026-07-24 19:03:08] (0s) Starting to evaluate predicate Files::Impl::Container.splitAbsolutePath/2#dispred#324a3985_021#join_rhs/3@9a865792
[2026-07-24 19:03:08] (0s)  >>> Created relation Files::Impl::Container.splitAbsolutePath/2#dispred#324a3985_021#join_rhs/3@9a865792 with 1202 rows and digest 477f95ro5j15c40cr40sb4ttqo3.
[2026-07-24 19:03:08] (0s)  >>> Full cache hit files/2@ec93749g with 260 rows and digest 68c0ea6b0s9ivq39oosfgsqbas2.
[2026-07-24 19:03:08] (0s) Starting to evaluate predicate py_module_path_10#join_rhs/2@5a2bd62f
[2026-07-24 19:03:08] (0s)  >>> Created relation py_module_path_10#join_rhs/2@5a2bd62f with 224 rows and digest 0c835385qqm77sch2remc653a80.
[2026-07-24 19:03:08] (0s)  >>> Full cache hit folders/2@bad7d9u0 with 210 rows and digest 7a82f8kh66ikp1kh3nk1g5sm6uf.
[2026-07-24 19:03:08] (0s) Starting to evaluate predicate Module::Module.isPackage/0#dispred#a8679d5f/1@9131c737
[2026-07-24 19:03:08] (0s)  >>> Created relation Module::Module.isPackage/0#dispred#a8679d5f/1@9131c737 with 43 rows and digest 7ba336djp76hft98jvl0p1tk6b8.
[2026-07-24 19:03:08] (0s)  >>> Created relation py_strs/3@35cd6b34 with 43148 rows and digest 5d1932fg7i1rgflj45h1tpf2f39.
[2026-07-24 19:03:08] (0s) Starting to evaluate predicate py_strs_120#join_rhs/3@bec877pd
[2026-07-24 19:03:08] (0s)  >>> Created relation py_strs_120#join_rhs/3@bec877pd with 43148 rows and digest 25e2230v9a9590iv1mtbt1cevn2.
[2026-07-24 19:03:08] (0s) Starting to evaluate predicate AstGenerated::Module_.getName/0#2ccd625a/2@38f91ee0
[2026-07-24 19:03:08] (0s)  >>> Created relation AstGenerated::Module_.getName/0#2ccd625a/2@38f91ee0 with 0 rows and digest THIS-RELATION-HAS-NO-TUPLES.
[2026-07-24 19:03:08] (0s) Inferred that AstGenerated::Module_.getName/0#2ccd625a_0#antijoin_rhs/1@a8f41596 is empty, due to AstGenerated::Module_.getName/0#2ccd625a/2@38f91ee0.
[2026-07-24 19:03:08] (0s)  >>> Created relation containerparent/2@c7062ak0 with 469 rows and digest 5b77c0qpp1so5gunav44rfskm82.
[2026-07-24 19:03:08] (0s)  >>> Created relation py_flags_versioned/3@ee57f1af with 70 rows and digest 28515bbj3u3hv63vi5u52jvth4b.
[2026-07-24 19:03:08] (0s) Starting to evaluate predicate _py_flags_versioned#antijoin_rhs/2@699620a1
[2026-07-24 19:03:08] (0s)  >>> Created relation _py_flags_versioned#antijoin_rhs/2@699620a1 with 1 rows and digest 45f16ctn89ig405j4i3pchk92oe.
[2026-07-24 19:03:08] (0s) Starting to evaluate predicate _py_flags_versioned#count_range/2@229366h4
[2026-07-24 19:03:08] (0s)  >>> Created relation _py_flags_versioned#count_range/2@229366h4 with 1 rows and digest 045f07dmkekvepmrhk6movdf3cb.
[2026-07-24 19:03:08] (0s) Starting to evaluate predicate __py_flags_versioned#count_range#join_rhs/2@14e24109
[2026-07-24 19:03:08] (0s)  >>> Created relation __py_flags_versioned#count_range#join_rhs/2@14e24109 with 1 rows and digest 42059derjqbbipo4cohjobqcj9a.
[2026-07-24 19:03:08] (0s) Starting to evaluate predicate Files::import_path_element/1#dd8f0854/2@dee48ej4
[2026-07-24 19:03:08] (0s)  >>> Created relation Files::import_path_element/1#dd8f0854/2@dee48ej4 with 4 rows and digest 5fc816ekc8h3e2672k6nco7aue5.
[2026-07-24 19:03:08] (0s) Starting to evaluate predicate Files::import_path_element/1#dd8f0854_10#join_rhs/2@daa5d9bb
[2026-07-24 19:03:08] (0s)  >>> Created relation Files::import_path_element/1#dd8f0854_10#join_rhs/2@daa5d9bb with 4 rows and digest c56d34qpk70r33ng3ooscjsk9t1.
[2026-07-24 19:03:08] (0s) Starting to evaluate predicate Files::Container.isImportRoot/1#dispred#c81b5504/2@122714vb
[2026-07-24 19:03:08] (0s)  >>> Created relation Files::Container.isImportRoot/1#dispred#c81b5504/2@122714vb with 1 rows and digest 7a433fs0i8i7bm7pu7rfasd2quc.
[2026-07-24 19:03:08] (0s) Starting to evaluate predicate project#Files::Container.isImportRoot/1#dispred#c81b5504/1@2f20cab0
[2026-07-24 19:03:08] (0s)  >>> Created relation project#Files::Container.isImportRoot/1#dispred#c81b5504/1@2f20cab0 with 1 rows and digest b767416sptgm7nfvpb7a5dmund5.
[2026-07-24 19:03:08] (0s) Starting to evaluate predicate #Files::Container.getParent/0#dispred#c9586936Plus#fb#flipped/2@i1#2503cw9v (iteration 1)
[2026-07-24 19:03:08] (0s) 			 - #Files::Container.getParent/0#dispred#c9586936Plus#fb#flipped_delta has 13 rows (order for disjuncts: delta=<standard>).
[2026-07-24 19:03:08] (0s) Starting to evaluate predicate #Files::Container.getParent/0#dispred#c9586936Plus#fb#flipped/2@i2#2503cw9v (iteration 2)
[2026-07-24 19:03:08] (0s) 			 - #Files::Container.getParent/0#dispred#c9586936Plus#fb#flipped_delta has 2 rows (order for disjuncts: delta=<standard>).
[2026-07-24 19:03:08] (0s) Starting to evaluate predicate #Files::Container.getParent/0#dispred#c9586936Plus#fb#flipped/2@i3#2503cw9v (iteration 3)
[2026-07-24 19:03:08] (0s) Empty delta for #Files::Container.getParent/0#dispred#c9586936Plus#fb#flipped_delta (order for disjuncts: delta=<standard>).
[2026-07-24 19:03:08] (0s) Accumulating deltas
[2026-07-24 19:03:08] (0s)  >>> Created relation #Files::Container.getParent/0#dispred#c9586936Plus#fb#flipped/2@2503cw9v with 15 rows and digest f8a339beo5e14n9q6v0hm8lbbp5.
[2026-07-24 19:03:08] (0s) Starting to evaluate predicate #Files::Container.getParent/0#dispred#c9586936Plus#fb#flipped_10#join_rhs/2@ca6d7ajs
[2026-07-24 19:03:08] (0s)  >>> Created relation #Files::Container.getParent/0#dispred#c9586936Plus#fb#flipped_10#join_rhs/2@ca6d7ajs with 15 rows and digest b33fd5mt0em62qtdktd6kjdvdv1.
[2026-07-24 19:03:08] (0s) Starting to evaluate predicate _#Files::Container.getParent/0#dispred#c9586936Plus#fb#flipped_10#join_rhs_folders_project#Files::Co__#antijoin_rhs/1@51346ena
[2026-07-24 19:03:08] (0s)  >>> Created relation _#Files::Container.getParent/0#dispred#c9586936Plus#fb#flipped_10#join_rhs_folders_project#Files::Co__#antijoin_rhs/1@51346ena with 16 rows and digest 6e072dnrdhcmtuivaammnvcqin6.
[2026-07-24 19:03:08] (0s) Starting to evaluate predicate Module::isStubRoot/1#400a3be9/1@4749a1ko
[2026-07-24 19:03:08] (0s)  >>> Created relation Module::isStubRoot/1#400a3be9/1@4749a1ko with 0 rows and digest THIS-RELATION-HAS-NO-TUPLES.
[2026-07-24 19:03:08] (0s) Starting to evaluate predicate Files::Impl::Container.splitAbsolutePath/2#dispred#324a3985_201#join_rhs/3@117d3emi
[2026-07-24 19:03:08] (0s)  >>> Created relation Files::Impl::Container.splitAbsolutePath/2#dispred#324a3985_201#join_rhs/3@117d3emi with 1202 rows and digest a5f2183p6dflevk8msj1o9jh0r7.
[2026-07-24 19:03:08] (0s) Starting to evaluate predicate Module::moduleNameFromBase/1#adf5634f/2@f22257b3
[2026-07-24 19:03:08] (0s)  >>> Created relation Module::moduleNameFromBase/1#adf5634f/2@f22257b3 with 730 rows and digest 8e2e10gebdcofgi57lb1bq9i9h6.
[2026-07-24 19:03:08] (0s) Starting to evaluate predicate containerparent_10#join_rhs/2@e6fa8emb
[2026-07-24 19:03:08] (0s)  >>> Created relation containerparent_10#join_rhs/2@e6fa8emb with 469 rows and digest 1d550crs7khh51f0qs720hqclc4.
[2026-07-24 19:03:08] (0s) Starting to evaluate predicate m#Files::File.isPossibleEntryPoint/0#dispred#4586fa29#b/1@15bbe8h4
[2026-07-24 19:03:08] (0s)  >>> Created relation m#Files::File.isPossibleEntryPoint/0#dispred#4586fa29#b/1@15bbe8h4 with 212 rows and digest cef541gad6kraeshro6g6uumdc8.
[2026-07-24 19:03:08] (0s)  >>> Created relation py_exprs/4@62fb455g with 89857 rows and digest 67ce4cb4c1a9g1h76qis1di49a2.
[2026-07-24 19:03:08] (0s) Starting to evaluate predicate py_exprs_10#join_rhs/2@073ac12u
[2026-07-24 19:03:08] (0s)  >>> Created relation py_exprs_10#join_rhs/2@073ac12u with 89857 rows and digest 5e1a23i8enr9trt62bclfaob125.
[2026-07-24 19:03:08] (0s)  >>> Created relation py_expr_lists/3@1b5e391t with 20706 rows and digest 49d2fa2ahdpgkkldut9icq1ls80.
[2026-07-24 19:03:08] (0s) Starting to evaluate predicate py_expr_lists_120#join_rhs/3@3304a2u1
[2026-07-24 19:03:08] (0s)  >>> Created relation py_expr_lists_120#join_rhs/3@3304a2u1 with 20706 rows and digest 9e0ac3f3qkokks4jrsapr8gpo99.
[2026-07-24 19:03:08] (0s) Starting to evaluate predicate py_exprs_203#join_rhs/3@0e8aa5mo
[2026-07-24 19:03:08] (0s)  >>> Created relation py_exprs_203#join_rhs/3@0e8aa5mo with 89857 rows and digest fbaa1fpsfpj8tg1j7e713p6iov7.
[2026-07-24 19:03:08] (0s) Starting to evaluate predicate AstGenerated::ExprList_.getItem/1#dispred#2a70324c/3@876795dq
[2026-07-24 19:03:08] (0s)  >>> Created relation AstGenerated::ExprList_.getItem/1#dispred#2a70324c/3@876795dq with 24550 rows and digest 32effbgnaak1e1a8bi11u8892ab.
[2026-07-24 19:03:08] (0s) Starting to evaluate predicate AstGenerated::Compare_.getComparators/0#dispred#50661f3c/2@1b3416kd
[2026-07-24 19:03:08] (0s)  >>> Created relation AstGenerated::Compare_.getComparators/0#dispred#50661f3c/2@1b3416kd with 1202 rows and digest 62557dgo3noc0rf9csaadpulvj6.
[2026-07-24 19:03:08] (0s) Starting to evaluate predicate py_exprs_230#join_rhs/3@bbf66b9g
[2026-07-24 19:03:08] (0s)  >>> Created relation py_exprs_230#join_rhs/3@bbf66b9g with 89857 rows and digest 54665c68onqah2d9e3o9k09st75.
[2026-07-24 19:03:08] (0s) Starting to evaluate predicate AstGenerated::Compare_.getLeft/0#dispred#02e6fc6e/2@401a4bvm
[2026-07-24 19:03:08] (0s)  >>> Created relation AstGenerated::Compare_.getLeft/0#dispred#02e6fc6e/2@401a4bvm with 1202 rows and digest dd2d2doclhvbbjnki1g3eh49cqb.
[2026-07-24 19:03:08] (0s) Starting to evaluate predicate CachedStages::Stages::AST::backref/0#dddb3000/0@dab1424s
[2026-07-24 19:03:08] (0s)  >>> Created relation CachedStages::Stages::AST::backref/0#dddb3000/0@dab1424s with 1 rows and digest ac90f0ei322hhreshlvdl215c38.
[2026-07-24 19:03:08] (0s) Starting to evaluate predicate py_stmts_10#join_rhs/2@97ec97cm
[2026-07-24 19:03:08] (0s)  >>> Created relation py_stmts_10#join_rhs/2@97ec97cm with 15913 rows and digest ad4e2421u6sb18rtrripe57h3s1.
[2026-07-24 19:03:08] (0s) Starting to evaluate predicate AstGenerated::If_.getTest/0#dispred#c582b403/2@4ac151mr
[2026-07-24 19:03:08] (0s)  >>> Created relation AstGenerated::If_.getTest/0#dispred#c582b403/2@4ac151mr with 1104 rows and digest b4cc05auiqi16f1nk0o28qcj394.
[2026-07-24 19:03:08] (0s) Starting to evaluate predicate Files::File.getShortName/0#dispred#1a9d2ead/2@f8191cuc
[2026-07-24 19:03:08] (0s)  >>> Created relation Files::File.getShortName/0#dispred#1a9d2ead/2@f8191cuc with 260 rows and digest 13f526b0k5dgsrgar4ct6g8gsq0.
[2026-07-24 19:03:08] (0s) Starting to evaluate predicate m#Module::Module.getFile/0#dispred#53eb9b1b#fb/1@c908a2n6
[2026-07-24 19:03:08] (0s)  >>> Created relation m#Module::Module.getFile/0#dispred#53eb9b1b#fb/1@c908a2n6 with 291 rows and digest 8ffa2ddofnhqum8k4u88f1u6h4f.
[2026-07-24 19:03:08] (0s) Starting to evaluate predicate Module::Module.getFile/0#dispred#53eb9b1b#fb/2@eafe587d
[2026-07-24 19:03:08] (0s)  >>> Created relation Module::Module.getFile/0#dispred#53eb9b1b#fb/2@eafe587d with 181 rows and digest d0b8f9tjcppvams1po8dt0id80b.
[2026-07-24 19:03:08] (0s)  >>> Created relation locations_default/6@2b5cc3pr with 8927 rows and digest b7b6ben8k43vjsckcp9fbddsd1f.
[2026-07-24 19:03:08] (0s)  >>> Created relation locations_ast/6@aba204da with 117696 rows and digest 695756sghqftukalcmobie3kn5a.
[2026-07-24 19:03:08] (0s)  >>> Created relation py_scope_location/2@9810bb7v with 2314 rows and digest 0169cbdq7cr73ca6uqnrm9pdhv0.
[2026-07-24 19:03:08] (0s) Starting to evaluate predicate py_scope_location_1#antijoin_rhs/1@8ca5b9j1
[2026-07-24 19:03:08] (0s)  >>> Created relation py_scope_location_1#antijoin_rhs/1@8ca5b9j1 with 2314 rows and digest 23d1a00jog01n7jv7d9vbrune14.
[2026-07-24 19:03:08] (0s) Starting to evaluate predicate locations_ast_234501#join_rhs/6@6e5a5d36
[2026-07-24 19:03:08] (0s)  >>> Created relation locations_ast_234501#join_rhs/6@6e5a5d36 with 117696 rows and digest d58e1e6cpalsrsuvljqq4fuhv23.
[2026-07-24 19:03:08] (0s)  >>> Created relation py_type_parameters/4@a1fcadgi with 0 rows and digest THIS-RELATION-HAS-NO-TUPLES.
[2026-07-24 19:03:08] (0s) Inferred that py_type_parameters_10#join_rhs/2@dc8dd6s9 is empty, due to py_type_parameters/4@a1fcadgi.
[2026-07-24 19:03:08] (0s) Inferred that py_type_parameters_20#join_rhs/2@e9503ao7 is empty, due to py_type_parameters/4@a1fcadgi.
[2026-07-24 19:03:08] (0s)  >>> Created relation py_comprehensions/3@5a5a332m with 0 rows and digest THIS-RELATION-HAS-NO-TUPLES.
[2026-07-24 19:03:08] (0s) Inferred that AstExtended::Comprehension.getASubExpression/0#dispred#63af4970/2@8f912bbl is empty, due to py_comprehensions/3@5a5a332m.
[2026-07-24 19:03:08] (0s) Inferred that AstGenerated::ListComp_.getAGenerator/0#dispred#0726485f/2@776433m6 is empty, due to py_comprehensions/3@5a5a332m.
[2026-07-24 19:03:08] (0s)  >>> Created relation py_StringParts/3@40e65fbh with 181 rows and digest b48a563u4hbmn7alaj7mhsbvkt4.
[2026-07-24 19:03:08] (0s)  >>> Created relation py_patterns/4@5b268b2a with 0 rows and digest THIS-RELATION-HAS-NO-TUPLES.
[2026-07-24 19:03:08] (0s) Inferred that py_patterns_20#join_rhs/2@063912q6 is empty, due to py_patterns/4@5b268b2a.
[2026-07-24 19:03:08] (0s) Inferred that py_patterns_10#join_rhs/2@626962h6 is empty, due to py_patterns/4@5b268b2a.
[2026-07-24 19:03:08] (0s) Inferred that py_patterns_230#join_rhs/3@54219et2 is empty, due to py_patterns/4@5b268b2a.
[2026-07-24 19:03:08] (0s) Inferred that #AstExtended::AstNode.getAChildNode/0#dispred#a130356dPlus#fb#flipped/2@1f555wpc is empty, due to py_patterns/4@5b268b2a.
[2026-07-24 19:03:08] (0s) Inferred that AstGenerated::PatternList_.getAnItem/0#dispred#3c725bc9/2@4e0113eh is empty, due to py_patterns_20#join_rhs/2@063912q6.
[2026-07-24 19:03:08] (0s) Inferred that Patterns::MatchAsPattern.getAlias/0#dispred#766c9d3f/2@e01a224v is empty, due to py_patterns_10#join_rhs/2@626962h6.
[2026-07-24 19:03:08] (0s) Inferred that Patterns::MatchCapturePattern.getVariable/0#dispred#1afb04d9/2@fac7a9lg is empty, due to py_patterns_10#join_rhs/2@626962h6.
[2026-07-24 19:03:08] (0s) Inferred that #AstExtended::AstNode.getAChildNode/0#dispred#a130356dPlus#fb#flipped_10#join_rhs/2@388561hk is empty, due to #AstExtended::AstNode.getAChildNode/0#dispred#a130356dPlus#fb#flipped/2@1f555wpc.
[2026-07-24 19:03:08] (0s) Inferred that SsaDefinitions::SsaSource::pattern_alias_definition/2#e55586af/2@9e79e0lo is empty, due to Patterns::MatchAsPattern.getAlias/0#dispred#766c9d3f/2@e01a224v.
[2026-07-24 19:03:08] (0s) Inferred that SsaDefinitions::SsaSource::pattern_capture_definition/2#77b3ae42/2@de9ec5ao is empty, due to Patterns::MatchCapturePattern.getVariable/0#dispred#1afb04d9/2@fac7a9lg.
[2026-07-24 19:03:08] (0s) Inferred that Patterns::Pattern.getCase/0#72a79c75/2@0910b8e1 is empty, due to #AstExtended::AstNode.getAChildNode/0#dispred#a130356dPlus#fb#flipped_10#join_rhs/2@388561hk.
[2026-07-24 19:03:08] (0s) Inferred that cached_SsaDefinitions::SsaSource::pattern_alias_definition/2#e55586af/2@bcc18bfl is empty, due to SsaDefinitions::SsaSource::pattern_alias_definition/2#e55586af/2@9e79e0lo.
[2026-07-24 19:03:08] (0s) Inferred that cached_SsaDefinitions::SsaSource::pattern_capture_definition/2#77b3ae42/2@65563fls is empty, due to SsaDefinitions::SsaSource::pattern_capture_definition/2#77b3ae42/2@de9ec5ao.
[2026-07-24 19:03:08] (0s)  >>> Created relation py_locations/2@d222f4l2 with 111351 rows and digest ced8bbc10uim3s0v5nq4c51a49e.
[2026-07-24 19:03:08] (0s) Starting to evaluate predicate py_locations_10#join_rhs/2@cad24bnc
[2026-07-24 19:03:08] (0s)  >>> Created relation py_locations_10#join_rhs/2@cad24bnc with 111351 rows and digest 001ba2ir9d3n9fc5sqp9h8u3ag5.
[2026-07-24 19:03:08] (0s)  >>> Created relation py_dict_items/4@f807ab0r with 5400 rows and digest 5e83e7ftaol2qatjjmgn317pgb8.
[2026-07-24 19:03:08] (0s) Starting to evaluate predicate py_dict_items_10#join_rhs/2@1abaaa6d
[2026-07-24 19:03:08] (0s)  >>> Created relation py_dict_items_10#join_rhs/2@1abaaa6d with 5400 rows and digest ed357d9hlmdj9de211uf7du0cbe.
[2026-07-24 19:03:08] (0s) Starting to evaluate predicate py_scope_location_10#join_rhs/2@9c0b7etf
[2026-07-24 19:03:08] (0s)  >>> Created relation py_scope_location_10#join_rhs/2@9c0b7etf with 2314 rows and digest c3ff30lempfjgo7i7j8n2vtk48b.
[2026-07-24 19:03:08] (0s) Starting to evaluate predicate Stmts::Stmt.getLocation/0#dispred#18f9d034/2@d3cb24lu
[2026-07-24 19:03:08] (0s)  >>> Created relation Stmts::Stmt.getLocation/0#dispred#18f9d034/2@d3cb24lu with 15913 rows and digest 286caf43qdkn798meeo75bmkqje.
[2026-07-24 19:03:08] (0s) Starting to evaluate predicate Exprs::Expr.getLocation/0#dispred#c128155b/2@d10f96ct
[2026-07-24 19:03:08] (0s)  >>> Created relation Exprs::Expr.getLocation/0#dispred#c128155b/2@d10f96ct with 89857 rows and digest 9b17eej38v0v4opaqemuhqn5kj2.
[2026-07-24 19:03:08] (0s) Starting to evaluate predicate AstExtended::AstNode.getLocation/0#dispred#6b4dcb62/2@ccf6dfeh
[2026-07-24 19:03:08] (0s)  >>> Created relation AstExtended::AstNode.getLocation/0#dispred#6b4dcb62/2@ccf6dfeh with 113708 rows and digest 57ddbelpiqm9pun51o9ia5vubj7.
[2026-07-24 19:03:08] (0s) Starting to evaluate predicate AstGenerated::ImportExpr_.getName/0#dispred#bfa11d82/2@6a07768l
[2026-07-24 19:03:08] (0s)  >>> Created relation AstGenerated::ImportExpr_.getName/0#dispred#bfa11d82/2@6a07768l with 1481 rows and digest 626b6aleu0bfbu7jfgbg309not5.
[2026-07-24 19:03:08] (0s)  >>> Created relation py_comments/3@57ede7m5 with 3988 rows and digest 085dd45f1htgsg4cbpn8idqeoj6.
[2026-07-24 19:03:08] (0s) Starting to evaluate predicate m#Files::Location.getStartLine/0#dispred#a15d2f9d#bf/1@c9d012qg
[2026-07-24 19:03:08] (0s)  >>> Created relation m#Files::Location.getStartLine/0#dispred#a15d2f9d#bf/1@c9d012qg with 13 rows and digest dab358btpopeo5jaf6ak8dc7gpc.
[2026-07-24 19:03:08] (0s) Starting to evaluate predicate AstGenerated::ImportExpr_.getName/0#dispred#bfa11d82_0#antijoin_rhs/1@c9d75c81
[2026-07-24 19:03:08] (0s)  >>> Created relation AstGenerated::ImportExpr_.getName/0#dispred#bfa11d82_0#antijoin_rhs/1@c9d75c81 with 1481 rows and digest 07eeb42gkm80fmno0hk9dvke6d1.
[2026-07-24 19:03:08] (0s) Starting to evaluate predicate _AstExtended::AstNode.getLocation/0#dispred#6b4dcb62_py_stmts#shared/1@833bb7gv
[2026-07-24 19:03:08] (0s)  >>> Created relation _AstExtended::AstNode.getLocation/0#dispred#6b4dcb62_py_stmts#shared/1@833bb7gv with 15913 rows and digest 2605d3pddip0qoi2dvnl7c0b8p0.
[2026-07-24 19:03:08] (0s) Starting to evaluate predicate _Stmts::Stmt.getLocation/0#dispred#18f9d034_py_stmts#shared/1@650c248h
[2026-07-24 19:03:08] (0s)  >>> Created relation _Stmts::Stmt.getLocation/0#dispred#18f9d034_py_stmts#shared/1@650c248h with 15913 rows and digest 2605d3pddip0qoi2dvnl7c0b8p0.
[2026-07-24 19:03:08] (0s) Starting to evaluate predicate m#Files::Location.getFile/0#dispred#fab46add#bf/1@73c6bb27
[2026-07-24 19:03:08] (0s)  >>> Created relation m#Files::Location.getFile/0#dispred#fab46add#bf/1@73c6bb27 with 17407 rows and digest e387act3gcrqv19c7ouvrpl74ha.
[2026-07-24 19:03:08] (0s) Starting to evaluate predicate Files::Location.getPath/0#dispred#4f81638b#bf/2@56f2312l
[2026-07-24 19:03:08] (0s)  >>> Created relation Files::Location.getPath/0#dispred#4f81638b#bf/2@56f2312l with 17407 rows and digest 33db11q9d02af5dec1d4aesrae3.
[2026-07-24 19:03:08] (0s) Starting to evaluate predicate Files::Location.getPath/0#dispred#4f81638b#bf_10#join_rhs/2@aa7bb0qf
[2026-07-24 19:03:08] (0s)  >>> Created relation Files::Location.getPath/0#dispred#4f81638b#bf_10#join_rhs/2@aa7bb0qf with 17407 rows and digest 4f004a2dkcdsf947a1gagdg6725.
[2026-07-24 19:03:08] (0s) Starting to evaluate predicate Files::Location.getFile/0#dispred#fab46add#bf/2@2b4a057s
[2026-07-24 19:03:08] (0s)  >>> Created relation Files::Location.getFile/0#dispred#fab46add#bf/2@2b4a057s with 17407 rows and digest 33db11q9d02af5dec1d4aesrae3.
[2026-07-24 19:03:08] (0s) Starting to evaluate predicate py_Functions_10#join_rhs/2@eb0da2ov
[2026-07-24 19:03:08] (0s)  >>> Created relation py_Functions_10#join_rhs/2@eb0da2ov with 1946 rows and digest 864f2264d5gi3gvhh81tiqkt04e.
[2026-07-24 19:03:08] (0s) Starting to evaluate predicate py_Classes_10#join_rhs/2@132b13h6
[2026-07-24 19:03:08] (0s)  >>> Created relation py_Classes_10#join_rhs/2@132b13h6 with 187 rows and digest 0164f82ospggt22vv69c86a8d09.
[2026-07-24 19:03:08] (0s) Starting to evaluate predicate AstGenerated::ImportMember_.getModule/0#dispred#6911d1ff/2@4412afvu
[2026-07-24 19:03:08] (0s)  >>> Created relation AstGenerated::ImportMember_.getModule/0#dispred#6911d1ff/2@4412afvu with 1230 rows and digest 67b700iq1j00k3c57hhka9hjgld.
[2026-07-24 19:03:08] (0s) Starting to evaluate predicate Files::Impl::Container.splitAbsolutePath/2#dispred#324a3985_20#join_rhs/2@896ce886
[2026-07-24 19:03:08] (0s)  >>> Created relation Files::Impl::Container.splitAbsolutePath/2#dispred#324a3985_20#join_rhs/2@896ce886 with 1202 rows and digest 0a49f248pcouhaf94utt0n2i0rd.
[2026-07-24 19:03:08] (0s) Starting to evaluate predicate m#Files::Container.getImportRoot/1#dispred#d481489f#bff/1@i1#b81ecwak (iteration 1)
[2026-07-24 19:03:08] (0s) 			 - m#Files::Container.getImportRoot/1#dispred#d481489f#bff_delta has 470 rows (order for disjuncts: delta=<standard>).
[2026-07-24 19:03:08] (0s) Starting to evaluate predicate m#Files::Container.getImportRoot/1#dispred#d481489f#bff/1@i2#b81ecwak (iteration 2)
[2026-07-24 19:03:08] (0s) Empty delta for m#Files::Container.getImportRoot/1#dispred#d481489f#bff_delta (order for disjuncts: delta=<standard>).
[2026-07-24 19:03:08] (0s) Accumulating deltas
[2026-07-24 19:03:08] (0s)  >>> Created relation m#Files::Container.getImportRoot/1#dispred#d481489f#bff/1@b81ecwak with 470 rows and digest 7ca9344k4c4n7k4ve3vvlgmvn8d.
[2026-07-24 19:03:08] (0s) Starting to evaluate predicate _Files::Impl::Container.splitAbsolutePath/2#dispred#324a3985_021#join_rhs_containerparent_10#join_rh__#join_rhs/2@82fef62b
[2026-07-24 19:03:08] (0s)  >>> Created relation _Files::Impl::Container.splitAbsolutePath/2#dispred#324a3985_021#join_rhs_containerparent_10#join_rh__#join_rhs/2@82fef62b with 181 rows and digest f1312a9cikoveos1k9rak1t9qo6.
[2026-07-24 19:03:08] (0s) Starting to evaluate predicate Files::Container.getImportRoot/1#dispred#d481489f#bff/3@i1#b8d93w2e (iteration 1)
[2026-07-24 19:03:08] (0s) 			 - Files::Container.getImportRoot/1#dispred#d481489f#bff_delta has 1 rows (order for disjuncts: delta=<standard>).
[2026-07-24 19:03:08] (0s) Starting to evaluate predicate Files::Container.getImportRoot/1#dispred#d481489f#bff/3@i2#b8d93w2e (iteration 2)
[2026-07-24 19:03:08] (0s) 			 - Files::Container.getImportRoot/1#dispred#d481489f#bff_delta has 13 rows (order for disjuncts: delta=<standard>).
[2026-07-24 19:03:08] (0s) Starting to evaluate predicate Files::Container.getImportRoot/1#dispred#d481489f#bff/3@i3#b8d93w2e (iteration 3)
[2026-07-24 19:03:08] (0s) 			 - Files::Container.getImportRoot/1#dispred#d481489f#bff_delta has 2 rows (order for disjuncts: delta=<standard>).
[2026-07-24 19:03:08] (0s) Starting to evaluate predicate Files::Container.getImportRoot/1#dispred#d481489f#bff/3@i4#b8d93w2e (iteration 4)
[2026-07-24 19:03:08] (0s) Empty delta for Files::Container.getImportRoot/1#dispred#d481489f#bff_delta (order for disjuncts: delta=<standard>).
[2026-07-24 19:03:08] (0s) Accumulating deltas
[2026-07-24 19:03:08] (0s)  >>> Created relation Files::Container.getImportRoot/1#dispred#d481489f#bff/3@b8d93w2e with 16 rows and digest 18aed70j0ujo90p050ej0o8h2m3.
[2026-07-24 19:03:08] (0s) Starting to evaluate predicate _Files::Container.getImportRoot/1#dispred#d481489f#bff_Files::Impl::Container.splitAbsolutePath/2#di__#shared/3@6fd499f7
[2026-07-24 19:03:08] (0s)  >>> Created relation _Files::Container.getImportRoot/1#dispred#d481489f#bff_Files::Impl::Container.splitAbsolutePath/2#di__#shared/3@6fd499f7 with 16 rows and digest 18aed70j0ujo90p050ej0o8h2m3.
[2026-07-24 19:03:08] (0s) Starting to evaluate predicate project#Files::Container.getImportRoot/1#dispred#d481489f#bff/2@6c3382mf
[2026-07-24 19:03:08] (0s)  >>> Created relation project#Files::Container.getImportRoot/1#dispred#d481489f#bff/2@6c3382mf with 16 rows and digest 218f78fptgjuk37gvid75tuig98.
[2026-07-24 19:03:08] (0s) Starting to evaluate predicate __Files::Container.getImportRoot/1#dispred#d481489f#bff_Files::Impl::Container.splitAbsolutePath/2#d__#antijoin_rhs/3@a9ccfet0
[2026-07-24 19:03:08] (0s)  >>> Created relation __Files::Container.getImportRoot/1#dispred#d481489f#bff_Files::Impl::Container.splitAbsolutePath/2#d__#antijoin_rhs/3@a9ccfet0 with 0 rows and digest THIS-RELATION-HAS-NO-TUPLES.
[2026-07-24 19:03:08] (0s) Starting to evaluate predicate Files::Container.getImportRoot/0#dispred#b07a8632#bf/2@8648f8uk
[2026-07-24 19:03:08] (0s)  >>> Created relation Files::Container.getImportRoot/0#dispred#b07a8632#bf/2@8648f8uk with 16 rows and digest 68df82ua4m3oh2idtp2tv659630.
[2026-07-24 19:03:08] (0s) Starting to evaluate predicate Module::moduleImportedInPackage/1#90099bf3/2@22fd5di2
[2026-07-24 19:03:08] (0s)  >>> Created relation Module::moduleImportedInPackage/1#90099bf3/2@22fd5di2 with 215 rows and digest 6afecca5crdshkfs6u8cidb9577.
[2026-07-24 19:03:08] (0s) Starting to evaluate predicate Files::Impl::Container.splitAbsolutePath/2#dispred#324a3985_120#join_rhs/3@a583e3e5
[2026-07-24 19:03:08] (0s)  >>> Created relation Files::Impl::Container.splitAbsolutePath/2#dispred#324a3985_120#join_rhs/3@a583e3e5 with 1202 rows and digest 22910eo3rbum9l70k6ev8b33ti4.
[2026-07-24 19:03:08] (0s) Starting to evaluate predicate Module::isPotentialModuleFile/2#f93ea5ba/2@c2e6083m
[2026-07-24 19:03:08] (0s)  >>> Created relation Module::isPotentialModuleFile/2#f93ea5ba/2@c2e6083m with 21 rows and digest 061b22airv3nqun4gqnldmcmpj2.
[2026-07-24 19:03:08] (0s) Starting to evaluate predicate m#Files::Impl::Container.getAFile/0#dispred#9d20c6c3#fb/1@e69a47jq
[2026-07-24 19:03:08] (0s)  >>> Created relation m#Files::Impl::Container.getAFile/0#dispred#9d20c6c3#fb/1@e69a47jq with 470 rows and digest 7ca9344k4c4n7k4ve3vvlgmvn8d.
[2026-07-24 19:03:08] (0s) Starting to evaluate predicate Files::Impl::Container.getAFile/0#dispred#9d20c6c3#fb/2@f469e8en
[2026-07-24 19:03:08] (0s)  >>> Created relation Files::Impl::Container.getAFile/0#dispred#9d20c6c3#fb/2@f469e8en with 260 rows and digest b6b8dd0pefh58lr4b5hutfeldm5.
[2026-07-24 19:03:08] (0s) Starting to evaluate predicate Files::Impl::Container.getAFile/0#dispred#9d20c6c3#fb_10#join_rhs/2@bc9afava
[2026-07-24 19:03:08] (0s)  >>> Created relation Files::Impl::Container.getAFile/0#dispred#9d20c6c3#fb_10#join_rhs/2@bc9afava with 260 rows and digest 72d6e12rij73ae4qhlcv77jevlc.
[2026-07-24 19:03:08] (0s) Starting to evaluate predicate Module::isRegularPackage/2#c6677254/2@d08fb5sh
[2026-07-24 19:03:08] (0s)  >>> Created relation Module::isRegularPackage/2#c6677254/2@d08fb5sh with 23 rows and digest 97202epldlm4n3jpnq6tu28hit8.
[2026-07-24 19:03:08] (0s) Starting to evaluate predicate _Files::Impl::Container.splitAbsolutePath/2#dispred#324a3985_Module::isRegularPackage/2#c6677254_Mod__#shared/2@4e30f3ku
[2026-07-24 19:03:08] (0s)  >>> Created relation _Files::Impl::Container.splitAbsolutePath/2#dispred#324a3985_Module::isRegularPackage/2#c6677254_Mod__#shared/2@4e30f3ku with 0 rows and digest THIS-RELATION-HAS-NO-TUPLES.
[2026-07-24 19:03:08] (0s) Inferred that _Files::Impl::Container.getAFile/0#dispred#9d20c6c3#fb_10#join_rhs_Files::Impl::Container.getFolder/__#antijoin_rhs/2@bdbac54b is empty, due to _Files::Impl::Container.splitAbsolutePath/2#dispred#324a3985_Module::isRegularPackage/2#c6677254_Mod__#shared/2@4e30f3ku.
[2026-07-24 19:03:08] (0s) Starting to evaluate predicate Module::isPackage/2#0f4cbd4a/2@76e0a6r5
[2026-07-24 19:03:08] (0s)  >>> Created relation Module::isPackage/2#0f4cbd4a/2@76e0a6r5 with 23 rows and digest 97202epldlm4n3jpnq6tu28hit8.
[2026-07-24 19:03:08] (0s) Starting to evaluate predicate _Module::isPackage/2#0f4cbd4a_Module::isPotentialModuleFile/2#f93ea5ba_containerparent_10#join_rhs#antijoin_rhs/2@3ffb05ar
[2026-07-24 19:03:08] (0s)  >>> Created relation _Module::isPackage/2#0f4cbd4a_Module::isPotentialModuleFile/2#f93ea5ba_containerparent_10#join_rhs#antijoin_rhs/2@3ffb05ar with 11 rows and digest ce57d7c8q3mpoghb8rsla8p0aq8.
[2026-07-24 19:03:08] (0s) Starting to evaluate predicate _Module::isPackage/2#0f4cbd4a_containerparent_10#join_rhs#antijoin_rhs/2@2760b4b8
[2026-07-24 19:03:08] (0s)  >>> Created relation _Module::isPackage/2#0f4cbd4a_containerparent_10#join_rhs#antijoin_rhs/2@2760b4b8 with 20 rows and digest f3f776mb2am43hjmaints5hj8h5.
[2026-07-24 19:03:08] (0s) Starting to evaluate predicate Module::Module.getFile/0#dispred#53eb9b1b/2@816ea0rg
[2026-07-24 19:03:08] (0s)  >>> Created relation Module::Module.getFile/0#dispred#53eb9b1b/2@816ea0rg with 181 rows and digest d0b8f9tjcppvams1po8dt0id80b.
[2026-07-24 19:03:08] (0s) Starting to evaluate predicate AstGenerated::Module_.getKind/0#dd90ac6f/2@95377982
[2026-07-24 19:03:08] (0s)  >>> Created relation AstGenerated::Module_.getKind/0#dd90ac6f/2@95377982 with 13 rows and digest 204f33kh8mvtvo8crvacojel1da.
[2026-07-24 19:03:08] (0s) Starting to evaluate predicate AstGenerated::Module_.getKind/0#dd90ac6f_0#antijoin_rhs/1@a84c4ek9
[2026-07-24 19:03:08] (0s)  >>> Created relation AstGenerated::Module_.getKind/0#dd90ac6f_0#antijoin_rhs/1@a84c4ek9 with 13 rows and digest f1e063jedv4olsjjrgsc0vvdts9.
[2026-07-24 19:03:08] (0s) Starting to evaluate predicate Module::Module.getKind/0#dispred#ccc4de3e/2@2d81416l
[2026-07-24 19:03:08] (0s)  >>> Created relation Module::Module.getKind/0#dispred#ccc4de3e/2@2d81416l with 224 rows and digest c025003ohjsfc5b37lai0avklqb.
[2026-07-24 19:03:08] (0s) Starting to evaluate predicate Module::Module.getFile/0#dispred#53eb9b1b_0#antijoin_rhs/1@128cc0vj
[2026-07-24 19:03:08] (0s)  >>> Created relation Module::Module.getFile/0#dispred#53eb9b1b_0#antijoin_rhs/1@128cc0vj with 181 rows and digest 3d937cdprdde4kq3c13njbllc50.
[2026-07-24 19:03:08] (0s) Starting to evaluate predicate locations_ast_102345#join_rhs/6@ba5e2d5g
[2026-07-24 19:03:08] (0s)  >>> Created relation locations_ast_102345#join_rhs/6@ba5e2d5g with 117696 rows and digest ec2f95i6a9n93n86aj3qrv5cb62.
[2026-07-24 19:03:08] (0s) Starting to evaluate predicate Files::Location.hasLocationInfo/5#dispred#143bb906/6@af7732rr
[2026-07-24 19:03:08] (0s)  >>> Created relation Files::Location.hasLocationInfo/5#dispred#143bb906/6@af7732rr with 126623 rows and digest aaac1ed33l3u2697co0kutls3b0.
[2026-07-24 19:03:08] (0s) Starting to evaluate predicate Scope::Scope.getLocation/0#dispred#0883d983/2@924174vk
[2026-07-24 19:03:08] (0s)  >>> Created relation Scope::Scope.getLocation/0#dispred#0883d983/2@924174vk with 2357 rows and digest e4aa2amkjiil8bhh5ujgrt1d90d.
[2026-07-24 19:03:08] (0s) Starting to evaluate predicate _#Scope::Scope.getLocation/0#dispred#0883d983Merge_#select#cpe#1#shared/2@4b7539i0
[2026-07-24 19:03:08] (0s)  >>> Created relation _#Scope::Scope.getLocation/0#dispred#0883d983Merge_#select#cpe#1#shared/2@4b7539i0 with 61 rows and digest 8dbe35har2799smqf4cqllt5299.
[2026-07-24 19:03:08] (0s) Starting to evaluate predicate project##Files::Location.hasLocationInfo/5#dispred#143bb906Merge/1@8f0a749c
[2026-07-24 19:03:08] (0s)  >>> Created relation project##Files::Location.hasLocationInfo/5#dispred#143bb906Merge/1@8f0a749c with 126623 rows and digest 9e706bcuop1d8csnelshnu873na.
[2026-07-24 19:03:08] (0s) Starting to evaluate predicate __#Scope::Scope.getLocation/0#dispred#0883d983Merge_#select#cpe#1#shared_project##Files::Location.ha__#antijoin_rhs/2@8aa8d1qa
[2026-07-24 19:03:08] (0s)  >>> Created relation __#Scope::Scope.getLocation/0#dispred#0883d983Merge_#select#cpe#1#shared_project##Files::Location.ha__#antijoin_rhs/2@8aa8d1qa with 61 rows and digest b9a9309kbbap1om36bmecs9qlfe.
[2026-07-24 19:03:08] (0s)  >>> Created relation py_flow_bb_node/4@f7fce6uq with 105183 rows and digest ad87f9850snsl3atjtevnam0vo7.
[2026-07-24 19:03:08] (0s)  >>> Created relation py_scopes/2@a7df0e9a with 105770 rows and digest e809ddm8tgn5nq1t52mn6ortmj9.
[2026-07-24 19:03:08] (0s) Starting to evaluate predicate Stmts::Stmt.getScope/0#dispred#1debab62/2@01df4doa
[2026-07-24 19:03:08] (0s)  >>> Created relation Stmts::Stmt.getScope/0#dispred#1debab62/2@01df4doa with 15913 rows and digest f52215qvmoficlquonap4o2iio6.
[2026-07-24 19:03:08] (0s) Starting to evaluate predicate Exprs::Expr.getScope/0#dispred#71058b3b/2@6f18d7fb
[2026-07-24 19:03:08] (0s)  >>> Created relation Exprs::Expr.getScope/0#dispred#71058b3b/2@6f18d7fb with 89857 rows and digest b8fe1ebrgr8tapn585m9d5ht6ob.
[2026-07-24 19:03:08] (0s) Starting to evaluate predicate Function::Function.getEnclosingScope/0#dispred#2073a78d/2@2bb168ta
[2026-07-24 19:03:08] (0s)  >>> Created relation Function::Function.getEnclosingScope/0#dispred#2073a78d/2@2bb168ta with 1946 rows and digest 47faa3opqvnv3r4soqfgr1elr30.
[2026-07-24 19:03:08] (0s) Starting to evaluate predicate Class::Class.getScope/0#dispred#a9980f24/2@cbc60c1m
[2026-07-24 19:03:08] (0s)  >>> Created relation Class::Class.getScope/0#dispred#a9980f24/2@cbc60c1m with 187 rows and digest 8508aeehs1o8uaonsgk0o9k7fs1.
[2026-07-24 19:03:08] (0s) Starting to evaluate predicate py_flow_bb_node_10#join_rhs/2@45b774t7
[2026-07-24 19:03:08] (1s)  >>> Created relation py_flow_bb_node_10#join_rhs/2@45b774t7 with 105183 rows and digest 2caf2a5irt9hulru85rbh8tr4s0.
[2026-07-24 19:03:08] (1s)  >>> Created relation py_aliases/3@db779a0g with 1484 rows and digest b536b6it9i25adm7qimk8t2vd64.
[2026-07-24 19:03:08] (1s) Starting to evaluate predicate AstGenerated::Alias_.getAsname/0#dispred#be74675b/2@ca3a16t2
[2026-07-24 19:03:08] (1s)  >>> Created relation AstGenerated::Alias_.getAsname/0#dispred#be74675b/2@ca3a16t2 with 1484 rows and digest 03263cvt1jmpld7ucnp7v9tdu74.
[2026-07-24 19:03:08] (1s)  >>> Created relation py_alias_lists/2@d8caf67f with 1046 rows and digest 5fa6aes88nhe86m85n5eu81vte6.
[2026-07-24 19:03:08] (1s) Starting to evaluate predicate AstGenerated::Import_.getAName/0#dispred#7741064f/2@1184beuh
[2026-07-24 19:03:08] (1s)  >>> Created relation AstGenerated::Import_.getAName/0#dispred#7741064f/2@1184beuh with 1484 rows and digest 9ae472nrt5am4aapvt5nijed6p9.
[2026-07-24 19:03:08] (1s) Starting to evaluate predicate AstGenerated::Import_.getAName/0#dispred#7741064f_10#join_rhs/2@34bb70pf
[2026-07-24 19:03:08] (1s)  >>> Created relation AstGenerated::Import_.getAName/0#dispred#7741064f_10#join_rhs/2@34bb70pf with 1484 rows and digest fcc37amd2d7eo2ivni5eu91pkmb.
[2026-07-24 19:03:08] (1s) Starting to evaluate predicate AstGenerated::Alias_.getValue/0#dispred#8d361153/2@439aa999
[2026-07-24 19:03:08] (1s)  >>> Created relation AstGenerated::Alias_.getValue/0#dispred#8d361153/2@439aa999 with 1484 rows and digest fd7cd3795m7pi1fc5du7u2d8vc4.
[2026-07-24 19:03:08] (1s) Starting to evaluate predicate AstGenerated::Alias_.getValue/0#dispred#8d361153_10#join_rhs/2@e52080jn
[2026-07-24 19:03:08] (1s)  >>> Created relation AstGenerated::Alias_.getValue/0#dispred#8d361153_10#join_rhs/2@e52080jn with 1484 rows and digest cc1da4ehkasn4nnq83f5nv1s80a.
[2026-07-24 19:03:08] (1s) Starting to evaluate predicate AstGenerated::ImportMember_.getModule/0#dispred#6911d1ff_10#join_rhs/2@d03c004n
[2026-07-24 19:03:08] (1s)  >>> Created relation AstGenerated::ImportMember_.getModule/0#dispred#6911d1ff_10#join_rhs/2@d03c004n with 1230 rows and digest 4db03bm8c4830liekjt75bf1ot8.
[2026-07-24 19:03:08] (1s) Starting to evaluate predicate Import::Import.getASubExpression/0#dispred#d4e8ee19/2@3ae2502a
[2026-07-24 19:03:08] (1s)  >>> Created relation Import::Import.getASubExpression/0#dispred#d4e8ee19/2@3ae2502a with 4198 rows and digest a5857707gphhimgckg2f6khgsl4.
[2026-07-24 19:03:08] (1s) Starting to evaluate predicate AstGenerated::BinaryExpr_.getLeft/0#dispred#7495763a/2@746179qi
[2026-07-24 19:03:08] (1s)  >>> Created relation AstGenerated::BinaryExpr_.getLeft/0#dispred#7495763a/2@746179qi with 2229 rows and digest cffc35ua1oo91nf5t5fdl9v0034.
[2026-07-24 19:03:08] (1s) Starting to evaluate predicate py_exprs_1203#join_rhs/4@f75e08cn
[2026-07-24 19:03:08] (1s)  >>> Created relation py_exprs_1203#join_rhs/4@f75e08cn with 89857 rows and digest 0f6e011q825sidh6pu8ok8hn2eb.
[2026-07-24 19:03:08] (1s) Starting to evaluate predicate AstGenerated::AugAssign_.getOperation/0#dispred#e84e4db7/2@2f1dc9pq
[2026-07-24 19:03:08] (1s)  >>> Created relation AstGenerated::AugAssign_.getOperation/0#dispred#e84e4db7/2@2f1dc9pq with 368 rows and digest f807235fadb04gc7aicpnh4000f.
[2026-07-24 19:03:08] (1s) Starting to evaluate predicate AstGenerated::With_.getOptionalVars/0#dispred#ed12867c/2@ded75ebf
[2026-07-24 19:03:08] (1s)  >>> Created relation AstGenerated::With_.getOptionalVars/0#dispred#ed12867c/2@ded75ebf with 110 rows and digest b9b4bfe3qthmla9sspqfrtgf512.
[2026-07-24 19:03:08] (1s)  >>> Created relation py_type_parameter_lists/2@cef51fnk with 0 rows and digest THIS-RELATION-HAS-NO-TUPLES.
[2026-07-24 19:03:08] (1s)  >>> Created relation py_pattern_lists/3@c2339etb with 0 rows and digest THIS-RELATION-HAS-NO-TUPLES.
[2026-07-24 19:03:08] (1s) Inferred that py_pattern_lists_201#join_rhs/3@1f47b0lk is empty, due to py_pattern_lists/3@c2339etb.
[2026-07-24 19:03:08] (1s) Starting to evaluate predicate py_stmt_lists_021#join_rhs/3@e85cc0kt
[2026-07-24 19:03:08] (1s)  >>> Created relation py_stmt_lists_021#join_rhs/3@e85cc0kt with 4877 rows and digest b33037ctkltmapaquof57906mo8.
[2026-07-24 19:03:08] (1s) Starting to evaluate predicate Stmts::ExceptionHandler#2d12ceec/1@66ebb9rh
[2026-07-24 19:03:08] (1s)  >>> Created relation Stmts::ExceptionHandler#2d12ceec/1@66ebb9rh with 119 rows and digest 354a11e1pbkjahadm5dslmlrte8.
[2026-07-24 19:03:08] (1s) Starting to evaluate predicate py_exprs_20#join_rhs/2@b6605fup
[2026-07-24 19:03:08] (1s)  >>> Created relation py_exprs_20#join_rhs/2@b6605fup with 89857 rows and digest eefc32mtj8jpklj3los21ffkms5.
[2026-07-24 19:03:08] (1s) Starting to evaluate predicate AstGenerated::ExprList_.getAnItem/0#dispred#09559f69/2@76feea9p
[2026-07-24 19:03:08] (1s)  >>> Created relation AstGenerated::ExprList_.getAnItem/0#dispred#09559f69/2@76feea9p with 24550 rows and digest 7868115r3b9k1rnv5f67f5foos5.
[2026-07-24 19:03:08] (1s) Starting to evaluate predicate _py_exprs_10#join_rhs#antijoin_rhs#1/1@e7e871th
[2026-07-24 19:03:08] (1s)  >>> Created relation _py_exprs_10#join_rhs#antijoin_rhs#1/1@e7e871th with 607 rows and digest 4c62414imafkglk6e7li35dv654.
[2026-07-24 19:03:08] (1s) Starting to evaluate predicate AstGenerated::ExceptGroupStmt_.getType/0#eb73b264/2@1a11ec01
[2026-07-24 19:03:08] (1s)  >>> Created relation AstGenerated::ExceptGroupStmt_.getType/0#eb73b264/2@1a11ec01 with 0 rows and digest THIS-RELATION-HAS-NO-TUPLES.
[2026-07-24 19:03:08] (1s) Starting to evaluate predicate Stmts::ExceptGroupStmt#d71d1244/1@0312883j
[2026-07-24 19:03:08] (1s)  >>> Created relation Stmts::ExceptGroupStmt#d71d1244/1@0312883j with 0 rows and digest THIS-RELATION-HAS-NO-TUPLES.
[2026-07-24 19:03:08] (1s) Inferred that Stmts::ExceptGroupStmt.getName/0#dispred#6e8e2398/2@ced8ecpc is empty, due to Stmts::ExceptGroupStmt#d71d1244/1@0312883j.
[2026-07-24 19:03:08] (1s) Inferred that Flow::ExceptGroupFlowNode.getName/0#dispred#0a6d8b50/2@b464b10i is empty, due to Stmts::ExceptGroupStmt.getName/0#dispred#6e8e2398/2@ced8ecpc.
[2026-07-24 19:03:08] (1s) Inferred that SsaDefinitions::SsaSource::exception_group_capture/2#d53f492d/2@3635bajq is empty, due to Flow::ExceptGroupFlowNode.getName/0#dispred#0a6d8b50/2@b464b10i.
[2026-07-24 19:03:08] (1s) Inferred that cached_SsaDefinitions::SsaSource::exception_group_capture/2#d53f492d/2@abf930fc is empty, due to SsaDefinitions::SsaSource::exception_group_capture/2#d53f492d/2@3635bajq.
[2026-07-24 19:03:08] (1s) Starting to evaluate predicate AstGenerated::Tuple_.getElts/0#dispred#df30ffae/2@4112754c
[2026-07-24 19:03:08] (1s)  >>> Created relation AstGenerated::Tuple_.getElts/0#dispred#df30ffae/2@4112754c with 607 rows and digest 717df5mnf7opdgdlm9fja9iger6.
[2026-07-24 19:03:08] (1s) Starting to evaluate predicate AstGenerated::Tuple_.getAnElt/0#dispred#dfceea61/2@9b2dda9q
[2026-07-24 19:03:08] (1s)  >>> Created relation AstGenerated::Tuple_.getAnElt/0#dispred#dfceea61/2@9b2dda9q with 1391 rows and digest d28453ln6n2u4cnj84574lgntre.
[2026-07-24 19:03:08] (1s) Starting to evaluate predicate AstGenerated::ExceptStmt_.getType/0#552fde1b/2@9e1cc6u1
[2026-07-24 19:03:08] (1s)  >>> Created relation AstGenerated::ExceptStmt_.getType/0#552fde1b/2@9e1cc6u1 with 107 rows and digest 482f4a27cbg6i6kdgiqnesbc64f.
[2026-07-24 19:03:08] (1s) Starting to evaluate predicate Stmts::ExceptStmt#b7ee7437/1@741f2ef0
[2026-07-24 19:03:08] (1s)  >>> Created relation Stmts::ExceptStmt#b7ee7437/1@741f2ef0 with 119 rows and digest 354a11e1pbkjahadm5dslmlrte8.
[2026-07-24 19:03:08] (1s) Starting to evaluate predicate AstGenerated::Function_.getBody/0#dispred#6a61cbfb/2@db9bc52p
[2026-07-24 19:03:08] (1s)  >>> Created relation AstGenerated::Function_.getBody/0#dispred#6a61cbfb/2@db9bc52p with 1946 rows and digest e75737kj07gontr02ccfnesc672.
[2026-07-24 19:03:08] (1s) Starting to evaluate predicate AstGenerated::Function_.getBody/0#dispred#6a61cbfb_10#join_rhs/2@3347b8uo
[2026-07-24 19:03:08] (1s)  >>> Created relation AstGenerated::Function_.getBody/0#dispred#6a61cbfb_10#join_rhs/2@3347b8uo with 1946 rows and digest d3ebccjiaar2bq3rrk991uoii4d.
[2026-07-24 19:03:08] (1s) Starting to evaluate predicate AstGenerated::If_.getBody/0#dispred#2a3ec055/2@48f1ab4m
[2026-07-24 19:03:08] (1s)  >>> Created relation AstGenerated::If_.getBody/0#dispred#2a3ec055/2@48f1ab4m with 1104 rows and digest 10522d8hka30kos08ick4opoij0.
[2026-07-24 19:03:08] (1s) Starting to evaluate predicate AstGenerated::If_.getBody/0#dispred#2a3ec055_10#join_rhs/2@4b13e6i4
[2026-07-24 19:03:08] (1s)  >>> Created relation AstGenerated::If_.getBody/0#dispred#2a3ec055_10#join_rhs/2@4b13e6i4 with 1104 rows and digest 04d08fjqaq0e5ptgj4r8admp77d.
[2026-07-24 19:03:08] (1s) Starting to evaluate predicate py_dict_items_20#join_rhs/2@8d60b0p4
[2026-07-24 19:03:08] (1s)  >>> Created relation py_dict_items_20#join_rhs/2@8d60b0p4 with 5400 rows and digest faa9a1nc86aoi8apc718t3e21i4.
[2026-07-24 19:03:08] (1s)  >>> Created relation py_dict_item_lists/2@cc0300gb with 2470 rows and digest a91b8c8mt137h2r5r4qg3vofn42.
[2026-07-24 19:03:08] (1s) Starting to evaluate predicate AstGenerated::Call_.getNamedArgs/0#dispred#1e143173/2@e37cfbta
[2026-07-24 19:03:08] (1s)  >>> Created relation AstGenerated::Call_.getNamedArgs/0#dispred#1e143173/2@e37cfbta with 1942 rows and digest 20b53frd3mcksb4ei4o37njgic3.
[2026-07-24 19:03:08] (1s) Starting to evaluate predicate AstGenerated::Call_.getNamedArgs/0#dispred#1e143173_10#join_rhs/2@2eef1ana
[2026-07-24 19:03:08] (1s)  >>> Created relation AstGenerated::Call_.getNamedArgs/0#dispred#1e143173_10#join_rhs/2@2eef1ana with 1942 rows and digest c0c33bnpephhrm3kbvshdfo8752.
[2026-07-24 19:03:08] (1s) Starting to evaluate predicate _py_exprs_10#join_rhs#antijoin_rhs#10/1@a85b3cn4
[2026-07-24 19:03:08] (1s)  >>> Created relation _py_exprs_10#join_rhs#antijoin_rhs#10/1@a85b3cn4 with 8 rows and digest d00a22b3a36ag91f6e33ra9eb44.
[2026-07-24 19:03:08] (1s) Starting to evaluate predicate _py_exprs_10#join_rhs#antijoin_rhs#9/1@3c36657n
[2026-07-24 19:03:08] (1s)  >>> Created relation _py_exprs_10#join_rhs#antijoin_rhs#9/1@3c36657n with 326 rows and digest dd0a549k108v0a15r3129dp65ib.
[2026-07-24 19:03:08] (1s) Starting to evaluate predicate _py_exprs_10#join_rhs#antijoin_rhs#8/1@a95d27eh
[2026-07-24 19:03:08] (1s)  >>> Created relation _py_exprs_10#join_rhs#antijoin_rhs#8/1@a95d27eh with 43 rows and digest a38efdivlt6cf4e2ql4bkglpt28.
[2026-07-24 19:03:08] (1s) Starting to evaluate predicate _py_exprs_10#join_rhs#antijoin_rhs#7/1@c751f579
[2026-07-24 19:03:08] (1s)  >>> Created relation _py_exprs_10#join_rhs#antijoin_rhs#7/1@c751f579 with 1432 rows and digest 51727ai4bdb4s0p8nipqf2km6mf.
[2026-07-24 19:03:08] (1s) Starting to evaluate predicate _py_exprs_10#join_rhs#antijoin_rhs#6/1@260003qk
[2026-07-24 19:03:08] (1s)  >>> Created relation _py_exprs_10#join_rhs#antijoin_rhs#6/1@260003qk with 23 rows and digest 80eea6em1ivs87789phm941n594.
[2026-07-24 19:03:08] (1s) Starting to evaluate predicate _py_exprs_10#join_rhs#antijoin_rhs#2/1@482d23k2
[2026-07-24 19:03:08] (1s)  >>> Created relation _py_exprs_10#join_rhs#antijoin_rhs#2/1@482d23k2 with 114 rows and digest bc2eadp8qm8scrb7mrfn68r9d62.
[2026-07-24 19:03:08] (1s) Starting to evaluate predicate Comprehensions::ListComp.getFunction/0#dispred#635f9f84/2@22ec95mf
[2026-07-24 19:03:08] (1s)  >>> Created relation Comprehensions::ListComp.getFunction/0#dispred#635f9f84/2@22ec95mf with 114 rows and digest fcf8aefp3ibpjpf9t5pfucj83hf.
[2026-07-24 19:03:08] (1s) Starting to evaluate predicate AstGenerated::For_.getBody/0#dispred#166335e5/2@34a3647m
[2026-07-24 19:03:08] (1s)  >>> Created relation AstGenerated::For_.getBody/0#dispred#166335e5/2@34a3647m with 665 rows and digest 14223d016p626i9f3gfok7epgc4.
[2026-07-24 19:03:08] (1s) Starting to evaluate predicate AstGenerated::For_.getAStmt/0#dispred#cec2a04c/2@d1941b5c
[2026-07-24 19:03:08] (1s)  >>> Created relation AstGenerated::For_.getAStmt/0#dispred#cec2a04c/2@d1941b5c with 1251 rows and digest c6372900hqf7nauu0vscn503k4b.
[2026-07-24 19:03:08] (1s) Starting to evaluate predicate AstGenerated::For_.getAStmt/0#dispred#cec2a04c_10#join_rhs/2@104a79re
[2026-07-24 19:03:08] (1s)  >>> Created relation AstGenerated::For_.getAStmt/0#dispred#cec2a04c_10#join_rhs/2@104a79re with 1251 rows and digest 37f4bfi66dp79uf4960oup90edb.
[2026-07-24 19:03:08] (1s) Starting to evaluate predicate py_stmts_032#join_rhs/3@ef43dca7
[2026-07-24 19:03:08] (1s)  >>> Created relation py_stmts_032#join_rhs/3@ef43dca7 with 15913 rows and digest 902e235e32egs1ugjvm18l6nf73.
[2026-07-24 19:03:08] (1s) Starting to evaluate predicate AstGenerated::ExprStmt_.getValue/0#dispred#5b34bb96/2@1e2508an
[2026-07-24 19:03:08] (1s)  >>> Created relation AstGenerated::ExprStmt_.getValue/0#dispred#5b34bb96/2@1e2508an with 4380 rows and digest 55cbb8b0ti2vabb1vbdig6vgmb6.
[2026-07-24 19:03:08] (1s) Starting to evaluate predicate Keywords::KeyValuePair.getValue/0#dispred#93775546/2@adc4906v
[2026-07-24 19:03:08] (1s)  >>> Created relation Keywords::KeyValuePair.getValue/0#dispred#93775546/2@adc4906v with 1335 rows and digest fedb4837h69lo8km9vtpdo44e22.
[2026-07-24 19:03:08] (1s) Starting to evaluate predicate Keywords::DictUnpacking.getValue/0#dispred#f8e7301b/2@11db1cso
[2026-07-24 19:03:08] (1s)  >>> Created relation Keywords::DictUnpacking.getValue/0#dispred#f8e7301b/2@11db1cso with 73 rows and digest 174d54s9qd6tipk8m2ck3a41ae4.
[2026-07-24 19:03:08] (1s) Starting to evaluate predicate Keywords::DictDisplayItem.getValue/0#dispred#307ba8c4/2@aaef9f57
[2026-07-24 19:03:08] (1s)  >>> Created relation Keywords::DictDisplayItem.getValue/0#dispred#307ba8c4/2@aaef9f57 with 1408 rows and digest d417a18jlut2bh22ms2bv3jrek3.
[2026-07-24 19:03:08] (1s) Starting to evaluate predicate Keywords::Keyword.getValue/0#dispred#bb5e46e3/2@9779f54e
[2026-07-24 19:03:08] (1s)  >>> Created relation Keywords::Keyword.getValue/0#dispred#bb5e46e3/2@9779f54e with 3992 rows and digest 615914j45jakt5dnqhpmlu82pn4.
[2026-07-24 19:03:08] (1s) Starting to evaluate predicate Keywords::DictUnpackingOrKeyword#749f6a53/1@d3d2841c
[2026-07-24 19:03:08] (1s)  >>> Created relation Keywords::DictUnpackingOrKeyword#749f6a53/1@d3d2841c with 4065 rows and digest ece13bomukar73toqe4dkvr4cvd.
[2026-07-24 19:03:08] (1s) Starting to evaluate predicate AstGenerated::Call_.getNamedArg/1#dispred#ebc6dc03#ffb/3@ba700brb
[2026-07-24 19:03:08] (1s)  >>> Created relation AstGenerated::Call_.getNamedArg/1#dispred#ebc6dc03#ffb/3@ba700brb with 4065 rows and digest c2307et5e7vu5ouob47u4431iu4.
[2026-07-24 19:03:08] (1s) Starting to evaluate predicate AstGenerated::Call_.getNamedArg/1#dispred#ebc6dc03#ffb_201#join_rhs/3@06c0e34c
[2026-07-24 19:03:08] (1s)  >>> Created relation AstGenerated::Call_.getNamedArg/1#dispred#ebc6dc03#ffb_201#join_rhs/3@06c0e34c with 4065 rows and digest ee56c0tea7cik55mv9facthev2e.
[2026-07-24 19:03:08] (1s) Starting to evaluate predicate AstGenerated::KeyValuePair_.getKey/0#dispred#f9941800/2@79ba2del
[2026-07-24 19:03:08] (1s)  >>> Created relation AstGenerated::KeyValuePair_.getKey/0#dispred#f9941800/2@79ba2del with 1335 rows and digest 498955p7v1bsonp7inal5qaorcd.
[2026-07-24 19:03:08] (1s) Starting to evaluate predicate _py_exprs_10#join_rhs#antijoin_rhs/1@f0f822vn
[2026-07-24 19:03:08] (1s)  >>> Created relation _py_exprs_10#join_rhs#antijoin_rhs/1@f0f822vn with 669 rows and digest ae64ba6gqm1cma50od6a02ffo51.
[2026-07-24 19:03:08] (1s) Starting to evaluate predicate py_dict_item_lists_10#join_rhs/2@70e6f16k
[2026-07-24 19:03:08] (1s)  >>> Created relation py_dict_item_lists_10#join_rhs/2@70e6f16k with 2470 rows and digest 7bf8b8k0u742ae6q37rr1v04eva.
[2026-07-24 19:03:08] (1s) Starting to evaluate predicate AstGenerated::Dict_.getAnItem/0#dispred#c0c5c5fb/2@2e9526ji
[2026-07-24 19:03:08] (1s)  >>> Created relation AstGenerated::Dict_.getAnItem/0#dispred#c0c5c5fb/2@2e9526ji with 1335 rows and digest ed2150is568e53klp1e0907q0c8.
[2026-07-24 19:03:08] (1s) Starting to evaluate predicate Keywords::DictUnpackingOrKeyword.getValue/0#dispred#f5fe382f/2@7c4cfaeh
[2026-07-24 19:03:08] (1s)  >>> Created relation Keywords::DictUnpackingOrKeyword.getValue/0#dispred#f5fe382f/2@7c4cfaeh with 4065 rows and digest c567faktuadfkodosr7idp9rinf.
[2026-07-24 19:03:08] (1s) Starting to evaluate predicate Class::ClassExpr.getAKeyword/0#dispred#a84ede11/2@f990e6sg
[2026-07-24 19:03:08] (1s)  >>> Created relation Class::ClassExpr.getAKeyword/0#dispred#a84ede11/2@f990e6sg with 0 rows and digest THIS-RELATION-HAS-NO-TUPLES.
[2026-07-24 19:03:08] (1s) Starting to evaluate predicate AstGenerated::Starred_.getValue/0#dispred#3c0230c4/2@390813gl
[2026-07-24 19:03:08] (1s)  >>> Created relation AstGenerated::Starred_.getValue/0#dispred#3c0230c4/2@390813gl with 12 rows and digest ba3a8aqon9ch41dmv7d6r2aif70.
[2026-07-24 19:03:08] (1s) Starting to evaluate predicate AstGenerated::ClassExpr_.getABase/0#dispred#7af4e693/2@d775edts
[2026-07-24 19:03:08] (1s)  >>> Created relation AstGenerated::ClassExpr_.getABase/0#dispred#7af4e693/2@d775edts with 194 rows and digest 2782badrt1cdjcpns2duphduth0.
[2026-07-24 19:03:08] (1s) Starting to evaluate predicate Class::ClassExpr.getASubExpression/0#dispred#93e12f13/2@0a58c9kk
[2026-07-24 19:03:08] (1s)  >>> Created relation Class::ClassExpr.getASubExpression/0#dispred#93e12f13/2@0a58c9kk with 194 rows and digest 2782badrt1cdjcpns2duphduth0.
[2026-07-24 19:03:08] (1s)  >>> Created relation py_arguments/2@2b937e7s with 1758 rows and digest c3d742g1cno2uo5pu6fcas223r2.
[2026-07-24 19:03:08] (1s) Starting to evaluate predicate AstGenerated::Arguments_.getDefaults/0#dispred#583dac8a/2@e06885ht
[2026-07-24 19:03:08] (1s)  >>> Created relation AstGenerated::Arguments_.getDefaults/0#dispred#583dac8a/2@e06885ht with 1461 rows and digest 6e4968fm5p433kr8g4ss1jqtgj6.
[2026-07-24 19:03:08] (1s) Starting to evaluate predicate AstGenerated::Arguments_.getKwDefaults/0#dispred#d6eb64ab/2@f69dbd3u
[2026-07-24 19:03:08] (1s)  >>> Created relation AstGenerated::Arguments_.getKwDefaults/0#dispred#d6eb64ab/2@f69dbd3u with 0 rows and digest THIS-RELATION-HAS-NO-TUPLES.
[2026-07-24 19:03:08] (1s) Starting to evaluate predicate Function::Arguments.getASubExpression/0#dispred#f1c80c65/2@85fa0ajq
[2026-07-24 19:03:08] (1s)  >>> Created relation Function::Arguments.getASubExpression/0#dispred#f1c80c65/2@85fa0ajq with 899 rows and digest b39aa5qb5uin3ijchf3qn31j61f.
[2026-07-24 19:03:08] (1s) Starting to evaluate predicate py_arguments_10#join_rhs/2@9dbccce2
[2026-07-24 19:03:08] (1s)  >>> Created relation py_arguments_10#join_rhs/2@9dbccce2 with 1758 rows and digest fb3452dd9j4vnfv2pfkcal66cq1.
[2026-07-24 19:03:08] (1s) Starting to evaluate predicate Function::FunctionExpr.getArgs/0#dispred#85f47c51/2@26e76bfu
[2026-07-24 19:03:08] (1s)  >>> Created relation Function::FunctionExpr.getArgs/0#dispred#85f47c51/2@26e76bfu with 1432 rows and digest 51216ebush00uc28gmj06g79m48.
[2026-07-24 19:03:08] (1s) Starting to evaluate predicate Function::FunctionExpr.getASubExpression/0#dispred#fa96f232/2@81dc0ev7
[2026-07-24 19:03:08] (1s)  >>> Created relation Function::FunctionExpr.getASubExpression/0#dispred#fa96f232/2@81dc0ev7 with 946 rows and digest 0cbb67q0hhr5e8537a6tkujaq0a.
[2026-07-24 19:03:08] (1s) Starting to evaluate predicate Function::Lambda.getArgs/0#dispred#6c207427/2@4643cbgc
[2026-07-24 19:03:08] (1s)  >>> Created relation Function::Lambda.getArgs/0#dispred#6c207427/2@4643cbgc with 326 rows and digest f57e5cbnma0f27evpct7ukvad0e.
[2026-07-24 19:03:08] (1s) Starting to evaluate predicate Function::Lambda.getASubExpression/0#dispred#a8882ebd/2@3a0bd610
[2026-07-24 19:03:08] (1s)  >>> Created relation Function::Lambda.getASubExpression/0#dispred#a8882ebd/2@3a0bd610 with 0 rows and digest THIS-RELATION-HAS-NO-TUPLES.
[2026-07-24 19:03:08] (1s) Starting to evaluate predicate AstGenerated::AssignExpr_.getTarget/0#dispred#56e0edd1/2@3d0138b8
[2026-07-24 19:03:08] (1s)  >>> Created relation AstGenerated::AssignExpr_.getTarget/0#dispred#56e0edd1/2@3d0138b8 with 0 rows and digest THIS-RELATION-HAS-NO-TUPLES.
[2026-07-24 19:03:08] (1s) Starting to evaluate predicate AstGenerated::AssignExpr_.getValue/0#dispred#dd4f3283/2@887262id
[2026-07-24 19:03:08] (1s)  >>> Created relation AstGenerated::AssignExpr_.getValue/0#dispred#dd4f3283/2@887262id with 0 rows and digest THIS-RELATION-HAS-NO-TUPLES.
[2026-07-24 19:03:08] (1s) Starting to evaluate predicate AstGenerated::Yield_.getValue/0#dispred#b8040756/2@f05607r9
[2026-07-24 19:03:08] (1s)  >>> Created relation AstGenerated::Yield_.getValue/0#dispred#b8040756/2@f05607r9 with 193 rows and digest 24f25ebercb72ch3opblomnen56.
[2026-07-24 19:03:08] (1s) Starting to evaluate predicate Comprehensions::SetComp.getASubExpression/0#dispred#a437fb1f/2@4cdad73k
[2026-07-24 19:03:08] (1s)  >>> Created relation Comprehensions::SetComp.getASubExpression/0#dispred#a437fb1f/2@4cdad73k with 8 rows and digest 6c526c12nl40ld2fccg9icfl9gc.
[2026-07-24 19:03:08] (1s) Starting to evaluate predicate Comprehensions::ListComp.getIterable/0#dispred#57173e62/2@16a42etf
[2026-07-24 19:03:08] (1s)  >>> Created relation Comprehensions::ListComp.getIterable/0#dispred#57173e62/2@16a42etf with 114 rows and digest b0b1b1vs8mvq4hdej3v55m2m0ib.
[2026-07-24 19:03:08] (1s) Starting to evaluate predicate Comprehensions::GeneratorExp.getASubExpression/0#dispred#daf0ddfb/2@1416e42j
[2026-07-24 19:03:08] (1s)  >>> Created relation Comprehensions::GeneratorExp.getASubExpression/0#dispred#daf0ddfb/2@1416e42j with 43 rows and digest 355199r5b0msnfka3n7mmt41kq0.
[2026-07-24 19:03:08] (1s) Starting to evaluate predicate Comprehensions::DictComp.getASubExpression/0#dispred#bda1a79a/2@bb81efm9
[2026-07-24 19:03:08] (1s)  >>> Created relation Comprehensions::DictComp.getASubExpression/0#dispred#bda1a79a/2@bb81efm9 with 23 rows and digest f3e059jsbdp47lessdrhj6favg8.
[2026-07-24 19:03:08] (1s) Starting to evaluate predicate AstGenerated::Call_.getFunc/0#dispred#9f0e5cfd/2@3f4718o2
[2026-07-24 19:03:08] (1s)  >>> Created relation AstGenerated::Call_.getFunc/0#dispred#9f0e5cfd/2@3f4718o2 with 10081 rows and digest 0a0b2dugidh790hcjsv072aeh14.
[2026-07-24 19:03:08] (1s) Starting to evaluate predicate Exprs::Attribute.getObject/0#dispred#c761f38d/2@d92a98ne
[2026-07-24 19:03:08] (1s)  >>> Created relation Exprs::Attribute.getObject/0#dispred#c761f38d/2@d92a98ne with 15253 rows and digest 8c4c068bgtdku36uk49nhelfaqb.
[2026-07-24 19:03:08] (1s) Starting to evaluate predicate AstGenerated::List_.getElts/0#dispred#697e305c/2@fc9c7br4
[2026-07-24 19:03:08] (1s)  >>> Created relation AstGenerated::List_.getElts/0#dispred#697e305c/2@fc9c7br4 with 899 rows and digest 5344f8lc45rhidgp84dpb9vs4d5.
[2026-07-24 19:03:08] (1s) Starting to evaluate predicate AstGenerated::List_.getAnElt/0#dispred#fd62fa74/2@939b1dej
[2026-07-24 19:03:08] (1s)  >>> Created relation AstGenerated::List_.getAnElt/0#dispred#fd62fa74/2@939b1dej with 1658 rows and digest 1547f82iiuo3s2lv4so7rt6ls29.
[2026-07-24 19:03:08] (1s) Starting to evaluate predicate AstGenerated::Call_.getPositionalArgs/0#dispred#2e9514f5/2@82bcd5pp
[2026-07-24 19:03:08] (1s)  >>> Created relation AstGenerated::Call_.getPositionalArgs/0#dispred#2e9514f5/2@82bcd5pp with 7923 rows and digest c42a24d118r80qbf2t0mg847nec.
[2026-07-24 19:03:08] (1s) Starting to evaluate predicate AstGenerated::Call_.getAPositionalArg/0#dispred#b66be902/2@1be1d3hs
[2026-07-24 19:03:08] (1s)  >>> Created relation AstGenerated::Call_.getAPositionalArg/0#dispred#b66be902/2@1be1d3hs with 10573 rows and digest 8df8e3c8tvgpo0ntds3rq9p7330.
[2026-07-24 19:03:08] (1s) Starting to evaluate predicate _py_exprs_10#join_rhs#antijoin_rhs#11/1@1879fd7t
[2026-07-24 19:03:08] (1s)  >>> Created relation _py_exprs_10#join_rhs#antijoin_rhs#11/1@1879fd7t with 8622 rows and digest e5e4bf6qil11tcdr6joo7i4163e.
[2026-07-24 19:03:08] (1s) Starting to evaluate predicate _py_exprs_10#join_rhs#antijoin_rhs#4/1@64a70adk
[2026-07-24 19:03:08] (1s)  >>> Created relation _py_exprs_10#join_rhs#antijoin_rhs#4/1@64a70adk with 187 rows and digest 672a2an6oj4mp8425ghdp108s89.
[2026-07-24 19:03:08] (1s) Starting to evaluate predicate _py_exprs_10#join_rhs#antijoin_rhs#5/1@9af1048t
[2026-07-24 19:03:08] (1s)  >>> Created relation _py_exprs_10#join_rhs#antijoin_rhs#5/1@9af1048t with 10081 rows and digest dea072jnhj9j0ornbhfa0d5cqi2.
[2026-07-24 19:03:08] (1s) Starting to evaluate predicate Exprs::Expr_not_Exprs::Call_Class::ClassExpr_Exprs::Dict_Comprehensions::DictComp_Function::FunctionExpr_Comprehensions::GeneratorExp_Function::Lambda_Comprehensions::ListComp_Comprehensions::SetComp_Exprs::StringLiteral#3ae9c825/1@cfe2cct2
[2026-07-24 19:03:08] (1s)  >>> Created relation Exprs::Expr_not_Exprs::Call_Class::ClassExpr_Exprs::Dict_Comprehensions::DictComp_Function::FunctionExpr_Comprehensions::GeneratorExp_Function::Lambda_Comprehensions::ListComp_Comprehensions::SetComp_Exprs::StringLiteral#3ae9c825/1@cfe2cct2 with 68352 rows and digest 188f7d9523cn6jlsac1hm3ucqu0.
[2026-07-24 19:03:08] (1s) Starting to evaluate predicate Function::Function.getKeywordOnlyArg/1#dispred#a9482c2f/3@421581tb
[2026-07-24 19:03:08] (1s)  >>> Created relation Function::Function.getKeywordOnlyArg/1#dispred#a9482c2f/3@421581tb with 0 rows and digest THIS-RELATION-HAS-NO-TUPLES.
[2026-07-24 19:03:08] (1s) Starting to evaluate predicate AstGenerated::Parameter_#667c10c8/1@bd638ane
[2026-07-24 19:03:08] (1s)  >>> Created relation AstGenerated::Parameter_#667c10c8/1@bd638ane with 40597 rows and digest 54de0984qgv164s209ocd89qdj8.
[2026-07-24 19:03:08] (1s)  >>> Created relation py_parameter_lists/2@1e178err with 1649 rows and digest 8d08cfsoqbcdd83qcsems8cioj1.
[2026-07-24 19:03:08] (1s) Starting to evaluate predicate AstGenerated::Function_.getKwarg/0#dispred#bdc4eab3/2@b97aabko
[2026-07-24 19:03:08] (1s)  >>> Created relation AstGenerated::Function_.getKwarg/0#dispred#bdc4eab3/2@b97aabko with 60 rows and digest 30a677ig4jk7t9h5d23q0rjpki0.
[2026-07-24 19:03:08] (1s) Starting to evaluate predicate AstGenerated::Function_.getVararg/0#dispred#07f0fe61/2@cdaed89u
[2026-07-24 19:03:08] (1s)  >>> Created relation AstGenerated::Function_.getVararg/0#dispred#07f0fe61/2@cdaed89u with 11 rows and digest 4a7c5crvrkdn6im4a58hvti563f.
[2026-07-24 19:03:08] (1s) Starting to evaluate predicate Function::Parameter#352debb4/1@a1aedfvv
[2026-07-24 19:03:09] (1s)  >>> Created relation Function::Parameter#352debb4/1@a1aedfvv with 4078 rows and digest 9326f46v3kle0ceidvnppcjhtu7.
[2026-07-24 19:03:09] (1s) Starting to evaluate predicate AstGenerated::Function_.getAnArg/0#dispred#8d75a599/2@93d6dde8
[2026-07-24 19:03:09] (1s)  >>> Created relation AstGenerated::Function_.getAnArg/0#dispred#8d75a599/2@93d6dde8 with 4007 rows and digest cc2bfbbvd6fi80dio3jqtvbtae1.
[2026-07-24 19:03:09] (1s) Starting to evaluate predicate AstGenerated::Assign_.getATarget/0#dispred#8e860934/2@66f4634i
[2026-07-24 19:03:09] (1s)  >>> Created relation AstGenerated::Assign_.getATarget/0#dispred#8e860934/2@66f4634i with 6371 rows and digest dc4cbbes58baut5p0d8gnr7qcg0.
[2026-07-24 19:03:09] (1s) Starting to evaluate predicate AstGenerated::AnnAssign_.getTarget/0#dispred#ac7debc8/2@f373f3nh
[2026-07-24 19:03:09] (1s)  >>> Created relation AstGenerated::AnnAssign_.getTarget/0#dispred#ac7debc8/2@f373f3nh with 61 rows and digest f83657ashjhm8fp4n2rrbrmgtk7.
[2026-07-24 19:03:09] (1s) Starting to evaluate predicate AstGenerated::AnnAssign_.getValue/0#dispred#436806a5/2@62c0b7r6
[2026-07-24 19:03:09] (1s)  >>> Created relation AstGenerated::AnnAssign_.getValue/0#dispred#436806a5/2@62c0b7r6 with 26 rows and digest 7e35c4i118i486eq6li0pfb24m3.
[2026-07-24 19:03:09] (1s) Starting to evaluate predicate AstGenerated::ImportStar_.getModule/0#dispred#f7687244/2@4fac27bk
[2026-07-24 19:03:09] (1s)  >>> Created relation AstGenerated::ImportStar_.getModule/0#dispred#f7687244/2@4fac27bk with 0 rows and digest THIS-RELATION-HAS-NO-TUPLES.
[2026-07-24 19:03:09] (1s) Inferred that Import::ImportStar.getModuleExpr/0#dispred#8ab9ce73/2@ab8dbec8 is empty, due to AstGenerated::ImportStar_.getModule/0#dispred#f7687244/2@4fac27bk.
[2026-07-24 19:03:09] (1s) Inferred that cached_Import::ImportStar.getModuleExpr/0#dispred#8ab9ce73/2@9212cahk is empty, due to Import::ImportStar.getModuleExpr/0#dispred#8ab9ce73/2@ab8dbec8.
[2026-07-24 19:03:09] (1s) Starting to evaluate predicate AstGenerated::For_.getTarget/0#dispred#740b9eed/2@119c7901
[2026-07-24 19:03:09] (1s)  >>> Created relation AstGenerated::For_.getTarget/0#dispred#740b9eed/2@119c7901 with 665 rows and digest 02dbfebrjf9iae532i87lphr069.
[2026-07-24 19:03:09] (1s) Starting to evaluate predicate AstGenerated::Assign_.getValue/0#dispred#53d00b56/2@2d1650hr
[2026-07-24 19:03:09] (1s)  >>> Created relation AstGenerated::Assign_.getValue/0#dispred#53d00b56/2@2d1650hr with 6367 rows and digest f31be8e915aqib2eojf7fup8hqf.
[2026-07-24 19:03:09] (1s) Starting to evaluate predicate Stmts::ExceptStmt.getName/0#dispred#13f5307e/2@c40eb561
[2026-07-24 19:03:09] (1s)  >>> Created relation Stmts::ExceptStmt.getName/0#dispred#13f5307e/2@c40eb561 with 59 rows and digest a9901b9kic95fhmjeh2mns9jb93.
[2026-07-24 19:03:09] (1s) Starting to evaluate predicate _AstGenerated::Scope_#cc08b056_py_flow_bb_node#antijoin_rhs/2@ef4d35dd
[2026-07-24 19:03:09] (1s)  >>> Created relation _AstGenerated::Scope_#cc08b056_py_flow_bb_node#antijoin_rhs/2@ef4d35dd with 4706 rows and digest 0f2193dc5pnsdkgampuh0pllneb.
[2026-07-24 19:03:09] (1s) Starting to evaluate predicate Function::Parameter.asName/0#dispred#07e8fb90/2@0d37b0b2
[2026-07-24 19:03:09] (1s)  >>> Created relation Function::Parameter.asName/0#dispred#07e8fb90/2@0d37b0b2 with 4078 rows and digest bbf25cd98lecmh2aco999dpi8o3.
[2026-07-24 19:03:09] (1s) Starting to evaluate predicate AstGenerated::Assign_.getValue/0#dispred#53d00b56_10#join_rhs/2@e905adi5
[2026-07-24 19:03:09] (1s)  >>> Created relation AstGenerated::Assign_.getValue/0#dispred#53d00b56_10#join_rhs/2@e905adi5 with 6367 rows and digest 64ed1btikt7nhnt28p6h6sgal67.
[2026-07-24 19:03:09] (1s) Starting to evaluate predicate AstGenerated::Tuple_.getAnElt/0#dispred#dfceea61_10#join_rhs/2@515ef3mm
[2026-07-24 19:03:09] (1s)  >>> Created relation AstGenerated::Tuple_.getAnElt/0#dispred#dfceea61_10#join_rhs/2@515ef3mm with 1391 rows and digest 2149e90liq2e54veedroh6m4dta.
[2026-07-24 19:03:09] (1s) Starting to evaluate predicate AstGenerated::List_.getAnElt/0#dispred#fd62fa74_10#join_rhs/2@c8394963
[2026-07-24 19:03:09] (1s)  >>> Created relation AstGenerated::List_.getAnElt/0#dispred#fd62fa74_10#join_rhs/2@c8394963 with 1658 rows and digest 60932145vpgc0s9477il2tkv5ge.
[2026-07-24 19:03:09] (1s) Starting to evaluate predicate Flow::list_or_tuple_nested_element/1#8389faf7/2@i1#4d325wnu (iteration 1)
[2026-07-24 19:03:09] (1s) 			 - Flow::list_or_tuple_nested_element/1#8389faf7_delta has 3049 rows (order for disjuncts: delta=<standard>).
[2026-07-24 19:03:09] (1s) Starting to evaluate predicate Flow::list_or_tuple_nested_element/1#8389faf7/2@i2#4d325wnu (iteration 2)
[2026-07-24 19:03:09] (1s) 			 - Flow::list_or_tuple_nested_element/1#8389faf7_delta has 131 rows (order for disjuncts: delta=<standard>).
[2026-07-24 19:03:09] (1s) Starting to evaluate predicate Flow::list_or_tuple_nested_element/1#8389faf7/2@i3#4d325wnu (iteration 3)
[2026-07-24 19:03:09] (1s) Empty delta for Flow::list_or_tuple_nested_element/1#8389faf7_delta (order for disjuncts: delta=<standard>).
[2026-07-24 19:03:09] (1s) Accumulating deltas
[2026-07-24 19:03:09] (1s)  >>> Created relation Flow::list_or_tuple_nested_element/1#8389faf7/2@4d325wnu with 3180 rows and digest 7c7ac6uifu33hbfl266crvrc0u9.
[2026-07-24 19:03:09] (1s)  >>> Created relation py_scope_flow/3@3a9c65tj with 20625 rows and digest 63dc40johkduihqc7am4cu029b6.
[2026-07-24 19:03:09] (1s) Starting to evaluate predicate AstGenerated::Call_.getPositionalArg/1#dispred#16c46df7/3@21a3884h
[2026-07-24 19:03:09] (1s)  >>> Created relation AstGenerated::Call_.getPositionalArg/1#dispred#16c46df7/3@21a3884h with 10573 rows and digest d11dfev8jqm8uhsf7v6ii4a7apf.
[2026-07-24 19:03:09] (1s) Starting to evaluate predicate _py_exprs_10#join_rhs#antijoin_rhs#3/1@8754f207
[2026-07-24 19:03:09] (1s)  >>> Created relation _py_exprs_10#join_rhs#antijoin_rhs#3/1@8754f207 with 12 rows and digest 532bcfl86aipku0pj3e0ipuao3b.
[2026-07-24 19:03:09] (1s) Starting to evaluate predicate _AstGenerated::Call_.getPositionalArg/1#dispred#16c46df7_py_exprs#antijoin_rhs/3@492ad1u9
[2026-07-24 19:03:09] (1s)  >>> Created relation _AstGenerated::Call_.getPositionalArg/1#dispred#16c46df7_py_exprs#antijoin_rhs/3@492ad1u9 with 0 rows and digest THIS-RELATION-HAS-NO-TUPLES.
[2026-07-24 19:03:09] (1s) Starting to evaluate predicate Exprs::Call.getArg/1#dispred#50c53eea/3@63b78cee
[2026-07-24 19:03:09] (1s)  >>> Created relation Exprs::Call.getArg/1#dispred#50c53eea/3@63b78cee with 10561 rows and digest b000c56hre3kp10b2bnaic968pa.
[2026-07-24 19:03:09] (1s) Starting to evaluate predicate py_scope_flow_201#join_rhs/3@f0a7617n
[2026-07-24 19:03:09] (1s)  >>> Created relation py_scope_flow_201#join_rhs/3@f0a7617n with 20625 rows and digest aab9502qbmip9g754f8kmmpovj8.
[2026-07-24 19:03:09] (1s) Starting to evaluate predicate Scope::Scope.getANormalExit/0#dispred#1288c0a8/2@95b0a3la
[2026-07-24 19:03:09] (1s)  >>> Created relation Scope::Scope.getANormalExit/0#dispred#1288c0a8/2@95b0a3la with 2347 rows and digest 5b7370qh4b7r9400r333b11hln0.
[2026-07-24 19:03:09] (1s) Starting to evaluate predicate Exprs::Call.getArg/1#dispred#50c53eea_120#join_rhs/3@38981eo1
[2026-07-24 19:03:09] (1s)  >>> Created relation Exprs::Call.getArg/1#dispred#50c53eea_120#join_rhs/3@38981eo1 with 10561 rows and digest 94be408a6qq7ajfb622madt3q73.
[2026-07-24 19:03:09] (1s) Starting to evaluate predicate Function::FunctionExpr.getADecoratorCall/0#062a6e2a/2@i1#800dewr3 (iteration 1)
[2026-07-24 19:03:09] (1s) 			 - Function::FunctionExpr.getADecoratorCall/0#062a6e2a_delta has 200 rows (order for disjuncts: delta=<standard>).
[2026-07-24 19:03:09] (1s) Starting to evaluate predicate Function::FunctionExpr.getADecoratorCall/0#062a6e2a/2@i2#800dewr3 (iteration 2)
[2026-07-24 19:03:09] (1s) 			 - Function::FunctionExpr.getADecoratorCall/0#062a6e2a_delta has 154 rows (order for disjuncts: delta=<standard>).
[2026-07-24 19:03:09] (1s) Starting to evaluate predicate Function::FunctionExpr.getADecoratorCall/0#062a6e2a/2@i3#800dewr3 (iteration 3)
[2026-07-24 19:03:09] (1s) 			 - Function::FunctionExpr.getADecoratorCall/0#062a6e2a_delta has 36 rows (order for disjuncts: delta=<standard>).
[2026-07-24 19:03:09] (1s) Starting to evaluate predicate Function::FunctionExpr.getADecoratorCall/0#062a6e2a/2@i4#800dewr3 (iteration 4)
[2026-07-24 19:03:09] (1s) 			 - Function::FunctionExpr.getADecoratorCall/0#062a6e2a_delta has 17 rows (order for disjuncts: delta=<standard>).
[2026-07-24 19:03:09] (1s) Starting to evaluate predicate Function::FunctionExpr.getADecoratorCall/0#062a6e2a/2@i5#800dewr3 (iteration 5)
[2026-07-24 19:03:09] (1s) 			 - Function::FunctionExpr.getADecoratorCall/0#062a6e2a_delta has 13 rows (order for disjuncts: delta=<standard>).
[2026-07-24 19:03:09] (1s) Starting to evaluate predicate Function::FunctionExpr.getADecoratorCall/0#062a6e2a/2@i6#800dewr3 (iteration 6)
[2026-07-24 19:03:09] (1s) 			 - Function::FunctionExpr.getADecoratorCall/0#062a6e2a_delta has 7 rows (order for disjuncts: delta=<standard>).
[2026-07-24 19:03:09] (1s) Starting to evaluate predicate Function::FunctionExpr.getADecoratorCall/0#062a6e2a/2@i7#800dewr3 (iteration 7)
[2026-07-24 19:03:09] (1s) 			 - Function::FunctionExpr.getADecoratorCall/0#062a6e2a_delta has 6 rows (order for disjuncts: delta=<standard>).
[2026-07-24 19:03:09] (1s) Starting to evaluate predicate Function::FunctionExpr.getADecoratorCall/0#062a6e2a/2@i8#800dewr3 (iteration 8)
[2026-07-24 19:03:09] (1s) 			 - Function::FunctionExpr.getADecoratorCall/0#062a6e2a_delta has 4 rows (order for disjuncts: delta=<standard>).
[2026-07-24 19:03:09] (1s) Starting to evaluate predicate Function::FunctionExpr.getADecoratorCall/0#062a6e2a/2@i9#800dewr3 (iteration 9)
[2026-07-24 19:03:09] (1s) 			 - Function::FunctionExpr.getADecoratorCall/0#062a6e2a_delta has 4 rows (order for disjuncts: delta=<standard>).
[2026-07-24 19:03:09] (1s) Starting to evaluate predicate Function::FunctionExpr.getADecoratorCall/0#062a6e2a/2@i10#800dewr3 (iteration 10)
[2026-07-24 19:03:09] (1s) 			 - Function::FunctionExpr.getADecoratorCall/0#062a6e2a_delta has 4 rows (order for disjuncts: delta=<standard>).
[2026-07-24 19:03:09] (1s) Starting to evaluate predicate Function::FunctionExpr.getADecoratorCall/0#062a6e2a/2@i11#800dewr3 (iteration 11)
[2026-07-24 19:03:09] (1s) 			 - Function::FunctionExpr.getADecoratorCall/0#062a6e2a_delta has 4 rows (order for disjuncts: delta=<standard>).
[2026-07-24 19:03:09] (1s) Starting to evaluate predicate Function::FunctionExpr.getADecoratorCall/0#062a6e2a/2@i12#800dewr3 (iteration 12)
[2026-07-24 19:03:09] (1s) 			 - Function::FunctionExpr.getADecoratorCall/0#062a6e2a_delta has 4 rows (order for disjuncts: delta=<standard>).
[2026-07-24 19:03:09] (1s) Starting to evaluate predicate Function::FunctionExpr.getADecoratorCall/0#062a6e2a/2@i13#800dewr3 (iteration 13)
[2026-07-24 19:03:09] (1s) 			 - Function::FunctionExpr.getADecoratorCall/0#062a6e2a_delta has 4 rows (order for disjuncts: delta=<standard>).
[2026-07-24 19:03:09] (1s) Starting to evaluate predicate Function::FunctionExpr.getADecoratorCall/0#062a6e2a/2@i14#800dewr3 (iteration 14)
[2026-07-24 19:03:09] (1s) 			 - Function::FunctionExpr.getADecoratorCall/0#062a6e2a_delta has 4 rows (order for disjuncts: delta=<standard>).
[2026-07-24 19:03:09] (1s) Starting to evaluate predicate Function::FunctionExpr.getADecoratorCall/0#062a6e2a/2@i15#800dewr3 (iteration 15)
[2026-07-24 19:03:09] (1s) 			 - Function::FunctionExpr.getADecoratorCall/0#062a6e2a_delta has 3 rows (order for disjuncts: delta=<standard>).
[2026-07-24 19:03:09] (1s) Starting to evaluate predicate Function::FunctionExpr.getADecoratorCall/0#062a6e2a/2@i16#800dewr3 (iteration 16)
[2026-07-24 19:03:09] (1s) 			 - Function::FunctionExpr.getADecoratorCall/0#062a6e2a_delta has 3 rows (order for disjuncts: delta=<standard>).
[2026-07-24 19:03:09] (1s) Starting to evaluate predicate Function::FunctionExpr.getADecoratorCall/0#062a6e2a/2@i17#800dewr3 (iteration 17)
[2026-07-24 19:03:09] (1s) 			 - Function::FunctionExpr.getADecoratorCall/0#062a6e2a_delta has 3 rows (order for disjuncts: delta=<standard>).
[2026-07-24 19:03:09] (1s) Starting to evaluate predicate Function::FunctionExpr.getADecoratorCall/0#062a6e2a/2@i18#800dewr3 (iteration 18)
[2026-07-24 19:03:09] (1s) 			 - Function::FunctionExpr.getADecoratorCall/0#062a6e2a_delta has 3 rows (order for disjuncts: delta=<standard>).
[2026-07-24 19:03:09] (1s) Starting to evaluate predicate Function::FunctionExpr.getADecoratorCall/0#062a6e2a/2@i19#800dewr3 (iteration 19)
[2026-07-24 19:03:09] (1s) 			 - Function::FunctionExpr.getADecoratorCall/0#062a6e2a_delta has 3 rows (order for disjuncts: delta=<standard>).
[2026-07-24 19:03:09] (1s) Starting to evaluate predicate Function::FunctionExpr.getADecoratorCall/0#062a6e2a/2@i20#800dewr3 (iteration 20)
[2026-07-24 19:03:09] (1s) 			 - Function::FunctionExpr.getADecoratorCall/0#062a6e2a_delta has 3 rows (order for disjuncts: delta=<standard>).
[2026-07-24 19:03:09] (1s) Starting to evaluate predicate Function::FunctionExpr.getADecoratorCall/0#062a6e2a/2@i21#800dewr3 (iteration 21)
[2026-07-24 19:03:09] (1s) 			 - Function::FunctionExpr.getADecoratorCall/0#062a6e2a_delta has 3 rows (order for disjuncts: delta=<standard>).
[2026-07-24 19:03:09] (1s) Starting to evaluate predicate Function::FunctionExpr.getADecoratorCall/0#062a6e2a/2@i22#800dewr3 (iteration 22)
[2026-07-24 19:03:09] (1s) 			 - Function::FunctionExpr.getADecoratorCall/0#062a6e2a_delta has 3 rows (order for disjuncts: delta=<standard>).
[2026-07-24 19:03:09] (1s) Starting to evaluate predicate Function::FunctionExpr.getADecoratorCall/0#062a6e2a/2@i23#800dewr3 (iteration 23)
[2026-07-24 19:03:09] (1s) 			 - Function::FunctionExpr.getADecoratorCall/0#062a6e2a_delta has 3 rows (order for disjuncts: delta=<standard>).
[2026-07-24 19:03:09] (1s) Starting to evaluate predicate Function::FunctionExpr.getADecoratorCall/0#062a6e2a/2@i24#800dewr3 (iteration 24)
[2026-07-24 19:03:09] (1s) 			 - Function::FunctionExpr.getADecoratorCall/0#062a6e2a_delta has 3 rows (order for disjuncts: delta=<standard>).
[2026-07-24 19:03:09] (1s) Starting to evaluate predicate Function::FunctionExpr.getADecoratorCall/0#062a6e2a/2@i25#800dewr3 (iteration 25)
[2026-07-24 19:03:09] (1s) 			 - Function::FunctionExpr.getADecoratorCall/0#062a6e2a_delta has 1 rows (order for disjuncts: delta=<standard>).
[2026-07-24 19:03:09] (1s) Starting to evaluate predicate Function::FunctionExpr.getADecoratorCall/0#062a6e2a/2@i26#800dewr3 (iteration 26)
[2026-07-24 19:03:09] (1s) 			 - Function::FunctionExpr.getADecoratorCall/0#062a6e2a_delta has 1 rows (order for disjuncts: delta=<standard>).
[2026-07-24 19:03:09] (1s) Starting to evaluate predicate Function::FunctionExpr.getADecoratorCall/0#062a6e2a/2@i27#800dewr3 (iteration 27)
[2026-07-24 19:03:09] (1s) Empty delta for Function::FunctionExpr.getADecoratorCall/0#062a6e2a_delta (order for disjuncts: delta=<standard>).
[2026-07-24 19:03:09] (1s) Accumulating deltas
[2026-07-24 19:03:09] (1s)  >>> Created relation Function::FunctionExpr.getADecoratorCall/0#062a6e2a/2@800dewr3 with 493 rows and digest 22c546ij7s9m5o8667k4s7crqu2.
[2026-07-24 19:03:09] (1s) Starting to evaluate predicate Function::FunctionDef#ffa22159/2@769610u1
[2026-07-24 19:03:09] (1s)  >>> Created relation Function::FunctionDef#ffa22159/2@769610u1 with 1432 rows and digest b3d9e886il1m3sqm71bf9rbdj0f.
[2026-07-24 19:03:09] (1s) Starting to evaluate predicate project#Function::FunctionDef#ffa22159/1@3529b7ds
[2026-07-24 19:03:09] (1s)  >>> Created relation project#Function::FunctionDef#ffa22159/1@3529b7ds with 1432 rows and digest 4bd1b81ontqrrchbg5n2v7vfsr4.
[2026-07-24 19:03:09] (1s) Starting to evaluate predicate Class::ClassExpr.getADecoratorCall/0#54df5696/2@i1#6c9f0w4d (iteration 1)
[2026-07-24 19:03:09] (1s) 			 - Class::ClassExpr.getADecoratorCall/0#54df5696_delta has 9 rows (order for disjuncts: delta=<standard>).
[2026-07-24 19:03:09] (1s) Starting to evaluate predicate Class::ClassExpr.getADecoratorCall/0#54df5696/2@i2#6c9f0w4d (iteration 2)
[2026-07-24 19:03:09] (1s) Empty delta for Class::ClassExpr.getADecoratorCall/0#54df5696_delta (order for disjuncts: delta=<standard>).
[2026-07-24 19:03:09] (1s) Accumulating deltas
[2026-07-24 19:03:09] (1s)  >>> Created relation Class::ClassExpr.getADecoratorCall/0#54df5696/2@6c9f0w4d with 9 rows and digest b932995tgea7c7b1gcp9lljkkm9.
[2026-07-24 19:03:09] (1s) Starting to evaluate predicate Class::ClassDef#83097204/1@b0ca65hq
[2026-07-24 19:03:09] (1s)  >>> Created relation Class::ClassDef#83097204/1@b0ca65hq with 187 rows and digest 81a096js85hi3raiu2hg19evqi5.
[2026-07-24 19:03:09] (1s) Starting to evaluate predicate Stmts::AssignStmt#45f46a75/1@353501jt
[2026-07-24 19:03:09] (1s)  >>> Created relation Stmts::AssignStmt#45f46a75/1@353501jt with 4748 rows and digest 3e1342o4nk2ntvb412ktq7857ma.
[2026-07-24 19:03:09] (1s) Starting to evaluate predicate AstGenerated::Assign__not_Stmts::AssignStmt_Class::ClassDef_Function::FunctionDef#9571075b/1@368c25s8
[2026-07-24 19:03:09] (1s)  >>> Created relation AstGenerated::Assign__not_Stmts::AssignStmt_Class::ClassDef_Function::FunctionDef#9571075b/1@368c25s8 with 0 rows and digest THIS-RELATION-HAS-NO-TUPLES.
[2026-07-24 19:03:09] (1s) Starting to evaluate predicate Function::Function.toString/0#dispred#fa659a0b/2@be7086fo
[2026-07-24 19:03:09] (1s)  >>> Created relation Function::Function.toString/0#dispred#fa659a0b/2@be7086fo with 1946 rows and digest 7d18c8qed6coevj0mahqv8j6dpa.
[2026-07-24 19:03:09] (1s) Starting to evaluate predicate Class::Class.toString/0#dispred#19bc00cc/2@ef38470h
[2026-07-24 19:03:09] (1s)  >>> Created relation Class::Class.toString/0#dispred#19bc00cc/2@ef38470h with 187 rows and digest c9752cas71ooi5uohtm76hm47if.
[2026-07-24 19:03:09] (1s) Starting to evaluate predicate AstGenerated::Call_.getFunc/0#dispred#9f0e5cfd_10#join_rhs/2@1cfa8c7b
[2026-07-24 19:03:09] (1s)  >>> Created relation AstGenerated::Call_.getFunc/0#dispred#9f0e5cfd_10#join_rhs/2@1cfa8c7b with 10081 rows and digest c88d84k9kg01ur68gh1doh8ode2.
[2026-07-24 19:03:09] (1s)  >>> Created relation py_numbers/3@fdd7bbbb with 5556 rows and digest 03bfa9qoho06cs1bjcvt1ejck66.
[2026-07-24 19:03:09] (1s) Starting to evaluate predicate py_numbers_201#join_rhs/3@1c498f0c
[2026-07-24 19:03:09] (1s)  >>> Created relation py_numbers_201#join_rhs/3@1c498f0c with 5556 rows and digest adbcf0qt58fv1o4khp4vc4kta07.
[2026-07-24 19:03:09] (1s) Starting to evaluate predicate Exprs::ImaginaryLiteral#d2b980a7/2@d3f538r2
[2026-07-24 19:03:09] (1s)  >>> Created relation Exprs::ImaginaryLiteral#d2b980a7/2@d3f538r2 with 0 rows and digest THIS-RELATION-HAS-NO-TUPLES.
[2026-07-24 19:03:09] (1s) Inferred that Exprs::ImaginaryLiteral#d2b980a7_0#antijoin_rhs/1@fd0e28cj is empty, due to Exprs::ImaginaryLiteral#d2b980a7/2@d3f538r2.
[2026-07-24 19:03:09] (1s) Starting to evaluate predicate Exprs::FloatLiteral#eb01d209/1@b7b0a64j
[2026-07-24 19:03:09] (1s)  >>> Created relation Exprs::FloatLiteral#eb01d209/1@b7b0a64j with 50 rows and digest f92f81lqb3cqrmvjcjdjo2tee64.
[2026-07-24 19:03:09] (1s) Starting to evaluate predicate Exprs::IntegerLiteral#51a23263/1@13583e4r
[2026-07-24 19:03:09] (1s)  >>> Created relation Exprs::IntegerLiteral#51a23263/1@13583e4r with 2728 rows and digest 760e9a867siunjkb1bk5p2ovvv0.
[2026-07-24 19:03:09] (1s) Starting to evaluate predicate Exprs::Num#4a336806/1@1e48f0e6
[2026-07-24 19:03:09] (1s)  >>> Created relation Exprs::Num#4a336806/1@1e48f0e6 with 2778 rows and digest 76bff2q9n8fitc6h6mp19ttt207.
[2026-07-24 19:03:09] (1s) Starting to evaluate predicate py_scope_flow_02#join_rhs/2@687f8fu4
[2026-07-24 19:03:09] (1s)  >>> Created relation py_scope_flow_02#join_rhs/2@687f8fu4 with 20625 rows and digest af45b2vd4in7cnipe4kfbc1u730.
[2026-07-24 19:03:09] (1s) Starting to evaluate predicate project#Scope::Scope.getANormalExit/0#dispred#1288c0a8/1@78a541r8
[2026-07-24 19:03:09] (1s)  >>> Created relation project#Scope::Scope.getANormalExit/0#dispred#1288c0a8/1@78a541r8 with 2347 rows and digest 009274i735b8k9hifngog92g9ja.
[2026-07-24 19:03:09] (1s) Starting to evaluate predicate _project#Scope::Scope.getANormalExit/0#dispred#1288c0a8_py_flow_bb_node_py_scope_flow_02#join_rhs#antijoin_rhs/2@67e3d421
[2026-07-24 19:03:09] (1s)  >>> Created relation _project#Scope::Scope.getANormalExit/0#dispred#1288c0a8_py_flow_bb_node_py_scope_flow_02#join_rhs#antijoin_rhs/2@67e3d421 with 4704 rows and digest b43d8dk1lptetqtifklvf9ls99a.
[2026-07-24 19:03:09] (1s) Starting to evaluate predicate CachedStages::Stages::AST::ref/0#e52d92b5/0@72b8f244
[2026-07-24 19:03:09] (1s)  >>> Created relation CachedStages::Stages::AST::ref/0#e52d92b5/0@72b8f244 with 1 rows and digest ac90f0ei322hhreshlvdl215c38.
[2026-07-24 19:03:09] (1s) No need to promote strings for CachedStages::Stages::AST::ref/0#e52d92b5/0@72b8f244 as it does not contain computed strings.
[2026-07-24 19:03:09] (1s)  >>> Created relation cached_CachedStages::Stages::AST::ref/0#e52d92b5/0@c876115v with 1 rows and digest ac90f0ei322hhreshlvdl215c38.
[2026-07-24 19:03:09] (1s)  >>> Created relation cached_CachedStages::Stages::AST::backref/0#dddb3000/0@a80d27a0 with 1 rows and digest ac90f0ei322hhreshlvdl215c38.
[2026-07-24 19:03:09] (1s) No need to promote strings for AstExtended::AstNode.getLocation/0#dispred#6b4dcb62/2@ccf6dfeh as it does not contain computed strings.
[2026-07-24 19:03:09] (1s)  >>> Created relation cached_AstExtended::AstNode.getLocation/0#dispred#6b4dcb62/2@389a43u0 with 113708 rows and digest 57ddbelpiqm9pun51o9ia5vubj7.
[2026-07-24 19:03:09] (1s)  >>> Created relation variable/3@5e1d40kq with 12428 rows and digest e0eb3c4kdftm99as5jgobd3gb66.
[2026-07-24 19:03:09] (1s)  >>> Created relation py_variables/2@62cd450b with 39990 rows and digest b9c2c7tid2ml4v5h220no599mo5.
[2026-07-24 19:03:09] (1s) Starting to evaluate predicate Variables::Variable.getId/0#dispred#33796d42/2@7155f3jh
[2026-07-24 19:03:09] (1s)  >>> Created relation Variables::Variable.getId/0#dispred#33796d42/2@7155f3jh with 12247 rows and digest c170676sk0bn3gr97njepj0beq6.
[2026-07-24 19:03:09] (1s) Starting to evaluate predicate AstGenerated::Name_.getVariable/0#dispred#d8133d45/2@e04d1f44
[2026-07-24 19:03:09] (1s)  >>> Created relation AstGenerated::Name_.getVariable/0#dispred#d8133d45/2@e04d1f44 with 39990 rows and digest 3e9baesk3jb6k5rj6nhk2s5r7k1.
[2026-07-24 19:03:09] (1s) Starting to evaluate predicate Exprs::Name.getId/0#dispred#4fa5460e/2@431259f7
[2026-07-24 19:03:09] (1s)  >>> Created relation Exprs::Name.getId/0#dispred#4fa5460e/2@431259f7 with 39990 rows and digest fad75a2rhhjfsqj9h1qfl6153o2.
[2026-07-24 19:03:09] (1s) Starting to evaluate predicate Stmts::AugAssign.getTarget/0#dispred#5c61a8f3/2@084e7b26
[2026-07-24 19:03:09] (1s)  >>> Created relation Stmts::AugAssign.getTarget/0#dispred#5c61a8f3/2@084e7b26 with 368 rows and digest 39fdb78smc3d9scatkm5771t4c5.
[2026-07-24 19:03:09] (1s)  >>> Created relation py_expr_contexts/3@3945b8md with 58152 rows and digest 5b9dbcn83ldc8kdjh6b3fo2a45f.
[2026-07-24 19:03:09] (1s) Starting to evaluate predicate py_expr_contexts_12#join_rhs/2@145e04os
[2026-07-24 19:03:09] (1s)  >>> Created relation py_expr_contexts_12#join_rhs/2@145e04os with 58152 rows and digest 1dc400ag86vhm7tq7kv072d8ad2.
[2026-07-24 19:03:09] (1s) Starting to evaluate predicate Exprs::Name.isDefinition/0#dispred#35fcd409/1@6959a59b
[2026-07-24 19:03:09] (1s)  >>> Created relation Exprs::Name.isDefinition/0#dispred#35fcd409/1@6959a59b with 11769 rows and digest 03e818i036jgjqs9uts5o4g8eq1.
[2026-07-24 19:03:09] (1s) Starting to evaluate predicate Exprs::Name.defines/1#dispred#729b8d19/2@946b571l
[2026-07-24 19:03:09] (1s)  >>> Created relation Exprs::Name.defines/1#dispred#729b8d19/2@946b571l with 11769 rows and digest 349e73ikgcsc1d493fmac87evl9.
[2026-07-24 19:03:09] (1s) Starting to evaluate predicate SsaDefinitions::SsaSource::with_definition/2#e1888ceb/2@969a6525
[2026-07-24 19:03:09] (1s)  >>> Created relation SsaDefinitions::SsaSource::with_definition/2#e1888ceb/2@969a6525 with 113 rows and digest 70edcdcj6jchl5rim095gigu2f9.
[2026-07-24 19:03:09] (1s) No need to promote strings for SsaDefinitions::SsaSource::with_definition/2#e1888ceb/2@969a6525 as it does not contain computed strings.
[2026-07-24 19:03:09] (1s)  >>> Created relation cached_SsaDefinitions::SsaSource::with_definition/2#e1888ceb/2@2861f12c with 113 rows and digest 70edcdcj6jchl5rim095gigu2f9.
[2026-07-24 19:03:09] (1s) Starting to evaluate predicate py_variables_10#join_rhs/2@d45fa3fg
[2026-07-24 19:03:09] (1s)  >>> Created relation py_variables_10#join_rhs/2@d45fa3fg with 39990 rows and digest 3e9baesk3jb6k5rj6nhk2s5r7k1.
[2026-07-24 19:03:09] (1s) Starting to evaluate predicate AstGenerated::PlaceHolder_.getVariable/0#dispred#708ee41c/2@86d614da
[2026-07-24 19:03:09] (1s)  >>> Created relation AstGenerated::PlaceHolder_.getVariable/0#dispred#708ee41c/2@86d614da with 0 rows and digest THIS-RELATION-HAS-NO-TUPLES.
[2026-07-24 19:03:09] (1s) Inferred that Exprs::PlaceHolder.getId/0#dispred#9822eecb/2@81e7822u is empty, due to AstGenerated::PlaceHolder_.getVariable/0#dispred#708ee41c/2@86d614da.
[2026-07-24 19:03:09] (1s) Starting to evaluate predicate SsaDefinitions::SsaSource::parameter_definition/2#40b2fede/2@85feceie
[2026-07-24 19:03:09] (1s)  >>> Created relation SsaDefinitions::SsaSource::parameter_definition/2#40b2fede/2@85feceie with 4078 rows and digest d8653a1fm5a8abq0o24m0dns0d1.
[2026-07-24 19:03:09] (1s) No need to promote strings for SsaDefinitions::SsaSource::parameter_definition/2#40b2fede/2@85feceie as it does not contain computed strings.
[2026-07-24 19:03:09] (1s)  >>> Created relation cached_SsaDefinitions::SsaSource::parameter_definition/2#40b2fede/2@9304ca4m with 4078 rows and digest d8653a1fm5a8abq0o24m0dns0d1.
[2026-07-24 19:03:09] (1s) Starting to evaluate predicate Variables::Variable.getId/0#dispred#33796d42_10#join_rhs/2@e85cdfnl
[2026-07-24 19:03:09] (1s)  >>> Created relation Variables::Variable.getId/0#dispred#33796d42_10#join_rhs/2@e85cdfnl with 12247 rows and digest df115ca5kt3nn4vg3jdagatbsv5.
[2026-07-24 19:03:09] (1s) Starting to evaluate predicate Exprs::name_consts/2#5b93d161/2@26923fa8
[2026-07-24 19:03:09] (1s)  >>> Created relation Exprs::name_consts/2#5b93d161/2@26923fa8 with 1742 rows and digest 1ce73cs9pmm2lbqqbggufubo6p0.
[2026-07-24 19:03:09] (1s) Starting to evaluate predicate Exprs::name_consts/2#5b93d161_10#join_rhs/2@ec1e5cqq
[2026-07-24 19:03:09] (1s)  >>> Created relation Exprs::name_consts/2#5b93d161_10#join_rhs/2@ec1e5cqq with 1742 rows and digest a57764uq6ehp1l4an6kmp40r0ea.
[2026-07-24 19:03:09] (1s) Starting to evaluate predicate Exprs::NameConstant#42a68058/1@066eb7n4
[2026-07-24 19:03:09] (1s)  >>> Created relation Exprs::NameConstant#42a68058/1@066eb7n4 with 1742 rows and digest af12eeullf7hmmt3jq2mbjrlm63.
[2026-07-24 19:03:09] (1s)  >>> Created relation py_StringPart_lists/2@4fee2fld with 58 rows and digest 8bab61vs0oi400dkf065hjapgjf.
[2026-07-24 19:03:09] (1s) Starting to evaluate predicate py_StringParts_10#join_rhs/2@09edc2s7
[2026-07-24 19:03:09] (1s)  >>> Created relation py_StringParts_10#join_rhs/2@09edc2s7 with 181 rows and digest 1161e0p7cbojaus394lrf90fe5c.
[2026-07-24 19:03:09] (1s) Starting to evaluate predicate AstGenerated::Str_.getAnImplicitlyConcatenatedPart/0#dispred#08057c4a/2@b548ab4a
[2026-07-24 19:03:09] (1s)  >>> Created relation AstGenerated::Str_.getAnImplicitlyConcatenatedPart/0#dispred#08057c4a/2@b548ab4a with 181 rows and digest 413df4eo0v82cacr2ogsti9t331.
[2026-07-24 19:03:09] (1s)  >>> Created relation py_ints/2@866b74k2 with 1484 rows and digest 590e30t5uq066adebt6jcmpoj87.
[2026-07-24 19:03:09] (1s) Starting to evaluate predicate _py_flags_versioned#shared/5@5fdafb5i
[2026-07-24 19:03:09] (1s)  >>> Created relation _py_flags_versioned#shared/5@5fdafb5i with 0 rows and digest THIS-RELATION-HAS-NO-TUPLES.
[2026-07-24 19:03:09] (1s) Inferred that __py_flags_versioned#shared#antijoin_rhs/1@9b13e686 is empty, due to _py_flags_versioned#shared/5@5fdafb5i.
[2026-07-24 19:03:09] (1s) Starting to evaluate predicate ___py_flags_versioned#shared#antijoin_rhs__py_flags_versioned#shared_py_flags_versioned#shared/2@2bd776gb
[2026-07-24 19:03:09] (1s)  >>> Created relation ___py_flags_versioned#shared#antijoin_rhs__py_flags_versioned#shared_py_flags_versioned#shared/2@2bd776gb with 1 rows and digest 5fa123o07rq30oc56v0dfmknfme.
[2026-07-24 19:03:09] (1s) Starting to evaluate predicate Constants::latest_supported_minor_version/1#983c5ab9/2@7f5a9a9f
[2026-07-24 19:03:09] (1s)  >>> Created relation Constants::latest_supported_minor_version/1#983c5ab9/2@7f5a9a9f with 2 rows and digest f0ef517kobdu4l809gckpoka73a.
[2026-07-24 19:03:09] (1s) Starting to evaluate predicate _Constants::latest_supported_minor_version/1#983c5ab9____py_flags_versioned#shared#antijoin_rhs__py___#antijoin_rhs/2@bd8ed8u5
[2026-07-24 19:03:09] (1s)  >>> Created relation _Constants::latest_supported_minor_version/1#983c5ab9____py_flags_versioned#shared#antijoin_rhs__py___#antijoin_rhs/2@bd8ed8u5 with 1 rows and digest 5fa123o07rq30oc56v0dfmknfme.
[2026-07-24 19:03:09] (1s) Starting to evaluate predicate Constants::major_version/0#2c8abd7c/1@ba2f3aqb
[2026-07-24 19:03:09] (1s)  >>> Created relation Constants::major_version/0#2c8abd7c/1@ba2f3aqb with 1 rows and digest 1a7690ikgoip19a1kgio2vkcn37.
[2026-07-24 19:03:09] (1s) Starting to evaluate predicate project#Import::ImportExpr.implicitRelativeImportsAllowed/0#dispred#2a9b35e7#nullary/0@4aa54bn8
[2026-07-24 19:03:09] (1s)  >>> Created relation project#Import::ImportExpr.implicitRelativeImportsAllowed/0#dispred#2a9b35e7#nullary/0@4aa54bn8 with 0 rows and digest THIS-RELATION-HAS-NO-TUPLES.
[2026-07-24 19:03:09] (1s) Inferred that _project#Import::ImportExpr.implicitRelativeImportsAllowed/0#dispred#2a9b35e7#nullary_py_exprs_10#jo__#shared/1@2089b042 is empty, due to project#Import::ImportExpr.implicitRelativeImportsAllowed/0#dispred#2a9b35e7#nullary/0@4aa54bn8.
[2026-07-24 19:03:09] (1s) Inferred that _Exprs::Expr.getEnclosingModule/0#dispred#e365231e#bf_Module::Module.hasFromFuture/1#dispred#cf037b2__#antijoin_rhs/1@3e6b37ad is empty, due to _project#Import::ImportExpr.implicitRelativeImportsAllowed/0#dispred#2a9b35e7#nullary_py_exprs_10#jo__#shared/1@2089b042.
[2026-07-24 19:03:09] (1s) Inferred that Import::ImportExpr.implicitRelativeImportsAllowed/0#dispred#2a9b35e7/1@84ae09p6 is empty, due to _project#Import::ImportExpr.implicitRelativeImportsAllowed/0#dispred#2a9b35e7#nullary_py_exprs_10#jo__#shared/1@2089b042.
[2026-07-24 19:03:09] (1s) Starting to evaluate predicate Import::ImportExpr.getLevel/0#dispred#68c28689/2@97f081ic
[2026-07-24 19:03:09] (1s)  >>> Created relation Import::ImportExpr.getLevel/0#dispred#68c28689/2@97f081ic with 1484 rows and digest ed51dfk6hu5554jef86cj9rprlb.
[2026-07-24 19:03:09] (1s) Starting to evaluate predicate Import::ImportExpr.getLevel/0#dispred#68c28689_10#join_rhs/2@e2bfe59v
[2026-07-24 19:03:09] (1s)  >>> Created relation Import::ImportExpr.getLevel/0#dispred#68c28689_10#join_rhs/2@e2bfe59v with 1484 rows and digest 590e30t5uq066adebt6jcmpoj87.
[2026-07-24 19:03:09] (1s) Starting to evaluate predicate _AstExtended::AstNode.getLocation/0#dispred#6b4dcb62_AstGenerated::ImportExpr_.getName/0#dispred#bfa__#join_rhs/2@4fe3298b
[2026-07-24 19:03:09] (1s)  >>> Created relation _AstExtended::AstNode.getLocation/0#dispred#6b4dcb62_AstGenerated::ImportExpr_.getName/0#dispred#bfa__#join_rhs/2@4fe3298b with 1009 rows and digest 23bcf9l8i3eg5edijmjb3u3bca9.
[2026-07-24 19:03:09] (1s)  >>> Created relation sourceLocationPrefix/1@64802cd1 with 1 rows and digest 636123in6mldkevc1s195n1g8hc.
[2026-07-24 19:03:09] (1s) Starting to evaluate predicate m#Files::Impl::Container.getRelativePath/0#dispred#21f7a09a#bf/1@85688236
[2026-07-24 19:03:09] (1s)  >>> Created relation m#Files::Impl::Container.getRelativePath/0#dispred#21f7a09a#bf/1@85688236 with 212 rows and digest cef541gad6kraeshro6g6uumdc8.
[2026-07-24 19:03:09] (1s) Starting to evaluate predicate Files::Impl::Container.getRelativePath/0#dispred#21f7a09a#bf/2@34eacem9
[2026-07-24 19:03:09] (1s)  >>> Created relation Files::Impl::Container.getRelativePath/0#dispred#21f7a09a#bf/2@34eacem9 with 212 rows and digest 98364dqsgb2t4ppg2910n47fr2c.
[2026-07-24 19:03:09] (1s) Starting to evaluate predicate project#Files::Impl::Container.getRelativePath/0#dispred#21f7a09a#bf/1@53f767h8
[2026-07-24 19:03:09] (1s)  >>> Created relation project#Files::Impl::Container.getRelativePath/0#dispred#21f7a09a#bf/1@53f767h8 with 212 rows and digest cef541gad6kraeshro6g6uumdc8.
[2026-07-24 19:03:09] (1s) Starting to evaluate predicate Exprs::StringLiteral.getText/0#dispred#8c21c5a0/2@7c4c2dkg
[2026-07-24 19:03:09] (1s)  >>> Created relation Exprs::StringLiteral.getText/0#dispred#8c21c5a0/2@7c4c2dkg with 8622 rows and digest 41705buj4pdn9m5sp3fjrd37j1c.
[2026-07-24 19:03:09] (1s) Starting to evaluate predicate Stmts::Stmt.getScope/0#dispred#1debab62_10#join_rhs/2@d7176491
[2026-07-24 19:03:09] (1s)  >>> Created relation Stmts::Stmt.getScope/0#dispred#1debab62_10#join_rhs/2@d7176491 with 15913 rows and digest 54f2dcbjdttndigkjre13jfun2e.
[2026-07-24 19:03:09] (1s) Starting to evaluate predicate Files::Location.getStartLine/0#dispred#a15d2f9d#bf/2@0c1241r4
[2026-07-24 19:03:09] (1s)  >>> Created relation Files::Location.getStartLine/0#dispred#a15d2f9d#bf/2@0c1241r4 with 13 rows and digest 1186b4d5jevjj2rf99gvfmg5s52.
[2026-07-24 19:03:09] (1s) Starting to evaluate predicate _Files::Impl::Container.splitAbsolutePath/2#dispred#324a3985_201#join_rhs#antijoin_rhs/1@502bf159
[2026-07-24 19:03:09] (1s)  >>> Created relation _Files::Impl::Container.splitAbsolutePath/2#dispred#324a3985_201#join_rhs#antijoin_rhs/1@502bf159 with 181 rows and digest d326d9qn7t9sic3m7se8m7r3e92.
[2026-07-24 19:03:09] (1s)  >>> Created relation py_cmpop_lists/2@56e7fa14 with 1202 rows and digest 9aa1379kgnf39iq1ta8k7a0vbba.
[2026-07-24 19:03:09] (1s) Starting to evaluate predicate AstGenerated::Compare_.getComparator/1#dispred#210faf25#ffb/3@c696dcuo
[2026-07-24 19:03:09] (1s)  >>> Created relation AstGenerated::Compare_.getComparator/1#dispred#210faf25#ffb/3@c696dcuo with 0 rows and digest THIS-RELATION-HAS-NO-TUPLES.
[2026-07-24 19:03:09] (1s) Starting to evaluate predicate m#AstGenerated::Compare_.getComparator/1#dispred#210faf25#bff/1@c89405qj
[2026-07-24 19:03:09] (1s)  >>> Created relation m#AstGenerated::Compare_.getComparator/1#dispred#210faf25#bff/1@c89405qj with 20 rows and digest 28f009mohetqcrskrrk0ue6h1af.
[2026-07-24 19:03:09] (1s)  >>> Created relation py_cmpops/4@50ea9f2m with 1204 rows and digest 0867b67cfso3i7mf35r3neqqqja.
[2026-07-24 19:03:09] (1s) Starting to evaluate predicate py_cmpops_1203#join_rhs/4@5278e5h5
[2026-07-24 19:03:09] (1s)  >>> Created relation py_cmpops_1203#join_rhs/4@5278e5h5 with 1204 rows and digest 8d21d0465qoq230irvne8a1dmm1.
[2026-07-24 19:03:09] (1s) Starting to evaluate predicate AstGenerated::Compare_.getOp/1#dispred#b89666a1#bff/3@bc34dcj0
[2026-07-24 19:03:09] (1s)  >>> Created relation AstGenerated::Compare_.getOp/1#dispred#b89666a1#bff/3@bc34dcj0 with 20 rows and digest 712858uas1m624403v1c316utr3.
[2026-07-24 19:03:09] (1s) Starting to evaluate predicate AstGenerated::Compare_.getComparator/1#dispred#210faf25#bff/3@a05249h6
[2026-07-24 19:03:09] (1s)  >>> Created relation AstGenerated::Compare_.getComparator/1#dispred#210faf25#bff/3@a05249h6 with 20 rows and digest 08d31d3m9ihvla2arccb7n6756a.
[2026-07-24 19:03:09] (1s) Starting to evaluate predicate AstGenerated::Compare_.getOp/1#dispred#b89666a1#bff_102#join_rhs/3@cfb2b4or
[2026-07-24 19:03:09] (1s)  >>> Created relation AstGenerated::Compare_.getOp/1#dispred#b89666a1#bff_102#join_rhs/3@cfb2b4or with 20 rows and digest 7cb3aallrh3276ea5ksub8nmkaf.
[2026-07-24 19:03:09] (1s) Starting to evaluate predicate Operations::Compare.compares/3#dispred#57048f38#fbff/4@71a430or
[2026-07-24 19:03:09] (1s)  >>> Created relation Operations::Compare.compares/3#dispred#57048f38#fbff/4@71a430or with 20 rows and digest 3ded7emppn5rv374a9rmbvuab6e.
[2026-07-24 19:03:09] (1s) Starting to evaluate predicate Files::File.isPossibleEntryPoint/0#dispred#4586fa29#b/1@eddd4a28
[2026-07-24 19:03:09] (1s)  >>> Created relation Files::File.isPossibleEntryPoint/0#dispred#4586fa29#b/1@eddd4a28 with 23 rows and digest a12df9cf8r9n97bbgofi09amir3.
[2026-07-24 19:03:09] (1s) Starting to evaluate predicate Module::transitively_imported_from_entry_point/1#96984e0d/1@i1#631a2wp2 (iteration 1)
[2026-07-24 19:03:09] (1s) 			 - Module::transitively_imported_from_entry_point/1#96984e0d_delta has 2 rows (order for disjuncts: delta=<standard>).
[2026-07-24 19:03:09] (1s) Starting to evaluate predicate Module::transitively_imported_from_entry_point/1#96984e0d/1@i2#631a2wp2 (iteration 2)
[2026-07-24 19:03:09] (1s) Empty delta for Module::transitively_imported_from_entry_point/1#96984e0d_delta (order for disjuncts: delta=<standard>).
[2026-07-24 19:03:09] (1s) Accumulating deltas
[2026-07-24 19:03:09] (1s)  >>> Created relation Module::transitively_imported_from_entry_point/1#96984e0d/1@631a2wp2 with 2 rows and digest e7a3cd54cndg52c9k6el33drjia.
[2026-07-24 19:03:09] (1s) Starting to evaluate predicate Module::moduleNameFromFile/1#a01d5f51/2@i1#3d309w73 (iteration 1)
[2026-07-24 19:03:09] (1s) 			 - Module::moduleNameFromFile/1#a01d5f51_delta has 28 rows (order for disjuncts: delta=<standard>).
[2026-07-24 19:03:09] (1s) Starting to evaluate predicate Module::moduleNameFromFile/1#a01d5f51/2@i2#3d309w73 (iteration 2)
[2026-07-24 19:03:09] (1s) 			 - Module::moduleNameFromFile/1#a01d5f51_delta has 17 rows (order for disjuncts: delta=<standard>).
[2026-07-24 19:03:09] (1s) Starting to evaluate predicate Module::moduleNameFromFile/1#a01d5f51/2@i3#3d309w73 (iteration 3)
[2026-07-24 19:03:09] (1s) 			 - Module::moduleNameFromFile/1#a01d5f51_delta has 52 rows (order for disjuncts: delta=<standard>).
[2026-07-24 19:03:09] (1s) Starting to evaluate predicate Module::moduleNameFromFile/1#a01d5f51/2@i4#3d309w73 (iteration 4)
[2026-07-24 19:03:09] (1s) 			 - Module::moduleNameFromFile/1#a01d5f51_delta has 113 rows (order for disjuncts: delta=<standard>).
[2026-07-24 19:03:09] (1s) Starting to evaluate predicate Module::moduleNameFromFile/1#a01d5f51/2@i5#3d309w73 (iteration 5)
[2026-07-24 19:03:09] (1s) 			 - Module::moduleNameFromFile/1#a01d5f51_delta has 6 rows (order for disjuncts: delta=<standard>).
[2026-07-24 19:03:09] (1s) Starting to evaluate predicate Module::moduleNameFromFile/1#a01d5f51/2@i6#3d309w73 (iteration 6)
[2026-07-24 19:03:09] (1s) Empty delta for Module::moduleNameFromFile/1#a01d5f51_delta (order for disjuncts: delta=<standard>).
[2026-07-24 19:03:09] (1s) Accumulating deltas
[2026-07-24 19:03:09] (1s)  >>> Created relation Module::moduleNameFromFile/1#a01d5f51/2@3d309w73 with 214 rows and digest f7d565d3crko8mqofmbav1o9bi8.
[2026-07-24 19:03:09] (1s) Promoting strings for Module::moduleNameFromFile/1#a01d5f51/2@3d309w73
[2026-07-24 19:03:09] (1s) Promoted strings for Module::moduleNameFromFile/1#a01d5f51/2@3d309w73, took 1ms
[2026-07-24 19:03:09] (1s) Saved stringpool to save strings from Module::moduleNameFromFile/1#a01d5f51/2@3d309w73, took 0ms
[2026-07-24 19:03:09] (1s)  >>> Created relation cached_Module::moduleNameFromFile/1#a01d5f51/2@e5aef9lf with 214 rows and digest f7d565d3crko8mqofmbav1o9bi8.
[2026-07-24 19:03:09] (1s) Starting to evaluate predicate Module::Module.getName/0#dispred#45a481b3/2@7cdbd8ae
[2026-07-24 19:03:09] (1s)  >>> Created relation Module::Module.getName/0#dispred#45a481b3/2@7cdbd8ae with 199 rows and digest 59d345bcdna9sgibf6h47jilro9.
[2026-07-24 19:03:09] (1s) Starting to evaluate predicate project#Module::Module.getName/0#dispred#45a481b3/1@db672fcb
[2026-07-24 19:03:09] (1s)  >>> Created relation project#Module::Module.getName/0#dispred#45a481b3/1@db672fcb with 199 rows and digest 90b35fcntaj73jcdipqh6dc5fo9.
[2026-07-24 19:03:09] (1s) Starting to evaluate predicate AstGenerated::Scope_.toString/0#dispred#8b6e5a05/2@5b91831n
[2026-07-24 19:03:09] (1s)  >>> Created relation AstGenerated::Scope_.toString/0#dispred#8b6e5a05/2@5b91831n with 2357 rows and digest 9fb27dq6v2905d0hp2lcothml4c.
[2026-07-24 19:03:09] (1s) Starting to evaluate predicate project##AstGenerated::Scope_.toString/0#dispred#8b6e5a05Merge/1@89bb0blv
[2026-07-24 19:03:09] (1s)  >>> Created relation project##AstGenerated::Scope_.toString/0#dispred#8b6e5a05Merge/1@89bb0blv with 2357 rows and digest c0f709eqce3tbcdh0a62a2ccqse.
[2026-07-24 19:03:09] (1s) Starting to evaluate predicate #select#query/8@6c5583gn
[2026-07-24 19:03:09] (1s)  >>> Created relation #select#query/8@6c5583gn with 61 rows and digest 7fbd5epk4elf9ra8b8bi9urquj9.
[2026-07-24 19:03:09] (1s) Starting to evaluate predicate Module::Module.getName/0#dispred#45a481b3/2@49b4618n
[2026-07-24 19:03:09] (1s)  >>> Created relation Module::Module.getName/0#dispred#45a481b3/2@49b4618n with 199 rows and digest 59d345bcdna9sgibf6h47jilro9.
[2026-07-24 19:03:09] (1s)  >>> Created relation project#Module::Module.getName/0#dispred#45a481b3#2/1@d5db1849 with 199 rows and digest 90b35fcntaj73jcdipqh6dc5fo9.
[2026-07-24 19:03:09] (1s) Starting to evaluate predicate Module::Module.toString/0#dispred#96ef98d9/2@876907vg
[2026-07-24 19:03:09] (1s)  >>> Created relation Module::Module.toString/0#dispred#96ef98d9/2@876907vg with 224 rows and digest 84932doitqdjnc4onu7k90i2evc.
[2026-07-24 19:03:09] (1s) Starting to evaluate predicate Exprs::Expr.toString/0#dispred#7435dfcd/2@i1#cb35dxk1 (iteration 1)
[2026-07-24 19:03:09] (1s) 			 - Exprs::Expr.toString/0#dispred#7435dfcd_delta has 79776 rows (order for disjuncts: delta=<standard>).
[2026-07-24 19:03:09] (1s) Starting to evaluate predicate AstGenerated::AstNode_.toString/0#dispred#192f27b5/2@i1#cb35dwk1 (iteration 1)
[2026-07-24 19:03:09] (1s) 			 - AstGenerated::AstNode_.toString/0#dispred#192f27b5_delta has 23851 rows (order for disjuncts: delta=<standard>).
[2026-07-24 19:03:09] (1s) Starting to evaluate predicate Exprs::Expr.toString/0#dispred#7435dfcd/2@i2#cb35dxk1 (iteration 2)
[2026-07-24 19:03:09] (1s) 			 - Exprs::Expr.toString/0#dispred#7435dfcd_delta has 9631 rows (order for disjuncts: delta=<standard>).
[2026-07-24 19:03:09] (1s) Starting to evaluate predicate AstGenerated::AstNode_.toString/0#dispred#192f27b5/2@i2#cb35dwk1 (iteration 2)
[2026-07-24 19:03:09] (1s) 			 - AstGenerated::AstNode_.toString/0#dispred#192f27b5_delta has 79776 rows (order for disjuncts: delta=<standard>).
[2026-07-24 19:03:09] (1s) Starting to evaluate predicate Exprs::Expr.toString/0#dispred#7435dfcd/2@i3#cb35dxk1 (iteration 3)
[2026-07-24 19:03:09] (1s) 			 - Exprs::Expr.toString/0#dispred#7435dfcd_delta has 450 rows (order for disjuncts: delta=<standard>).
[2026-07-24 19:03:09] (1s) Starting to evaluate predicate AstGenerated::AstNode_.toString/0#dispred#192f27b5/2@i3#cb35dwk1 (iteration 3)
[2026-07-24 19:03:09] (1s) 			 - AstGenerated::AstNode_.toString/0#dispred#192f27b5_delta has 9631 rows (order for disjuncts: delta=<standard>).
[2026-07-24 19:03:09] (1s) Starting to evaluate predicate Exprs::Expr.toString/0#dispred#7435dfcd/2@i4#cb35dxk1 (iteration 4)
[2026-07-24 19:03:09] (1s) Empty delta for Exprs::Expr.toString/0#dispred#7435dfcd_delta (order for disjuncts: delta=<standard>).
[2026-07-24 19:03:09] (1s) Starting to evaluate predicate AstGenerated::AstNode_.toString/0#dispred#192f27b5/2@i4#cb35dwk1 (iteration 4)
[2026-07-24 19:03:09] (1s) 			 - AstGenerated::AstNode_.toString/0#dispred#192f27b5_delta has 450 rows (order for disjuncts: delta=<standard>).
[2026-07-24 19:03:09] (1s) Starting to evaluate predicate Exprs::Expr.toString/0#dispred#7435dfcd/2@i5#cb35dxk1 (iteration 5)
[2026-07-24 19:03:09] (1s) Empty delta for Exprs::Expr.toString/0#dispred#7435dfcd_delta (order for disjuncts: delta=<standard>).
[2026-07-24 19:03:09] (1s) Accumulating deltas
[2026-07-24 19:03:09] (1s)  >>> Created relation AstGenerated::AstNode_.toString/0#dispred#192f27b5/2@cb35dwk1 with 113708 rows and digest ede64f256a4cboskjhhfck82i1b.
[2026-07-24 19:03:09] (1s)  >>> Created relation Exprs::Expr.toString/0#dispred#7435dfcd/2@cb35dxk1 with 89857 rows and digest 6734c3uac4ho9jqromcnc5rgipa.
[2026-07-24 19:03:09] (1s) Starting to evaluate predicate AstGenerated::Scope_.toString/0#dispred#8b6e5a05/2@ea8deenh
[2026-07-24 19:03:09] (1s)  >>> Created relation AstGenerated::Scope_.toString/0#dispred#8b6e5a05/2@ea8deenh with 2357 rows and digest 9fb27dq6v2905d0hp2lcothml4c.
[2026-07-24 19:03:09] (1s)  >>> Created relation project#AstGenerated::Scope_.toString/0#dispred#8b6e5a05/1@f7891ftd with 2357 rows and digest c0f709eqce3tbcdh0a62a2ccqse.
[2026-07-24 19:03:09] (1s) Promoting strings for Exprs::Expr.toString/0#dispred#7435dfcd/2@cb35dxk1
[2026-07-24 19:03:09] (1s) Promoted strings for Exprs::Expr.toString/0#dispred#7435dfcd/2@cb35dxk1, took 34ms
[2026-07-24 19:03:09] (1s) Saved stringpool to save strings from Exprs::Expr.toString/0#dispred#7435dfcd/2@cb35dxk1, took 0ms
[2026-07-24 19:03:09] (1s)  >>> Created relation cached_Exprs::Expr.toString/0#dispred#7435dfcd/2@149662k3 with 89857 rows and digest 6734c3uac4ho9jqromcnc5rgipa.
[2026-07-24 19:03:09] (1s) Starting to evaluate predicate project#AstGenerated::Str_.getAnImplicitlyConcatenatedPart/0#dispred#08057c4a/1@fbc996q5
[2026-07-24 19:03:09] (1s)  >>> Created relation project#AstGenerated::Str_.getAnImplicitlyConcatenatedPart/0#dispred#08057c4a/1@fbc996q5 with 58 rows and digest e6ec9fcgv0fofnroclq08oh3gcc.
[2026-07-24 19:03:09] (1s) Starting to evaluate predicate AstGenerated::Str_.getPrefix/0#dispred#3535a2f3/2@4c495e1c
[2026-07-24 19:03:09] (1s)  >>> Created relation AstGenerated::Str_.getPrefix/0#dispred#3535a2f3/2@4c495e1c with 8622 rows and digest 70a589ciejm0isl95rm0op34i88.
[2026-07-24 19:03:09] (1s) Starting to evaluate predicate project#AstGenerated::Str_.getPrefix/0#dispred#3535a2f3/1@bfa99434
[2026-07-24 19:03:09] (1s)  >>> Created relation project#AstGenerated::Str_.getPrefix/0#dispred#3535a2f3/1@bfa99434 with 10 rows and digest 292d1en1jtjv6qfj8oar0ka55mc.
[2026-07-24 19:03:09] (1s) Starting to evaluate predicate _project#AstGenerated::Str_.getPrefix/0#dispred#3535a2f3#shared/3@94df83r0
[2026-07-24 19:03:09] (1s)  >>> Created relation _project#AstGenerated::Str_.getPrefix/0#dispred#3535a2f3#shared/3@94df83r0 with 22 rows and digest 022c9emj1g4u6vdf3hniahhtdd2.
[2026-07-24 19:03:09] (1s) Starting to evaluate predicate __project#AstGenerated::Str_.getPrefix/0#dispred#3535a2f3#shared#antijoin_rhs/1@76c814om
[2026-07-24 19:03:09] (1s)  >>> Created relation __project#AstGenerated::Str_.getPrefix/0#dispred#3535a2f3#shared#antijoin_rhs/1@76c814om with 1 rows and digest 44d49a7l431j073n4elu8uf6esb.
[2026-07-24 19:03:09] (1s) Starting to evaluate predicate Exprs::non_byte_prefix/0#1bf262e2/1@16daa0nh
[2026-07-24 19:03:09] (1s)  >>> Created relation Exprs::non_byte_prefix/0#1bf262e2/1@16daa0nh with 9 rows and digest 778aa8fv1jcb9n7icpt7d15iqh4.
[2026-07-24 19:03:09] (1s) Starting to evaluate predicate Exprs::unicode_prefix/0#688effda/1@4ef7d2tf
[2026-07-24 19:03:09] (1s)  >>> Created relation Exprs::unicode_prefix/0#688effda/1@4ef7d2tf with 0 rows and digest THIS-RELATION-HAS-NO-TUPLES.
[2026-07-24 19:03:09] (1s) Starting to evaluate predicate AstGenerated::ImportExpr_.getName/0#dispred#bfa11d82_10#join_rhs/2@049f24pe
[2026-07-24 19:03:09] (1s)  >>> Created relation AstGenerated::ImportExpr_.getName/0#dispred#bfa11d82_10#join_rhs/2@049f24pe with 1481 rows and digest fae524j2um87rh9dkfuj6g59dv1.
[2026-07-24 19:03:09] (1s) Starting to evaluate predicate Import::Import.getASubExpression/0#dispred#d4e8ee19_10#join_rhs/2@6e341da8
[2026-07-24 19:03:09] (1s)  >>> Created relation Import::Import.getASubExpression/0#dispred#d4e8ee19_10#join_rhs/2@6e341da8 with 4198 rows and digest 637176pdbrmnee42823d0u27psf.
[2026-07-24 19:03:09] (1s) Starting to evaluate predicate m#Module::Module.hasFromFuture/1#dispred#cf037b23#fb/1@70f286ml
[2026-07-24 19:03:09] (1s)  >>> Created relation m#Module::Module.hasFromFuture/1#dispred#cf037b23#fb/1@70f286ml with 2 rows and digest 98c26ecqmcjkf18eob4knu6st22.
[2026-07-24 19:03:09] (1s) Starting to evaluate predicate Scope::Scope.getEnclosingScope/0#dispred#8b0b5c52/2@3d8c107i
[2026-07-24 19:03:09] (1s)  >>> Created relation Scope::Scope.getEnclosingScope/0#dispred#8b0b5c52/2@3d8c107i with 2133 rows and digest 89b194bscli6r61tmcantfud3d3.
[2026-07-24 19:03:09] (1s) Starting to evaluate predicate Scope::Scope.getEnclosingScope/0#dispred#8b0b5c52_10#join_rhs/2@962a72kh
[2026-07-24 19:03:09] (1s)  >>> Created relation Scope::Scope.getEnclosingScope/0#dispred#8b0b5c52_10#join_rhs/2@962a72kh with 2133 rows and digest eb7ab4gb7p9s73fnvoubhpurp50.
[2026-07-24 19:03:09] (1s) Starting to evaluate predicate Scope::Scope.getEnclosingModule/0#dispred#2a7dc9ce/2@i1#e3be4weh (iteration 1)
[2026-07-24 19:03:09] (1s) 			 - Scope::Scope.getEnclosingModule/0#dispred#2a7dc9ce_delta has 224 rows (order for disjuncts: delta=<standard>).
[2026-07-24 19:03:09] (1s) Starting to evaluate predicate Scope::Scope.getEnclosingModule/0#dispred#2a7dc9ce/2@i2#e3be4weh (iteration 2)
[2026-07-24 19:03:09] (1s) 			 - Scope::Scope.getEnclosingModule/0#dispred#2a7dc9ce_delta has 401 rows (order for disjuncts: delta=<standard>).
[2026-07-24 19:03:09] (1s) Starting to evaluate predicate Scope::Scope.getEnclosingModule/0#dispred#2a7dc9ce/2@i3#e3be4weh (iteration 3)
[2026-07-24 19:03:09] (1s) 			 - Scope::Scope.getEnclosingModule/0#dispred#2a7dc9ce_delta has 1277 rows (order for disjuncts: delta=<standard>).
[2026-07-24 19:03:09] (1s) Starting to evaluate predicate Scope::Scope.getEnclosingModule/0#dispred#2a7dc9ce/2@i4#e3be4weh (iteration 4)
[2026-07-24 19:03:09] (1s) 			 - Scope::Scope.getEnclosingModule/0#dispred#2a7dc9ce_delta has 445 rows (order for disjuncts: delta=<standard>).
[2026-07-24 19:03:09] (1s) Starting to evaluate predicate Scope::Scope.getEnclosingModule/0#dispred#2a7dc9ce/2@i5#e3be4weh (iteration 5)
[2026-07-24 19:03:09] (1s) 			 - Scope::Scope.getEnclosingModule/0#dispred#2a7dc9ce_delta has 10 rows (order for disjuncts: delta=<standard>).
[2026-07-24 19:03:09] (1s) Starting to evaluate predicate Scope::Scope.getEnclosingModule/0#dispred#2a7dc9ce/2@i6#e3be4weh (iteration 6)
[2026-07-24 19:03:09] (1s) Empty delta for Scope::Scope.getEnclosingModule/0#dispred#2a7dc9ce_delta (order for disjuncts: delta=<standard>).
[2026-07-24 19:03:09] (1s) Accumulating deltas
[2026-07-24 19:03:09] (1s)  >>> Created relation Scope::Scope.getEnclosingModule/0#dispred#2a7dc9ce/2@e3be4weh with 2357 rows and digest 8ea3be2tb4viv2hdeq540vq8uc1.
[2026-07-24 19:03:09] (1s) Starting to evaluate predicate Module::Module.hasFromFuture/1#dispred#cf037b23#fb/2@71e90b0m
[2026-07-24 19:03:09] (1s)  >>> Created relation Module::Module.hasFromFuture/1#dispred#cf037b23#fb/2@71e90b0m with 0 rows and digest THIS-RELATION-HAS-NO-TUPLES.
[2026-07-24 19:03:09] (1s) Starting to evaluate predicate m#Exprs::Expr.getEnclosingModule/0#dispred#e365231e#bf/1@f871b7fu
[2026-07-24 19:03:09] (1s)  >>> Created relation m#Exprs::Expr.getEnclosingModule/0#dispred#e365231e#bf/1@f871b7fu with 1542 rows and digest fcc3d3chrfajevt1pbsges8cd81.
[2026-07-24 19:03:09] (1s) Starting to evaluate predicate Exprs::Expr.getEnclosingModule/0#dispred#e365231e#bf/2@e4048c3i
[2026-07-24 19:03:09] (1s)  >>> Created relation Exprs::Expr.getEnclosingModule/0#dispred#e365231e#bf/2@e4048c3i with 1542 rows and digest 252ff2airtc7srlhgj2tpvt46uc.
[2026-07-24 19:03:09] (1s) Starting to evaluate predicate Exprs::StringLiteral.isUnicode/0#dispred#64a81fc8#b/1@58084e81
[2026-07-24 19:03:09] (1s)  >>> Created relation Exprs::StringLiteral.isUnicode/0#dispred#64a81fc8#b/1@58084e81 with 58 rows and digest e6ec9fcgv0fofnroclq08oh3gcc.
[2026-07-24 19:03:09] (1s) Starting to evaluate predicate AstExtended::AstNode.getScope/0#dispred#9b09b826/2@150286fg
[2026-07-24 19:03:09] (1s)  >>> Created relation AstExtended::AstNode.getScope/0#dispred#9b09b826/2@150286fg with 113484 rows and digest 66edd7oj8fk78dnk3egqqoefn0e.
[2026-07-24 19:03:09] (1s) Starting to evaluate predicate Flow::ControlFlowNode.getScope/0#dispred#b061daac/2@0124c9h1
[2026-07-24 19:03:09] (1s)  >>> Created relation Flow::ControlFlowNode.getScope/0#dispred#b061daac/2@0124c9h1 with 105183 rows and digest d34a43nlpslgpnn76eu7bb2ukq4.
[2026-07-24 19:03:09] (1s) Starting to evaluate predicate Exprs::Name.uses/1#dispred#b73448f6/2@4b69b9i6
[2026-07-24 19:03:09] (1s)  >>> Created relation Exprs::Name.uses/1#dispred#b73448f6/2@4b69b9i6 with 28558 rows and digest 1573daqmots9pvsouocjuca0031.
[2026-07-24 19:03:09] (1s) Starting to evaluate predicate Exprs::Name.uses/1#dispred#b73448f6_10#join_rhs/2@08517cqn
[2026-07-24 19:03:09] (1s)  >>> Created relation Exprs::Name.uses/1#dispred#b73448f6_10#join_rhs/2@08517cqn with 28558 rows and digest 311e4f8pfgbljpc691okls3rpl4.
[2026-07-24 19:03:09] (1s) Starting to evaluate predicate _Exprs::Name.uses/1#dispred#b73448f6_10#join_rhs_Exprs::NameConstant#42a68058_variable#antijoin_rhs/1@8a6161rb
[2026-07-24 19:03:09] (1s)  >>> Created relation _Exprs::Name.uses/1#dispred#b73448f6_10#join_rhs_Exprs::NameConstant#42a68058_variable#antijoin_rhs/1@8a6161rb with 303 rows and digest 2073a7ogu8j0o8cqvgv7tc95ge0.
[2026-07-24 19:03:09] (1s) Starting to evaluate predicate Definitions::SsaSourceVariable.SsaSourceVariable#35012962/1@a502d3nu
[2026-07-24 19:03:09] (1s)  >>> Created relation Definitions::SsaSourceVariable.SsaSourceVariable#35012962/1@a502d3nu with 12125 rows and digest 174f8cp6kdghrhqr0gu9852v5lc.
[2026-07-24 19:03:09] (1s) Starting to evaluate predicate project#py_flow_bb_node/1@fad6886l
[2026-07-24 19:03:09] (1s)  >>> Created relation project#py_flow_bb_node/1@fad6886l with 9009 rows and digest e2da46le3a81qnp1ol4dcnru2g9.
[2026-07-24 19:03:09] (1s) Starting to evaluate predicate _Stmts::AugAssign.getTarget/0#dispred#5c61a8f3_py_flow_bb_node_10#join_rhs#shared/2@31e46234
[2026-07-24 19:03:09] (1s)  >>> Created relation _Stmts::AugAssign.getTarget/0#dispred#5c61a8f3_py_flow_bb_node_10#join_rhs#shared/2@31e46234 with 750 rows and digest bef110j4dpd4p2tulevs1stp537.
[2026-07-24 19:03:09] (1s) Starting to evaluate predicate Flow::BasicBlock.getNode/1#dispred#4a129537/3@dcd623tr
[2026-07-24 19:03:09] (1s)  >>> Created relation Flow::BasicBlock.getNode/1#dispred#4a129537/3@dcd623tr with 105183 rows and digest a42654ejm82lq6hrsnvqf7brcj8.
[2026-07-24 19:03:09] (1s) Starting to evaluate predicate Flow::BasicBlock.getNode/1#dispred#4a129537_021#join_rhs/3@4b649097
[2026-07-24 19:03:09] (1s)  >>> Created relation Flow::BasicBlock.getNode/1#dispred#4a129537_021#join_rhs/3@4b649097 with 105183 rows and digest 01138dfla3o9tj9osdsmgr9qqb1.
[2026-07-24 19:03:09] (1s) Starting to evaluate predicate Flow::BasicBlock.getNode/1#dispred#4a129537_201#join_rhs/3@7925efns
[2026-07-24 19:03:09] (1s)  >>> Created relation Flow::BasicBlock.getNode/1#dispred#4a129537_201#join_rhs/3@7925efns with 105183 rows and digest d91d5e9sdtjegr4k0fsq725n2gf.
[2026-07-24 19:03:09] (1s) Starting to evaluate predicate Flow::ControlFlowNode.getBasicBlock/0#dispred#32502ca1/2@7bb6d8k0
[2026-07-24 19:03:09] (1s)  >>> Created relation Flow::ControlFlowNode.getBasicBlock/0#dispred#32502ca1/2@7bb6d8k0 with 105183 rows and digest 64d6b8kebqi0fugq1b3jmih40c8.
[2026-07-24 19:03:09] (1s) Starting to evaluate predicate __Stmts::AugAssign.getTarget/0#dispred#5c61a8f3_py_flow_bb_node_10#join_rhs#shared_py_flow_bb_node_1__#shared/2@832f8deu
[2026-07-24 19:03:09] (1s)  >>> Created relation __Stmts::AugAssign.getTarget/0#dispred#5c61a8f3_py_flow_bb_node_10#join_rhs#shared_py_flow_bb_node_1__#shared/2@832f8deu with 1580 rows and digest a87152ro9jnaeobqc5pun4tnu56.
[2026-07-24 19:03:09] (1s)  >>> Created relation py_idoms/2@410143e0 with 102826 rows and digest d3fa1bdrg3f3jfnlheih7b8u3u2.
[2026-07-24 19:03:09] (1s) Starting to evaluate predicate Flow::BasicBlock.getImmediateDominator/0#dispred#0f15e8ec/2@0669956t
[2026-07-24 19:03:09] (1s)  >>> Created relation Flow::BasicBlock.getImmediateDominator/0#dispred#0f15e8ec/2@0669956t with 6652 rows and digest 7f2bc9nsqu6th24tsjnbhj5g6rb.
[2026-07-24 19:03:09] (1s) Starting to evaluate predicate #Flow::BasicBlock.getImmediateDominator/0#dispred#0f15e8ecPlus#sinkBound#4#3/1@371faafg
[2026-07-24 19:03:09] (1s)  >>> Created relation #Flow::BasicBlock.getImmediateDominator/0#dispred#0f15e8ecPlus#sinkBound#4#3/1@371faafg with 9009 rows and digest e2da46le3a81qnp1ol4dcnru2g9.
[2026-07-24 19:03:09] (1s) Starting to evaluate predicate _#Flow::BasicBlock.getImmediateDominator/0#dispred#0f15e8ecPlus#sinkBound#4#3_Flow::ControlFlowNode.__#higher_order_body/1@31d2a1da
[2026-07-24 19:03:09] (1s)  >>> Created relation _#Flow::BasicBlock.getImmediateDominator/0#dispred#0f15e8ecPlus#sinkBound#4#3_Flow::ControlFlowNode.__#higher_order_body/1@31d2a1da with 283 rows and digest e235ccttkbt5v1jdiinn5r5lt4b.
[2026-07-24 19:03:09] (1s) Starting to evaluate predicate doublyBoundedFastTC:Flow::BasicBlock.getImmediateDominator/0#dispred#0f15e8ec:_#Flow::BasicBlock.getImmediateDominator/0#dispred#0f15e8ecPlus#sinkBound#4#3_Flow::ControlFlowNode.__#higher_order_body:#Flow::BasicBlock.getImmediateDominator/0#dispred#0f15e8ecPlus#sinkBound#4#3/2@d306cf11 = HOP doublyBoundedFastTC(6652,283,9009)
[2026-07-24 19:03:09] (2s)  >>> Relation doublyBoundedFastTC:Flow::BasicBlock.getImmediateDominator/0#dispred#0f15e8ec:_#Flow::BasicBlock.getImmediateDominator/0#dispred#0f15e8ecPlus#sinkBound#4#3_Flow::ControlFlowNode.__#higher_order_body:#Flow::BasicBlock.getImmediateDominator/0#dispred#0f15e8ecPlus#sinkBound#4#3: 1059 rows using 0 MB
[2026-07-24 19:03:09] (2s)  >>> Created relation doublyBoundedFastTC:Flow::BasicBlock.getImmediateDominator/0#dispred#0f15e8ec:_#Flow::BasicBlock.getImmediateDominator/0#dispred#0f15e8ecPlus#sinkBound#4#3_Flow::ControlFlowNode.__#higher_order_body:#Flow::BasicBlock.getImmediateDominator/0#dispred#0f15e8ecPlus#sinkBound#4#3/2@d306cf11 with 1059 rows and digest a57a6bvsqfc8jrjotki6hn50eja.
[2026-07-24 19:03:09] (2s) Starting to evaluate predicate Flow::augstore/2#23690dbf/2@ae835cbv
[2026-07-24 19:03:09] (2s)  >>> Created relation Flow::augstore/2#23690dbf/2@ae835cbv with 375 rows and digest c2034ddrs730r1mfkfn8ko38dpa.
[2026-07-24 19:03:09] (2s) Starting to evaluate predicate Flow::augstore/2#23690dbf_1#antijoin_rhs/1@acfb5e02
[2026-07-24 19:03:09] (2s)  >>> Created relation Flow::augstore/2#23690dbf_1#antijoin_rhs/1@acfb5e02 with 375 rows and digest 68889dkh9b8m6o19lfk62mdu2lf.
[2026-07-24 19:03:09] (2s) Starting to evaluate predicate Variables::Variable.getScope/0#dispred#e3b1c704/2@daec9568
[2026-07-24 19:03:09] (2s)  >>> Created relation Variables::Variable.getScope/0#dispred#e3b1c704/2@daec9568 with 12247 rows and digest 77270e3tih0cn7rb2vbk5cgufge.
[2026-07-24 19:03:09] (2s) Starting to evaluate predicate Variables::Variable.getScope/0#dispred#e3b1c704_10#join_rhs/2@8d77a92p
[2026-07-24 19:03:09] (2s)  >>> Created relation Variables::Variable.getScope/0#dispred#e3b1c704_10#join_rhs/2@8d77a92p with 12247 rows and digest 8747674shraan6mc17n2pf2nkv4.
[2026-07-24 19:03:09] (2s) Starting to evaluate predicate Variables::LocalVariable#4f360e4a/1@a1d768r7
[2026-07-24 19:03:09] (2s)  >>> Created relation Variables::LocalVariable#4f360e4a/1@a1d768r7 with 8540 rows and digest cf4c71omn82npttdmo02v9j3ff2.
[2026-07-24 19:03:09] (2s) Starting to evaluate predicate Flow::BasicBlock.getImmediateDominator/0#dispred#0f15e8ec_10#higher_order_body/2@7dc1daln
[2026-07-24 19:03:09] (2s)  >>> Created relation Flow::BasicBlock.getImmediateDominator/0#dispred#0f15e8ec_10#higher_order_body/2@7dc1daln with 6652 rows and digest dda8023cl2sgslrg6foui6t7qde.
[2026-07-24 19:03:09] (2s) Starting to evaluate predicate Variables::GlobalVariable#28045801/1@3c116fdi
[2026-07-24 19:03:09] (2s)  >>> Created relation Variables::GlobalVariable#28045801/1@3c116fdi with 3707 rows and digest 26c4bcpfi46uotittus0ajmiofd.
[2026-07-24 19:03:09] (2s) Starting to evaluate predicate _Definitions::SsaSourceVariable.SsaSourceVariable#35012962_Variables::GlobalVariable#28045801#shared/1@82c018pj
[2026-07-24 19:03:09] (2s)  >>> Created relation _Definitions::SsaSourceVariable.SsaSourceVariable#35012962_Variables::GlobalVariable#28045801#shared/1@82c018pj with 3404 rows and digest 01c34589ahqcfekgbedmcpdjrsa.
[2026-07-24 19:03:09] (2s) Starting to evaluate predicate project#Exprs::Name.defines/1#dispred#729b8d19/1@52051fpj
[2026-07-24 19:03:09] (2s)  >>> Created relation project#Exprs::Name.defines/1#dispred#729b8d19/1@52051fpj with 10908 rows and digest 2fd3c33q4k9u71vgv36qieprekb.
[2026-07-24 19:03:09] (2s) Starting to evaluate predicate _Variables::Variable.getId/0#dispred#33796d42__Definitions::SsaSourceVariable.SsaSourceVariable#3501__#shared/1@477f3733
[2026-07-24 19:03:09] (2s)  >>> Created relation _Variables::Variable.getId/0#dispred#33796d42__Definitions::SsaSourceVariable.SsaSourceVariable#3501__#shared/1@477f3733 with 674 rows and digest da5a99g26i2k8oo3tg9vs6aano6.
[2026-07-24 19:03:09] (2s) Starting to evaluate predicate _Stmts::Stmt.getScope/0#dispred#1debab62_10#join_rhs_Variables::Variable.getScope/0#dispred#e3b1c704__#antijoin_rhs/1@ea1035ad
[2026-07-24 19:03:09] (2s)  >>> Created relation _Stmts::Stmt.getScope/0#dispred#1debab62_10#join_rhs_Variables::Variable.getScope/0#dispred#e3b1c704__#antijoin_rhs/1@ea1035ad with 0 rows and digest THIS-RELATION-HAS-NO-TUPLES.
[2026-07-24 19:03:09] (2s) Starting to evaluate predicate _Stmts::Stmt.getScope/0#dispred#1debab62_Variables::Variable.getScope/0#dispred#e3b1c704_10#join_rhs__#shared/1@d740d35m
[2026-07-24 19:03:09] (2s)  >>> Created relation _Stmts::Stmt.getScope/0#dispred#1debab62_Variables::Variable.getScope/0#dispred#e3b1c704_10#join_rhs__#shared/1@d740d35m with 0 rows and digest THIS-RELATION-HAS-NO-TUPLES.
[2026-07-24 19:03:09] (2s) Starting to evaluate predicate Definitions::ModuleVariable#27049d81/1@243bffti
[2026-07-24 19:03:09] (2s)  >>> Created relation Definitions::ModuleVariable#27049d81/1@243bffti with 2730 rows and digest 21a7dfn3bja9jd0h0np1go0tv4e.
[2026-07-24 19:03:09] (2s) Starting to evaluate predicate Flow::NameNode#b2c17c8a/1@9e5d9597
[2026-07-24 19:03:09] (2s)  >>> Created relation Flow::NameNode#b2c17c8a/1@9e5d9597 with 40999 rows and digest 86cd530buo83kcvfi54u4j2sd8b.
[2026-07-24 19:03:09] (2s) Starting to evaluate predicate Flow::ControlFlowNode.isLoad/0#dispred#ea0a60b3/1@f4b81a4i
[2026-07-24 19:03:09] (2s)  >>> Created relation Flow::ControlFlowNode.isLoad/0#dispred#ea0a60b3/1@f4b81a4i with 45884 rows and digest cf2b37dtbae53sf8rnif1cvb160.
[2026-07-24 19:03:09] (2s) Starting to evaluate predicate Flow::NameNode.defines/1#dispred#000af72d/2@3fcc3b0p
[2026-07-24 19:03:09] (2s)  >>> Created relation Flow::NameNode.defines/1#dispred#000af72d/2@3fcc3b0p with 11889 rows and digest 28ffc2fc2asej4deosq1ovtvdc3.
[2026-07-24 19:03:09] (2s) Starting to evaluate predicate boundedFastTC:Flow::BasicBlock.getImmediateDominator/0#dispred#0f15e8ec_10#higher_order_body:project#py_flow_bb_node/2@fb072d0h = HOP boundedFastTC(6652,9009)
[2026-07-24 19:03:09] (2s)  >>> Relation boundedFastTC:Flow::BasicBlock.getImmediateDominator/0#dispred#0f15e8ec_10#higher_order_body:project#py_flow_bb_node: 39107 rows using 0 MB
[2026-07-24 19:03:09] (2s)  >>> Created relation boundedFastTC:Flow::BasicBlock.getImmediateDominator/0#dispred#0f15e8ec_10#higher_order_body:project#py_flow_bb_node/2@fb072d0h with 39107 rows and digest 72b336drlp0r25un932tlmbmt27.
[2026-07-24 19:03:09] (2s) Starting to evaluate predicate Flow::BasicBlock.dominates/1#dispred#47f3be21/2@5e4ac3fn
[2026-07-24 19:03:09] (2s)  >>> Created relation Flow::BasicBlock.dominates/1#dispred#47f3be21/2@5e4ac3fn with 48116 rows and digest c7baa1bqfi6sjijl7q96mgb64b2.
[2026-07-24 19:03:09] (2s) Starting to evaluate predicate _py_exprs_10#join_rhs_py_flow_bb_node_10#join_rhs#shared/1@a937a3qn
[2026-07-24 19:03:09] (2s)  >>> Created relation _py_exprs_10#join_rhs_py_flow_bb_node_10#join_rhs#shared/1@a937a3qn with 1047 rows and digest 9f110ejva0mn999303u6394res1.
[2026-07-24 19:03:09] (2s) Starting to evaluate predicate __py_exprs_10#join_rhs#antijoin_rhs#1_py_flow_bb_node_10#join_rhs#shared/1@82a42ajs
[2026-07-24 19:03:09] (2s)  >>> Created relation __py_exprs_10#join_rhs#antijoin_rhs#1_py_flow_bb_node_10#join_rhs#shared/1@82a42ajs with 631 rows and digest 116c5887lc1tn135la6vurjnci5.
[2026-07-24 19:03:09] (2s) Starting to evaluate predicate m#Flow::SequenceNode.SequenceNode#b8039542#b/1@0ef2ddc9
[2026-07-24 19:03:09] (2s)  >>> Created relation m#Flow::SequenceNode.SequenceNode#b8039542#b/1@0ef2ddc9 with 1678 rows and digest e4b67761knp29fskh0fqejppa47.
[2026-07-24 19:03:09] (2s) Starting to evaluate predicate Flow::SequenceNode.SequenceNode#b8039542#b/1@7920bcg1
[2026-07-24 19:03:09] (2s)  >>> Created relation Flow::SequenceNode.SequenceNode#b8039542#b/1@7920bcg1 with 1678 rows and digest e4b67761knp29fskh0fqejppa47.
[2026-07-24 19:03:09] (2s) Starting to evaluate predicate AstGenerated::List_.getElt/1#dispred#a189dc04/3@c356fa2h
[2026-07-24 19:03:09] (2s)  >>> Created relation AstGenerated::List_.getElt/1#dispred#a189dc04/3@c356fa2h with 1658 rows and digest 8c1b624kbb7qa7l69837dq885sa.
[2026-07-24 19:03:09] (2s) Starting to evaluate predicate Flow::ListNode#fccc80d7/1@273596u4
[2026-07-24 19:03:09] (2s)  >>> Created relation Flow::ListNode#fccc80d7/1@273596u4 with 1047 rows and digest 9f110ejva0mn999303u6394res1.
[2026-07-24 19:03:09] (2s) Starting to evaluate predicate AstGenerated::Tuple_.getElt/1#dispred#ba261ee0/3@09213fgb
[2026-07-24 19:03:09] (2s)  >>> Created relation AstGenerated::Tuple_.getElt/1#dispred#ba261ee0/3@09213fgb with 1391 rows and digest 3b9d954hnrp15sbk897b1387cr0.
[2026-07-24 19:03:09] (2s) Starting to evaluate predicate Flow::TupleNode#c15d0066/1@66ae848n
[2026-07-24 19:03:09] (2s)  >>> Created relation Flow::TupleNode#c15d0066/1@66ae848n with 631 rows and digest 116c5887lc1tn135la6vurjnci5.
[2026-07-24 19:03:09] (2s) Starting to evaluate predicate Flow::SequenceNode.getElement/1#dispred#4cc4068f/3@c2a025nv
[2026-07-24 19:03:09] (2s)  >>> Created relation Flow::SequenceNode.getElement/1#dispred#4cc4068f/3@c2a025nv with 3111 rows and digest fda3ca9o19lv2m7racmoke4rp99.
[2026-07-24 19:03:09] (2s) Starting to evaluate predicate Flow::SequenceNode.getElement/1#dispred#4cc4068f_201#join_rhs/3@9386fd3t
[2026-07-24 19:03:09] (2s)  >>> Created relation Flow::SequenceNode.getElement/1#dispred#4cc4068f_201#join_rhs/3@9386fd3t with 3111 rows and digest e47c47429nfsh3vanr7g6sm58l1.
[2026-07-24 19:03:09] (2s) Starting to evaluate predicate py_flow_bb_node_1023#join_rhs/4@a7f552tj
[2026-07-24 19:03:09] (2s)  >>> Created relation py_flow_bb_node_1023#join_rhs/4@a7f552tj with 105183 rows and digest 69abc2k29j34q8lv3e51p9r12k5.
[2026-07-24 19:03:09] (2s) Starting to evaluate predicate Flow::StarredNode.getValue/0#dispred#77106d16/2@ecb8631a
[2026-07-24 19:03:09] (2s)  >>> Created relation Flow::StarredNode.getValue/0#dispred#77106d16/2@ecb8631a with 15 rows and digest e953e1r7pp222vg7knjmbqgd65d.
[2026-07-24 19:03:09] (2s) Starting to evaluate predicate Exprs::Name.defines/1#dispred#729b8d19_10#join_rhs/2@e4338b50
[2026-07-24 19:03:09] (2s)  >>> Created relation Exprs::Name.defines/1#dispred#729b8d19_10#join_rhs/2@e4338b50 with 11769 rows and digest 6a0ba7s0fesd70c01aanm1dapg4.
[2026-07-24 19:03:09] (2s) Starting to evaluate predicate Definitions::NonLocalVariable#8768a412/1@9d3a53sp
[2026-07-24 19:03:09] (2s)  >>> Created relation Definitions::NonLocalVariable#8768a412/1@9d3a53sp with 0 rows and digest THIS-RELATION-HAS-NO-TUPLES.
[2026-07-24 19:03:09] (2s) Inferred that Definitions::NonLocalVariable.scope_as_local_variable/0#f6dddc20/2@b0b438rr is empty, due to Definitions::NonLocalVariable#8768a412/1@9d3a53sp.
[2026-07-24 19:03:09] (2s) Inferred that #Scope::Scope.getScope/0#dispred#055e5112Plus#sinkBound#4#3/1@b45264ar is empty, due to Definitions::NonLocalVariable.scope_as_local_variable/0#f6dddc20/2@b0b438rr.
[2026-07-24 19:03:09] (2s) Inferred that Definitions::NonLocalVariable.scope_as_local_variable/0#f6dddc20_10#join_rhs/2@01f3424g is empty, due to Definitions::NonLocalVariable.scope_as_local_variable/0#f6dddc20/2@b0b438rr.
[2026-07-24 19:03:09] (2s) Inferred that #Scope::Scope.getScope/0#dispred#055e5112Plus#bounded#2/2@38d98dr0 is empty, due to #Scope::Scope.getScope/0#dispred#055e5112Plus#sinkBound#4#3/1@b45264ar.
[2026-07-24 19:03:09] (2s) Inferred that _Definitions::NonLocalVariable.scope_as_local_variable/0#f6dddc20_10#join_rhs__Flow::CallNode#c5d1dc__#shared/2@02aca6ln is empty, due to Definitions::NonLocalVariable.scope_as_local_variable/0#f6dddc20_10#join_rhs/2@01f3424g.
[2026-07-24 19:03:09] (2s) Starting to evaluate predicate Definitions::FunctionLocalVariable#df373784/1@013c44lh
[2026-07-24 19:03:09] (2s)  >>> Created relation Definitions::FunctionLocalVariable#df373784/1@013c44lh with 6936 rows and digest a99ac8cnuk0jaujk8uuvnh0hurf.
[2026-07-24 19:03:09] (2s) Starting to evaluate predicate Definitions::ClassLocalVariable#75f27010/1@f553a8ab
[2026-07-24 19:03:09] (2s)  >>> Created relation Definitions::ClassLocalVariable#75f27010/1@f553a8ab with 1604 rows and digest ab2182tp5ocokatrce68s07lbf2.
[2026-07-24 19:03:09] (2s) Starting to evaluate predicate variable_02#join_rhs/2@f27b5amb
[2026-07-24 19:03:09] (2s)  >>> Created relation variable_02#join_rhs/2@f27b5amb with 12428 rows and digest 93fd20lvj5caeejrk8jnujdo3n8.
[2026-07-24 19:03:10] (2s) Starting to evaluate predicate Definitions::SpecialSsaSourceVariable#59f2e69e/1@0fd25fha
[2026-07-24 19:03:10] (2s)  >>> Created relation Definitions::SpecialSsaSourceVariable#59f2e69e/1@0fd25fha with 181 rows and digest c6b8cdmn2f8kaisu73opf8b5hb6.
[2026-07-24 19:03:10] (2s) Starting to evaluate predicate Definitions::SsaSourceVariable#e2234121/1@67ab17fk
[2026-07-24 19:03:10] (2s)  >>> Created relation Definitions::SsaSourceVariable#e2234121/1@67ab17fk with 12125 rows and digest 174f8cp6kdghrhqr0gu9852v5lc.
[2026-07-24 19:03:10] (2s) Starting to evaluate predicate py_scope_flow_120#join_rhs/3@c0dfe07u
[2026-07-24 19:03:10] (2s)  >>> Created relation py_scope_flow_120#join_rhs/3@c0dfe07u with 20625 rows and digest df5d27r2n9aqp9ltjjrqat37lb9.
[2026-07-24 19:03:10] (2s) Starting to evaluate predicate Definitions::SsaSourceVariable.getScope/0#dispred#eef6cd59/2@220968be
[2026-07-24 19:03:10] (2s)  >>> Created relation Definitions::SsaSourceVariable.getScope/0#dispred#eef6cd59/2@220968be with 12125 rows and digest b3e6298othpj640j2f78kld0en0.
[2026-07-24 19:03:10] (2s) Starting to evaluate predicate Flow::ControlFlowNode.getScope/0#dispred#b061daac_10#join_rhs/2@1979c8m6
[2026-07-24 19:03:10] (2s)  >>> Created relation Flow::ControlFlowNode.getScope/0#dispred#b061daac_10#join_rhs/2@1979c8m6 with 105183 rows and digest c4e8c35lu6dao5l3arums00ekc0.
[2026-07-24 19:03:10] (2s) Starting to evaluate predicate Definitions::SsaSourceVariable.getScope/0#dispred#eef6cd59_10#join_rhs/2@f536c8ii
[2026-07-24 19:03:10] (2s)  >>> Created relation Definitions::SsaSourceVariable.getScope/0#dispred#eef6cd59_10#join_rhs/2@f536c8ii with 12125 rows and digest 502afdkc0vlvcpf2gj098cjhm01.
[2026-07-24 19:03:10] (2s) Starting to evaluate predicate Flow::ExceptFlowNode.getName/0#dispred#18131594/2@9fb603ef
[2026-07-24 19:03:10] (2s)  >>> Created relation Flow::ExceptFlowNode.getName/0#dispred#18131594/2@9fb603ef with 62 rows and digest c20261anfb9vbj8sl9mm2ed3li8.
[2026-07-24 19:03:10] (2s) Starting to evaluate predicate SsaDefinitions::SsaSource::exception_capture/2#fd0779df/2@e603f9qf
[2026-07-24 19:03:10] (2s)  >>> Created relation SsaDefinitions::SsaSource::exception_capture/2#fd0779df/2@e603f9qf with 62 rows and digest bf570cpos9b97orp2m0aqesu7be.
[2026-07-24 19:03:10] (2s) No need to promote strings for SsaDefinitions::SsaSource::exception_capture/2#fd0779df/2@e603f9qf as it does not contain computed strings.
[2026-07-24 19:03:10] (2s)  >>> Created relation cached_SsaDefinitions::SsaSource::exception_capture/2#fd0779df/2@f70b8c4r with 62 rows and digest bf570cpos9b97orp2m0aqesu7be.
[2026-07-24 19:03:10] (2s) Starting to evaluate predicate Flow::NameNode.deletes/1#dispred#2c693720/2@1b1572vf
[2026-07-24 19:03:10] (2s)  >>> Created relation Flow::NameNode.deletes/1#dispred#2c693720/2@1b1572vf with 0 rows and digest THIS-RELATION-HAS-NO-TUPLES.
[2026-07-24 19:03:10] (2s) Inferred that SsaDefinitions::SsaSource::deletion_definition/2#e74a17e3/2@cd0a9cv8 is empty, due to Flow::NameNode.deletes/1#dispred#2c693720/2@1b1572vf.
[2026-07-24 19:03:10] (2s) Inferred that cached_SsaDefinitions::SsaSource::deletion_definition/2#e74a17e3/2@2c1e7881 is empty, due to SsaDefinitions::SsaSource::deletion_definition/2#e74a17e3/2@cd0a9cv8.
[2026-07-24 19:03:10] (2s) Starting to evaluate predicate boundedFastTC:Scope::Scope.getEnclosingScope/0#dispred#8b0b5c52:AstGenerated::Scope_#cc08b056/2@b3c2bcsh = HOP boundedFastTC(2133,2357)
[2026-07-24 19:03:10] (2s)  >>> Relation boundedFastTC:Scope::Scope.getEnclosingScope/0#dispred#8b0b5c52:AstGenerated::Scope_#cc08b056: 4330 rows using 0 MB
[2026-07-24 19:03:10] (2s)  >>> Created relation boundedFastTC:Scope::Scope.getEnclosingScope/0#dispred#8b0b5c52:AstGenerated::Scope_#cc08b056/2@b3c2bcsh with 4330 rows and digest b0a2afuj7t8i1eiv1ttel4urok3.
[2026-07-24 19:03:10] (2s) Starting to evaluate predicate _AstGenerated::Scope_#cc08b056_boundedFastTC:Scope::Scope.getEnclosingScope/0#dispred#8b0b5c52:AstGe__#antijoin_rhs/1@6c8a07la
[2026-07-24 19:03:10] (2s)  >>> Created relation _AstGenerated::Scope_#cc08b056_boundedFastTC:Scope::Scope.getEnclosingScope/0#dispred#8b0b5c52:AstGe__#antijoin_rhs/1@6c8a07la with 1946 rows and digest 2351c7djbmbb1qb0f6nltukgiie.
[2026-07-24 19:03:10] (2s) Starting to evaluate predicate ImportTime::ImportTimeScope#0b3564f8/1@75de987k
[2026-07-24 19:03:10] (2s)  >>> Created relation ImportTime::ImportTimeScope#0b3564f8/1@75de987k with 411 rows and digest 92abc9hd5rfve5mtbu4rhgnlcu1.
[2026-07-24 19:03:10] (2s) Starting to evaluate predicate Variables::Variable.getAnAccess/0#dispred#a7958202/2@b2abbd48
[2026-07-24 19:03:10] (2s)  >>> Created relation Variables::Variable.getAnAccess/0#dispred#a7958202/2@b2abbd48 with 39990 rows and digest b9c2c7tid2ml4v5h220no599mo5.
[2026-07-24 19:03:10] (2s) Starting to evaluate predicate Variables::Variable.getAnAccess/0#dispred#a7958202_10#join_rhs/2@5316f3l3
[2026-07-24 19:03:10] (2s)  >>> Created relation Variables::Variable.getAnAccess/0#dispred#a7958202_10#join_rhs/2@5316f3l3 with 39990 rows and digest 3e9baesk3jb6k5rj6nhk2s5r7k1.
[2026-07-24 19:03:10] (2s) Starting to evaluate predicate _Definitions::ModuleVariable#27049d81_Flow::NameNode.defines/1#dispred#000af72d#shared/2@444ac4f1
[2026-07-24 19:03:10] (2s)  >>> Created relation _Definitions::ModuleVariable#27049d81_Flow::NameNode.defines/1#dispred#000af72d#shared/2@444ac4f1 with 2439 rows and digest ed9008fq18unck6ddugcfn528aa.
[2026-07-24 19:03:10] (2s) Starting to evaluate predicate _Flow::ControlFlowNode.getScope/0#dispred#b061daac_Variables::Variable.getScope/0#dispred#e3b1c704____#antijoin_rhs#1/2@174bc69g
[2026-07-24 19:03:10] (2s)  >>> Created relation _Flow::ControlFlowNode.getScope/0#dispred#b061daac_Variables::Variable.getScope/0#dispred#e3b1c704____#antijoin_rhs#1/2@174bc69g with 2437 rows and digest daa9bfbid72dqhp5neftnbsaeda.
[2026-07-24 19:03:10] (2s) Starting to evaluate predicate Definitions::implicit_definition/1#10d63d77/1@19a9f4tf
[2026-07-24 19:03:10] (2s)  >>> Created relation Definitions::implicit_definition/1#10d63d77/1@19a9f4tf with 0 rows and digest THIS-RELATION-HAS-NO-TUPLES.
[2026-07-24 19:03:10] (2s) Starting to evaluate predicate Definitions::class_with_global_metaclass/2#f9fedc22/2@a7676cb5
[2026-07-24 19:03:10] (2s)  >>> Created relation Definitions::class_with_global_metaclass/2#f9fedc22/2@a7676cb5 with 0 rows and digest THIS-RELATION-HAS-NO-TUPLES.
[2026-07-24 19:03:10] (2s) Starting to evaluate predicate ImportTime::ImportTimeScope.entryEdge/2#dispred#d2e3d051/3@14e4aflr
[2026-07-24 19:03:10] (2s)  >>> Created relation ImportTime::ImportTimeScope.entryEdge/2#dispred#d2e3d051/3@14e4aflr with 187 rows and digest 8af735u5lnmg596o1dh9nf0lgsc.
[2026-07-24 19:03:10] (2s) Starting to evaluate predicate project#ImportTime::ImportTimeScope.entryEdge/2#dispred#d2e3d051/2@f4a2dbiu
[2026-07-24 19:03:10] (2s)  >>> Created relation project#ImportTime::ImportTimeScope.entryEdge/2#dispred#d2e3d051/2@f4a2dbiu with 187 rows and digest 2a7e138fticgdgo4kq4k63m8a07.
[2026-07-24 19:03:10] (2s) Starting to evaluate predicate Definitions::ModuleVariable.scope_as_global_variable/0#51a92cfd/2@249fd6l2
[2026-07-24 19:03:10] (2s)  >>> Created relation Definitions::ModuleVariable.scope_as_global_variable/0#51a92cfd/2@249fd6l2 with 2730 rows and digest cfad9fed8mh7kom0p3575gfbt58.
[2026-07-24 19:03:10] (2s) Starting to evaluate predicate Definitions::ModuleVariable.scope_as_global_variable/0#51a92cfd_10#join_rhs/2@31f16bbr
[2026-07-24 19:03:10] (2s)  >>> Created relation Definitions::ModuleVariable.scope_as_global_variable/0#51a92cfd_10#join_rhs/2@31f16bbr with 2730 rows and digest 8d65b3djn1dq1ci4nunkh0bhuk5.
[2026-07-24 19:03:10] (2s) Starting to evaluate predicate Flow::CallNode#c5d1dc47/1@5509a280
[2026-07-24 19:03:10] (2s)  >>> Created relation Flow::CallNode#c5d1dc47/1@5509a280 with 10286 rows and digest b6b6133k0p7m04mdnb1pmlkvdr5.
[2026-07-24 19:03:10] (2s) Starting to evaluate predicate _Flow::CallNode#c5d1dc47_Flow::ControlFlowNode.getScope/0#dispred#b061daac#shared/2@cab59arb
[2026-07-24 19:03:10] (2s)  >>> Created relation _Flow::CallNode#c5d1dc47_Flow::ControlFlowNode.getScope/0#dispred#b061daac#shared/2@cab59arb with 10286 rows and digest 40116frrvl7ajtd1boo39ajutm7.
[2026-07-24 19:03:10] (2s) Starting to evaluate predicate Definitions::ModuleVariable.global_variable_callnode/0#0a973b2a/2@8ef006qt
[2026-07-24 19:03:10] (2s)  >>> Created relation Definitions::ModuleVariable.global_variable_callnode/0#0a973b2a/2@8ef006qt with 37156 rows and digest e0e645c2l9p3t2cck6ie469vvd0.
[2026-07-24 19:03:10] (2s) Starting to evaluate predicate Exprs::Expr.getScope/0#dispred#71058b3b_10#join_rhs/2@244cddr1
[2026-07-24 19:03:10] (2s)  >>> Created relation Exprs::Expr.getScope/0#dispred#71058b3b_10#join_rhs/2@244cddr1 with 89857 rows and digest 436f8589tgsk8vfa5gskn8ordh6.
[2026-07-24 19:03:10] (2s) Starting to evaluate predicate Variables::LocalVariable.isParameter/0#dispred#8d4969a3/1@93118ad9
[2026-07-24 19:03:10] (2s)  >>> Created relation Variables::LocalVariable.isParameter/0#dispred#8d4969a3/1@93118ad9 with 4078 rows and digest 7e7e88r2rke8cpmbq1gf1rqv786.
[2026-07-24 19:03:10] (2s) No need to promote strings for Flow::SequenceNode.getElement/1#dispred#4cc4068f/3@c2a025nv as it does not contain computed strings.
[2026-07-24 19:03:10] (2s)  >>> Created relation cached_Flow::SequenceNode.getElement/1#dispred#4cc4068f/3@cbb05al2 with 3111 rows and digest fda3ca9o19lv2m7racmoke4rp99.
[2026-07-24 19:03:10] (2s) No need to promote strings for Flow::ControlFlowNode.getScope/0#dispred#b061daac/2@0124c9h1 as it does not contain computed strings.
[2026-07-24 19:03:10] (2s)  >>> Created relation cached_Flow::ControlFlowNode.getScope/0#dispred#b061daac/2@f2de3f1g with 105183 rows and digest d34a43nlpslgpnn76eu7bb2ukq4.
[2026-07-24 19:03:10] (2s) Starting to evaluate predicate Flow::BasicBlock.strictlyDominates/1#dispred#65ae2ca3/2@b57cb342 = HOP fastTC(6652)
[2026-07-24 19:03:10] (2s)  >>> Relation Flow::BasicBlock.strictlyDominates/1#dispred#65ae2ca3: 39107 rows using 0 MB
[2026-07-24 19:03:10] (2s)  >>> Created relation Flow::BasicBlock.strictlyDominates/1#dispred#65ae2ca3/2@b57cb342 with 39107 rows and digest 72b336drlp0r25un932tlmbmt27.
[2026-07-24 19:03:10] (2s) No need to promote strings for Flow::BasicBlock.strictlyDominates/1#dispred#65ae2ca3/2@b57cb342 as it does not contain computed strings.
[2026-07-24 19:03:10] (2s)  >>> Created relation cached_Flow::BasicBlock.strictlyDominates/1#dispred#65ae2ca3/2@40c1c68m with 39107 rows and digest 72b336drlp0r25un932tlmbmt27.
[2026-07-24 19:03:10] (2s) No need to promote strings for Flow::BasicBlock.getImmediateDominator/0#dispred#0f15e8ec/2@0669956t as it does not contain computed strings.
[2026-07-24 19:03:10] (2s)  >>> Created relation cached_Flow::BasicBlock.getImmediateDominator/0#dispred#0f15e8ec/2@408ca88v with 6652 rows and digest 7f2bc9nsqu6th24tsjnbhj5g6rb.
[2026-07-24 19:03:10] (2s) Starting to evaluate predicate py_stmts_1302#join_rhs/4@218b5att
[2026-07-24 19:03:10] (2s)  >>> Created relation py_stmts_1302#join_rhs/4@218b5att with 15913 rows and digest 1b89acp639h1aao0v90ggmviq60.
[2026-07-24 19:03:10] (2s) Starting to evaluate predicate Comprehensions::ListComp.getFunction/0#dispred#635f9f84_10#join_rhs/2@59538du3
[2026-07-24 19:03:10] (2s)  >>> Created relation Comprehensions::ListComp.getFunction/0#dispred#635f9f84_10#join_rhs/2@59538du3 with 114 rows and digest 24ed2bqk3t3t2kt6rtimvoj630c.
[2026-07-24 19:03:10] (2s) Starting to evaluate predicate py_stmts_1203#join_rhs/4@7bf5abe6
[2026-07-24 19:03:10] (2s)  >>> Created relation py_stmts_1203#join_rhs/4@7bf5abe6 with 15913 rows and digest e2c12241b38lki1lek06prj1vmb.
[2026-07-24 19:03:10] (2s) Starting to evaluate predicate Comprehensions::Comp.getNthInnerLoop/1#4beb1f8c/3@i1#3a89fwds (iteration 1)
[2026-07-24 19:03:10] (2s) 			 - Comprehensions::Comp.getNthInnerLoop/1#4beb1f8c_delta has 114 rows (order for disjuncts: delta=<standard>).
[2026-07-24 19:03:10] (2s) Starting to evaluate predicate Comprehensions::Comp.getNthInnerLoop/1#4beb1f8c/3@i2#3a89fwds (iteration 2)
[2026-07-24 19:03:10] (2s) Empty delta for Comprehensions::Comp.getNthInnerLoop/1#4beb1f8c_delta (order for disjuncts: delta=<standard>).
[2026-07-24 19:03:10] (2s) Accumulating deltas
[2026-07-24 19:03:10] (2s)  >>> Created relation Comprehensions::Comp.getNthInnerLoop/1#4beb1f8c/3@3a89fwds with 114 rows and digest 0242a0pucsk0r1nfcsf9b4f58t3.
[2026-07-24 19:03:10] (2s) Starting to evaluate predicate project#Comprehensions::Comp.getNthInnerLoop/1#4beb1f8c/2@03a73b5u
[2026-07-24 19:03:10] (2s)  >>> Created relation project#Comprehensions::Comp.getNthInnerLoop/1#4beb1f8c/2@03a73b5u with 114 rows and digest 7dd1eahvjcvovk75d66qrukcsjf.
[2026-07-24 19:03:10] (2s) Starting to evaluate predicate project#Comprehensions::Comp.getNthInnerLoop/1#4beb1f8c_10#join_rhs/2@7a25f3kr
[2026-07-24 19:03:10] (2s)  >>> Created relation project#Comprehensions::Comp.getNthInnerLoop/1#4beb1f8c_10#join_rhs/2@7a25f3kr with 114 rows and digest 2917377e04ffnsl7n4fcrg28t69.
[2026-07-24 19:03:10] (2s) Starting to evaluate predicate _AstGenerated::Call_.getNamedArg/1#dispred#ebc6dc03#ffb_201#join_rhs_py_dict_items_10#join_rhs#min_range/2@9982b6ju
[2026-07-24 19:03:10] (2s)  >>> Created relation _AstGenerated::Call_.getNamedArg/1#dispred#ebc6dc03#ffb_201#join_rhs_py_dict_items_10#join_rhs#min_range/2@9982b6ju with 73 rows and digest 9fdb28m3vcr70hgg16o5ba218g1.
[2026-07-24 19:03:10] (2s) Starting to evaluate predicate _AstGenerated::Call_.getNamedArg/1#dispred#ebc6dc03#ffb_201#join_rhs_py_dict_items_10#join_rhs#min_term/3@ccd7f7s1
[2026-07-24 19:03:10] (2s)  >>> Created relation _AstGenerated::Call_.getNamedArg/1#dispred#ebc6dc03#ffb_201#join_rhs_py_dict_items_10#join_rhs#min_term/3@ccd7f7s1 with 73 rows and digest e5b34cc7mq6ertakq2sni2rj9dd.
[2026-07-24 19:03:10] (2s) Starting to evaluate predicate Exprs::Call.getMinimumUnpackingIndex/0#dispred#8e2a7e5f/2@d254eaa4
[2026-07-24 19:03:10] (2s)  >>> Created relation Exprs::Call.getMinimumUnpackingIndex/0#dispred#8e2a7e5f/2@d254eaa4 with 73 rows and digest 9fdb28m3vcr70hgg16o5ba218g1.
[2026-07-24 19:03:10] (2s) Starting to evaluate predicate Exprs::Call.getMinimumUnpackingIndex/0#dispred#8e2a7e5f_0#antijoin_rhs/1@997f86hg
[2026-07-24 19:03:10] (2s)  >>> Created relation Exprs::Call.getMinimumUnpackingIndex/0#dispred#8e2a7e5f_0#antijoin_rhs/1@997f86hg with 73 rows and digest ae7c350gu0hgekpsotg92nlspc2.
[2026-07-24 19:03:10] (2s) Starting to evaluate predicate Exprs::Call.getAKeyword/0#dispred#5e56df84/2@89a240tb
[2026-07-24 19:03:10] (2s)  >>> Created relation Exprs::Call.getAKeyword/0#dispred#5e56df84/2@89a240tb with 3992 rows and digest 339214dhfonjds7ip2ev2v2bj50.
[2026-07-24 19:03:10] (2s) Starting to evaluate predicate Exprs::Expr.getASubExpression/0#dispred#443395f9/2@4b172380
[2026-07-24 19:03:10] (2s)  >>> Created relation Exprs::Expr.getASubExpression/0#dispred#443395f9/2@4b172380 with 60804 rows and digest d4aed1bo34masbu045mb1r0k8o1.
[2026-07-24 19:03:10] (2s) Starting to evaluate predicate AstExtended::AstNode.getAChildNode/0#dispred#a130356d/2@df5486oo
[2026-07-24 19:03:10] (2s)  >>> Created relation AstExtended::AstNode.getAChildNode/0#dispred#a130356d/2@df5486oo with 114724 rows and digest e7d417jghqbg5ovphu0ahl6bg2d.
[2026-07-24 19:03:10] (2s) Starting to evaluate predicate AstExtended::AstNode.getParentNode/0#dispred#c159e3ee/2@c71106ei
[2026-07-24 19:03:10] (2s)  >>> Created relation AstExtended::AstNode.getParentNode/0#dispred#c159e3ee/2@c71106ei with 114724 rows and digest 61ceca9qrh8shc36gpgp00p3e53.
[2026-07-24 19:03:10] (2s) No need to promote strings for AstExtended::AstNode.getParentNode/0#dispred#c159e3ee/2@c71106ei as it does not contain computed strings.
[2026-07-24 19:03:10] (2s)  >>> Created relation cached_AstExtended::AstNode.getParentNode/0#dispred#c159e3ee/2@b8c154e0 with 114724 rows and digest 61ceca9qrh8shc36gpgp00p3e53.
[2026-07-24 19:03:10] (2s) No need to promote strings for AstExtended::AstNode.getAChildNode/0#dispred#a130356d/2@df5486oo as it does not contain computed strings.
[2026-07-24 19:03:10] (2s)  >>> Created relation cached_AstExtended::AstNode.getAChildNode/0#dispred#a130356d/2@3bfc05cm with 114724 rows and digest e7d417jghqbg5ovphu0ahl6bg2d.
[2026-07-24 19:03:10] (2s)  >>> Created relation py_successors/2@6aebe9dg with 106063 rows and digest 16eff465hvi4th490f3ectdpak4.
[2026-07-24 19:03:10] (2s) Starting to evaluate predicate py_successors_10#join_rhs/2@3d6d1bpm
[2026-07-24 19:03:10] (2s)  >>> Created relation py_successors_10#join_rhs/2@3d6d1bpm with 106063 rows and digest 0fd951o6bvhk7cp0t56g08nc0r0.
[2026-07-24 19:03:10] (2s) Starting to evaluate predicate py_flow_bb_node_23#max_range/2@58ea4f9h
[2026-07-24 19:03:10] (2s)  >>> Created relation py_flow_bb_node_23#max_range/2@58ea4f9h with 105183 rows and digest bef40carnh9fshu8m7aabs9s1b2.
[2026-07-24 19:03:10] (2s) Starting to evaluate predicate py_flow_bb_node_233#max_term/3@38e43dst
[2026-07-24 19:03:10] (2s)  >>> Created relation py_flow_bb_node_233#max_term/3@38e43dst with 105183 rows and digest 2d317cqt3ioct04sbcn01kgctj9.
[2026-07-24 19:03:10] (2s) Starting to evaluate predicate Flow::BasicBlock.getLastNode/0#dispred#6e185cc5/2@70ffa0i0
[2026-07-24 19:03:10] (2s)  >>> Created relation Flow::BasicBlock.getLastNode/0#dispred#6e185cc5/2@70ffa0i0 with 9009 rows and digest 768229ahsa63b5vbj1pbak88593.
[2026-07-24 19:03:10] (2s) Starting to evaluate predicate Flow::BasicBlock.getLastNode/0#dispred#6e185cc5_10#join_rhs/2@1540a3i5
[2026-07-24 19:03:10] (2s)  >>> Created relation Flow::BasicBlock.getLastNode/0#dispred#6e185cc5_10#join_rhs/2@1540a3i5 with 9009 rows and digest 9b14539e80lipd8v21eurime3p7.
[2026-07-24 19:03:10] (2s) Starting to evaluate predicate Flow::BasicBlock.getASuccessor/0#dispred#7249dd96/2@49db7am6
[2026-07-24 19:03:10] (2s)  >>> Created relation Flow::BasicBlock.getASuccessor/0#dispred#7249dd96/2@49db7am6 with 9889 rows and digest 0a7afbtuuo2jagmk95vavpqjrsc.
[2026-07-24 19:03:10] (2s) Starting to evaluate predicate #Flow::BasicBlock.getASuccessor/0#dispred#7249dd96Plus/2@aa36c8a7 = HOP fastTC(9889)
[2026-07-24 19:03:10] (2s)  >>> Relation #Flow::BasicBlock.getASuccessor/0#dispred#7249dd96Plus: 62397 rows using 0 MB
[2026-07-24 19:03:10] (2s)  >>> Created relation #Flow::BasicBlock.getASuccessor/0#dispred#7249dd96Plus/2@aa36c8a7 with 62397 rows and digest adf911gv667p1dmtvq8a4m3m292.
[2026-07-24 19:03:10] (2s) No need to promote strings for #Flow::BasicBlock.getASuccessor/0#dispred#7249dd96Plus/2@aa36c8a7 as it does not contain computed strings.
[2026-07-24 19:03:10] (2s)  >>> Created relation cached_#Flow::BasicBlock.getASuccessor/0#dispred#7249dd96Plus/2@4ae642b8 with 62397 rows and digest adf911gv667p1dmtvq8a4m3m292.
[2026-07-24 19:03:10] (2s) No need to promote strings for Flow::BasicBlock.getASuccessor/0#dispred#7249dd96/2@49db7am6 as it does not contain computed strings.
[2026-07-24 19:03:10] (2s)  >>> Created relation cached_Flow::BasicBlock.getASuccessor/0#dispred#7249dd96/2@debdc7ao with 9889 rows and digest 0a7afbtuuo2jagmk95vavpqjrsc.
[2026-07-24 19:03:10] (2s) Starting to evaluate predicate Flow::NameNode.getId/0#dispred#330d952b/2@9363belb
[2026-07-24 19:03:10] (2s)  >>> Created relation Flow::NameNode.getId/0#dispred#330d952b/2@9363belb with 40999 rows and digest 9e6072gn6q7pqm4t3uhnd00csob.
[2026-07-24 19:03:10] (2s) Starting to evaluate predicate _Stmts::Stmt.getScope/0#dispred#1debab62_10#join_rhs_py_Functions_py_stmts#antijoin_rhs/1@fdcaa239
[2026-07-24 19:03:10] (2s)  >>> Created relation _Stmts::Stmt.getScope/0#dispred#1debab62_10#join_rhs_py_Functions_py_stmts#antijoin_rhs/1@fdcaa239 with 0 rows and digest THIS-RELATION-HAS-NO-TUPLES.
[2026-07-24 19:03:10] (2s) Starting to evaluate predicate __Stmts::Stmt.getScope/0#dispred#1debab62_10#join_rhs_py_Functions_py_stmts#antijoin_rhs_py_Function__#shared/1@b608ab59
[2026-07-24 19:03:10] (2s)  >>> Created relation __Stmts::Stmt.getScope/0#dispred#1debab62_10#join_rhs_py_Functions_py_stmts#antijoin_rhs_py_Function__#shared/1@b608ab59 with 1946 rows and digest 2351c7djbmbb1qb0f6nltukgiie.
[2026-07-24 19:03:10] (2s) Starting to evaluate predicate _Stmts::Stmt.getScope/0#dispred#1debab62_10#join_rhs___Stmts::Stmt.getScope/0#dispred#1debab62_10#jo__#antijoin_rhs/1@a509c20n
[2026-07-24 19:03:10] (2s)  >>> Created relation _Stmts::Stmt.getScope/0#dispred#1debab62_10#join_rhs___Stmts::Stmt.getScope/0#dispred#1debab62_10#jo__#antijoin_rhs/1@a509c20n with 0 rows and digest THIS-RELATION-HAS-NO-TUPLES.
[2026-07-24 19:03:10] (2s) Starting to evaluate predicate Function::FastLocalsFunction#401c041e/1@09b036af
[2026-07-24 19:03:10] (2s)  >>> Created relation Function::FastLocalsFunction#401c041e/1@09b036af with 1946 rows and digest 2351c7djbmbb1qb0f6nltukgiie.
[2026-07-24 19:03:10] (2s) Starting to evaluate predicate Variables::FastLocalVariable#8c848f80/1@3e18b5od
[2026-07-24 19:03:10] (2s)  >>> Created relation Variables::FastLocalVariable#8c848f80/1@3e18b5od with 6936 rows and digest a99ac8cnuk0jaujk8uuvnh0hurf.
[2026-07-24 19:03:10] (2s) Starting to evaluate predicate _Exprs::Name.uses/1#dispred#b73448f6_10#join_rhs_Flow::NameNode#b2c17c8a_Variables::FastLocalVariabl__#shared/2@37f3a894
[2026-07-24 19:03:10] (2s)  >>> Created relation _Exprs::Name.uses/1#dispred#b73448f6_10#join_rhs_Flow::NameNode#b2c17c8a_Variables::FastLocalVariabl__#shared/2@37f3a894 with 19313 rows and digest dee4fbcg1r2uqgg1rlsodie6jba.
[2026-07-24 19:03:10] (2s) Starting to evaluate predicate _Flow::ControlFlowNode.getScope/0#dispred#b061daac_Variables::Variable.getScope/0#dispred#e3b1c704____#antijoin_rhs/2@16589bhn
[2026-07-24 19:03:10] (2s)  >>> Created relation _Flow::ControlFlowNode.getScope/0#dispred#b061daac_Variables::Variable.getScope/0#dispred#e3b1c704____#antijoin_rhs/2@16589bhn with 18607 rows and digest 297d2aeub3dk74a4ep680ub33he.
[2026-07-24 19:03:10] (2s) Starting to evaluate predicate Flow::Scopes::non_local/1#5e3b85d8/1@70d261cg
[2026-07-24 19:03:10] (2s)  >>> Created relation Flow::Scopes::non_local/1#5e3b85d8/1@70d261cg with 706 rows and digest 1a6cd5n01ase31fvf29jcbenb7f.
[2026-07-24 19:03:10] (2s) Starting to evaluate predicate _Flow::ControlFlowNode.isLoad/0#dispred#ea0a60b3_Flow::NameNode.getId/0#dispred#330d952b_Flow::Scope__#shared/2@4f315bt9
[2026-07-24 19:03:10] (2s)  >>> Created relation _Flow::ControlFlowNode.isLoad/0#dispred#ea0a60b3_Flow::NameNode.getId/0#dispred#330d952b_Flow::Scope__#shared/2@4f315bt9 with 28404 rows and digest 3abb10gailc4jv94me4t4qdl1be.
[2026-07-24 19:03:10] (2s) Starting to evaluate predicate _Flow::ControlFlowNode.isLoad/0#dispred#ea0a60b3_Flow::Scopes::non_local/1#5e3b85d8#shared/1@ca572em1
[2026-07-24 19:03:10] (2s)  >>> Created relation _Flow::ControlFlowNode.isLoad/0#dispred#ea0a60b3_Flow::Scopes::non_local/1#5e3b85d8#shared/1@ca572em1 with 45178 rows and digest 463e67os44k4t59seqg91lpvkh7.
[2026-07-24 19:03:10] (2s) Starting to evaluate predicate _py_exprs_10#join_rhs_py_flow_bb_node_10#join_rhs#shared#1/1@f244abi2
[2026-07-24 19:03:10] (2s)  >>> Created relation _py_exprs_10#join_rhs_py_flow_bb_node_10#join_rhs#shared#1/1@f244abi2 with 1484 rows and digest ab076ah5jsekm7e567uabio0el0.
[2026-07-24 19:03:10] (2s)  >>> Created relation py_ssa_use/2@75fd04ej with 24319 rows and digest b8af4agv19rg65k4905mk8g0d1e.
[2026-07-24 19:03:10] (2s)  >>> Created relation py_ssa_var/2@ff6793u4 with 12253 rows and digest 1d75cd9l8mkuqb56ts3f29st4t9.
[2026-07-24 19:03:10] (2s)  >>> Created relation py_ssa_phi/2@6444c77f with 1399 rows and digest 2fce9aqbe784jkdohdj5pg841r3.
[2026-07-24 19:03:10] (2s) Starting to evaluate predicate SSA::SsaVariable.getAPhiInput/0#dispred#de01a47b/2@bedcdfct
[2026-07-24 19:03:10] (2s)  >>> Created relation SSA::SsaVariable.getAPhiInput/0#dispred#de01a47b/2@bedcdfct with 1399 rows and digest 2fce9aqbe784jkdohdj5pg841r3.
[2026-07-24 19:03:10] (2s) Starting to evaluate predicate SSA::SsaVariable.getAPhiInput/0#dispred#de01a47b_10#join_rhs/2@d9d87cid
[2026-07-24 19:03:10] (2s)  >>> Created relation SSA::SsaVariable.getAPhiInput/0#dispred#de01a47b_10#join_rhs/2@d9d87cid with 1399 rows and digest 4d52545gcfs1v6nddiqdnf7edb1.
[2026-07-24 19:03:10] (2s)  >>> Created relation py_ssa_defn/2@8908c5g8 with 12096 rows and digest feaf41rokor4dqaljat46go90dd.
[2026-07-24 19:03:10] (2s) Starting to evaluate predicate SSA::SsaVariable.getDefinition/0#dispred#0643efdb/2@5cb908cb
[2026-07-24 19:03:10] (2s)  >>> Created relation SSA::SsaVariable.getDefinition/0#dispred#0643efdb/2@5cb908cb with 12096 rows and digest feaf41rokor4dqaljat46go90dd.
[2026-07-24 19:03:10] (2s) Starting to evaluate predicate project#py_ssa_phi/1@2c8f17nc
[2026-07-24 19:03:10] (2s)  >>> Created relation project#py_ssa_phi/1@2c8f17nc with 767 rows and digest 664b8ep7mgqqhf0mc0md9nih3b9.
[2026-07-24 19:03:10] (2s) Starting to evaluate predicate SSA::SsaVariable.getDefinition/0#dispred#0643efdb_0#antijoin_rhs/1@f32b0c5v
[2026-07-24 19:03:10] (2s)  >>> Created relation SSA::SsaVariable.getDefinition/0#dispred#0643efdb_0#antijoin_rhs/1@f32b0c5v with 12096 rows and digest 1193c8134ad3rvsheip68e8idb3.
[2026-07-24 19:03:10] (2s) Starting to evaluate predicate py_ssa_var_10#join_rhs/2@1a66c0th
[2026-07-24 19:03:10] (2s)  >>> Created relation py_ssa_var_10#join_rhs/2@1a66c0th with 12253 rows and digest 9f4a20l0ont2hrm4svf1hb0il7d.
[2026-07-24 19:03:10] (2s) Starting to evaluate predicate SSA::SsaVariable.getVariable/0#dispred#27f5054d/2@1be7adin
[2026-07-24 19:03:10] (2s)  >>> Created relation SSA::SsaVariable.getVariable/0#dispred#27f5054d/2@1be7adin with 12253 rows and digest 1d75cd9l8mkuqb56ts3f29st4t9.
[2026-07-24 19:03:10] (2s)  >>> Created relation project#SSA::SsaVariable.getAPhiInput/0#dispred#de01a47b/1@eeeb222m with 767 rows and digest 664b8ep7mgqqhf0mc0md9nih3b9.
[2026-07-24 19:03:10] (2s) Starting to evaluate predicate Flow::BasicBlock.getASuccessor/0#dispred#7249dd96_10#join_rhs/2@b268c00t
[2026-07-24 19:03:10] (2s)  >>> Created relation Flow::BasicBlock.getASuccessor/0#dispred#7249dd96_10#join_rhs/2@b268c00t with 9889 rows and digest 451ccbf3oqmsqsqs40gtb2gt9cc.
[2026-07-24 19:03:10] (2s) Starting to evaluate predicate _Flow::BasicBlock.getASuccessor/0#dispred#7249dd96_10#join_rhs_Flow::ControlFlowNode.getBasicBlock/0__#shared/2@8e989ea9
[2026-07-24 19:03:10] (2s)  >>> Created relation _Flow::BasicBlock.getASuccessor/0#dispred#7249dd96_10#join_rhs_Flow::ControlFlowNode.getBasicBlock/0__#shared/2@8e989ea9 with 2067 rows and digest b330e8p09aauv4l5vvqau84obc3.
[2026-07-24 19:03:10] (2s) Starting to evaluate predicate _Flow::BasicBlock.dominates/1#dispred#47f3be21_Flow::ControlFlowNode.getBasicBlock/0#dispred#32502ca__#antijoin_rhs/2@1f8868kr
[2026-07-24 19:03:10] (2s)  >>> Created relation _Flow::BasicBlock.dominates/1#dispred#47f3be21_Flow::ControlFlowNode.getBasicBlock/0#dispred#32502ca__#antijoin_rhs/2@1f8868kr with 1792 rows and digest 51bfd0vqgfb5r3jq0pk40gp57v5.
[2026-07-24 19:03:10] (2s) Starting to evaluate predicate Flow::Scopes::maybe_undefined/1#564dc356/1@i1#9336ewcg (iteration 1)
[2026-07-24 19:03:10] (2s) 			 - Flow::Scopes::maybe_undefined/1#564dc356_delta has 409 rows (order for disjuncts: delta=<standard>).
[2026-07-24 19:03:10] (2s) Starting to evaluate predicate Flow::Scopes::maybe_undefined/1#564dc356/1@i2#9336ewcg (iteration 2)
[2026-07-24 19:03:10] (2s) 			 - Flow::Scopes::maybe_undefined/1#564dc356_delta has 56 rows (order for disjuncts: delta=<standard>).
[2026-07-24 19:03:10] (2s) Starting to evaluate predicate Flow::Scopes::maybe_undefined/1#564dc356/1@i3#9336ewcg (iteration 3)
[2026-07-24 19:03:10] (2s) 			 - Flow::Scopes::maybe_undefined/1#564dc356_delta has 21 rows (order for disjuncts: delta=<standard>).
[2026-07-24 19:03:10] (2s) Starting to evaluate predicate Flow::Scopes::maybe_undefined/1#564dc356/1@i4#9336ewcg (iteration 4)
[2026-07-24 19:03:10] (2s) 			 - Flow::Scopes::maybe_undefined/1#564dc356_delta has 11 rows (order for disjuncts: delta=<standard>).
[2026-07-24 19:03:10] (2s) Starting to evaluate predicate Flow::Scopes::maybe_undefined/1#564dc356/1@i5#9336ewcg (iteration 5)
[2026-07-24 19:03:10] (2s) 			 - Flow::Scopes::maybe_undefined/1#564dc356_delta has 6 rows (order for disjuncts: delta=<standard>).
[2026-07-24 19:03:10] (2s) Starting to evaluate predicate Flow::Scopes::maybe_undefined/1#564dc356/1@i6#9336ewcg (iteration 6)
[2026-07-24 19:03:10] (2s) 			 - Flow::Scopes::maybe_undefined/1#564dc356_delta has 2 rows (order for disjuncts: delta=<standard>).
[2026-07-24 19:03:10] (2s) Starting to evaluate predicate Flow::Scopes::maybe_undefined/1#564dc356/1@i7#9336ewcg (iteration 7)
[2026-07-24 19:03:10] (2s) 			 - Flow::Scopes::maybe_undefined/1#564dc356_delta has 3 rows (order for disjuncts: delta=<standard>).
[2026-07-24 19:03:10] (2s) Starting to evaluate predicate Flow::Scopes::maybe_undefined/1#564dc356/1@i8#9336ewcg (iteration 8)
[2026-07-24 19:03:10] (2s) 			 - Flow::Scopes::maybe_undefined/1#564dc356_delta has 1 rows (order for disjuncts: delta=<standard>).
[2026-07-24 19:03:10] (2s) Starting to evaluate predicate Flow::Scopes::maybe_undefined/1#564dc356/1@i9#9336ewcg (iteration 9)
[2026-07-24 19:03:10] (2s) Empty delta for Flow::Scopes::maybe_undefined/1#564dc356_delta (order for disjuncts: delta=<standard>).
[2026-07-24 19:03:10] (2s) Accumulating deltas
[2026-07-24 19:03:10] (2s)  >>> Created relation Flow::Scopes::maybe_undefined/1#564dc356/1@9336ewcg with 509 rows and digest c6dca0bl7bajd1la7fdhr2c4mqe.
[2026-07-24 19:03:10] (2s) Starting to evaluate predicate _Flow::ControlFlowNode.getScope/0#dispred#b061daac_Flow::Scopes::maybe_undefined/1#564dc356_SSA::Ssa__#antijoin_rhs/1@b67702u8
[2026-07-24 19:03:10] (2s)  >>> Created relation _Flow::ControlFlowNode.getScope/0#dispred#b061daac_Flow::Scopes::maybe_undefined/1#564dc356_SSA::Ssa__#antijoin_rhs/1@b67702u8 with 18529 rows and digest add17a0hmm3ilr850uo53pdndr9.
[2026-07-24 19:03:10] (2s) Starting to evaluate predicate m#Flow::ControlFlowNode.getEnclosingModule/0#dispred#8908be76#bf/1@afa443sc
[2026-07-24 19:03:10] (2s)  >>> Created relation m#Flow::ControlFlowNode.getEnclosingModule/0#dispred#8908be76#bf/1@afa443sc with 28133 rows and digest 53f066p45pffsbretgiu79gh3a0.
[2026-07-24 19:03:10] (2s) Starting to evaluate predicate Flow::ControlFlowNode.getEnclosingModule/0#dispred#8908be76#bf/2@6218dbtn
[2026-07-24 19:03:10] (2s)  >>> Created relation Flow::ControlFlowNode.getEnclosingModule/0#dispred#8908be76#bf/2@6218dbtn with 28133 rows and digest 1abbd2kiqe6fundeh6i644r7ipf.
[2026-07-24 19:03:10] (2s) Starting to evaluate predicate _Flow::ControlFlowNode.getScope/0#dispred#b061daac_Flow::Scopes::maybe_undefined/1#564dc356_SSA::Ssa__#antijoin_rhs#1/2@958578qo
[2026-07-24 19:03:10] (2s)  >>> Created relation _Flow::ControlFlowNode.getScope/0#dispred#b061daac_Flow::Scopes::maybe_undefined/1#564dc356_SSA::Ssa__#antijoin_rhs#1/2@958578qo with 18529 rows and digest 4d1779dp0bfnlmlvs4rib9v9id5.
[2026-07-24 19:03:10] (2s) Starting to evaluate predicate Flow::Scopes::use_of_global_variable/3#a7f259dd/3@024d2dlu
[2026-07-24 19:03:10] (2s)  >>> Created relation Flow::Scopes::use_of_global_variable/3#a7f259dd/3@024d2dlu with 9875 rows and digest fe9c60kk48fsd2d2dfick68giu7.
[2026-07-24 19:03:10] (2s) Starting to evaluate predicate Flow::Scopes::use_of_global_variable/3#a7f259dd_120#join_rhs/3@3314dap8
[2026-07-24 19:03:10] (2s)  >>> Created relation Flow::Scopes::use_of_global_variable/3#a7f259dd_120#join_rhs/3@3314dap8 with 9875 rows and digest 5d395ffvi7ld68kcvk6cmkc1g36.
[2026-07-24 19:03:10] (2s) Starting to evaluate predicate Flow::NameNode.uses/1#dispred#c58344eb/2@141deb6e
[2026-07-24 19:03:10] (2s)  >>> Created relation Flow::NameNode.uses/1#dispred#c58344eb/2@141deb6e with 29110 rows and digest e5f598iejdn7mnkehlsq4d679t3.
[2026-07-24 19:03:10] (2s)  >>> Created relation py_false_successors/2@470a4ecp with 1781 rows and digest cf35442t1q1354ts1ke701co4qc.
[2026-07-24 19:03:10] (2s)  >>> Created relation py_true_successors/2@db6ceaic with 1789 rows and digest 6b7ccf2bgbhg87cd3l5qnbrfgv4.
[2026-07-24 19:03:10] (2s) Starting to evaluate predicate Flow::ControlFlowNode.isBranch/0#dispred#7bdac72a/1@db5705km
[2026-07-24 19:03:10] (2s)  >>> Created relation Flow::ControlFlowNode.isBranch/0#dispred#7bdac72a/1@db5705km with 1816 rows and digest de9bb74gecqnh079g93snl10ee6.
[2026-07-24 19:03:10] (2s) Starting to evaluate predicate Flow::UnaryExprNode#b7624a95/1@dba2b29m
[2026-07-24 19:03:10] (2s)  >>> Created relation Flow::UnaryExprNode#b7624a95/1@dba2b29m with 325 rows and digest 9b0ec71jp51hccdg0kd2dqc4t12.
[2026-07-24 19:03:10] (2s) Starting to evaluate predicate Flow::ControlFlowNode.getExprChild/1#e757d179#bbf/3@f494b516
[2026-07-24 19:03:10] (2s)  >>> Created relation Flow::ControlFlowNode.getExprChild/1#e757d179#bbf/3@f494b516 with 60104 rows and digest f3aa32am1ogfpdrhn0tgk6mha66.
[2026-07-24 19:03:10] (2s) Starting to evaluate predicate Flow::ControlFlowNode.getAChild/0#dispred#610e0803/2@c6f8dar3
[2026-07-24 19:03:10] (2s)  >>> Created relation Flow::ControlFlowNode.getAChild/0#dispred#610e0803/2@c6f8dar3 with 60443 rows and digest 7dbba62l42k8mcuga5el3csr25c.
[2026-07-24 19:03:10] (2s) Starting to evaluate predicate #Flow::ControlFlowNode.getAChild/0#dispred#610e0803Plus#bf/2@i1#a57b1wfv (iteration 1)
[2026-07-24 19:03:10] (2s) 			 - #Flow::ControlFlowNode.getAChild/0#dispred#610e0803Plus#bf_delta has 2838 rows (order for disjuncts: delta=<standard>).
[2026-07-24 19:03:10] (2s) Starting to evaluate predicate #Flow::ControlFlowNode.getAChild/0#dispred#610e0803Plus#bf/2@i2#a57b1wfv (iteration 2)
[2026-07-24 19:03:10] (2s) 			 - #Flow::ControlFlowNode.getAChild/0#dispred#610e0803Plus#bf_delta has 1419 rows (order for disjuncts: delta=<standard>).
[2026-07-24 19:03:10] (2s) Starting to evaluate predicate #Flow::ControlFlowNode.getAChild/0#dispred#610e0803Plus#bf/2@i3#a57b1wfv (iteration 3)
[2026-07-24 19:03:10] (2s) 			 - #Flow::ControlFlowNode.getAChild/0#dispred#610e0803Plus#bf_delta has 429 rows (order for disjuncts: delta=<standard>).
[2026-07-24 19:03:10] (2s) Starting to evaluate predicate #Flow::ControlFlowNode.getAChild/0#dispred#610e0803Plus#bf/2@i4#a57b1wfv (iteration 4)
[2026-07-24 19:03:10] (2s) 			 - #Flow::ControlFlowNode.getAChild/0#dispred#610e0803Plus#bf_delta has 128 rows (order for disjuncts: delta=<standard>).
[2026-07-24 19:03:10] (2s) Starting to evaluate predicate #Flow::ControlFlowNode.getAChild/0#dispred#610e0803Plus#bf/2@i5#a57b1wfv (iteration 5)
[2026-07-24 19:03:10] (2s) 			 - #Flow::ControlFlowNode.getAChild/0#dispred#610e0803Plus#bf_delta has 40 rows (order for disjuncts: delta=<standard>).
[2026-07-24 19:03:10] (2s) Starting to evaluate predicate #Flow::ControlFlowNode.getAChild/0#dispred#610e0803Plus#bf/2@i6#a57b1wfv (iteration 6)
[2026-07-24 19:03:10] (2s) 			 - #Flow::ControlFlowNode.getAChild/0#dispred#610e0803Plus#bf_delta has 25 rows (order for disjuncts: delta=<standard>).
[2026-07-24 19:03:10] (2s) Starting to evaluate predicate #Flow::ControlFlowNode.getAChild/0#dispred#610e0803Plus#bf/2@i7#a57b1wfv (iteration 7)
[2026-07-24 19:03:10] (2s) 			 - #Flow::ControlFlowNode.getAChild/0#dispred#610e0803Plus#bf_delta has 9 rows (order for disjuncts: delta=<standard>).
[2026-07-24 19:03:10] (2s) Starting to evaluate predicate #Flow::ControlFlowNode.getAChild/0#dispred#610e0803Plus#bf/2@i8#a57b1wfv (iteration 8)
[2026-07-24 19:03:10] (2s) Empty delta for #Flow::ControlFlowNode.getAChild/0#dispred#610e0803Plus#bf_delta (order for disjuncts: delta=<standard>).
[2026-07-24 19:03:10] (2s) Accumulating deltas
[2026-07-24 19:03:10] (2s)  >>> Created relation #Flow::ControlFlowNode.getAChild/0#dispred#610e0803Plus#bf/2@a57b1wfv with 4888 rows and digest 42d28f91pk3uq1s0valvku29gj8.
[2026-07-24 19:03:10] (2s) Starting to evaluate predicate Flow::ControlFlowNode.getBasicBlock/0#dispred#32502ca1_10#join_rhs/2@761e29mj
[2026-07-24 19:03:10] (2s)  >>> Created relation Flow::ControlFlowNode.getBasicBlock/0#dispred#32502ca1_10#join_rhs/2@761e29mj with 105183 rows and digest 1af37c0pc6iern3ab74jtj1kr86.
[2026-07-24 19:03:10] (2s) Starting to evaluate predicate SsaDefinitions::SsaSource::test_refinement/3#2cbdf557/3@2df110l8
[2026-07-24 19:03:10] (2s)  >>> Created relation SsaDefinitions::SsaSource::test_refinement/3#2cbdf557/3@2df110l8 with 44 rows and digest 332e17tu9h7vovjg7bs5r1cfp35.
[2026-07-24 19:03:10] (2s) No need to promote strings for SsaDefinitions::SsaSource::test_refinement/3#2cbdf557/3@2df110l8 as it does not contain computed strings.
[2026-07-24 19:03:10] (2s)  >>> Created relation cached_SsaDefinitions::SsaSource::test_refinement/3#2cbdf557/3@69bedbks with 44 rows and digest 332e17tu9h7vovjg7bs5r1cfp35.
[2026-07-24 19:03:10] (2s) Starting to evaluate predicate Flow::AttrNode.getObject/0#dispred#cba29223/2@a1062b29
[2026-07-24 19:03:10] (2s)  >>> Created relation Flow::AttrNode.getObject/0#dispred#cba29223/2@a1062b29 with 15517 rows and digest 7bae3al52pj0m0o7eia9ts3o6ta.
[2026-07-24 19:03:10] (2s) Starting to evaluate predicate _Flow::CallNode#c5d1dc47_Flow::ControlFlowNode.getBasicBlock/0#dispred#32502ca1_py_flow_bb_node#shared/3@e69f40fg
[2026-07-24 19:03:10] (2s)  >>> Created relation _Flow::CallNode#c5d1dc47_Flow::ControlFlowNode.getBasicBlock/0#dispred#32502ca1_py_flow_bb_node#shared/3@e69f40fg with 10286 rows and digest 68c2857m76kjrv9af555p6tn5l6.
[2026-07-24 19:03:10] (2s) Starting to evaluate predicate Flow::CallNode.getFunction/0#dispred#cc4c2bc8/2@99e0a0g4
[2026-07-24 19:03:10] (2s)  >>> Created relation Flow::CallNode.getFunction/0#dispred#cc4c2bc8/2@99e0a0g4 with 10286 rows and digest e60abb7ufll9v9t6kob01l8gtlf.
[2026-07-24 19:03:10] (2s) Starting to evaluate predicate SsaDefinitions::test_contains/2#c3d933be/2@fd87da60
[2026-07-24 19:03:10] (2s)  >>> Created relation SsaDefinitions::test_contains/2#c3d933be/2@fd87da60 with 6704 rows and digest 8c361clqk012b0v86091a3rrpv9.
[2026-07-24 19:03:10] (2s) Starting to evaluate predicate project#SsaDefinitions::test_contains/2#c3d933be/1@b881840j
[2026-07-24 19:03:10] (2s)  >>> Created relation project#SsaDefinitions::test_contains/2#c3d933be/1@b881840j with 6596 rows and digest 11fd92bvcnnbmmfavu08j8cqf04.
[2026-07-24 19:03:10] (2s) Starting to evaluate predicate SsaDefinitions::SsaSource::method_call_refinement/3#3634d2a9/3@9c5260sq
[2026-07-24 19:03:10] (2s)  >>> Created relation SsaDefinitions::SsaSource::method_call_refinement/3#3634d2a9/3@9c5260sq with 3091 rows and digest 4f2909jpf8q4kl6lmj99onfprqa.
[2026-07-24 19:03:10] (2s) No need to promote strings for SsaDefinitions::SsaSource::method_call_refinement/3#3634d2a9/3@9c5260sq as it does not contain computed strings.
[2026-07-24 19:03:10] (2s)  >>> Created relation cached_SsaDefinitions::SsaSource::method_call_refinement/3#3634d2a9/3@6bf8399m with 3091 rows and digest 4f2909jpf8q4kl6lmj99onfprqa.
[2026-07-24 19:03:10] (2s) Starting to evaluate predicate SsaDefinitions::SsaSource::import_star_refinement/3#1675f8e2/3@53aa885h
[2026-07-24 19:03:10] (2s)  >>> Created relation SsaDefinitions::SsaSource::import_star_refinement/3#1675f8e2/3@53aa885h with 0 rows and digest THIS-RELATION-HAS-NO-TUPLES.
[2026-07-24 19:03:10] (2s) Inferred that cached_SsaDefinitions::SsaSource::import_star_refinement/3#1675f8e2/3@a336ad47 is empty, due to SsaDefinitions::SsaSource::import_star_refinement/3#1675f8e2/3@53aa885h.
[2026-07-24 19:03:10] (2s) Starting to evaluate predicate Flow::DeletionNode.getTarget/0#dispred#2931681b/2@900905hn
[2026-07-24 19:03:10] (2s)  >>> Created relation Flow::DeletionNode.getTarget/0#dispred#2931681b/2@900905hn with 3 rows and digest 85261fhe3dpd760grufj1gk12rf.
[2026-07-24 19:03:10] (2s) Starting to evaluate predicate SsaDefinitions::SsaSource::attribute_deletion_refinement/3#7de1bd7a/3@c788acu5
[2026-07-24 19:03:10] (2s)  >>> Created relation SsaDefinitions::SsaSource::attribute_deletion_refinement/3#7de1bd7a/3@c788acu5 with 0 rows and digest THIS-RELATION-HAS-NO-TUPLES.
[2026-07-24 19:03:10] (2s) Inferred that cached_SsaDefinitions::SsaSource::attribute_deletion_refinement/3#7de1bd7a/3@fda0adp7 is empty, due to SsaDefinitions::SsaSource::attribute_deletion_refinement/3#7de1bd7a/3@c788acu5.
[2026-07-24 19:03:10] (2s) Starting to evaluate predicate project#Flow::AttrNode.getObject/0#dispred#cba29223/1@83a5dd5c
[2026-07-24 19:03:10] (2s)  >>> Created relation project#Flow::AttrNode.getObject/0#dispred#cba29223/1@83a5dd5c with 15517 rows and digest 3b5f49k182r9h5a778rmd0lgh7e.
[2026-07-24 19:03:10] (2s) Starting to evaluate predicate Flow::ControlFlowNode.isStore/0#dispred#bd620b20#b/1@52e723pd
[2026-07-24 19:03:10] (2s)  >>> Created relation Flow::ControlFlowNode.isStore/0#dispred#bd620b20#b/1@52e723pd with 1266 rows and digest 42f7e8kf5t2g4qjbrg53bn15vq5.
[2026-07-24 19:03:10] (2s) Starting to evaluate predicate SsaDefinitions::SsaSource::attribute_assignment_refinement/3#5f777592/3@3903dco1
[2026-07-24 19:03:10] (2s)  >>> Created relation SsaDefinitions::SsaSource::attribute_assignment_refinement/3#5f777592/3@3903dco1 with 1163 rows and digest 022279g3qls9mhjou6c0gfups27.
[2026-07-24 19:03:10] (2s) No need to promote strings for SsaDefinitions::SsaSource::attribute_assignment_refinement/3#5f777592/3@3903dco1 as it does not contain computed strings.
[2026-07-24 19:03:10] (2s)  >>> Created relation cached_SsaDefinitions::SsaSource::attribute_assignment_refinement/3#5f777592/3@a3892bot with 1163 rows and digest 022279g3qls9mhjou6c0gfups27.
[2026-07-24 19:03:10] (2s) Starting to evaluate predicate Flow::CallNode.getArg/1#dispred#044295cc/3@f46861pq
[2026-07-24 19:03:10] (2s)  >>> Created relation Flow::CallNode.getArg/1#dispred#044295cc/3@f46861pq with 10759 rows and digest df9bb2u4uhbbbi49e0r9gafl7g0.
[2026-07-24 19:03:10] (2s) Starting to evaluate predicate Flow::CallNode.getArg/1#dispred#044295cc_102#join_rhs/3@06a9058a
[2026-07-24 19:03:10] (2s)  >>> Created relation Flow::CallNode.getArg/1#dispred#044295cc_102#join_rhs/3@06a9058a with 10759 rows and digest 658e84gp7lgan1kgben5sufofjc.
[2026-07-24 19:03:10] (2s) Starting to evaluate predicate SsaDefinitions::SsaSource::method_call_refinement/3#3634d2a9_02#antijoin_rhs/2@d8b8cd2c
[2026-07-24 19:03:10] (2s)  >>> Created relation SsaDefinitions::SsaSource::method_call_refinement/3#3634d2a9_02#antijoin_rhs/2@d8b8cd2c with 3091 rows and digest 4bb3b60ih4963ipsjrjauv96c60.
[2026-07-24 19:03:10] (2s) Starting to evaluate predicate SsaDefinitions::SsaSource::argument_refinement/3#615fb3a9/3@ee3435pl
[2026-07-24 19:03:10] (2s)  >>> Created relation SsaDefinitions::SsaSource::argument_refinement/3#615fb3a9/3@ee3435pl with 3132 rows and digest 3f6911pl48jqocc4fgvmq212or1.
[2026-07-24 19:03:10] (2s) No need to promote strings for SsaDefinitions::SsaSource::argument_refinement/3#615fb3a9/3@ee3435pl as it does not contain computed strings.
[2026-07-24 19:03:10] (2s)  >>> Created relation cached_SsaDefinitions::SsaSource::argument_refinement/3#615fb3a9/3@8d683e2t with 3132 rows and digest 3f6911pl48jqocc4fgvmq212or1.
[2026-07-24 19:03:10] (2s) Starting to evaluate predicate Flow::NameNode.uses/1#dispred#c58344eb_10#join_rhs/2@e21ba50d
[2026-07-24 19:03:10] (2s)  >>> Created relation Flow::NameNode.uses/1#dispred#c58344eb_10#join_rhs/2@e21ba50d with 29110 rows and digest 8dd36a19plu8uq1jc2rauoo07fb.
[2026-07-24 19:03:10] (2s) Starting to evaluate predicate Flow::AttrNode.getObject/0#dispred#cba29223_10#join_rhs/2@ced2d392
[2026-07-24 19:03:10] (2s)  >>> Created relation Flow::AttrNode.getObject/0#dispred#cba29223_10#join_rhs/2@ced2d392 with 15517 rows and digest b561a1psbiia15nu1u1nd4i6b04.
[2026-07-24 19:03:10] (2s) Starting to evaluate predicate _Definitions::ModuleVariable#27049d81_Flow::AttrNode.getObject/0#dispred#cba29223_10#join_rhs_Flow::__#shared/2@c07add5k
[2026-07-24 19:03:10] (2s)  >>> Created relation _Definitions::ModuleVariable#27049d81_Flow::AttrNode.getObject/0#dispred#cba29223_10#join_rhs_Flow::__#shared/2@c07add5k with 9 rows and digest 589219puiqjff1crkvtj9bhqk9d.
[2026-07-24 19:03:10] (2s) Starting to evaluate predicate _Flow::ControlFlowNode.getScope/0#dispred#b061daac_Variables::Variable.getScope/0#dispred#e3b1c704____#antijoin_rhs#2/2@45a168m3
[2026-07-24 19:03:10] (2s)  >>> Created relation _Flow::ControlFlowNode.getScope/0#dispred#b061daac_Variables::Variable.getScope/0#dispred#e3b1c704____#antijoin_rhs#2/2@45a168m3 with 0 rows and digest THIS-RELATION-HAS-NO-TUPLES.
[2026-07-24 19:03:10] (2s) Starting to evaluate predicate Definitions::variable_or_attribute_defined_out_of_scope/1#fc011a99#b/1@1580995d
[2026-07-24 19:03:10] (2s)  >>> Created relation Definitions::variable_or_attribute_defined_out_of_scope/1#fc011a99#b/1@1580995d with 7 rows and digest f2d8a1ppks7k8klqdlin6cdp8v7.
[2026-07-24 19:03:10] (2s) Starting to evaluate predicate Definitions::EscapingGlobalVariable#8f7a8d1d/1@3bc674gb
[2026-07-24 19:03:10] (2s)  >>> Created relation Definitions::EscapingGlobalVariable#8f7a8d1d/1@3bc674gb with 7 rows and digest f2d8a1ppks7k8klqdlin6cdp8v7.
[2026-07-24 19:03:10] (2s) Starting to evaluate predicate Definitions::EscapingGlobalVariable.scope_as_global_variable/0#2cfc0b40/2@03953041
[2026-07-24 19:03:10] (2s)  >>> Created relation Definitions::EscapingGlobalVariable.scope_as_global_variable/0#2cfc0b40/2@03953041 with 7 rows and digest eb2b787qfjl178tl52jf74do2be.
[2026-07-24 19:03:10] (2s) Starting to evaluate predicate Definitions::EscapingGlobalVariable.scope_as_global_variable/0#2cfc0b40_10#join_rhs/2@36b27a2f
[2026-07-24 19:03:10] (2s)  >>> Created relation Definitions::EscapingGlobalVariable.scope_as_global_variable/0#2cfc0b40_10#join_rhs/2@36b27a2f with 7 rows and digest 9c495dsnnn4rbd4jbfs14cbvuj9.
[2026-07-24 19:03:10] (2s) Starting to evaluate predicate _ImportTime::ImportTimeScope#0b3564f8_Scope::Scope.getEnclosingScope/0#dispred#8b0b5c52#higher_order_body/1@86a851ni
[2026-07-24 19:03:10] (2s)  >>> Created relation _ImportTime::ImportTimeScope#0b3564f8_Scope::Scope.getEnclosingScope/0#dispred#8b0b5c52#higher_order_body/1@86a851ni with 1946 rows and digest 2351c7djbmbb1qb0f6nltukgiie.
[2026-07-24 19:03:10] (2s) Starting to evaluate predicate boundedFastTC:Scope::Scope.getEnclosingScope/0#dispred#8b0b5c52:_ImportTime::ImportTimeScope#0b3564f8_Scope::Scope.getEnclosingScope/0#dispred#8b0b5c52#higher_order_body/2@c0f4844p = HOP boundedFastTC(2133,1946)
[2026-07-24 19:03:10] (2s)  >>> Relation boundedFastTC:Scope::Scope.getEnclosingScope/0#dispred#8b0b5c52:_ImportTime::ImportTimeScope#0b3564f8_Scope::Scope.getEnclosingScope/0#dispred#8b0b5c52#higher_order_body: 4319 rows using 0 MB
[2026-07-24 19:03:10] (2s)  >>> Created relation boundedFastTC:Scope::Scope.getEnclosingScope/0#dispred#8b0b5c52:_ImportTime::ImportTimeScope#0b3564f8_Scope::Scope.getEnclosingScope/0#dispred#8b0b5c52#higher_order_body/2@c0f4844p with 4319 rows and digest 419f688tr8dm4lpjh4qm81ve9p3.
[2026-07-24 19:03:10] (2s) Starting to evaluate predicate Definitions::EscapingGlobalVariable.innerScope/0#dispred#91670a16/2@69037975
[2026-07-24 19:03:10] (2s)  >>> Created relation Definitions::EscapingGlobalVariable.innerScope/0#dispred#91670a16/2@69037975 with 118 rows and digest 4c0993t42bdqjufp0q3pfu36efc.
[2026-07-24 19:03:10] (2s) Starting to evaluate predicate Definitions::ModuleVariable_not_Definitions::EscapingGlobalVariable#1c8befd9/1@5d5bb1a1
[2026-07-24 19:03:10] (2s)  >>> Created relation Definitions::ModuleVariable_not_Definitions::EscapingGlobalVariable#1c8befd9/1@5d5bb1a1 with 2723 rows and digest e0fb3dqm9dk81f679eh8egg8n57.
[2026-07-24 19:03:10] (2s) Starting to evaluate predicate Definitions::SsaSourceVariable.getASourceUse/0#dispred#8daf149a/2@8b84537s
[2026-07-24 19:03:10] (2s)  >>> Created relation Definitions::SsaSourceVariable.getASourceUse/0#dispred#8daf149a/2@8b84537s with 27352 rows and digest 351265v8oqp8c797vncajj4ghu0.
[2026-07-24 19:03:10] (2s) Starting to evaluate predicate Definitions::SsaSourceVariable.getASourceUse/0#dispred#8daf149a_10#join_rhs/2@7f6916dc
[2026-07-24 19:03:10] (2s)  >>> Created relation Definitions::SsaSourceVariable.getASourceUse/0#dispred#8daf149a_10#join_rhs/2@7f6916dc with 27352 rows and digest eb63dcsctjpchql9aa7fvtpkn92.
[2026-07-24 19:03:10] (2s) Starting to evaluate predicate SsaCompute::AdjacentUses::variableSourceUse/4#4525ef19/4@bfe5b0uk
[2026-07-24 19:03:10] (3s)  >>> Created relation SsaCompute::AdjacentUses::variableSourceUse/4#4525ef19/4@bfe5b0uk with 27352 rows and digest 34db13vgin51tfsk9jdkotknq83.
[2026-07-24 19:03:10] (3s) No need to promote strings for SsaCompute::AdjacentUses::variableSourceUse/4#4525ef19/4@bfe5b0uk as it does not contain computed strings.
[2026-07-24 19:03:10] (3s)  >>> Created relation cached_SsaCompute::AdjacentUses::variableSourceUse/4#4525ef19/4@114bcdov with 27352 rows and digest 34db13vgin51tfsk9jdkotknq83.
[2026-07-24 19:03:10] (3s) Starting to evaluate predicate Function::CallableExpr#710e7fb3/1@0d29a0q9
[2026-07-24 19:03:10] (3s)  >>> Created relation Function::CallableExpr#710e7fb3/1@0d29a0q9 with 1758 rows and digest 9e0b8aaca14f6pjdc3rc3rla3tb.
[2026-07-24 19:03:10] (3s) Starting to evaluate predicate Function::Function.getDefinition/0#dispred#6279b12c/2@0026f0a7
[2026-07-24 19:03:10] (3s)  >>> Created relation Function::Function.getDefinition/0#dispred#6279b12c/2@0026f0a7 with 1758 rows and digest f59240bn4f2kc3jro8hvslocli5.
[2026-07-24 19:03:10] (3s) Starting to evaluate predicate Function::CallableExpr.getArgs/0#dispred#e1eb26df/2@b47e9ed5
[2026-07-24 19:03:10] (3s)  >>> Created relation Function::CallableExpr.getArgs/0#dispred#e1eb26df/2@b47e9ed5 with 1758 rows and digest fb3452dd9j4vnfv2pfkcal66cq1.
[2026-07-24 19:03:10] (3s) Starting to evaluate predicate AstGenerated::Function_.getArg/1#dispred#0cfe9897/3@86fdc4gi
[2026-07-24 19:03:10] (3s)  >>> Created relation AstGenerated::Function_.getArg/1#dispred#0cfe9897/3@86fdc4gi with 4007 rows and digest 93f926rguhdhe8j0uhgmtlver6c.
[2026-07-24 19:03:10] (3s) Starting to evaluate predicate Function::Parameter.getDefault/0#dispred#b09fbf4b/2@fc472cqd
[2026-07-24 19:03:10] (3s)  >>> Created relation Function::Parameter.getDefault/0#dispred#b09fbf4b/2@fc472cqd with 785 rows and digest fb7cb2ftcgjq1i2pg3hm2aipmc7.
[2026-07-24 19:03:10] (3s) Starting to evaluate predicate project#Function::Parameter.getDefault/0#dispred#b09fbf4b/1@5056d3jm
[2026-07-24 19:03:10] (3s)  >>> Created relation project#Function::Parameter.getDefault/0#dispred#b09fbf4b/1@5056d3jm with 785 rows and digest a92fc4su6276qh88auk2h44eprb.
[2026-07-24 19:03:10] (3s) Starting to evaluate predicate Flow::DefinitionNode#e8809c3b/1@9865947u
[2026-07-24 19:03:10] (3s)  >>> Created relation Flow::DefinitionNode#e8809c3b/1@9865947u with 9898 rows and digest bdd584mri7fupov0pmdb41t1s0d.
[2026-07-24 19:03:10] (3s) Starting to evaluate predicate m#Flow::DefinitionNode.getValue/0#dispred#e8c0c58e#bf/1@4ade86bn
[2026-07-24 19:03:10] (3s)  >>> Created relation m#Flow::DefinitionNode.getValue/0#dispred#e8c0c58e#bf/1@4ade86bn with 11889 rows and digest 9f583480p3unug9gd1edjqgvnk3.
[2026-07-24 19:03:10] (3s) Starting to evaluate predicate m#Flow::assigned_value/1#97af2d4b#bf/1@406e1cg0
[2026-07-24 19:03:10] (3s)  >>> Created relation m#Flow::assigned_value/1#97af2d4b#bf/1@406e1cg0 with 11769 rows and digest 03e818i036jgjqs9uts5o4g8eq1.
[2026-07-24 19:03:10] (3s) Starting to evaluate predicate _AstGenerated::Assign_.getATarget/0#dispred#8e860934_AstGenerated::Assign_.getValue/0#dispred#53d00b__#shared/2@6a6f9cjr
[2026-07-24 19:03:10] (3s)  >>> Created relation _AstGenerated::Assign_.getATarget/0#dispred#8e860934_AstGenerated::Assign_.getValue/0#dispred#53d00b__#shared/2@6a6f9cjr with 6371 rows and digest e449f0edrceeijhni7kt1delig1.
[2026-07-24 19:03:10] (3s) Starting to evaluate predicate AstGenerated::Tuple_.getElt/1#dispred#ba261ee0_120#join_rhs/3@9a57558l
[2026-07-24 19:03:10] (3s)  >>> Created relation AstGenerated::Tuple_.getElt/1#dispred#ba261ee0_120#join_rhs/3@9a57558l with 1391 rows and digest da1718nbofpatl35dtsfh5ak7e8.
[2026-07-24 19:03:10] (3s) Starting to evaluate predicate AstGenerated::List_.getElt/1#dispred#a189dc04_120#join_rhs/3@5cb75bps
[2026-07-24 19:03:10] (3s)  >>> Created relation AstGenerated::List_.getElt/1#dispred#a189dc04_120#join_rhs/3@5cb75bps with 1658 rows and digest a3be6806t2tt0lc1p95a23kusie.
[2026-07-24 19:03:10] (3s) Starting to evaluate predicate AstGenerated::Tuple_.getElt/1#dispred#ba261ee0_201#join_rhs/3@552d09pr
[2026-07-24 19:03:10] (3s)  >>> Created relation AstGenerated::Tuple_.getElt/1#dispred#ba261ee0_201#join_rhs/3@552d09pr with 1391 rows and digest e01422r35pfecqfjph6v1gsml3e.
[2026-07-24 19:03:10] (3s) Starting to evaluate predicate AstGenerated::List_.getElt/1#dispred#a189dc04_201#join_rhs/3@20bb3drf
[2026-07-24 19:03:10] (3s)  >>> Created relation AstGenerated::List_.getElt/1#dispred#a189dc04_201#join_rhs/3@20bb3drf with 1658 rows and digest 23b84a097uo960a7eak2r8kvsgb.
[2026-07-24 19:03:10] (3s) Starting to evaluate predicate Function::Function.getEnclosingScope/0#dispred#2073a78d_10#join_rhs/2@883a34ba
[2026-07-24 19:03:10] (3s)  >>> Created relation Function::Function.getEnclosingScope/0#dispred#2073a78d_10#join_rhs/2@883a34ba with 1946 rows and digest 21efdas27l2q4ofojmn3vc0t5g7.
[2026-07-24 19:03:10] (3s) Starting to evaluate predicate Variables::Variable.isSelf/0#dispred#7f6832b2/1@f926a0re
[2026-07-24 19:03:10] (3s)  >>> Created relation Variables::Variable.isSelf/0#dispred#7f6832b2/1@f926a0re with 1202 rows and digest 4b5656j1vn14p494b2f2avld9d5.
[2026-07-24 19:03:10] (3s) No need to promote strings for Flow::DefinitionNode#e8809c3b/1@9865947u as it does not contain computed strings.
[2026-07-24 19:03:10] (3s)  >>> Created relation cached_Flow::DefinitionNode#e8809c3b/1@fcb8f0c7 with 9898 rows and digest bdd584mri7fupov0pmdb41t1s0d.
[2026-07-24 19:03:10] (3s) Starting to evaluate predicate Exprs::Expr.getASubExpression/0#dispred#443395f9_10#join_rhs/2@caba35a9
[2026-07-24 19:03:10] (3s)  >>> Created relation Exprs::Expr.getASubExpression/0#dispred#443395f9_10#join_rhs/2@caba35a9 with 60804 rows and digest 2857b1f5afepq36ae76bhen4i4b.
[2026-07-24 19:03:10] (3s) Starting to evaluate predicate project#AstGenerated::Tuple_.getElt/1#dispred#ba261ee0/1@b0f9d02h
[2026-07-24 19:03:10] (3s)  >>> Created relation project#AstGenerated::Tuple_.getElt/1#dispred#ba261ee0/1@b0f9d02h with 607 rows and digest 4c62414imafkglk6e7li35dv654.
[2026-07-24 19:03:10] (3s) Starting to evaluate predicate project#AstGenerated::List_.getElt/1#dispred#a189dc04/1@768cc0sg
[2026-07-24 19:03:10] (3s)  >>> Created relation project#AstGenerated::List_.getElt/1#dispred#a189dc04/1@768cc0sg with 899 rows and digest 8961ce5nljrbd0ipoi3vr1f2t34.
[2026-07-24 19:03:10] (3s) Starting to evaluate predicate m##Exprs::Expr.getASubExpression/0#dispred#443395f9Plus#fb/1@640ea5i9
[2026-07-24 19:03:10] (3s)  >>> Created relation m##Exprs::Expr.getASubExpression/0#dispred#443395f9Plus#fb/1@640ea5i9 with 1506 rows and digest c54172fg13dhg4t5nbjiml3uqm8.
[2026-07-24 19:03:10] (3s) Starting to evaluate predicate #Exprs::Expr.getASubExpression/0#dispred#443395f9Plus#fb#flipped/2@i1#964d4w90 (iteration 1)
[2026-07-24 19:03:10] (3s) 			 - #Exprs::Expr.getASubExpression/0#dispred#443395f9Plus#fb#flipped_delta has 1284 rows (order for disjuncts: delta=<standard>).
[2026-07-24 19:03:10] (3s) Starting to evaluate predicate #Exprs::Expr.getASubExpression/0#dispred#443395f9Plus#fb#flipped/2@i2#964d4w90 (iteration 2)
[2026-07-24 19:03:10] (3s) 			 - #Exprs::Expr.getASubExpression/0#dispred#443395f9Plus#fb#flipped_delta has 931 rows (order for disjuncts: delta=<standard>).
[2026-07-24 19:03:10] (3s) Starting to evaluate predicate #Exprs::Expr.getASubExpression/0#dispred#443395f9Plus#fb#flipped/2@i3#964d4w90 (iteration 3)
[2026-07-24 19:03:10] (3s) 			 - #Exprs::Expr.getASubExpression/0#dispred#443395f9Plus#fb#flipped_delta has 602 rows (order for disjuncts: delta=<standard>).
[2026-07-24 19:03:10] (3s) Starting to evaluate predicate #Exprs::Expr.getASubExpression/0#dispred#443395f9Plus#fb#flipped/2@i4#964d4w90 (iteration 4)
[2026-07-24 19:03:10] (3s) 			 - #Exprs::Expr.getASubExpression/0#dispred#443395f9Plus#fb#flipped_delta has 286 rows (order for disjuncts: delta=<standard>).
[2026-07-24 19:03:10] (3s) Starting to evaluate predicate #Exprs::Expr.getASubExpression/0#dispred#443395f9Plus#fb#flipped/2@i5#964d4w90 (iteration 5)
[2026-07-24 19:03:10] (3s) 			 - #Exprs::Expr.getASubExpression/0#dispred#443395f9Plus#fb#flipped_delta has 199 rows (order for disjuncts: delta=<standard>).
[2026-07-24 19:03:10] (3s) Starting to evaluate predicate #Exprs::Expr.getASubExpression/0#dispred#443395f9Plus#fb#flipped/2@i6#964d4w90 (iteration 6)
[2026-07-24 19:03:10] (3s) 			 - #Exprs::Expr.getASubExpression/0#dispred#443395f9Plus#fb#flipped_delta has 156 rows (order for disjuncts: delta=<standard>).
[2026-07-24 19:03:10] (3s) Starting to evaluate predicate #Exprs::Expr.getASubExpression/0#dispred#443395f9Plus#fb#flipped/2@i7#964d4w90 (iteration 7)
[2026-07-24 19:03:10] (3s) 			 - #Exprs::Expr.getASubExpression/0#dispred#443395f9Plus#fb#flipped_delta has 118 rows (order for disjuncts: delta=<standard>).
[2026-07-24 19:03:10] (3s) Starting to evaluate predicate #Exprs::Expr.getASubExpression/0#dispred#443395f9Plus#fb#flipped/2@i8#964d4w90 (iteration 8)
[2026-07-24 19:03:10] (3s) 			 - #Exprs::Expr.getASubExpression/0#dispred#443395f9Plus#fb#flipped_delta has 102 rows (order for disjuncts: delta=<standard>).
[2026-07-24 19:03:10] (3s) Starting to evaluate predicate #Exprs::Expr.getASubExpression/0#dispred#443395f9Plus#fb#flipped/2@i9#964d4w90 (iteration 9)
[2026-07-24 19:03:10] (3s) 			 - #Exprs::Expr.getASubExpression/0#dispred#443395f9Plus#fb#flipped_delta has 96 rows (order for disjuncts: delta=<standard>).
[2026-07-24 19:03:10] (3s) Starting to evaluate predicate #Exprs::Expr.getASubExpression/0#dispred#443395f9Plus#fb#flipped/2@i10#964d4w90 (iteration 10)
[2026-07-24 19:03:10] (3s) 			 - #Exprs::Expr.getASubExpression/0#dispred#443395f9Plus#fb#flipped_delta has 91 rows (order for disjuncts: delta=<standard>).
[2026-07-24 19:03:10] (3s) Starting to evaluate predicate #Exprs::Expr.getASubExpression/0#dispred#443395f9Plus#fb#flipped/2@i11#964d4w90 (iteration 11)
[2026-07-24 19:03:10] (3s) 			 - #Exprs::Expr.getASubExpression/0#dispred#443395f9Plus#fb#flipped_delta has 86 rows (order for disjuncts: delta=<standard>).
[2026-07-24 19:03:10] (3s) Starting to evaluate predicate #Exprs::Expr.getASubExpression/0#dispred#443395f9Plus#fb#flipped/2@i12#964d4w90 (iteration 12)
[2026-07-24 19:03:10] (3s) 			 - #Exprs::Expr.getASubExpression/0#dispred#443395f9Plus#fb#flipped_delta has 81 rows (order for disjuncts: delta=<standard>).
[2026-07-24 19:03:10] (3s) Starting to evaluate predicate #Exprs::Expr.getASubExpression/0#dispred#443395f9Plus#fb#flipped/2@i13#964d4w90 (iteration 13)
[2026-07-24 19:03:10] (3s) 			 - #Exprs::Expr.getASubExpression/0#dispred#443395f9Plus#fb#flipped_delta has 76 rows (order for disjuncts: delta=<standard>).
[2026-07-24 19:03:10] (3s) Starting to evaluate predicate #Exprs::Expr.getASubExpression/0#dispred#443395f9Plus#fb#flipped/2@i14#964d4w90 (iteration 14)
[2026-07-24 19:03:10] (3s) 			 - #Exprs::Expr.getASubExpression/0#dispred#443395f9Plus#fb#flipped_delta has 71 rows (order for disjuncts: delta=<standard>).
[2026-07-24 19:03:10] (3s) Starting to evaluate predicate #Exprs::Expr.getASubExpression/0#dispred#443395f9Plus#fb#flipped/2@i15#964d4w90 (iteration 15)
[2026-07-24 19:03:10] (3s) 			 - #Exprs::Expr.getASubExpression/0#dispred#443395f9Plus#fb#flipped_delta has 66 rows (order for disjuncts: delta=<standard>).
[2026-07-24 19:03:10] (3s) Starting to evaluate predicate #Exprs::Expr.getASubExpression/0#dispred#443395f9Plus#fb#flipped/2@i16#964d4w90 (iteration 16)
[2026-07-24 19:03:10] (3s) 			 - #Exprs::Expr.getASubExpression/0#dispred#443395f9Plus#fb#flipped_delta has 61 rows (order for disjuncts: delta=<standard>).
[2026-07-24 19:03:10] (3s) Starting to evaluate predicate #Exprs::Expr.getASubExpression/0#dispred#443395f9Plus#fb#flipped/2@i17#964d4w90 (iteration 17)
[2026-07-24 19:03:10] (3s) 			 - #Exprs::Expr.getASubExpression/0#dispred#443395f9Plus#fb#flipped_delta has 56 rows (order for disjuncts: delta=<standard>).
[2026-07-24 19:03:10] (3s) Starting to evaluate predicate #Exprs::Expr.getASubExpression/0#dispred#443395f9Plus#fb#flipped/2@i18#964d4w90 (iteration 18)
[2026-07-24 19:03:10] (3s) 			 - #Exprs::Expr.getASubExpression/0#dispred#443395f9Plus#fb#flipped_delta has 51 rows (order for disjuncts: delta=<standard>).
[2026-07-24 19:03:10] (3s) Starting to evaluate predicate #Exprs::Expr.getASubExpression/0#dispred#443395f9Plus#fb#flipped/2@i19#964d4w90 (iteration 19)
[2026-07-24 19:03:10] (3s) 			 - #Exprs::Expr.getASubExpression/0#dispred#443395f9Plus#fb#flipped_delta has 46 rows (order for disjuncts: delta=<standard>).
[2026-07-24 19:03:10] (3s) Starting to evaluate predicate #Exprs::Expr.getASubExpression/0#dispred#443395f9Plus#fb#flipped/2@i20#964d4w90 (iteration 20)
[2026-07-24 19:03:10] (3s) 			 - #Exprs::Expr.getASubExpression/0#dispred#443395f9Plus#fb#flipped_delta has 41 rows (order for disjuncts: delta=<standard>).
[2026-07-24 19:03:10] (3s) Starting to evaluate predicate #Exprs::Expr.getASubExpression/0#dispred#443395f9Plus#fb#flipped/2@i21#964d4w90 (iteration 21)
[2026-07-24 19:03:10] (3s) 			 - #Exprs::Expr.getASubExpression/0#dispred#443395f9Plus#fb#flipped_delta has 36 rows (order for disjuncts: delta=<standard>).
[2026-07-24 19:03:10] (3s) Starting to evaluate predicate #Exprs::Expr.getASubExpression/0#dispred#443395f9Plus#fb#flipped/2@i22#964d4w90 (iteration 22)
[2026-07-24 19:03:10] (3s) 			 - #Exprs::Expr.getASubExpression/0#dispred#443395f9Plus#fb#flipped_delta has 31 rows (order for disjuncts: delta=<standard>).
[2026-07-24 19:03:10] (3s) Starting to evaluate predicate #Exprs::Expr.getASubExpression/0#dispred#443395f9Plus#fb#flipped/2@i23#964d4w90 (iteration 23)
[2026-07-24 19:03:10] (3s) 			 - #Exprs::Expr.getASubExpression/0#dispred#443395f9Plus#fb#flipped_delta has 26 rows (order for disjuncts: delta=<standard>).
[2026-07-24 19:03:10] (3s) Starting to evaluate predicate #Exprs::Expr.getASubExpression/0#dispred#443395f9Plus#fb#flipped/2@i24#964d4w90 (iteration 24)
[2026-07-24 19:03:10] (3s) 			 - #Exprs::Expr.getASubExpression/0#dispred#443395f9Plus#fb#flipped_delta has 21 rows (order for disjuncts: delta=<standard>).
[2026-07-24 19:03:10] (3s) Starting to evaluate predicate #Exprs::Expr.getASubExpression/0#dispred#443395f9Plus#fb#flipped/2@i25#964d4w90 (iteration 25)
[2026-07-24 19:03:10] (3s) 			 - #Exprs::Expr.getASubExpression/0#dispred#443395f9Plus#fb#flipped_delta has 16 rows (order for disjuncts: delta=<standard>).
[2026-07-24 19:03:10] (3s) Starting to evaluate predicate #Exprs::Expr.getASubExpression/0#dispred#443395f9Plus#fb#flipped/2@i26#964d4w90 (iteration 26)
[2026-07-24 19:03:10] (3s) 			 - #Exprs::Expr.getASubExpression/0#dispred#443395f9Plus#fb#flipped_delta has 11 rows (order for disjuncts: delta=<standard>).
[2026-07-24 19:03:10] (3s) Starting to evaluate predicate #Exprs::Expr.getASubExpression/0#dispred#443395f9Plus#fb#flipped/2@i27#964d4w90 (iteration 27)
[2026-07-24 19:03:10] (3s) 			 - #Exprs::Expr.getASubExpression/0#dispred#443395f9Plus#fb#flipped_delta has 6 rows (order for disjuncts: delta=<standard>).
[2026-07-24 19:03:10] (3s) Starting to evaluate predicate #Exprs::Expr.getASubExpression/0#dispred#443395f9Plus#fb#flipped/2@i28#964d4w90 (iteration 28)
[2026-07-24 19:03:10] (3s) 			 - #Exprs::Expr.getASubExpression/0#dispred#443395f9Plus#fb#flipped_delta has 1 rows (order for disjuncts: delta=<standard>).
[2026-07-24 19:03:10] (3s) Starting to evaluate predicate #Exprs::Expr.getASubExpression/0#dispred#443395f9Plus#fb#flipped/2@i29#964d4w90 (iteration 29)
[2026-07-24 19:03:10] (3s) Empty delta for #Exprs::Expr.getASubExpression/0#dispred#443395f9Plus#fb#flipped_delta (order for disjuncts: delta=<standard>).
[2026-07-24 19:03:10] (3s) Accumulating deltas
[2026-07-24 19:03:10] (3s)  >>> Created relation #Exprs::Expr.getASubExpression/0#dispred#443395f9Plus#fb#flipped/2@964d4w90 with 4648 rows and digest e8a06bktksklck8h9ofar88mm35.
[2026-07-24 19:03:10] (3s) Starting to evaluate predicate #Exprs::Expr.getASubExpression/0#dispred#443395f9Plus#fb#flipped_10#join_rhs/2@65efa3el
[2026-07-24 19:03:10] (3s)  >>> Created relation #Exprs::Expr.getASubExpression/0#dispred#443395f9Plus#fb#flipped_10#join_rhs/2@65efa3el with 4648 rows and digest 7db6f4s77t1tfuotq1n5hv0oqec.
[2026-07-24 19:03:10] (3s) Starting to evaluate predicate Flow::nested_sequence_assign/4#08cf2807/4@i1#c619dw57 (iteration 1)
[2026-07-24 19:03:10] (3s) 			 - Flow::nested_sequence_assign/4#08cf2807_delta has 6 rows (order for disjuncts: delta=<standard>).
[2026-07-24 19:03:10] (3s) Starting to evaluate predicate Flow::nested_sequence_assign/4#08cf2807/4@i2#c619dw57 (iteration 2)
[2026-07-24 19:03:10] (3s) Empty delta for Flow::nested_sequence_assign/4#08cf2807_delta (order for disjuncts: delta=<standard>).
[2026-07-24 19:03:10] (3s) Accumulating deltas
[2026-07-24 19:03:10] (3s)  >>> Created relation Flow::nested_sequence_assign/4#08cf2807/4@c619dw57 with 6 rows and digest 634701b2d66nkl38upjnnavn9bd.
[2026-07-24 19:03:10] (3s) Starting to evaluate predicate Flow::assigned_value/1#97af2d4b#bf/2@1ed3c895
[2026-07-24 19:03:10] (3s)  >>> Created relation Flow::assigned_value/1#97af2d4b#bf/2@1ed3c895 with 8021 rows and digest 870817hv93kn0a182ml95e5dfj6.
[2026-07-24 19:03:10] (3s) Starting to evaluate predicate Flow::DefinitionNode.getValue/0#dispred#e8c0c58e#bf/2@6e55d2f3
[2026-07-24 19:03:10] (3s)  >>> Created relation Flow::DefinitionNode.getValue/0#dispred#e8c0c58e#bf/2@6e55d2f3 with 8125 rows and digest 6dac2917vbacjighopepacar596.
[2026-07-24 19:03:10] (3s) Starting to evaluate predicate project#Flow::DefinitionNode.getValue/0#dispred#e8c0c58e#bf/1@4a1b79ik
[2026-07-24 19:03:10] (3s)  >>> Created relation project#Flow::DefinitionNode.getValue/0#dispred#e8c0c58e#bf/1@4a1b79ik with 8125 rows and digest 3668aabo3rnh3vrqgmarqbfltub.
[2026-07-24 19:03:10] (3s) Starting to evaluate predicate SsaDefinitions::SsaSource::multi_assignment_definition/4#1d17889e/4@e5866a56
[2026-07-24 19:03:10] (3s)  >>> Created relation SsaDefinitions::SsaSource::multi_assignment_definition/4#1d17889e/4@e5866a56 with 260 rows and digest c190cc3dis4hd757tun16skddrc.
[2026-07-24 19:03:10] (3s) No need to promote strings for SsaDefinitions::SsaSource::multi_assignment_definition/4#1d17889e/4@e5866a56 as it does not contain computed strings.
[2026-07-24 19:03:10] (3s)  >>> Created relation cached_SsaDefinitions::SsaSource::multi_assignment_definition/4#1d17889e/4@9ce6c91v with 260 rows and digest c190cc3dis4hd757tun16skddrc.
[2026-07-24 19:03:10] (3s) Starting to evaluate predicate SsaDefinitions::SsaSource::assignment_definition/3#a5ba4d99/3@fba65f6e
[2026-07-24 19:03:10] (3s)  >>> Created relation SsaDefinitions::SsaSource::assignment_definition/3#a5ba4d99/3@fba65f6e with 7340 rows and digest 184d5c3agh6dbedmf0cjhju7ms9.
[2026-07-24 19:03:10] (3s) No need to promote strings for SsaDefinitions::SsaSource::assignment_definition/3#a5ba4d99/3@fba65f6e as it does not contain computed strings.
[2026-07-24 19:03:10] (3s)  >>> Created relation cached_SsaDefinitions::SsaSource::assignment_definition/3#a5ba4d99/3@57e8fcve with 7340 rows and digest 184d5c3agh6dbedmf0cjhju7ms9.
[2026-07-24 19:03:10] (3s) Starting to evaluate predicate project#SsaDefinitions::SsaSource::multi_assignment_definition/4#1d17889e/2@3172401n
[2026-07-24 19:03:10] (3s)  >>> Created relation project#SsaDefinitions::SsaSource::multi_assignment_definition/4#1d17889e/2@3172401n with 260 rows and digest 56f900ln15s3arbit2efn84ejk2.
[2026-07-24 19:03:10] (3s) Starting to evaluate predicate project#SsaDefinitions::SsaSource::assignment_definition/3#a5ba4d99/2@ecdbcc46
[2026-07-24 19:03:10] (3s)  >>> Created relation project#SsaDefinitions::SsaSource::assignment_definition/3#a5ba4d99/2@ecdbcc46 with 7340 rows and digest a8756dcpn86h36pn94e07pb20v2.
[2026-07-24 19:03:10] (3s) Starting to evaluate predicate Module::Module.getPackageName/0#dispred#bb0c3872/2@5d64dbbe
[2026-07-24 19:03:10] (3s)  >>> Created relation Module::Module.getPackageName/0#dispred#bb0c3872/2@5d64dbbe with 173 rows and digest 5b55e8nla3rjgg2vfv44ldt921e.
[2026-07-24 19:03:10] (3s) Starting to evaluate predicate Module::Module.getName/0#dispred#45a481b3_10#join_rhs/2@301dd4ns
[2026-07-24 19:03:10] (3s)  >>> Created relation Module::Module.getName/0#dispred#45a481b3_10#join_rhs/2@301dd4ns with 199 rows and digest c2368c9ooloc733cjqi0lj89mn7.
[2026-07-24 19:03:10] (3s) Starting to evaluate predicate Module::Module.getPackage/0#dispred#0378d53e/2@2ceaf3tp
[2026-07-24 19:03:10] (3s)  >>> Created relation Module::Module.getPackage/0#dispred#0378d53e/2@2ceaf3tp with 176 rows and digest 142ac7dgqvpemjued2u3huve8ld.
[2026-07-24 19:03:10] (3s) Starting to evaluate predicate Module::Module.getSubModule/1#dispred#e658b323/3@7c132265
[2026-07-24 19:03:10] (3s)  >>> Created relation Module::Module.getSubModule/1#dispred#e658b323/3@7c132265 with 176 rows and digest d54b5235satsd5r6tpfpe37f6ka.
[2026-07-24 19:03:10] (3s) Starting to evaluate predicate project#Module::Module.getSubModule/1#dispred#e658b323#3/2@59694de2
[2026-07-24 19:03:10] (3s)  >>> Created relation project#Module::Module.getSubModule/1#dispred#e658b323#3/2@59694de2 with 176 rows and digest 27d20aupfb5i7caa64t57jsmf64.
[2026-07-24 19:03:10] (3s) Starting to evaluate predicate project#Module::Module.getSubModule/1#dispred#e658b323/1@f7558abj
[2026-07-24 19:03:10] (3s)  >>> Created relation project#Module::Module.getSubModule/1#dispred#e658b323/1@f7558abj with 140 rows and digest 8db471s3k36qasoasabq61g1279.
[2026-07-24 19:03:10] (3s) Starting to evaluate predicate Definitions::SsaSourceVariable.getName/0#dispred#6acf6d7c#fb/2@c243361s
[2026-07-24 19:03:10] (3s)  >>> Created relation Definitions::SsaSourceVariable.getName/0#dispred#6acf6d7c#fb/2@c243361s with 404 rows and digest 793484npbp7p2svue6p14tu2f0f.
[2026-07-24 19:03:10] (3s) Starting to evaluate predicate Definitions::SsaSourceVariable.getName/0#dispred#6acf6d7c#fb_10#join_rhs/2@5644d0g2
[2026-07-24 19:03:10] (3s)  >>> Created relation Definitions::SsaSourceVariable.getName/0#dispred#6acf6d7c#fb_10#join_rhs/2@5644d0g2 with 404 rows and digest 6d1ce4cmaqr40ob9kka7mc5f3n9.
[2026-07-24 19:03:10] (3s) Starting to evaluate predicate Module::Module.isPackageInit/0#dispred#56393e5c#b/1@9b72ba4h
[2026-07-24 19:03:10] (3s)  >>> Created relation Module::Module.isPackageInit/0#dispred#56393e5c#b/1@9b72ba4h with 0 rows and digest THIS-RELATION-HAS-NO-TUPLES.
[2026-07-24 19:03:10] (3s) Inferred that SsaDefinitions::SsaSource::init_module_submodule_defn/2#64b1af7d/2@214a8ave is empty, due to Module::Module.isPackageInit/0#dispred#56393e5c#b/1@9b72ba4h.
[2026-07-24 19:03:10] (3s) Inferred that Essa::ImplicitSubModuleDefinition#5d33e2dd/1@89999eie is empty, due to SsaDefinitions::SsaSource::init_module_submodule_defn/2#64b1af7d/2@214a8ave.
[2026-07-24 19:03:10] (3s) Inferred that cached_SsaDefinitions::SsaSource::init_module_submodule_defn/2#64b1af7d/2@6a11efai is empty, due to SsaDefinitions::SsaSource::init_module_submodule_defn/2#64b1af7d/2@214a8ave.
[2026-07-24 19:03:10] (3s) Starting to evaluate predicate #Scope::Scope.getScope/0#dispred#055e5112Plus#sourceBound#2#3/1@4811achg
[2026-07-24 19:03:10] (3s)  >>> Created relation #Scope::Scope.getScope/0#dispred#055e5112Plus#sourceBound#2#3/1@4811achg with 1746 rows and digest 67b699jgi5g55tp9ol08heplcs8.
[2026-07-24 19:03:10] (3s) Starting to evaluate predicate #Scope::Scope.getScope/0#dispred#055e5112Plus#sinkBound#3#3/1@f7f1ac8c
[2026-07-24 19:03:10] (3s)  >>> Created relation #Scope::Scope.getScope/0#dispred#055e5112Plus#sinkBound#3#3/1@f7f1ac8c with 7 rows and digest 81509erk1cn4p9o3k7jgs6r3on4.
[2026-07-24 19:03:10] (3s) Starting to evaluate predicate #Scope::Scope.getScope/0#dispred#055e5112Plus#bounded/2@a76f9e5a = HOP doublyBoundedFastTC(2133,1746,7)
[2026-07-24 19:03:10] (3s)  >>> Relation #Scope::Scope.getScope/0#dispred#055e5112Plus#bounded: 95 rows using 0 MB
[2026-07-24 19:03:10] (3s)  >>> Created relation #Scope::Scope.getScope/0#dispred#055e5112Plus#bounded/2@a76f9e5a with 95 rows and digest c732434vsti06apkb09ci19n4pe.
[2026-07-24 19:03:10] (3s) Starting to evaluate predicate __Flow::CallNode#c5d1dc47_Flow::ControlFlowNode.getScope/0#dispred#b061daac#shared_doublyBoundedFast__#shared/2@234c60ts
[2026-07-24 19:03:10] (3s)  >>> Created relation __Flow::CallNode#c5d1dc47_Flow::ControlFlowNode.getScope/0#dispred#b061daac#shared_doublyBoundedFast__#shared/2@234c60ts with 619 rows and digest 63257bhmtqvgsuhdoa4dj6goe47.
[2026-07-24 19:03:10] (3s) Starting to evaluate predicate ImportTime::class_var_scope/3#59eab847/3@8ff9bdsa
[2026-07-24 19:03:10] (3s)  >>> Created relation ImportTime::class_var_scope/3#59eab847/3@8ff9bdsa with 1604 rows and digest 399d04vanlod8nd1rgscvk1m3u4.
[2026-07-24 19:03:10] (3s) Starting to evaluate predicate ImportTime::global_var_scope/3#1f490a2e/3@f2a46dgr
[2026-07-24 19:03:10] (3s)  >>> Created relation ImportTime::global_var_scope/3#1f490a2e/3@f2a46dgr with 3707 rows and digest b6eb921376krg44mn07l8g9lmu1.
[2026-07-24 19:03:10] (3s) Starting to evaluate predicate ImportTime::ImportTimeScope.getOuterVariable/1#dispred#2509ef70/3@ee711f05
[2026-07-24 19:03:10] (3s)  >>> Created relation ImportTime::ImportTimeScope.getOuterVariable/1#dispred#2509ef70/3@ee711f05 with 0 rows and digest THIS-RELATION-HAS-NO-TUPLES.
[2026-07-24 19:03:10] (3s) Inferred that project#ImportTime::ImportTimeScope.getOuterVariable/1#dispred#2509ef70/2@a00274so is empty, due to ImportTime::ImportTimeScope.getOuterVariable/1#dispred#2509ef70/3@ee711f05.
[2026-07-24 19:03:10] (3s) Starting to evaluate predicate Definitions::ModuleVariable.getScopeEntryDefinition/0#71ddbc6f/2@133ce41b
[2026-07-24 19:03:10] (3s)  >>> Created relation Definitions::ModuleVariable.getScopeEntryDefinition/0#71ddbc6f/2@133ce41b with 5193 rows and digest 68bbc5m8uln9hqg4plkc9ji4n86.
[2026-07-24 19:03:10] (3s) Starting to evaluate predicate Module::Module.getInitModule/0#dispred#450b78aa/2@8287e5a9
[2026-07-24 19:03:10] (3s)  >>> Created relation Module::Module.getInitModule/0#dispred#450b78aa/2@8287e5a9 with 24 rows and digest 40307da60940fdp06goimk1iiu4.
[2026-07-24 19:03:10] (3s) Starting to evaluate predicate project#Module::Module.getInitModule/0#dispred#450b78aa/1@c88358ed
[2026-07-24 19:03:10] (3s)  >>> Created relation project#Module::Module.getInitModule/0#dispred#450b78aa/1@c88358ed with 23 rows and digest ec1d43atbuo527gad27ku7ljjr0.
[2026-07-24 19:03:10] (3s) Starting to evaluate predicate Import::ImportExpr.remainderOfName/0#dispred#ffed82a6/2@2b01bda7
[2026-07-24 19:03:10] (3s)  >>> Created relation Import::ImportExpr.remainderOfName/0#dispred#ffed82a6/2@2b01bda7 with 1484 rows and digest adf3a00ic32tueha0floi8v1uo7.
[2026-07-24 19:03:10] (3s) Starting to evaluate predicate project#Module::Module.getName/0#dispred#45a481b3/1@7df89eij
[2026-07-24 19:03:10] (3s)  >>> Created relation project#Module::Module.getName/0#dispred#45a481b3/1@7df89eij with 198 rows and digest 09101fcugt86ins1jf2odh825t3.
[2026-07-24 19:03:10] (3s)  >>> Created relation py_special_objects/2@b348735o with 42 rows and digest b3a008k8jele7tt4qoamolt6hv4.
[2026-07-24 19:03:10] (3s)  >>> Created relation py_cobjecttypes/2@6e7cc8rb with 11771 rows and digest c8e2f9hu1i9ddpu8qm4kf92tmaa.
[2026-07-24 19:03:10] (3s)  >>> Created relation py_cobjectnames/2@3a1a1d8m with 11771 rows and digest 8fc7d3gh4abb6iph3nun6j0kg34.
[2026-07-24 19:03:10] (3s) Starting to evaluate predicate _project#Module::Module.getName/0#dispred#45a481b3_py_cobjectnames_py_cobjecttypes_py_special_object__#antijoin_rhs/1@81046f3h
[2026-07-24 19:03:10] (3s)  >>> Created relation _project#Module::Module.getName/0#dispred#45a481b3_py_cobjectnames_py_cobjecttypes_py_special_object__#antijoin_rhs/1@81046f3h with 0 rows and digest THIS-RELATION-HAS-NO-TUPLES.
[2026-07-24 19:03:10] (3s) Starting to evaluate predicate Builtins::Builtin#8b959630/1@c0139dr7
[2026-07-24 19:03:10] (3s)  >>> Created relation Builtins::Builtin#8b959630/1@c0139dr7 with 11771 rows and digest 068372hospub71r0vjis13t8a78.
[2026-07-24 19:03:10] (3s) Starting to evaluate predicate py_special_objects_10#join_rhs/2@e0a730dd
[2026-07-24 19:03:10] (3s)  >>> Created relation py_special_objects_10#join_rhs/2@e0a730dd with 42 rows and digest 894d7224fg1qflkagso7d4phdg4.
[2026-07-24 19:03:10] (3s) Starting to evaluate predicate m#Builtins::Builtin::special/1#57199073#bf/1@85f4115f
[2026-07-24 19:03:10] (3s)  >>> Created relation m#Builtins::Builtin::special/1#57199073#bf/1@85f4115f with 3 rows and digest 70209adla3sohj9k0mmtd6giff9.
[2026-07-24 19:03:10] (3s) Starting to evaluate predicate Builtins::Builtin::special/1#57199073#bf/2@a2f226h0
[2026-07-24 19:03:10] (3s)  >>> Created relation Builtins::Builtin::special/1#57199073#bf/2@a2f226h0 with 3 rows and digest 58a9eacshcinciv3kn00tobecr5.
[2026-07-24 19:03:10] (3s) Starting to evaluate predicate Builtins::Builtin.isStr/0#dispred#9c65bb35/1@f0ee597n
[2026-07-24 19:03:10] (3s)  >>> Created relation Builtins::Builtin.isStr/0#dispred#9c65bb35/1@f0ee597n with 1 rows and digest f083042d8c1aik14hmntlkbqemc.
[2026-07-24 19:03:10] (3s) Starting to evaluate predicate Builtins::Builtin.getName/0#dispred#ffccc52f/2@7ce190ep
[2026-07-24 19:03:10] (3s)  >>> Created relation Builtins::Builtin.getName/0#dispred#ffccc52f/2@7ce190ep with 11771 rows and digest 4dbbf9lsrmokrvf98gqdjmjsumb.
[2026-07-24 19:03:10] (3s) Starting to evaluate predicate Builtins::Builtin::unknown/0#d6ea2b56/1@d43262rn
[2026-07-24 19:03:10] (3s)  >>> Created relation Builtins::Builtin::unknown/0#d6ea2b56/1@d43262rn with 1 rows and digest e2e38bsm2jm102ul39fpbr04j17.
[2026-07-24 19:03:10] (3s) Starting to evaluate predicate Builtins::Builtin.getClass/0#dispred#bc2a763a/2@b6cda6bu
[2026-07-24 19:03:10] (3s)  >>> Created relation Builtins::Builtin.getClass/0#dispred#bc2a763a/2@b6cda6bu with 11771 rows and digest b0988163qbqias7j66m3r44hkk3.
[2026-07-24 19:03:10] (3s) Starting to evaluate predicate Builtins::Builtin.getClass/0#dispred#bc2a763a_10#join_rhs/2@adfde182
[2026-07-24 19:03:10] (3s)  >>> Created relation Builtins::Builtin.getClass/0#dispred#bc2a763a_10#join_rhs/2@adfde182 with 11771 rows and digest 059798vekdo820k4s9b2t1gqfg9.
[2026-07-24 19:03:10] (3s) Starting to evaluate predicate Import::valid_module_name/1#da5012b3/1@a660cffu
[2026-07-24 19:03:10] (3s)  >>> Created relation Import::valid_module_name/1#da5012b3/1@a660cffu with 215 rows and digest 44c5e7pn0tkhrpg8kvhd525ce6a.
[2026-07-24 19:03:10] (3s) Starting to evaluate predicate Import::ImportExpr.basePackageName/1#eaca2912/3@i1#f884cws5 (iteration 1)
[2026-07-24 19:03:10] (3s) 			 - Import::ImportExpr.basePackageName/1#eaca2912_delta has 1267 rows (order for disjuncts: delta=<standard>).
[2026-07-24 19:03:10] (3s) Starting to evaluate predicate Import::ImportExpr.basePackageName/1#eaca2912/3@i2#f884cws5 (iteration 2)
[2026-07-24 19:03:10] (3s) 			 - Import::ImportExpr.basePackageName/1#eaca2912_delta has 1260 rows (order for disjuncts: delta=<standard>).
[2026-07-24 19:03:10] (3s) Starting to evaluate predicate Import::ImportExpr.basePackageName/1#eaca2912/3@i3#f884cws5 (iteration 3)
[2026-07-24 19:03:10] (3s) 			 - Import::ImportExpr.basePackageName/1#eaca2912_delta has 1026 rows (order for disjuncts: delta=<standard>).
[2026-07-24 19:03:10] (3s) Starting to evaluate predicate Import::ImportExpr.basePackageName/1#eaca2912/3@i4#f884cws5 (iteration 4)
[2026-07-24 19:03:10] (3s) 			 - Import::ImportExpr.basePackageName/1#eaca2912_delta has 6 rows (order for disjuncts: delta=<standard>).
[2026-07-24 19:03:10] (3s) Starting to evaluate predicate Import::ImportExpr.basePackageName/1#eaca2912/3@i5#f884cws5 (iteration 5)
[2026-07-24 19:03:10] (3s) Empty delta for Import::ImportExpr.basePackageName/1#eaca2912_delta (order for disjuncts: delta=<standard>).
[2026-07-24 19:03:10] (3s) Accumulating deltas
[2026-07-24 19:03:10] (3s)  >>> Created relation Import::ImportExpr.basePackageName/1#eaca2912/3@f884cws5 with 3559 rows and digest f9bf68amk99om7vo28nl7um4f52.
[2026-07-24 19:03:10] (3s) Starting to evaluate predicate _Import::ImportExpr.getLevel/0#dispred#68c28689#antijoin_rhs/1@e9dbfc8h
[2026-07-24 19:03:10] (3s)  >>> Created relation _Import::ImportExpr.getLevel/0#dispred#68c28689#antijoin_rhs/1@e9dbfc8h with 1456 rows and digest 1b8051ldl0jojsu4ca6har8eu3f.
[2026-07-24 19:03:10] (3s) Starting to evaluate predicate Import::ImportExpr.getTopName/0#dispred#d0ee50a0/2@9ac872i4
[2026-07-24 19:03:10] (3s)  >>> Created relation Import::ImportExpr.getTopName/0#dispred#d0ee50a0/2@9ac872i4 with 1481 rows and digest 360c1cjtnji9gnliu6197b84hk3.
[2026-07-24 19:03:10] (3s) Starting to evaluate predicate Import::ImportExpr.qualifiedTopName/0#dispred#d1a7291b/2@32f00704
[2026-07-24 19:03:10] (3s)  >>> Created relation Import::ImportExpr.qualifiedTopName/0#dispred#d1a7291b/2@32f00704 with 1484 rows and digest 4abce6bksap4vrv0l4u58t67cu4.
[2026-07-24 19:03:10] (3s) Starting to evaluate predicate Import::ImportExpr.relativeTopName/0#dispred#f2d90a1e/2@0ec55c2d
[2026-07-24 19:03:10] (3s)  >>> Created relation Import::ImportExpr.relativeTopName/0#dispred#f2d90a1e/2@0ec55c2d with 0 rows and digest THIS-RELATION-HAS-NO-TUPLES.
[2026-07-24 19:03:10] (3s) Inferred that project#Import::ImportExpr.relativeTopName/0#dispred#f2d90a1e/1@8e7d9c75 is empty, due to Import::ImportExpr.relativeTopName/0#dispred#f2d90a1e/2@0ec55c2d.
[2026-07-24 19:03:10] (3s) Starting to evaluate predicate Import::ImportExpr.bottomModuleName/0#dispred#da49f7b6/2@1fad2csi
[2026-07-24 19:03:10] (3s)  >>> Created relation Import::ImportExpr.bottomModuleName/0#dispred#da49f7b6/2@1fad2csi with 1484 rows and digest 65b4097vuhn0v3p0lr45mgvruf7.
[2026-07-24 19:03:10] (3s) Starting to evaluate predicate Import::ImportExpr.topModuleName/0#dispred#35c1fd3e/2@99be58t1
[2026-07-24 19:03:10] (3s)  >>> Created relation Import::ImportExpr.topModuleName/0#dispred#35c1fd3e/2@99be58t1 with 1484 rows and digest 4abce6bksap4vrv0l4u58t67cu4.
[2026-07-24 19:03:10] (3s)  >>> Created relation py_bools/2@a4b50cu7 with 849 rows and digest ea2fc6525vgc2tb8c26mbbot649.
[2026-07-24 19:03:10] (3s) Starting to evaluate predicate AstGenerated::ImportExpr_.isTop/0#dispred#17a2f85a/1@186936j2
[2026-07-24 19:03:10] (3s)  >>> Created relation AstGenerated::ImportExpr_.isTop/0#dispred#17a2f85a/1@186936j2 with 253 rows and digest ea474e90bfga7732bjd2fate7e8.
[2026-07-24 19:03:10] (3s) Starting to evaluate predicate Import::ImportExpr.getImportedModuleName/0#dispred#c6f84407/2@bf5ae734
[2026-07-24 19:03:10] (3s)  >>> Created relation Import::ImportExpr.getImportedModuleName/0#dispred#c6f84407/2@bf5ae734 with 1484 rows and digest 87cf5ebant50ri0a2raabkvm42e.
[2026-07-24 19:03:10] (3s) Starting to evaluate predicate _AstGenerated::ImportExpr_.getName/0#dispred#bfa11d82__py_exprs_10#join_rhs_py_flow_bb_node_10#join___#antijoin_rhs/1@38ea97i6
[2026-07-24 19:03:10] (3s)  >>> Created relation _AstGenerated::ImportExpr_.getName/0#dispred#bfa11d82__py_exprs_10#join_rhs_py_flow_bb_node_10#join___#antijoin_rhs/1@38ea97i6 with 1481 rows and digest 0b31bamc6n8d7fkopkb9vbfr115.
[2026-07-24 19:03:10] (3s) Starting to evaluate predicate Definitions::import_from_dot_in_init/1#e1b6e8aa/1@5d58397k
[2026-07-24 19:03:10] (3s)  >>> Created relation Definitions::import_from_dot_in_init/1#e1b6e8aa/1@5d58397k with 0 rows and digest THIS-RELATION-HAS-NO-TUPLES.
[2026-07-24 19:03:10] (3s) Inferred that Flow::ImportMemberNode.getModule/1#dispred#98e51eaa#ffb/3@681848v0 is empty, due to Definitions::import_from_dot_in_init/1#e1b6e8aa/1@5d58397k.
[2026-07-24 19:03:10] (3s) Inferred that Definitions::ModuleVariable.global_variable_import/0#d33e6f1c/2@709105ge is empty, due to Flow::ImportMemberNode.getModule/1#dispred#98e51eaa#ffb/3@681848v0.
[2026-07-24 19:03:10] (3s) Starting to evaluate predicate Definitions::ModuleVariable.getAnImplicitUse/0#59874ece/2@a73d5b9i
[2026-07-24 19:03:10] (3s)  >>> Created relation Definitions::ModuleVariable.getAnImplicitUse/0#59874ece/2@a73d5b9i with 37619 rows and digest 62a111l79muoj5gjlcjnn18kmi9.
[2026-07-24 19:03:10] (3s) Starting to evaluate predicate Definitions::SsaSourceVariable.getAUse/0#dispred#84f49ef1/2@6fa49ddk
[2026-07-24 19:03:10] (3s)  >>> Created relation Definitions::SsaSourceVariable.getAUse/0#dispred#84f49ef1/2@6fa49ddk with 78211 rows and digest 9e6a81g0hnkt9h0qve6npvej7q7.
[2026-07-24 19:03:10] (3s) Starting to evaluate predicate Definitions::SsaSourceVariable.getAUse/0#dispred#84f49ef1_10#join_rhs/2@bcb142mv
[2026-07-24 19:03:10] (3s)  >>> Created relation Definitions::SsaSourceVariable.getAUse/0#dispred#84f49ef1_10#join_rhs/2@bcb142mv with 78211 rows and digest 7d1985ort92bkejbpgsfts5lbuc.
[2026-07-24 19:03:10] (3s) Starting to evaluate predicate project#py_scope_flow/1@48c253lo
[2026-07-24 19:03:10] (3s)  >>> Created relation project#py_scope_flow/1@48c253lo with 2357 rows and digest c0f709eqce3tbcdh0a62a2ccqse.
[2026-07-24 19:03:10] (3s) Starting to evaluate predicate disj_Scope::Scope.getScope/0#dispred#055e5112_AstExtended::AstNode.getScope/0#dispred#9b09b826_entity_entity/2@fd9cb2cj
[2026-07-24 19:03:11] (3s)  >>> Created relation disj_Scope::Scope.getScope/0#dispred#055e5112_AstExtended::AstNode.getScope/0#dispred#9b09b826_entity_entity/2@fd9cb2cj with 113484 rows and digest 66edd7oj8fk78dnk3egqqoefn0e.
[2026-07-24 19:03:11] (3s) Starting to evaluate predicate #disj_Scope::Scope.getScope/0#dispred#055e5112_AstExtended::AstNode.getScope/0#dispred#9b09b826_entity_entityPlus#bf/2@i1#f6481woi (iteration 1)
[2026-07-24 19:03:11] (3s) 			 - #disj_Scope::Scope.getScope/0#dispred#055e5112_AstExtended::AstNode.getScope/0#dispred#9b09b826_entity_entityPlus#bf_delta has 2133 rows (order for disjuncts: delta=<standard>).
[2026-07-24 19:03:11] (3s) Starting to evaluate predicate #disj_Scope::Scope.getScope/0#dispred#055e5112_AstExtended::AstNode.getScope/0#dispred#9b09b826_entity_entityPlus#bf/2@i2#f6481woi (iteration 2)
[2026-07-24 19:03:11] (3s) 			 - #disj_Scope::Scope.getScope/0#dispred#055e5112_AstExtended::AstNode.getScope/0#dispred#9b09b826_entity_entityPlus#bf_delta has 1732 rows (order for disjuncts: delta=<standard>).
[2026-07-24 19:03:11] (3s) Starting to evaluate predicate #disj_Scope::Scope.getScope/0#dispred#055e5112_AstExtended::AstNode.getScope/0#dispred#9b09b826_entity_entityPlus#bf/2@i3#f6481woi (iteration 3)
[2026-07-24 19:03:11] (3s) 			 - #disj_Scope::Scope.getScope/0#dispred#055e5112_AstExtended::AstNode.getScope/0#dispred#9b09b826_entity_entityPlus#bf_delta has 455 rows (order for disjuncts: delta=<standard>).
[2026-07-24 19:03:11] (3s) Starting to evaluate predicate #disj_Scope::Scope.getScope/0#dispred#055e5112_AstExtended::AstNode.getScope/0#dispred#9b09b826_entity_entityPlus#bf/2@i4#f6481woi (iteration 4)
[2026-07-24 19:03:11] (3s) 			 - #disj_Scope::Scope.getScope/0#dispred#055e5112_AstExtended::AstNode.getScope/0#dispred#9b09b826_entity_entityPlus#bf_delta has 10 rows (order for disjuncts: delta=<standard>).
[2026-07-24 19:03:11] (3s) Starting to evaluate predicate #disj_Scope::Scope.getScope/0#dispred#055e5112_AstExtended::AstNode.getScope/0#dispred#9b09b826_entity_entityPlus#bf/2@i5#f6481woi (iteration 5)
[2026-07-24 19:03:11] (3s) Empty delta for #disj_Scope::Scope.getScope/0#dispred#055e5112_AstExtended::AstNode.getScope/0#dispred#9b09b826_entity_entityPlus#bf_delta (order for disjuncts: delta=<standard>).
[2026-07-24 19:03:11] (3s) Accumulating deltas
[2026-07-24 19:03:11] (3s)  >>> Created relation #disj_Scope::Scope.getScope/0#dispred#055e5112_AstExtended::AstNode.getScope/0#dispred#9b09b826_entity_entityPlus#bf/2@f6481woi with 4330 rows and digest b0a2afuj7t8i1eiv1ttel4urok3.
[2026-07-24 19:03:11] (3s) Starting to evaluate predicate Definitions::SsaSourceVariable.getScopeEntryDefinition/0#dispred#6adeb52f/2@a44e57ba
[2026-07-24 19:03:11] (3s)  >>> Created relation Definitions::SsaSourceVariable.getScopeEntryDefinition/0#dispred#6adeb52f/2@a44e57ba with 10515 rows and digest d9687c6mrk2n074435sshe4ok15.
[2026-07-24 19:03:11] (3s) Starting to evaluate predicate Definitions::SsaSourceVariable.hasDefiningNode/1#dispred#688e3482/2@4424acjv
[2026-07-24 19:03:11] (3s)  >>> Created relation Definitions::SsaSourceVariable.hasDefiningNode/1#dispred#688e3482/2@4424acjv with 22368 rows and digest afc974hq7kf8c05avl1np7op0o4.
[2026-07-24 19:03:11] (3s) Starting to evaluate predicate Definitions::SsaSourceVariable.hasDefiningNode/1#dispred#688e3482_10#join_rhs/2@792d643m
[2026-07-24 19:03:11] (3s)  >>> Created relation Definitions::SsaSourceVariable.hasDefiningNode/1#dispred#688e3482_10#join_rhs/2@792d643m with 22368 rows and digest 3b981eqpmiqfe2lo52mr8s6otid.
[2026-07-24 19:03:11] (3s) Starting to evaluate predicate SsaCompute::SsaComputeImpl::variableDefine/4#79261f91/4@51c0fafm
[2026-07-24 19:03:11] (3s)  >>> Created relation SsaCompute::SsaComputeImpl::variableDefine/4#79261f91/4@51c0fafm with 22368 rows and digest 4ad996qim32t09dqvfna6nufth7.
[2026-07-24 19:03:11] (3s) No need to promote strings for SsaCompute::SsaComputeImpl::variableDefine/4#79261f91/4@51c0fafm as it does not contain computed strings.
[2026-07-24 19:03:11] (3s)  >>> Created relation cached_SsaCompute::SsaComputeImpl::variableDefine/4#79261f91/4@c7668aa3 with 22368 rows and digest 4ad996qim32t09dqvfna6nufth7.
[2026-07-24 19:03:11] (3s) Starting to evaluate predicate project#Definitions::SsaSourceVariable.hasDefiningNode/1#dispred#688e3482/1@3e8347a0
[2026-07-24 19:03:11] (3s)  >>> Created relation project#Definitions::SsaSourceVariable.hasDefiningNode/1#dispred#688e3482/1@3e8347a0 with 11451 rows and digest 293d25vc50sj5ijiojmkph324m8.
[2026-07-24 19:03:11] (3s) Starting to evaluate predicate Definitions::SpecialSsaSourceVariable.scope_as_global_variable/0#d3f1993c/2@c09632d0
[2026-07-24 19:03:11] (3s)  >>> Created relation Definitions::SpecialSsaSourceVariable.scope_as_global_variable/0#d3f1993c/2@c09632d0 with 0 rows and digest THIS-RELATION-HAS-NO-TUPLES.
[2026-07-24 19:03:11] (3s) Inferred that #Scope::Scope.getScope/0#dispred#055e5112Plus#sinkBound#5#3/1@a1e01c00 is empty, due to Definitions::SpecialSsaSourceVariable.scope_as_global_variable/0#d3f1993c/2@c09632d0.
[2026-07-24 19:03:11] (3s) Inferred that Definitions::SpecialSsaSourceVariable.scope_as_global_variable/0#d3f1993c_10#join_rhs/2@c21d86ob is empty, due to Definitions::SpecialSsaSourceVariable.scope_as_global_variable/0#d3f1993c/2@c09632d0.
[2026-07-24 19:03:11] (3s) Inferred that #Scope::Scope.getScope/0#dispred#055e5112Plus#bounded#3/2@88a31b30 is empty, due to #Scope::Scope.getScope/0#dispred#055e5112Plus#sinkBound#5#3/1@a1e01c00.
[2026-07-24 19:03:11] (3s) Starting to evaluate predicate Definitions::SsaSourceVariable.redefinedAtCallSite/0#dispred#2b69e25a/2@4462fcdn
[2026-07-24 19:03:11] (3s)  >>> Created relation Definitions::SsaSourceVariable.redefinedAtCallSite/0#dispred#2b69e25a/2@4462fcdn with 636 rows and digest f99234sa8thoc4vkvchej72p3q0.
[2026-07-24 19:03:11] (3s) Starting to evaluate predicate Definitions::refinement/3#4b377430/3@c9fe5fe6
[2026-07-24 19:03:11] (3s)  >>> Created relation Definitions::refinement/3#4b377430/3@c9fe5fe6 with 8042 rows and digest 2eff14prlt86fe9asp25vn5ehqa.
[2026-07-24 19:03:11] (3s) Starting to evaluate predicate Definitions::SsaSourceVariable.hasRefinement/2#dispred#b79d94bd/3@047b1bki
[2026-07-24 19:03:11] (3s)  >>> Created relation Definitions::SsaSourceVariable.hasRefinement/2#dispred#b79d94bd/3@047b1bki with 8018 rows and digest 326cda33eko0fdn7kaofibuqs97.
[2026-07-24 19:03:11] (3s) Starting to evaluate predicate project#Definitions::SsaSourceVariable.hasRefinement/2#dispred#b79d94bd#2/2@4aa15did
[2026-07-24 19:03:11] (3s)  >>> Created relation project#Definitions::SsaSourceVariable.hasRefinement/2#dispred#b79d94bd#2/2@4aa15did with 8018 rows and digest 23cb90i3karh6nfce6a9hap3gh2.
[2026-07-24 19:03:11] (3s) Starting to evaluate predicate project#Definitions::SsaSourceVariable.hasRefinement/2#dispred#b79d94bd#2_10#join_rhs/2@b43cd3a9
[2026-07-24 19:03:11] (3s)  >>> Created relation project#Definitions::SsaSourceVariable.hasRefinement/2#dispred#b79d94bd#2_10#join_rhs/2@b43cd3a9 with 8018 rows and digest d16ec2bf9im8al6p0cr8f22klke.
[2026-07-24 19:03:11] (3s) Starting to evaluate predicate SsaCompute::SsaComputeImpl::variableUse/4#da62dc30/4@eb09c076
[2026-07-24 19:03:11] (3s)  >>> Created relation SsaCompute::SsaComputeImpl::variableUse/4#da62dc30/4@eb09c076 with 78211 rows and digest 7a989edvqtmthrn4ust784naftf.
[2026-07-24 19:03:11] (3s) No need to promote strings for SsaCompute::SsaComputeImpl::variableUse/4#da62dc30/4@eb09c076 as it does not contain computed strings.
[2026-07-24 19:03:11] (3s)  >>> Created relation cached_SsaCompute::SsaComputeImpl::variableUse/4#da62dc30/4@c4051ekj with 78211 rows and digest 7a989edvqtmthrn4ust784naftf.
[2026-07-24 19:03:11] (3s) Starting to evaluate predicate project#Definitions::SsaSourceVariable.hasRefinement/2#dispred#b79d94bd/2@ddf1d5d8
[2026-07-24 19:03:11] (3s)  >>> Created relation project#Definitions::SsaSourceVariable.hasRefinement/2#dispred#b79d94bd/2@ddf1d5d8 with 8014 rows and digest 4ce8ddm82c9a214e5g96cnaphq6.
[2026-07-24 19:03:11] (3s) Starting to evaluate predicate project#Definitions::SsaSourceVariable.hasRefinement/2#dispred#b79d94bd_10#join_rhs/2@79f03924
[2026-07-24 19:03:11] (3s)  >>> Created relation project#Definitions::SsaSourceVariable.hasRefinement/2#dispred#b79d94bd_10#join_rhs/2@79f03924 with 8014 rows and digest 8c7648f8ivr965nr89kfp9ahg16.
[2026-07-24 19:03:11] (3s) Starting to evaluate predicate SsaCompute::SsaComputeImpl::variableRefine/4#b20a3c26/4@9ebb5er3
[2026-07-24 19:03:11] (3s)  >>> Created relation SsaCompute::SsaComputeImpl::variableRefine/4#b20a3c26/4@9ebb5er3 with 8014 rows and digest 572a310nd2o1lqeml6emmjpt45c.
[2026-07-24 19:03:11] (3s) No need to promote strings for SsaCompute::SsaComputeImpl::variableRefine/4#b20a3c26/4@9ebb5er3 as it does not contain computed strings.
[2026-07-24 19:03:11] (3s)  >>> Created relation cached_SsaCompute::SsaComputeImpl::variableRefine/4#b20a3c26/4@7b65davk with 8014 rows and digest 572a310nd2o1lqeml6emmjpt45c.
[2026-07-24 19:03:11] (3s) Starting to evaluate predicate SsaCompute::SsaComputeImpl::variableDef/4#38b3ef7e/4@f5c0d68i
[2026-07-24 19:03:11] (3s)  >>> Created relation SsaCompute::SsaComputeImpl::variableDef/4#38b3ef7e/4@f5c0d68i with 30382 rows and digest f066f0mhg57m2pj7q17r09lce37.
[2026-07-24 19:03:11] (3s) No need to promote strings for SsaCompute::SsaComputeImpl::variableDef/4#38b3ef7e/4@f5c0d68i as it does not contain computed strings.
[2026-07-24 19:03:11] (3s)  >>> Created relation cached_SsaCompute::SsaComputeImpl::variableDef/4#38b3ef7e/4@22896d19 with 30382 rows and digest f066f0mhg57m2pj7q17r09lce37.
[2026-07-24 19:03:11] (3s) Starting to evaluate predicate _SsaCompute::SsaComputeImpl::variableDef/4#38b3ef7e_SsaCompute::SsaComputeImpl::variableUse/4#da62dc__#rank_range/3@1f4b561o
[2026-07-24 19:03:11] (3s)  >>> Created relation _SsaCompute::SsaComputeImpl::variableDef/4#38b3ef7e_SsaCompute::SsaComputeImpl::variableUse/4#da62dc__#rank_range/3@1f4b561o with 108593 rows and digest cf1a66d264ir23d2rtpk8dtlf07.
[2026-07-24 19:03:11] (3s) Starting to evaluate predicate _SsaCompute::SsaComputeImpl::variableDef/4#38b3ef7e_SsaCompute::SsaComputeImpl::variableUse/4#da62dc__#rank_term/4@2baea0ot
[2026-07-24 19:03:11] (3s)  >>> Created relation _SsaCompute::SsaComputeImpl::variableDef/4#38b3ef7e_SsaCompute::SsaComputeImpl::variableUse/4#da62dc__#rank_term/4@2baea0ot with 108593 rows and digest b4d0169v9a0b0munlq5dp2pnf09.
[2026-07-24 19:03:11] (3s) Starting to evaluate predicate SsaCompute::SsaComputeImpl::defUseRank/4#782a2f48/4@1f045bj9
[2026-07-24 19:03:11] (3s)  >>> Created relation SsaCompute::SsaComputeImpl::defUseRank/4#782a2f48/4@1f045bj9 with 108593 rows and digest d4c671ud7lnegntnnn0jj0ro77f.
[2026-07-24 19:03:11] (3s) Starting to evaluate predicate SsaCompute::SsaComputeImpl::defUseRank/4#782a2f48_201#join_rhs/3@d3abc5jq
[2026-07-24 19:03:11] (3s)  >>> Created relation SsaCompute::SsaComputeImpl::defUseRank/4#782a2f48_201#join_rhs/3@d3abc5jq with 108593 rows and digest 698523cv0sa5bh7k0ovhvb5i1ta.
[2026-07-24 19:03:11] (3s) Starting to evaluate predicate project#SsaCompute::SsaComputeImpl::defUseRank/4#782a2f48/2@98558co3
[2026-07-24 19:03:11] (3s)  >>> Created relation project#SsaCompute::SsaComputeImpl::defUseRank/4#782a2f48/2@98558co3 with 41382 rows and digest 4319855vqkntt0as943qis2f34a.
[2026-07-24 19:03:11] (3s) Starting to evaluate predicate project#SsaCompute::SsaComputeImpl::defUseRank/4#782a2f48#2/2@12ca317p
[2026-07-24 19:03:11] (3s)  >>> Created relation project#SsaCompute::SsaComputeImpl::defUseRank/4#782a2f48#2/2@12ca317p with 41382 rows and digest 4319855vqkntt0as943qis2f34a.
[2026-07-24 19:03:11] (3s) Starting to evaluate predicate SsaCompute::SsaComputeImpl::defUseRank/4#782a2f48_0132#join_rhs/4@d61b4can
[2026-07-24 19:03:11] (3s)  >>> Created relation SsaCompute::SsaComputeImpl::defUseRank/4#782a2f48_0132#join_rhs/4@d61b4can with 108593 rows and digest eef2047qg7k8er8esclavctldl0.
[2026-07-24 19:03:11] (3s) Starting to evaluate predicate SsaCompute::SsaComputeImpl::defRank/4#f608ea69/4@fa2cc28m
[2026-07-24 19:03:11] (3s)  >>> Created relation SsaCompute::SsaComputeImpl::defRank/4#f608ea69/4@fa2cc28m with 30382 rows and digest d74017ub70c3keq3km9a8c5stc8.
[2026-07-24 19:03:11] (3s) Starting to evaluate predicate SsaCompute::SsaComputeImpl::defRank/4#f608ea69_201#join_rhs/3@b9a5dfa9
[2026-07-24 19:03:11] (3s)  >>> Created relation SsaCompute::SsaComputeImpl::defRank/4#f608ea69_201#join_rhs/3@b9a5dfa9 with 30382 rows and digest 0630e0ldsrdns3455fvpqncsfra.
[2026-07-24 19:03:11] (3s) Starting to evaluate predicate project#SsaCompute::SsaComputeImpl::defRank/4#f608ea69/2@eec0ca9u
[2026-07-24 19:03:11] (3s)  >>> Created relation project#SsaCompute::SsaComputeImpl::defRank/4#f608ea69/2@eec0ca9u with 17124 rows and digest 34a481tia1as50elafk2g6g31e4.
[2026-07-24 19:03:11] (3s) Starting to evaluate predicate SsaCompute::Liveness::liveAtExit/2#b6aa63f4/2@i1#0b2f6xg8 (iteration 1)
[2026-07-24 19:03:11] (3s) Empty delta for SsaCompute::Liveness::liveAtExit/2#b6aa63f4_delta (order for disjuncts: delta=<standard>).
[2026-07-24 19:03:11] (3s) Starting to evaluate predicate SsaCompute::Liveness::liveAtEntry/2#bab3ea7c/2@i1#0b2f6wg8 (iteration 1)
[2026-07-24 19:03:11] (3s) 			 - SsaCompute::Liveness::liveAtEntry/2#bab3ea7c_delta has 24258 rows (order for disjuncts: delta=<standard>).
[2026-07-24 19:03:11] (3s) Starting to evaluate predicate SsaCompute::Liveness::liveAtExit/2#b6aa63f4/2@i2#0b2f6xg8 (iteration 2)
[2026-07-24 19:03:11] (3s) 			 - SsaCompute::Liveness::liveAtExit/2#b6aa63f4_delta has 29435 rows (order for disjuncts: delta=<standard>).
[2026-07-24 19:03:11] (3s) Starting to evaluate predicate SsaCompute::Liveness::liveAtEntry/2#bab3ea7c/2@i3#0b2f6wg8 (iteration 3)
[2026-07-24 19:03:11] (3s) 			 - SsaCompute::Liveness::liveAtEntry/2#bab3ea7c_delta has 18325 rows (order for disjuncts: delta=<standard>).
[2026-07-24 19:03:11] (3s) Starting to evaluate predicate SsaCompute::Liveness::liveAtExit/2#b6aa63f4/2@i4#0b2f6xg8 (iteration 4)
[2026-07-24 19:03:11] (3s) 			 - SsaCompute::Liveness::liveAtExit/2#b6aa63f4_delta has 21144 rows (order for disjuncts: delta=<standard>).
[2026-07-24 19:03:11] (3s) Starting to evaluate predicate SsaCompute::Liveness::liveAtEntry/2#bab3ea7c/2@i5#0b2f6wg8 (iteration 5)
[2026-07-24 19:03:11] (3s) 			 - SsaCompute::Liveness::liveAtEntry/2#bab3ea7c_delta has 12125 rows (order for disjuncts: delta=<standard>).
[2026-07-24 19:03:11] (3s) Starting to evaluate predicate SsaCompute::Liveness::liveAtExit/2#b6aa63f4/2@i6#0b2f6xg8 (iteration 6)
[2026-07-24 19:03:11] (3s) 			 - SsaCompute::Liveness::liveAtExit/2#b6aa63f4_delta has 9322 rows (order for disjuncts: delta=<standard>).
[2026-07-24 19:03:11] (3s) Starting to evaluate predicate SsaCompute::Liveness::liveAtEntry/2#bab3ea7c/2@i7#0b2f6wg8 (iteration 7)
[2026-07-24 19:03:11] (3s) 			 - SsaCompute::Liveness::liveAtEntry/2#bab3ea7c_delta has 7755 rows (order for disjuncts: delta=<standard>).
[2026-07-24 19:03:11] (3s) Starting to evaluate predicate SsaCompute::Liveness::liveAtExit/2#b6aa63f4/2@i8#0b2f6xg8 (iteration 8)
[2026-07-24 19:03:11] (3s) 			 - SsaCompute::Liveness::liveAtExit/2#b6aa63f4_delta has 5112 rows (order for disjuncts: delta=<standard>).
[2026-07-24 19:03:11] (3s) Starting to evaluate predicate SsaCompute::Liveness::liveAtEntry/2#bab3ea7c/2@i9#0b2f6wg8 (iteration 9)
[2026-07-24 19:03:11] (3s) 			 - SsaCompute::Liveness::liveAtEntry/2#bab3ea7c_delta has 4296 rows (order for disjuncts: delta=<standard>).
[2026-07-24 19:03:11] (3s) Starting to evaluate predicate SsaCompute::Liveness::liveAtExit/2#b6aa63f4/2@i10#0b2f6xg8 (iteration 10)
[2026-07-24 19:03:11] (3s) 			 - SsaCompute::Liveness::liveAtExit/2#b6aa63f4_delta has 3706 rows (order for disjuncts: delta=<standard>).
[2026-07-24 19:03:11] (3s) Starting to evaluate predicate SsaCompute::Liveness::liveAtEntry/2#bab3ea7c/2@i11#0b2f6wg8 (iteration 11)
[2026-07-24 19:03:11] (3s) 			 - SsaCompute::Liveness::liveAtEntry/2#bab3ea7c_delta has 3306 rows (order for disjuncts: delta=<standard>).
[2026-07-24 19:03:11] (3s) Starting to evaluate predicate SsaCompute::Liveness::liveAtExit/2#b6aa63f4/2@i12#0b2f6xg8 (iteration 12)
[2026-07-24 19:03:11] (3s) 			 - SsaCompute::Liveness::liveAtExit/2#b6aa63f4_delta has 3271 rows (order for disjuncts: delta=<standard>).
[2026-07-24 19:03:11] (3s) Starting to evaluate predicate SsaCompute::Liveness::liveAtEntry/2#bab3ea7c/2@i13#0b2f6wg8 (iteration 13)
[2026-07-24 19:03:11] (3s) 			 - SsaCompute::Liveness::liveAtEntry/2#bab3ea7c_delta has 2917 rows (order for disjuncts: delta=<standard>).
[2026-07-24 19:03:11] (3s) Starting to evaluate predicate SsaCompute::Liveness::liveAtExit/2#b6aa63f4/2@i14#0b2f6xg8 (iteration 14)
[2026-07-24 19:03:11] (3s) 			 - SsaCompute::Liveness::liveAtExit/2#b6aa63f4_delta has 2050 rows (order for disjuncts: delta=<standard>).
[2026-07-24 19:03:11] (3s) Starting to evaluate predicate SsaCompute::Liveness::liveAtEntry/2#bab3ea7c/2@i15#0b2f6wg8 (iteration 15)
[2026-07-24 19:03:11] (3s) 			 - SsaCompute::Liveness::liveAtEntry/2#bab3ea7c_delta has 1887 rows (order for disjuncts: delta=<standard>).
[2026-07-24 19:03:11] (3s) Starting to evaluate predicate SsaCompute::Liveness::liveAtExit/2#b6aa63f4/2@i16#0b2f6xg8 (iteration 16)
[2026-07-24 19:03:11] (3s) 			 - SsaCompute::Liveness::liveAtExit/2#b6aa63f4_delta has 1464 rows (order for disjuncts: delta=<standard>).
[2026-07-24 19:03:11] (3s) Starting to evaluate predicate SsaCompute::Liveness::liveAtEntry/2#bab3ea7c/2@i17#0b2f6wg8 (iteration 17)
[2026-07-24 19:03:11] (3s) 			 - SsaCompute::Liveness::liveAtEntry/2#bab3ea7c_delta has 1304 rows (order for disjuncts: delta=<standard>).
[2026-07-24 19:03:11] (3s) Starting to evaluate predicate SsaCompute::Liveness::liveAtExit/2#b6aa63f4/2@i18#0b2f6xg8 (iteration 18)
[2026-07-24 19:03:11] (3s) 			 - SsaCompute::Liveness::liveAtExit/2#b6aa63f4_delta has 1074 rows (order for disjuncts: delta=<standard>).
[2026-07-24 19:03:11] (3s) Starting to evaluate predicate SsaCompute::Liveness::liveAtEntry/2#bab3ea7c/2@i19#0b2f6wg8 (iteration 19)
[2026-07-24 19:03:11] (3s) 			 - SsaCompute::Liveness::liveAtEntry/2#bab3ea7c_delta has 1010 rows (order for disjuncts: delta=<standard>).
[2026-07-24 19:03:11] (3s) Starting to evaluate predicate SsaCompute::Liveness::liveAtExit/2#b6aa63f4/2@i20#0b2f6xg8 (iteration 20)
[2026-07-24 19:03:11] (3s) 			 - SsaCompute::Liveness::liveAtExit/2#b6aa63f4_delta has 892 rows (order for disjuncts: delta=<standard>).
[2026-07-24 19:03:11] (3s) Starting to evaluate predicate SsaCompute::Liveness::liveAtEntry/2#bab3ea7c/2@i21#0b2f6wg8 (iteration 21)
[2026-07-24 19:03:11] (3s) 			 - SsaCompute::Liveness::liveAtEntry/2#bab3ea7c_delta has 856 rows (order for disjuncts: delta=<standard>).
[2026-07-24 19:03:11] (3s) Starting to evaluate predicate SsaCompute::Liveness::liveAtExit/2#b6aa63f4/2@i22#0b2f6xg8 (iteration 22)
[2026-07-24 19:03:11] (3s) 			 - SsaCompute::Liveness::liveAtExit/2#b6aa63f4_delta has 694 rows (order for disjuncts: delta=<standard>).
[2026-07-24 19:03:11] (3s) Starting to evaluate predicate SsaCompute::Liveness::liveAtEntry/2#bab3ea7c/2@i23#0b2f6wg8 (iteration 23)
[2026-07-24 19:03:11] (3s) 			 - SsaCompute::Liveness::liveAtEntry/2#bab3ea7c_delta has 643 rows (order for disjuncts: delta=<standard>).
[2026-07-24 19:03:11] (3s) Starting to evaluate predicate SsaCompute::Liveness::liveAtExit/2#b6aa63f4/2@i24#0b2f6xg8 (iteration 24)
[2026-07-24 19:03:11] (3s) 			 - SsaCompute::Liveness::liveAtExit/2#b6aa63f4_delta has 498 rows (order for disjuncts: delta=<standard>).
[2026-07-24 19:03:11] (3s) Starting to evaluate predicate SsaCompute::Liveness::liveAtEntry/2#bab3ea7c/2@i25#0b2f6wg8 (iteration 25)
[2026-07-24 19:03:11] (3s) 			 - SsaCompute::Liveness::liveAtEntry/2#bab3ea7c_delta has 460 rows (order for disjuncts: delta=<standard>).
[2026-07-24 19:03:11] (3s) Starting to evaluate predicate SsaCompute::Liveness::liveAtExit/2#b6aa63f4/2@i26#0b2f6xg8 (iteration 26)
[2026-07-24 19:03:11] (3s) 			 - SsaCompute::Liveness::liveAtExit/2#b6aa63f4_delta has 382 rows (order for disjuncts: delta=<standard>).
[2026-07-24 19:03:11] (3s) Starting to evaluate predicate SsaCompute::Liveness::liveAtEntry/2#bab3ea7c/2@i27#0b2f6wg8 (iteration 27)
[2026-07-24 19:03:11] (3s) 			 - SsaCompute::Liveness::liveAtEntry/2#bab3ea7c_delta has 367 rows (order for disjuncts: delta=<standard>).
[2026-07-24 19:03:11] (3s) Starting to evaluate predicate SsaCompute::Liveness::liveAtExit/2#b6aa63f4/2@i28#0b2f6xg8 (iteration 28)
[2026-07-24 19:03:11] (3s) 			 - SsaCompute::Liveness::liveAtExit/2#b6aa63f4_delta has 313 rows (order for disjuncts: delta=<standard>).
[2026-07-24 19:03:11] (3s) Starting to evaluate predicate SsaCompute::Liveness::liveAtEntry/2#bab3ea7c/2@i29#0b2f6wg8 (iteration 29)
[2026-07-24 19:03:11] (3s) 			 - SsaCompute::Liveness::liveAtEntry/2#bab3ea7c_delta has 300 rows (order for disjuncts: delta=<standard>).
[2026-07-24 19:03:11] (3s) Starting to evaluate predicate SsaCompute::Liveness::liveAtExit/2#b6aa63f4/2@i30#0b2f6xg8 (iteration 30)
[2026-07-24 19:03:11] (3s) 			 - SsaCompute::Liveness::liveAtExit/2#b6aa63f4_delta has 258 rows (order for disjuncts: delta=<standard>).
[2026-07-24 19:03:11] (3s) Starting to evaluate predicate SsaCompute::Liveness::liveAtEntry/2#bab3ea7c/2@i31#0b2f6wg8 (iteration 31)
[2026-07-24 19:03:11] (3s) 			 - SsaCompute::Liveness::liveAtEntry/2#bab3ea7c_delta has 249 rows (order for disjuncts: delta=<standard>).
[2026-07-24 19:03:11] (3s) Starting to evaluate predicate SsaCompute::Liveness::liveAtExit/2#b6aa63f4/2@i32#0b2f6xg8 (iteration 32)
[2026-07-24 19:03:11] (3s) 			 - SsaCompute::Liveness::liveAtExit/2#b6aa63f4_delta has 300 rows (order for disjuncts: delta=<standard>).
[2026-07-24 19:03:11] (3s) Starting to evaluate predicate SsaCompute::Liveness::liveAtEntry/2#bab3ea7c/2@i33#0b2f6wg8 (iteration 33)
[2026-07-24 19:03:11] (3s) 			 - SsaCompute::Liveness::liveAtEntry/2#bab3ea7c_delta has 292 rows (order for disjuncts: delta=<standard>).
[2026-07-24 19:03:11] (3s) Starting to evaluate predicate SsaCompute::Liveness::liveAtExit/2#b6aa63f4/2@i34#0b2f6xg8 (iteration 34)
[2026-07-24 19:03:11] (3s) 			 - SsaCompute::Liveness::liveAtExit/2#b6aa63f4_delta has 273 rows (order for disjuncts: delta=<standard>).
[2026-07-24 19:03:11] (3s) Starting to evaluate predicate SsaCompute::Liveness::liveAtEntry/2#bab3ea7c/2@i35#0b2f6wg8 (iteration 35)
[2026-07-24 19:03:11] (3s) 			 - SsaCompute::Liveness::liveAtEntry/2#bab3ea7c_delta has 261 rows (order for disjuncts: delta=<standard>).
[2026-07-24 19:03:11] (3s) Starting to evaluate predicate SsaCompute::Liveness::liveAtExit/2#b6aa63f4/2@i36#0b2f6xg8 (iteration 36)
[2026-07-24 19:03:11] (3s) 			 - SsaCompute::Liveness::liveAtExit/2#b6aa63f4_delta has 262 rows (order for disjuncts: delta=<standard>).
[2026-07-24 19:03:11] (3s) Starting to evaluate predicate SsaCompute::Liveness::liveAtEntry/2#bab3ea7c/2@i37#0b2f6wg8 (iteration 37)
[2026-07-24 19:03:11] (3s) 			 - SsaCompute::Liveness::liveAtEntry/2#bab3ea7c_delta has 258 rows (order for disjuncts: delta=<standard>).
[2026-07-24 19:03:11] (3s) Starting to evaluate predicate SsaCompute::Liveness::liveAtExit/2#b6aa63f4/2@i38#0b2f6xg8 (iteration 38)
[2026-07-24 19:03:11] (3s) 			 - SsaCompute::Liveness::liveAtExit/2#b6aa63f4_delta has 147 rows (order for disjuncts: delta=<standard>).
[2026-07-24 19:03:11] (3s) Starting to evaluate predicate SsaCompute::Liveness::liveAtEntry/2#bab3ea7c/2@i39#0b2f6wg8 (iteration 39)
[2026-07-24 19:03:11] (3s) 			 - SsaCompute::Liveness::liveAtEntry/2#bab3ea7c_delta has 125 rows (order for disjuncts: delta=<standard>).
[2026-07-24 19:03:11] (3s) Starting to evaluate predicate SsaCompute::Liveness::liveAtExit/2#b6aa63f4/2@i40#0b2f6xg8 (iteration 40)
[2026-07-24 19:03:11] (3s) 			 - SsaCompute::Liveness::liveAtExit/2#b6aa63f4_delta has 132 rows (order for disjuncts: delta=<standard>).
[2026-07-24 19:03:11] (3s) Starting to evaluate predicate SsaCompute::Liveness::liveAtEntry/2#bab3ea7c/2@i41#0b2f6wg8 (iteration 41)
[2026-07-24 19:03:11] (3s) 			 - SsaCompute::Liveness::liveAtEntry/2#bab3ea7c_delta has 110 rows (order for disjuncts: delta=<standard>).
[2026-07-24 19:03:11] (3s) Starting to evaluate predicate SsaCompute::Liveness::liveAtExit/2#b6aa63f4/2@i42#0b2f6xg8 (iteration 42)
[2026-07-24 19:03:11] (3s) 			 - SsaCompute::Liveness::liveAtExit/2#b6aa63f4_delta has 103 rows (order for disjuncts: delta=<standard>).
[2026-07-24 19:03:11] (3s) Starting to evaluate predicate SsaCompute::Liveness::liveAtEntry/2#bab3ea7c/2@i43#0b2f6wg8 (iteration 43)
[2026-07-24 19:03:11] (3s) 			 - SsaCompute::Liveness::liveAtEntry/2#bab3ea7c_delta has 103 rows (order for disjuncts: delta=<standard>).
[2026-07-24 19:03:11] (3s) Starting to evaluate predicate SsaCompute::Liveness::liveAtExit/2#b6aa63f4/2@i44#0b2f6xg8 (iteration 44)
[2026-07-24 19:03:11] (3s) 			 - SsaCompute::Liveness::liveAtExit/2#b6aa63f4_delta has 105 rows (order for disjuncts: delta=<standard>).
[2026-07-24 19:03:11] (3s) Starting to evaluate predicate SsaCompute::Liveness::liveAtEntry/2#bab3ea7c/2@i45#0b2f6wg8 (iteration 45)
[2026-07-24 19:03:11] (3s) 			 - SsaCompute::Liveness::liveAtEntry/2#bab3ea7c_delta has 93 rows (order for disjuncts: delta=<standard>).
[2026-07-24 19:03:11] (3s) Starting to evaluate predicate SsaCompute::Liveness::liveAtExit/2#b6aa63f4/2@i46#0b2f6xg8 (iteration 46)
[2026-07-24 19:03:11] (3s) 			 - SsaCompute::Liveness::liveAtExit/2#b6aa63f4_delta has 82 rows (order for disjuncts: delta=<standard>).
[2026-07-24 19:03:11] (3s) Starting to evaluate predicate SsaCompute::Liveness::liveAtEntry/2#bab3ea7c/2@i47#0b2f6wg8 (iteration 47)
[2026-07-24 19:03:11] (3s) 			 - SsaCompute::Liveness::liveAtEntry/2#bab3ea7c_delta has 80 rows (order for disjuncts: delta=<standard>).
[2026-07-24 19:03:11] (3s) Starting to evaluate predicate SsaCompute::Liveness::liveAtExit/2#b6aa63f4/2@i48#0b2f6xg8 (iteration 48)
[2026-07-24 19:03:11] (3s) 			 - SsaCompute::Liveness::liveAtExit/2#b6aa63f4_delta has 83 rows (order for disjuncts: delta=<standard>).
[2026-07-24 19:03:11] (3s) Starting to evaluate predicate SsaCompute::Liveness::liveAtEntry/2#bab3ea7c/2@i49#0b2f6wg8 (iteration 49)
[2026-07-24 19:03:11] (3s) 			 - SsaCompute::Liveness::liveAtEntry/2#bab3ea7c_delta has 80 rows (order for disjuncts: delta=<standard>).
[2026-07-24 19:03:11] (3s) Starting to evaluate predicate SsaCompute::Liveness::liveAtExit/2#b6aa63f4/2@i50#0b2f6xg8 (iteration 50)
[2026-07-24 19:03:11] (3s) 			 - SsaCompute::Liveness::liveAtExit/2#b6aa63f4_delta has 78 rows (order for disjuncts: delta=<standard>).
[2026-07-24 19:03:11] (3s) Starting to evaluate predicate SsaCompute::Liveness::liveAtEntry/2#bab3ea7c/2@i51#0b2f6wg8 (iteration 51)
[2026-07-24 19:03:11] (3s) 			 - SsaCompute::Liveness::liveAtEntry/2#bab3ea7c_delta has 75 rows (order for disjuncts: delta=<standard>).
[2026-07-24 19:03:11] (3s) Starting to evaluate predicate SsaCompute::Liveness::liveAtExit/2#b6aa63f4/2@i52#0b2f6xg8 (iteration 52)
[2026-07-24 19:03:11] (3s) 			 - SsaCompute::Liveness::liveAtExit/2#b6aa63f4_delta has 67 rows (order for disjuncts: delta=<standard>).
[2026-07-24 19:03:11] (3s) Starting to evaluate predicate SsaCompute::Liveness::liveAtEntry/2#bab3ea7c/2@i53#0b2f6wg8 (iteration 53)
[2026-07-24 19:03:11] (3s) 			 - SsaCompute::Liveness::liveAtEntry/2#bab3ea7c_delta has 66 rows (order for disjuncts: delta=<standard>).
[2026-07-24 19:03:11] (3s) Starting to evaluate predicate SsaCompute::Liveness::liveAtExit/2#b6aa63f4/2@i54#0b2f6xg8 (iteration 54)
[2026-07-24 19:03:11] (3s) 			 - SsaCompute::Liveness::liveAtExit/2#b6aa63f4_delta has 56 rows (order for disjuncts: delta=<standard>).
[2026-07-24 19:03:11] (3s) Starting to evaluate predicate SsaCompute::Liveness::liveAtEntry/2#bab3ea7c/2@i55#0b2f6wg8 (iteration 55)
[2026-07-24 19:03:11] (3s) 			 - SsaCompute::Liveness::liveAtEntry/2#bab3ea7c_delta has 55 rows (order for disjuncts: delta=<standard>).
[2026-07-24 19:03:11] (3s) Starting to evaluate predicate SsaCompute::Liveness::liveAtExit/2#b6aa63f4/2@i56#0b2f6xg8 (iteration 56)
[2026-07-24 19:03:11] (3s) 			 - SsaCompute::Liveness::liveAtExit/2#b6aa63f4_delta has 47 rows (order for disjuncts: delta=<standard>).
[2026-07-24 19:03:11] (3s) Starting to evaluate predicate SsaCompute::Liveness::liveAtEntry/2#bab3ea7c/2@i57#0b2f6wg8 (iteration 57)
[2026-07-24 19:03:11] (3s) 			 - SsaCompute::Liveness::liveAtEntry/2#bab3ea7c_delta has 45 rows (order for disjuncts: delta=<standard>).
[2026-07-24 19:03:11] (3s) Starting to evaluate predicate SsaCompute::Liveness::liveAtExit/2#b6aa63f4/2@i58#0b2f6xg8 (iteration 58)
[2026-07-24 19:03:11] (3s) 			 - SsaCompute::Liveness::liveAtExit/2#b6aa63f4_delta has 41 rows (order for disjuncts: delta=<standard>).
[2026-07-24 19:03:11] (3s) Starting to evaluate predicate SsaCompute::Liveness::liveAtEntry/2#bab3ea7c/2@i59#0b2f6wg8 (iteration 59)
[2026-07-24 19:03:11] (3s) 			 - SsaCompute::Liveness::liveAtEntry/2#bab3ea7c_delta has 41 rows (order for disjuncts: delta=<standard>).
[2026-07-24 19:03:11] (3s) Starting to evaluate predicate SsaCompute::Liveness::liveAtExit/2#b6aa63f4/2@i60#0b2f6xg8 (iteration 60)
[2026-07-24 19:03:11] (3s) 			 - SsaCompute::Liveness::liveAtExit/2#b6aa63f4_delta has 67 rows (order for disjuncts: delta=<standard>).
[2026-07-24 19:03:11] (3s) Starting to evaluate predicate SsaCompute::Liveness::liveAtEntry/2#bab3ea7c/2@i61#0b2f6wg8 (iteration 61)
[2026-07-24 19:03:11] (3s) 			 - SsaCompute::Liveness::liveAtEntry/2#bab3ea7c_delta has 64 rows (order for disjuncts: delta=<standard>).
[2026-07-24 19:03:11] (3s) Starting to evaluate predicate SsaCompute::Liveness::liveAtExit/2#b6aa63f4/2@i62#0b2f6xg8 (iteration 62)
[2026-07-24 19:03:11] (3s) 			 - SsaCompute::Liveness::liveAtExit/2#b6aa63f4_delta has 48 rows (order for disjuncts: delta=<standard>).
[2026-07-24 19:03:11] (3s) Starting to evaluate predicate SsaCompute::Liveness::liveAtEntry/2#bab3ea7c/2@i63#0b2f6wg8 (iteration 63)
[2026-07-24 19:03:11] (3s) 			 - SsaCompute::Liveness::liveAtEntry/2#bab3ea7c_delta has 48 rows (order for disjuncts: delta=<standard>).
[2026-07-24 19:03:11] (3s) Starting to evaluate predicate SsaCompute::Liveness::liveAtExit/2#b6aa63f4/2@i64#0b2f6xg8 (iteration 64)
[2026-07-24 19:03:11] (3s) 			 - SsaCompute::Liveness::liveAtExit/2#b6aa63f4_delta has 48 rows (order for disjuncts: delta=<standard>).
[2026-07-24 19:03:11] (3s) Starting to evaluate predicate SsaCompute::Liveness::liveAtEntry/2#bab3ea7c/2@i65#0b2f6wg8 (iteration 65)
[2026-07-24 19:03:11] (3s) 			 - SsaCompute::Liveness::liveAtEntry/2#bab3ea7c_delta has 48 rows (order for disjuncts: delta=<standard>).
[2026-07-24 19:03:11] (3s) Starting to evaluate predicate SsaCompute::Liveness::liveAtExit/2#b6aa63f4/2@i66#0b2f6xg8 (iteration 66)
[2026-07-24 19:03:11] (3s) 			 - SsaCompute::Liveness::liveAtExit/2#b6aa63f4_delta has 47 rows (order for disjuncts: delta=<standard>).
[2026-07-24 19:03:11] (3s) Starting to evaluate predicate SsaCompute::Liveness::liveAtEntry/2#bab3ea7c/2@i67#0b2f6wg8 (iteration 67)
[2026-07-24 19:03:11] (3s) 			 - SsaCompute::Liveness::liveAtEntry/2#bab3ea7c_delta has 46 rows (order for disjuncts: delta=<standard>).
[2026-07-24 19:03:11] (3s) Starting to evaluate predicate SsaCompute::Liveness::liveAtExit/2#b6aa63f4/2@i68#0b2f6xg8 (iteration 68)
[2026-07-24 19:03:11] (3s) 			 - SsaCompute::Liveness::liveAtExit/2#b6aa63f4_delta has 45 rows (order for disjuncts: delta=<standard>).
[2026-07-24 19:03:11] (3s) Starting to evaluate predicate SsaCompute::Liveness::liveAtEntry/2#bab3ea7c/2@i69#0b2f6wg8 (iteration 69)
[2026-07-24 19:03:11] (3s) 			 - SsaCompute::Liveness::liveAtEntry/2#bab3ea7c_delta has 45 rows (order for disjuncts: delta=<standard>).
[2026-07-24 19:03:11] (3s) Starting to evaluate predicate SsaCompute::Liveness::liveAtExit/2#b6aa63f4/2@i70#0b2f6xg8 (iteration 70)
[2026-07-24 19:03:11] (3s) 			 - SsaCompute::Liveness::liveAtExit/2#b6aa63f4_delta has 44 rows (order for disjuncts: delta=<standard>).
[2026-07-24 19:03:11] (3s) Starting to evaluate predicate SsaCompute::Liveness::liveAtEntry/2#bab3ea7c/2@i71#0b2f6wg8 (iteration 71)
[2026-07-24 19:03:11] (3s) 			 - SsaCompute::Liveness::liveAtEntry/2#bab3ea7c_delta has 44 rows (order for disjuncts: delta=<standard>).
[2026-07-24 19:03:11] (3s) Starting to evaluate predicate SsaCompute::Liveness::liveAtExit/2#b6aa63f4/2@i72#0b2f6xg8 (iteration 72)
[2026-07-24 19:03:11] (3s) 			 - SsaCompute::Liveness::liveAtExit/2#b6aa63f4_delta has 45 rows (order for disjuncts: delta=<standard>).
[2026-07-24 19:03:11] (3s) Starting to evaluate predicate SsaCompute::Liveness::liveAtEntry/2#bab3ea7c/2@i73#0b2f6wg8 (iteration 73)
[2026-07-24 19:03:11] (3s) 			 - SsaCompute::Liveness::liveAtEntry/2#bab3ea7c_delta has 45 rows (order for disjuncts: delta=<standard>).
[2026-07-24 19:03:11] (3s) Starting to evaluate predicate SsaCompute::Liveness::liveAtExit/2#b6aa63f4/2@i74#0b2f6xg8 (iteration 74)
[2026-07-24 19:03:11] (3s) 			 - SsaCompute::Liveness::liveAtExit/2#b6aa63f4_delta has 45 rows (order for disjuncts: delta=<standard>).
[2026-07-24 19:03:11] (3s) Starting to evaluate predicate SsaCompute::Liveness::liveAtEntry/2#bab3ea7c/2@i75#0b2f6wg8 (iteration 75)
[2026-07-24 19:03:11] (3s) 			 - SsaCompute::Liveness::liveAtEntry/2#bab3ea7c_delta has 44 rows (order for disjuncts: delta=<standard>).
[2026-07-24 19:03:11] (3s) Starting to evaluate predicate SsaCompute::Liveness::liveAtExit/2#b6aa63f4/2@i76#0b2f6xg8 (iteration 76)
[2026-07-24 19:03:11] (3s) 			 - SsaCompute::Liveness::liveAtExit/2#b6aa63f4_delta has 45 rows (order for disjuncts: delta=<standard>).
[2026-07-24 19:03:11] (3s) Starting to evaluate predicate SsaCompute::Liveness::liveAtEntry/2#bab3ea7c/2@i77#0b2f6wg8 (iteration 77)
[2026-07-24 19:03:11] (3s) 			 - SsaCompute::Liveness::liveAtEntry/2#bab3ea7c_delta has 44 rows (order for disjuncts: delta=<standard>).
[2026-07-24 19:03:11] (3s) Starting to evaluate predicate SsaCompute::Liveness::liveAtExit/2#b6aa63f4/2@i78#0b2f6xg8 (iteration 78)
[2026-07-24 19:03:11] (3s) 			 - SsaCompute::Liveness::liveAtExit/2#b6aa63f4_delta has 43 rows (order for disjuncts: delta=<standard>).
[2026-07-24 19:03:11] (3s) Starting to evaluate predicate SsaCompute::Liveness::liveAtEntry/2#bab3ea7c/2@i79#0b2f6wg8 (iteration 79)
[2026-07-24 19:03:11] (3s) 			 - SsaCompute::Liveness::liveAtEntry/2#bab3ea7c_delta has 41 rows (order for disjuncts: delta=<standard>).
[2026-07-24 19:03:11] (3s) Starting to evaluate predicate SsaCompute::Liveness::liveAtExit/2#b6aa63f4/2@i80#0b2f6xg8 (iteration 80)
[2026-07-24 19:03:11] (3s) 			 - SsaCompute::Liveness::liveAtExit/2#b6aa63f4_delta has 39 rows (order for disjuncts: delta=<standard>).
[2026-07-24 19:03:11] (3s) Starting to evaluate predicate SsaCompute::Liveness::liveAtEntry/2#bab3ea7c/2@i81#0b2f6wg8 (iteration 81)
[2026-07-24 19:03:11] (3s) 			 - SsaCompute::Liveness::liveAtEntry/2#bab3ea7c_delta has 37 rows (order for disjuncts: delta=<standard>).
[2026-07-24 19:03:11] (3s) Starting to evaluate predicate SsaCompute::Liveness::liveAtExit/2#b6aa63f4/2@i82#0b2f6xg8 (iteration 82)
[2026-07-24 19:03:11] (3s) 			 - SsaCompute::Liveness::liveAtExit/2#b6aa63f4_delta has 38 rows (order for disjuncts: delta=<standard>).
[2026-07-24 19:03:11] (3s) Starting to evaluate predicate SsaCompute::Liveness::liveAtEntry/2#bab3ea7c/2@i83#0b2f6wg8 (iteration 83)
[2026-07-24 19:03:11] (3s) 			 - SsaCompute::Liveness::liveAtEntry/2#bab3ea7c_delta has 37 rows (order for disjuncts: delta=<standard>).
[2026-07-24 19:03:11] (3s) Starting to evaluate predicate SsaCompute::Liveness::liveAtExit/2#b6aa63f4/2@i84#0b2f6xg8 (iteration 84)
[2026-07-24 19:03:11] (3s) 			 - SsaCompute::Liveness::liveAtExit/2#b6aa63f4_delta has 23 rows (order for disjuncts: delta=<standard>).
[2026-07-24 19:03:11] (3s) Starting to evaluate predicate SsaCompute::Liveness::liveAtEntry/2#bab3ea7c/2@i85#0b2f6wg8 (iteration 85)
[2026-07-24 19:03:11] (3s) 			 - SsaCompute::Liveness::liveAtEntry/2#bab3ea7c_delta has 22 rows (order for disjuncts: delta=<standard>).
[2026-07-24 19:03:11] (3s) Starting to evaluate predicate SsaCompute::Liveness::liveAtExit/2#b6aa63f4/2@i86#0b2f6xg8 (iteration 86)
[2026-07-24 19:03:11] (3s) 			 - SsaCompute::Liveness::liveAtExit/2#b6aa63f4_delta has 23 rows (order for disjuncts: delta=<standard>).
[2026-07-24 19:03:11] (3s) Starting to evaluate predicate SsaCompute::Liveness::liveAtEntry/2#bab3ea7c/2@i87#0b2f6wg8 (iteration 87)
[2026-07-24 19:03:11] (3s) 			 - SsaCompute::Liveness::liveAtEntry/2#bab3ea7c_delta has 23 rows (order for disjuncts: delta=<standard>).
[2026-07-24 19:03:11] (3s) Starting to evaluate predicate SsaCompute::Liveness::liveAtExit/2#b6aa63f4/2@i88#0b2f6xg8 (iteration 88)
[2026-07-24 19:03:11] (3s) 			 - SsaCompute::Liveness::liveAtExit/2#b6aa63f4_delta has 21 rows (order for disjuncts: delta=<standard>).
[2026-07-24 19:03:11] (3s) Starting to evaluate predicate SsaCompute::Liveness::liveAtEntry/2#bab3ea7c/2@i89#0b2f6wg8 (iteration 89)
[2026-07-24 19:03:11] (3s) 			 - SsaCompute::Liveness::liveAtEntry/2#bab3ea7c_delta has 20 rows (order for disjuncts: delta=<standard>).
[2026-07-24 19:03:11] (3s) Starting to evaluate predicate SsaCompute::Liveness::liveAtExit/2#b6aa63f4/2@i90#0b2f6xg8 (iteration 90)
[2026-07-24 19:03:11] (3s) 			 - SsaCompute::Liveness::liveAtExit/2#b6aa63f4_delta has 22 rows (order for disjuncts: delta=<standard>).
[2026-07-24 19:03:11] (3s) Starting to evaluate predicate SsaCompute::Liveness::liveAtEntry/2#bab3ea7c/2@i91#0b2f6wg8 (iteration 91)
[2026-07-24 19:03:11] (3s) 			 - SsaCompute::Liveness::liveAtEntry/2#bab3ea7c_delta has 22 rows (order for disjuncts: delta=<standard>).
[2026-07-24 19:03:11] (3s) Starting to evaluate predicate SsaCompute::Liveness::liveAtExit/2#b6aa63f4/2@i92#0b2f6xg8 (iteration 92)
[2026-07-24 19:03:11] (3s) 			 - SsaCompute::Liveness::liveAtExit/2#b6aa63f4_delta has 21 rows (order for disjuncts: delta=<standard>).
[2026-07-24 19:03:11] (3s) Starting to evaluate predicate SsaCompute::Liveness::liveAtEntry/2#bab3ea7c/2@i93#0b2f6wg8 (iteration 93)
[2026-07-24 19:03:11] (3s) 			 - SsaCompute::Liveness::liveAtEntry/2#bab3ea7c_delta has 20 rows (order for disjuncts: delta=<standard>).
[2026-07-24 19:03:11] (3s) Starting to evaluate predicate SsaCompute::Liveness::liveAtExit/2#b6aa63f4/2@i94#0b2f6xg8 (iteration 94)
[2026-07-24 19:03:11] (3s) 			 - SsaCompute::Liveness::liveAtExit/2#b6aa63f4_delta has 21 rows (order for disjuncts: delta=<standard>).
[2026-07-24 19:03:11] (3s) Starting to evaluate predicate SsaCompute::Liveness::liveAtEntry/2#bab3ea7c/2@i95#0b2f6wg8 (iteration 95)
[2026-07-24 19:03:11] (3s) 			 - SsaCompute::Liveness::liveAtEntry/2#bab3ea7c_delta has 21 rows (order for disjuncts: delta=<standard>).
[2026-07-24 19:03:11] (3s) Starting to evaluate predicate SsaCompute::Liveness::liveAtExit/2#b6aa63f4/2@i96#0b2f6xg8 (iteration 96)
[2026-07-24 19:03:11] (3s) 			 - SsaCompute::Liveness::liveAtExit/2#b6aa63f4_delta has 19 rows (order for disjuncts: delta=<standard>).
[2026-07-24 19:03:11] (3s) Starting to evaluate predicate SsaCompute::Liveness::liveAtEntry/2#bab3ea7c/2@i97#0b2f6wg8 (iteration 97)
[2026-07-24 19:03:11] (3s) 			 - SsaCompute::Liveness::liveAtEntry/2#bab3ea7c_delta has 18 rows (order for disjuncts: delta=<standard>).
[2026-07-24 19:03:11] (3s) Starting to evaluate predicate SsaCompute::Liveness::liveAtExit/2#b6aa63f4/2@i98#0b2f6xg8 (iteration 98)
[2026-07-24 19:03:11] (3s) 			 - SsaCompute::Liveness::liveAtExit/2#b6aa63f4_delta has 18 rows (order for disjuncts: delta=<standard>).
[2026-07-24 19:03:11] (3s) Starting to evaluate predicate SsaCompute::Liveness::liveAtEntry/2#bab3ea7c/2@i99#0b2f6wg8 (iteration 99)
[2026-07-24 19:03:11] (3s) 			 - SsaCompute::Liveness::liveAtEntry/2#bab3ea7c_delta has 18 rows (order for disjuncts: delta=<standard>).
[2026-07-24 19:03:11] (3s) Starting to evaluate predicate SsaCompute::Liveness::liveAtExit/2#b6aa63f4/2@i100#0b2f6xg8 (iteration 100)
[2026-07-24 19:03:11] (3s) 			 - SsaCompute::Liveness::liveAtExit/2#b6aa63f4_delta has 19 rows (order for disjuncts: delta=<standard>).
[2026-07-24 19:03:11] (3s) Starting to evaluate predicate SsaCompute::Liveness::liveAtEntry/2#bab3ea7c/2@i101#0b2f6wg8 (iteration 101)
[2026-07-24 19:03:11] (3s) 			 - SsaCompute::Liveness::liveAtEntry/2#bab3ea7c_delta has 19 rows (order for disjuncts: delta=<standard>).
[2026-07-24 19:03:11] (3s) Starting to evaluate predicate SsaCompute::Liveness::liveAtExit/2#b6aa63f4/2@i102#0b2f6xg8 (iteration 102)
[2026-07-24 19:03:11] (3s) 			 - SsaCompute::Liveness::liveAtExit/2#b6aa63f4_delta has 32 rows (order for disjuncts: delta=<standard>).
[2026-07-24 19:03:11] (3s) Starting to evaluate predicate SsaCompute::Liveness::liveAtEntry/2#bab3ea7c/2@i103#0b2f6wg8 (iteration 103)
[2026-07-24 19:03:11] (3s) 			 - SsaCompute::Liveness::liveAtEntry/2#bab3ea7c_delta has 31 rows (order for disjuncts: delta=<standard>).
[2026-07-24 19:03:11] (3s) Starting to evaluate predicate SsaCompute::Liveness::liveAtExit/2#b6aa63f4/2@i104#0b2f6xg8 (iteration 104)
[2026-07-24 19:03:11] (3s) 			 - SsaCompute::Liveness::liveAtExit/2#b6aa63f4_delta has 31 rows (order for disjuncts: delta=<standard>).
[2026-07-24 19:03:11] (3s) Starting to evaluate predicate SsaCompute::Liveness::liveAtEntry/2#bab3ea7c/2@i105#0b2f6wg8 (iteration 105)
[2026-07-24 19:03:11] (3s) 			 - SsaCompute::Liveness::liveAtEntry/2#bab3ea7c_delta has 30 rows (order for disjuncts: delta=<standard>).
[2026-07-24 19:03:11] (3s) Starting to evaluate predicate SsaCompute::Liveness::liveAtExit/2#b6aa63f4/2@i106#0b2f6xg8 (iteration 106)
[2026-07-24 19:03:11] (3s) 			 - SsaCompute::Liveness::liveAtExit/2#b6aa63f4_delta has 30 rows (order for disjuncts: delta=<standard>).
[2026-07-24 19:03:11] (3s) Starting to evaluate predicate SsaCompute::Liveness::liveAtEntry/2#bab3ea7c/2@i107#0b2f6wg8 (iteration 107)
[2026-07-24 19:03:11] (3s) 			 - SsaCompute::Liveness::liveAtEntry/2#bab3ea7c_delta has 29 rows (order for disjuncts: delta=<standard>).
[2026-07-24 19:03:11] (3s) Starting to evaluate predicate SsaCompute::Liveness::liveAtExit/2#b6aa63f4/2@i108#0b2f6xg8 (iteration 108)
[2026-07-24 19:03:11] (3s) 			 - SsaCompute::Liveness::liveAtExit/2#b6aa63f4_delta has 16 rows (order for disjuncts: delta=<standard>).
[2026-07-24 19:03:11] (3s) Starting to evaluate predicate SsaCompute::Liveness::liveAtEntry/2#bab3ea7c/2@i109#0b2f6wg8 (iteration 109)
[2026-07-24 19:03:11] (3s) 			 - SsaCompute::Liveness::liveAtEntry/2#bab3ea7c_delta has 15 rows (order for disjuncts: delta=<standard>).
[2026-07-24 19:03:11] (3s) Starting to evaluate predicate SsaCompute::Liveness::liveAtExit/2#b6aa63f4/2@i110#0b2f6xg8 (iteration 110)
[2026-07-24 19:03:11] (3s) 			 - SsaCompute::Liveness::liveAtExit/2#b6aa63f4_delta has 14 rows (order for disjuncts: delta=<standard>).
[2026-07-24 19:03:11] (3s) Starting to evaluate predicate SsaCompute::Liveness::liveAtEntry/2#bab3ea7c/2@i111#0b2f6wg8 (iteration 111)
[2026-07-24 19:03:11] (3s) 			 - SsaCompute::Liveness::liveAtEntry/2#bab3ea7c_delta has 14 rows (order for disjuncts: delta=<standard>).
[2026-07-24 19:03:11] (3s) Starting to evaluate predicate SsaCompute::Liveness::liveAtExit/2#b6aa63f4/2@i112#0b2f6xg8 (iteration 112)
[2026-07-24 19:03:11] (3s) 			 - SsaCompute::Liveness::liveAtExit/2#b6aa63f4_delta has 14 rows (order for disjuncts: delta=<standard>).
[2026-07-24 19:03:11] (3s) Starting to evaluate predicate SsaCompute::Liveness::liveAtEntry/2#bab3ea7c/2@i113#0b2f6wg8 (iteration 113)
[2026-07-24 19:03:11] (3s) 			 - SsaCompute::Liveness::liveAtEntry/2#bab3ea7c_delta has 14 rows (order for disjuncts: delta=<standard>).
[2026-07-24 19:03:11] (3s) Starting to evaluate predicate SsaCompute::Liveness::liveAtExit/2#b6aa63f4/2@i114#0b2f6xg8 (iteration 114)
[2026-07-24 19:03:11] (3s) 			 - SsaCompute::Liveness::liveAtExit/2#b6aa63f4_delta has 14 rows (order for disjuncts: delta=<standard>).
[2026-07-24 19:03:11] (3s) Starting to evaluate predicate SsaCompute::Liveness::liveAtEntry/2#bab3ea7c/2@i115#0b2f6wg8 (iteration 115)
[2026-07-24 19:03:11] (3s) 			 - SsaCompute::Liveness::liveAtEntry/2#bab3ea7c_delta has 14 rows (order for disjuncts: delta=<standard>).
[2026-07-24 19:03:11] (3s) Starting to evaluate predicate SsaCompute::Liveness::liveAtExit/2#b6aa63f4/2@i116#0b2f6xg8 (iteration 116)
[2026-07-24 19:03:11] (3s) 			 - SsaCompute::Liveness::liveAtExit/2#b6aa63f4_delta has 14 rows (order for disjuncts: delta=<standard>).
[2026-07-24 19:03:11] (3s) Starting to evaluate predicate SsaCompute::Liveness::liveAtEntry/2#bab3ea7c/2@i117#0b2f6wg8 (iteration 117)
[2026-07-24 19:03:11] (3s) 			 - SsaCompute::Liveness::liveAtEntry/2#bab3ea7c_delta has 14 rows (order for disjuncts: delta=<standard>).
[2026-07-24 19:03:11] (3s) Starting to evaluate predicate SsaCompute::Liveness::liveAtExit/2#b6aa63f4/2@i118#0b2f6xg8 (iteration 118)
[2026-07-24 19:03:11] (3s) 			 - SsaCompute::Liveness::liveAtExit/2#b6aa63f4_delta has 14 rows (order for disjuncts: delta=<standard>).
[2026-07-24 19:03:11] (3s) Starting to evaluate predicate SsaCompute::Liveness::liveAtEntry/2#bab3ea7c/2@i119#0b2f6wg8 (iteration 119)
[2026-07-24 19:03:11] (3s) 			 - SsaCompute::Liveness::liveAtEntry/2#bab3ea7c_delta has 14 rows (order for disjuncts: delta=<standard>).
[2026-07-24 19:03:11] (3s) Starting to evaluate predicate SsaCompute::Liveness::liveAtExit/2#b6aa63f4/2@i120#0b2f6xg8 (iteration 120)
[2026-07-24 19:03:11] (3s) 			 - SsaCompute::Liveness::liveAtExit/2#b6aa63f4_delta has 14 rows (order for disjuncts: delta=<standard>).
[2026-07-24 19:03:11] (3s) Starting to evaluate predicate SsaCompute::Liveness::liveAtEntry/2#bab3ea7c/2@i121#0b2f6wg8 (iteration 121)
[2026-07-24 19:03:11] (3s) 			 - SsaCompute::Liveness::liveAtEntry/2#bab3ea7c_delta has 14 rows (order for disjuncts: delta=<standard>).
[2026-07-24 19:03:11] (3s) Starting to evaluate predicate SsaCompute::Liveness::liveAtExit/2#b6aa63f4/2@i122#0b2f6xg8 (iteration 122)
[2026-07-24 19:03:11] (3s) 			 - SsaCompute::Liveness::liveAtExit/2#b6aa63f4_delta has 14 rows (order for disjuncts: delta=<standard>).
[2026-07-24 19:03:11] (3s) Starting to evaluate predicate SsaCompute::Liveness::liveAtEntry/2#bab3ea7c/2@i123#0b2f6wg8 (iteration 123)
[2026-07-24 19:03:11] (3s) 			 - SsaCompute::Liveness::liveAtEntry/2#bab3ea7c_delta has 14 rows (order for disjuncts: delta=<standard>).
[2026-07-24 19:03:11] (3s) Starting to evaluate predicate SsaCompute::Liveness::liveAtExit/2#b6aa63f4/2@i124#0b2f6xg8 (iteration 124)
[2026-07-24 19:03:11] (3s) 			 - SsaCompute::Liveness::liveAtExit/2#b6aa63f4_delta has 14 rows (order for disjuncts: delta=<standard>).
[2026-07-24 19:03:11] (3s) Starting to evaluate predicate SsaCompute::Liveness::liveAtEntry/2#bab3ea7c/2@i125#0b2f6wg8 (iteration 125)
[2026-07-24 19:03:11] (3s) 			 - SsaCompute::Liveness::liveAtEntry/2#bab3ea7c_delta has 14 rows (order for disjuncts: delta=<standard>).
[2026-07-24 19:03:11] (3s) Starting to evaluate predicate SsaCompute::Liveness::liveAtExit/2#b6aa63f4/2@i126#0b2f6xg8 (iteration 126)
[2026-07-24 19:03:11] (3s) 			 - SsaCompute::Liveness::liveAtExit/2#b6aa63f4_delta has 14 rows (order for disjuncts: delta=<standard>).
[2026-07-24 19:03:11] (3s) Starting to evaluate predicate SsaCompute::Liveness::liveAtEntry/2#bab3ea7c/2@i127#0b2f6wg8 (iteration 127)
[2026-07-24 19:03:11] (3s) 			 - SsaCompute::Liveness::liveAtEntry/2#bab3ea7c_delta has 14 rows (order for disjuncts: delta=<standard>).
[2026-07-24 19:03:11] (3s) Starting to evaluate predicate SsaCompute::Liveness::liveAtExit/2#b6aa63f4/2@i128#0b2f6xg8 (iteration 128)
[2026-07-24 19:03:11] (3s) 			 - SsaCompute::Liveness::liveAtExit/2#b6aa63f4_delta has 14 rows (order for disjuncts: delta=<standard>).
[2026-07-24 19:03:11] (3s) Starting to evaluate predicate SsaCompute::Liveness::liveAtEntry/2#bab3ea7c/2@i129#0b2f6wg8 (iteration 129)
[2026-07-24 19:03:11] (3s) 			 - SsaCompute::Liveness::liveAtEntry/2#bab3ea7c_delta has 14 rows (order for disjuncts: delta=<standard>).
[2026-07-24 19:03:11] (3s) Starting to evaluate predicate SsaCompute::Liveness::liveAtExit/2#b6aa63f4/2@i130#0b2f6xg8 (iteration 130)
[2026-07-24 19:03:11] (3s) 			 - SsaCompute::Liveness::liveAtExit/2#b6aa63f4_delta has 25 rows (order for disjuncts: delta=<standard>).
[2026-07-24 19:03:11] (3s) Starting to evaluate predicate SsaCompute::Liveness::liveAtEntry/2#bab3ea7c/2@i131#0b2f6wg8 (iteration 131)
[2026-07-24 19:03:11] (3s) 			 - SsaCompute::Liveness::liveAtEntry/2#bab3ea7c_delta has 22 rows (order for disjuncts: delta=<standard>).
[2026-07-24 19:03:11] (3s) Starting to evaluate predicate SsaCompute::Liveness::liveAtExit/2#b6aa63f4/2@i132#0b2f6xg8 (iteration 132)
[2026-07-24 19:03:11] (3s) 			 - SsaCompute::Liveness::liveAtExit/2#b6aa63f4_delta has 21 rows (order for disjuncts: delta=<standard>).
[2026-07-24 19:03:11] (3s) Starting to evaluate predicate SsaCompute::Liveness::liveAtEntry/2#bab3ea7c/2@i133#0b2f6wg8 (iteration 133)
[2026-07-24 19:03:11] (3s) 			 - SsaCompute::Liveness::liveAtEntry/2#bab3ea7c_delta has 21 rows (order for disjuncts: delta=<standard>).
[2026-07-24 19:03:11] (3s) Starting to evaluate predicate SsaCompute::Liveness::liveAtExit/2#b6aa63f4/2@i134#0b2f6xg8 (iteration 134)
[2026-07-24 19:03:11] (3s) 			 - SsaCompute::Liveness::liveAtExit/2#b6aa63f4_delta has 21 rows (order for disjuncts: delta=<standard>).
[2026-07-24 19:03:11] (3s) Starting to evaluate predicate SsaCompute::Liveness::liveAtEntry/2#bab3ea7c/2@i135#0b2f6wg8 (iteration 135)
[2026-07-24 19:03:11] (3s) 			 - SsaCompute::Liveness::liveAtEntry/2#bab3ea7c_delta has 21 rows (order for disjuncts: delta=<standard>).
[2026-07-24 19:03:11] (3s) Starting to evaluate predicate SsaCompute::Liveness::liveAtExit/2#b6aa63f4/2@i136#0b2f6xg8 (iteration 136)
[2026-07-24 19:03:11] (3s) 			 - SsaCompute::Liveness::liveAtExit/2#b6aa63f4_delta has 11 rows (order for disjuncts: delta=<standard>).
[2026-07-24 19:03:11] (3s) Starting to evaluate predicate SsaCompute::Liveness::liveAtEntry/2#bab3ea7c/2@i137#0b2f6wg8 (iteration 137)
[2026-07-24 19:03:11] (3s) 			 - SsaCompute::Liveness::liveAtEntry/2#bab3ea7c_delta has 11 rows (order for disjuncts: delta=<standard>).
[2026-07-24 19:03:11] (3s) Starting to evaluate predicate SsaCompute::Liveness::liveAtExit/2#b6aa63f4/2@i138#0b2f6xg8 (iteration 138)
[2026-07-24 19:03:11] (3s) 			 - SsaCompute::Liveness::liveAtExit/2#b6aa63f4_delta has 11 rows (order for disjuncts: delta=<standard>).
[2026-07-24 19:03:11] (3s) Starting to evaluate predicate SsaCompute::Liveness::liveAtEntry/2#bab3ea7c/2@i139#0b2f6wg8 (iteration 139)
[2026-07-24 19:03:11] (3s) 			 - SsaCompute::Liveness::liveAtEntry/2#bab3ea7c_delta has 11 rows (order for disjuncts: delta=<standard>).
[2026-07-24 19:03:11] (3s) Starting to evaluate predicate SsaCompute::Liveness::liveAtExit/2#b6aa63f4/2@i140#0b2f6xg8 (iteration 140)
[2026-07-24 19:03:11] (3s) 			 - SsaCompute::Liveness::liveAtExit/2#b6aa63f4_delta has 11 rows (order for disjuncts: delta=<standard>).
[2026-07-24 19:03:11] (3s) Starting to evaluate predicate SsaCompute::Liveness::liveAtEntry/2#bab3ea7c/2@i141#0b2f6wg8 (iteration 141)
[2026-07-24 19:03:11] (3s) 			 - SsaCompute::Liveness::liveAtEntry/2#bab3ea7c_delta has 11 rows (order for disjuncts: delta=<standard>).
[2026-07-24 19:03:11] (3s) Starting to evaluate predicate SsaCompute::Liveness::liveAtExit/2#b6aa63f4/2@i142#0b2f6xg8 (iteration 142)
[2026-07-24 19:03:11] (3s) 			 - SsaCompute::Liveness::liveAtExit/2#b6aa63f4_delta has 11 rows (order for disjuncts: delta=<standard>).
[2026-07-24 19:03:11] (3s) Starting to evaluate predicate SsaCompute::Liveness::liveAtEntry/2#bab3ea7c/2@i143#0b2f6wg8 (iteration 143)
[2026-07-24 19:03:11] (3s) 			 - SsaCompute::Liveness::liveAtEntry/2#bab3ea7c_delta has 11 rows (order for disjuncts: delta=<standard>).
[2026-07-24 19:03:11] (3s) Starting to evaluate predicate SsaCompute::Liveness::liveAtExit/2#b6aa63f4/2@i144#0b2f6xg8 (iteration 144)
[2026-07-24 19:03:11] (3s) 			 - SsaCompute::Liveness::liveAtExit/2#b6aa63f4_delta has 11 rows (order for disjuncts: delta=<standard>).
[2026-07-24 19:03:11] (3s) Starting to evaluate predicate SsaCompute::Liveness::liveAtEntry/2#bab3ea7c/2@i145#0b2f6wg8 (iteration 145)
[2026-07-24 19:03:11] (3s) 			 - SsaCompute::Liveness::liveAtEntry/2#bab3ea7c_delta has 11 rows (order for disjuncts: delta=<standard>).
[2026-07-24 19:03:11] (3s) Starting to evaluate predicate SsaCompute::Liveness::liveAtExit/2#b6aa63f4/2@i146#0b2f6xg8 (iteration 146)
[2026-07-24 19:03:11] (3s) 			 - SsaCompute::Liveness::liveAtExit/2#b6aa63f4_delta has 11 rows (order for disjuncts: delta=<standard>).
[2026-07-24 19:03:11] (3s) Starting to evaluate predicate SsaCompute::Liveness::liveAtEntry/2#bab3ea7c/2@i147#0b2f6wg8 (iteration 147)
[2026-07-24 19:03:11] (3s) 			 - SsaCompute::Liveness::liveAtEntry/2#bab3ea7c_delta has 11 rows (order for disjuncts: delta=<standard>).
[2026-07-24 19:03:11] (3s) Starting to evaluate predicate SsaCompute::Liveness::liveAtExit/2#b6aa63f4/2@i148#0b2f6xg8 (iteration 148)
[2026-07-24 19:03:11] (3s) 			 - SsaCompute::Liveness::liveAtExit/2#b6aa63f4_delta has 11 rows (order for disjuncts: delta=<standard>).
[2026-07-24 19:03:11] (3s) Starting to evaluate predicate SsaCompute::Liveness::liveAtEntry/2#bab3ea7c/2@i149#0b2f6wg8 (iteration 149)
[2026-07-24 19:03:11] (3s) 			 - SsaCompute::Liveness::liveAtEntry/2#bab3ea7c_delta has 11 rows (order for disjuncts: delta=<standard>).
[2026-07-24 19:03:11] (3s) Starting to evaluate predicate SsaCompute::Liveness::liveAtExit/2#b6aa63f4/2@i150#0b2f6xg8 (iteration 150)
[2026-07-24 19:03:11] (3s) 			 - SsaCompute::Liveness::liveAtExit/2#b6aa63f4_delta has 11 rows (order for disjuncts: delta=<standard>).
[2026-07-24 19:03:11] (3s) Starting to evaluate predicate SsaCompute::Liveness::liveAtEntry/2#bab3ea7c/2@i151#0b2f6wg8 (iteration 151)
[2026-07-24 19:03:11] (3s) 			 - SsaCompute::Liveness::liveAtEntry/2#bab3ea7c_delta has 8 rows (order for disjuncts: delta=<standard>).
[2026-07-24 19:03:11] (3s) Starting to evaluate predicate SsaCompute::Liveness::liveAtExit/2#b6aa63f4/2@i152#0b2f6xg8 (iteration 152)
[2026-07-24 19:03:11] (3s) 			 - SsaCompute::Liveness::liveAtExit/2#b6aa63f4_delta has 8 rows (order for disjuncts: delta=<standard>).
[2026-07-24 19:03:11] (3s) Starting to evaluate predicate SsaCompute::Liveness::liveAtEntry/2#bab3ea7c/2@i153#0b2f6wg8 (iteration 153)
[2026-07-24 19:03:11] (3s) 			 - SsaCompute::Liveness::liveAtEntry/2#bab3ea7c_delta has 8 rows (order for disjuncts: delta=<standard>).
[2026-07-24 19:03:11] (3s) Starting to evaluate predicate SsaCompute::Liveness::liveAtExit/2#b6aa63f4/2@i154#0b2f6xg8 (iteration 154)
[2026-07-24 19:03:11] (3s) 			 - SsaCompute::Liveness::liveAtExit/2#b6aa63f4_delta has 8 rows (order for disjuncts: delta=<standard>).
[2026-07-24 19:03:11] (3s) Starting to evaluate predicate SsaCompute::Liveness::liveAtEntry/2#bab3ea7c/2@i155#0b2f6wg8 (iteration 155)
[2026-07-24 19:03:11] (3s) 			 - SsaCompute::Liveness::liveAtEntry/2#bab3ea7c_delta has 8 rows (order for disjuncts: delta=<standard>).
[2026-07-24 19:03:11] (3s) Starting to evaluate predicate SsaCompute::Liveness::liveAtExit/2#b6aa63f4/2@i156#0b2f6xg8 (iteration 156)
[2026-07-24 19:03:11] (3s) 			 - SsaCompute::Liveness::liveAtExit/2#b6aa63f4_delta has 8 rows (order for disjuncts: delta=<standard>).
[2026-07-24 19:03:11] (3s) Starting to evaluate predicate SsaCompute::Liveness::liveAtEntry/2#bab3ea7c/2@i157#0b2f6wg8 (iteration 157)
[2026-07-24 19:03:11] (3s) 			 - SsaCompute::Liveness::liveAtEntry/2#bab3ea7c_delta has 8 rows (order for disjuncts: delta=<standard>).
[2026-07-24 19:03:11] (3s) Starting to evaluate predicate SsaCompute::Liveness::liveAtExit/2#b6aa63f4/2@i158#0b2f6xg8 (iteration 158)
[2026-07-24 19:03:11] (3s) 			 - SsaCompute::Liveness::liveAtExit/2#b6aa63f4_delta has 8 rows (order for disjuncts: delta=<standard>).
[2026-07-24 19:03:11] (3s) Starting to evaluate predicate SsaCompute::Liveness::liveAtEntry/2#bab3ea7c/2@i159#0b2f6wg8 (iteration 159)
[2026-07-24 19:03:11] (3s) 			 - SsaCompute::Liveness::liveAtEntry/2#bab3ea7c_delta has 8 rows (order for disjuncts: delta=<standard>).
[2026-07-24 19:03:11] (3s) Starting to evaluate predicate SsaCompute::Liveness::liveAtExit/2#b6aa63f4/2@i160#0b2f6xg8 (iteration 160)
[2026-07-24 19:03:11] (3s) 			 - SsaCompute::Liveness::liveAtExit/2#b6aa63f4_delta has 8 rows (order for disjuncts: delta=<standard>).
[2026-07-24 19:03:11] (3s) Starting to evaluate predicate SsaCompute::Liveness::liveAtEntry/2#bab3ea7c/2@i161#0b2f6wg8 (iteration 161)
[2026-07-24 19:03:11] (3s) 			 - SsaCompute::Liveness::liveAtEntry/2#bab3ea7c_delta has 8 rows (order for disjuncts: delta=<standard>).
[2026-07-24 19:03:11] (3s) Starting to evaluate predicate SsaCompute::Liveness::liveAtExit/2#b6aa63f4/2@i162#0b2f6xg8 (iteration 162)
[2026-07-24 19:03:11] (3s) 			 - SsaCompute::Liveness::liveAtExit/2#b6aa63f4_delta has 8 rows (order for disjuncts: delta=<standard>).
[2026-07-24 19:03:11] (3s) Starting to evaluate predicate SsaCompute::Liveness::liveAtEntry/2#bab3ea7c/2@i163#0b2f6wg8 (iteration 163)
[2026-07-24 19:03:11] (3s) 			 - SsaCompute::Liveness::liveAtEntry/2#bab3ea7c_delta has 8 rows (order for disjuncts: delta=<standard>).
[2026-07-24 19:03:11] (3s) Starting to evaluate predicate SsaCompute::Liveness::liveAtExit/2#b6aa63f4/2@i164#0b2f6xg8 (iteration 164)
[2026-07-24 19:03:11] (3s) 			 - SsaCompute::Liveness::liveAtExit/2#b6aa63f4_delta has 8 rows (order for disjuncts: delta=<standard>).
[2026-07-24 19:03:11] (3s) Starting to evaluate predicate SsaCompute::Liveness::liveAtEntry/2#bab3ea7c/2@i165#0b2f6wg8 (iteration 165)
[2026-07-24 19:03:11] (3s) 			 - SsaCompute::Liveness::liveAtEntry/2#bab3ea7c_delta has 8 rows (order for disjuncts: delta=<standard>).
[2026-07-24 19:03:11] (3s) Starting to evaluate predicate SsaCompute::Liveness::liveAtExit/2#b6aa63f4/2@i166#0b2f6xg8 (iteration 166)
[2026-07-24 19:03:11] (3s) 			 - SsaCompute::Liveness::liveAtExit/2#b6aa63f4_delta has 8 rows (order for disjuncts: delta=<standard>).
[2026-07-24 19:03:11] (3s) Starting to evaluate predicate SsaCompute::Liveness::liveAtEntry/2#bab3ea7c/2@i167#0b2f6wg8 (iteration 167)
[2026-07-24 19:03:11] (3s) 			 - SsaCompute::Liveness::liveAtEntry/2#bab3ea7c_delta has 8 rows (order for disjuncts: delta=<standard>).
[2026-07-24 19:03:11] (3s) Starting to evaluate predicate SsaCompute::Liveness::liveAtExit/2#b6aa63f4/2@i168#0b2f6xg8 (iteration 168)
[2026-07-24 19:03:11] (3s) 			 - SsaCompute::Liveness::liveAtExit/2#b6aa63f4_delta has 8 rows (order for disjuncts: delta=<standard>).
[2026-07-24 19:03:11] (3s) Starting to evaluate predicate SsaCompute::Liveness::liveAtEntry/2#bab3ea7c/2@i169#0b2f6wg8 (iteration 169)
[2026-07-24 19:03:11] (3s) 			 - SsaCompute::Liveness::liveAtEntry/2#bab3ea7c_delta has 7 rows (order for disjuncts: delta=<standard>).
[2026-07-24 19:03:11] (3s) Starting to evaluate predicate SsaCompute::Liveness::liveAtExit/2#b6aa63f4/2@i170#0b2f6xg8 (iteration 170)
[2026-07-24 19:03:11] (3s) 			 - SsaCompute::Liveness::liveAtExit/2#b6aa63f4_delta has 7 rows (order for disjuncts: delta=<standard>).
[2026-07-24 19:03:11] (3s) Starting to evaluate predicate SsaCompute::Liveness::liveAtEntry/2#bab3ea7c/2@i171#0b2f6wg8 (iteration 171)
[2026-07-24 19:03:11] (3s) 			 - SsaCompute::Liveness::liveAtEntry/2#bab3ea7c_delta has 7 rows (order for disjuncts: delta=<standard>).
[2026-07-24 19:03:11] (3s) Starting to evaluate predicate SsaCompute::Liveness::liveAtExit/2#b6aa63f4/2@i172#0b2f6xg8 (iteration 172)
[2026-07-24 19:03:11] (3s) 			 - SsaCompute::Liveness::liveAtExit/2#b6aa63f4_delta has 7 rows (order for disjuncts: delta=<standard>).
[2026-07-24 19:03:11] (3s) Starting to evaluate predicate SsaCompute::Liveness::liveAtEntry/2#bab3ea7c/2@i173#0b2f6wg8 (iteration 173)
[2026-07-24 19:03:11] (3s) 			 - SsaCompute::Liveness::liveAtEntry/2#bab3ea7c_delta has 7 rows (order for disjuncts: delta=<standard>).
[2026-07-24 19:03:11] (3s) Starting to evaluate predicate SsaCompute::Liveness::liveAtExit/2#b6aa63f4/2@i174#0b2f6xg8 (iteration 174)
[2026-07-24 19:03:11] (3s) 			 - SsaCompute::Liveness::liveAtExit/2#b6aa63f4_delta has 7 rows (order for disjuncts: delta=<standard>).
[2026-07-24 19:03:11] (3s) Starting to evaluate predicate SsaCompute::Liveness::liveAtEntry/2#bab3ea7c/2@i175#0b2f6wg8 (iteration 175)
[2026-07-24 19:03:11] (3s) 			 - SsaCompute::Liveness::liveAtEntry/2#bab3ea7c_delta has 7 rows (order for disjuncts: delta=<standard>).
[2026-07-24 19:03:11] (3s) Starting to evaluate predicate SsaCompute::Liveness::liveAtExit/2#b6aa63f4/2@i176#0b2f6xg8 (iteration 176)
[2026-07-24 19:03:11] (3s) 			 - SsaCompute::Liveness::liveAtExit/2#b6aa63f4_delta has 7 rows (order for disjuncts: delta=<standard>).
[2026-07-24 19:03:11] (3s) Starting to evaluate predicate SsaCompute::Liveness::liveAtEntry/2#bab3ea7c/2@i177#0b2f6wg8 (iteration 177)
[2026-07-24 19:03:11] (3s) 			 - SsaCompute::Liveness::liveAtEntry/2#bab3ea7c_delta has 7 rows (order for disjuncts: delta=<standard>).
[2026-07-24 19:03:11] (3s) Starting to evaluate predicate SsaCompute::Liveness::liveAtExit/2#b6aa63f4/2@i178#0b2f6xg8 (iteration 178)
[2026-07-24 19:03:11] (3s) 			 - SsaCompute::Liveness::liveAtExit/2#b6aa63f4_delta has 7 rows (order for disjuncts: delta=<standard>).
[2026-07-24 19:03:11] (3s) Starting to evaluate predicate SsaCompute::Liveness::liveAtEntry/2#bab3ea7c/2@i179#0b2f6wg8 (iteration 179)
[2026-07-24 19:03:11] (3s) 			 - SsaCompute::Liveness::liveAtEntry/2#bab3ea7c_delta has 7 rows (order for disjuncts: delta=<standard>).
[2026-07-24 19:03:11] (3s) Starting to evaluate predicate SsaCompute::Liveness::liveAtExit/2#b6aa63f4/2@i180#0b2f6xg8 (iteration 180)
[2026-07-24 19:03:11] (3s) 			 - SsaCompute::Liveness::liveAtExit/2#b6aa63f4_delta has 7 rows (order for disjuncts: delta=<standard>).
[2026-07-24 19:03:11] (3s) Starting to evaluate predicate SsaCompute::Liveness::liveAtEntry/2#bab3ea7c/2@i181#0b2f6wg8 (iteration 181)
[2026-07-24 19:03:11] (3s) 			 - SsaCompute::Liveness::liveAtEntry/2#bab3ea7c_delta has 7 rows (order for disjuncts: delta=<standard>).
[2026-07-24 19:03:11] (3s) Starting to evaluate predicate SsaCompute::Liveness::liveAtExit/2#b6aa63f4/2@i182#0b2f6xg8 (iteration 182)
[2026-07-24 19:03:11] (3s) 			 - SsaCompute::Liveness::liveAtExit/2#b6aa63f4_delta has 7 rows (order for disjuncts: delta=<standard>).
[2026-07-24 19:03:11] (3s) Starting to evaluate predicate SsaCompute::Liveness::liveAtEntry/2#bab3ea7c/2@i183#0b2f6wg8 (iteration 183)
[2026-07-24 19:03:11] (3s) 			 - SsaCompute::Liveness::liveAtEntry/2#bab3ea7c_delta has 7 rows (order for disjuncts: delta=<standard>).
[2026-07-24 19:03:11] (3s) Starting to evaluate predicate SsaCompute::Liveness::liveAtExit/2#b6aa63f4/2@i184#0b2f6xg8 (iteration 184)
[2026-07-24 19:03:11] (3s) 			 - SsaCompute::Liveness::liveAtExit/2#b6aa63f4_delta has 7 rows (order for disjuncts: delta=<standard>).
[2026-07-24 19:03:11] (3s) Starting to evaluate predicate SsaCompute::Liveness::liveAtEntry/2#bab3ea7c/2@i185#0b2f6wg8 (iteration 185)
[2026-07-24 19:03:11] (3s) 			 - SsaCompute::Liveness::liveAtEntry/2#bab3ea7c_delta has 7 rows (order for disjuncts: delta=<standard>).
[2026-07-24 19:03:11] (3s) Starting to evaluate predicate SsaCompute::Liveness::liveAtExit/2#b6aa63f4/2@i186#0b2f6xg8 (iteration 186)
[2026-07-24 19:03:11] (3s) 			 - SsaCompute::Liveness::liveAtExit/2#b6aa63f4_delta has 7 rows (order for disjuncts: delta=<standard>).
[2026-07-24 19:03:11] (3s) Starting to evaluate predicate SsaCompute::Liveness::liveAtEntry/2#bab3ea7c/2@i187#0b2f6wg8 (iteration 187)
[2026-07-24 19:03:11] (3s) 			 - SsaCompute::Liveness::liveAtEntry/2#bab3ea7c_delta has 7 rows (order for disjuncts: delta=<standard>).
[2026-07-24 19:03:11] (3s) Starting to evaluate predicate SsaCompute::Liveness::liveAtExit/2#b6aa63f4/2@i188#0b2f6xg8 (iteration 188)
[2026-07-24 19:03:11] (3s) 			 - SsaCompute::Liveness::liveAtExit/2#b6aa63f4_delta has 7 rows (order for disjuncts: delta=<standard>).
[2026-07-24 19:03:11] (3s) Starting to evaluate predicate SsaCompute::Liveness::liveAtEntry/2#bab3ea7c/2@i189#0b2f6wg8 (iteration 189)
[2026-07-24 19:03:11] (3s) 			 - SsaCompute::Liveness::liveAtEntry/2#bab3ea7c_delta has 7 rows (order for disjuncts: delta=<standard>).
[2026-07-24 19:03:11] (3s) Starting to evaluate predicate SsaCompute::Liveness::liveAtExit/2#b6aa63f4/2@i190#0b2f6xg8 (iteration 190)
[2026-07-24 19:03:11] (3s) 			 - SsaCompute::Liveness::liveAtExit/2#b6aa63f4_delta has 7 rows (order for disjuncts: delta=<standard>).
[2026-07-24 19:03:11] (3s) Starting to evaluate predicate SsaCompute::Liveness::liveAtEntry/2#bab3ea7c/2@i191#0b2f6wg8 (iteration 191)
[2026-07-24 19:03:11] (3s) 			 - SsaCompute::Liveness::liveAtEntry/2#bab3ea7c_delta has 7 rows (order for disjuncts: delta=<standard>).
[2026-07-24 19:03:11] (3s) Starting to evaluate predicate SsaCompute::Liveness::liveAtExit/2#b6aa63f4/2@i192#0b2f6xg8 (iteration 192)
[2026-07-24 19:03:11] (3s) 			 - SsaCompute::Liveness::liveAtExit/2#b6aa63f4_delta has 7 rows (order for disjuncts: delta=<standard>).
[2026-07-24 19:03:11] (3s) Starting to evaluate predicate SsaCompute::Liveness::liveAtEntry/2#bab3ea7c/2@i193#0b2f6wg8 (iteration 193)
[2026-07-24 19:03:11] (3s) 			 - SsaCompute::Liveness::liveAtEntry/2#bab3ea7c_delta has 7 rows (order for disjuncts: delta=<standard>).
[2026-07-24 19:03:11] (3s) Starting to evaluate predicate SsaCompute::Liveness::liveAtExit/2#b6aa63f4/2@i194#0b2f6xg8 (iteration 194)
[2026-07-24 19:03:11] (3s) 			 - SsaCompute::Liveness::liveAtExit/2#b6aa63f4_delta has 7 rows (order for disjuncts: delta=<standard>).
[2026-07-24 19:03:11] (3s) Starting to evaluate predicate SsaCompute::Liveness::liveAtEntry/2#bab3ea7c/2@i195#0b2f6wg8 (iteration 195)
[2026-07-24 19:03:11] (3s) 			 - SsaCompute::Liveness::liveAtEntry/2#bab3ea7c_delta has 7 rows (order for disjuncts: delta=<standard>).
[2026-07-24 19:03:11] (3s) Starting to evaluate predicate SsaCompute::Liveness::liveAtExit/2#b6aa63f4/2@i196#0b2f6xg8 (iteration 196)
[2026-07-24 19:03:11] (3s) 			 - SsaCompute::Liveness::liveAtExit/2#b6aa63f4_delta has 7 rows (order for disjuncts: delta=<standard>).
[2026-07-24 19:03:11] (3s) Starting to evaluate predicate SsaCompute::Liveness::liveAtEntry/2#bab3ea7c/2@i197#0b2f6wg8 (iteration 197)
[2026-07-24 19:03:11] (3s) 			 - SsaCompute::Liveness::liveAtEntry/2#bab3ea7c_delta has 7 rows (order for disjuncts: delta=<standard>).
[2026-07-24 19:03:11] (3s) Starting to evaluate predicate SsaCompute::Liveness::liveAtExit/2#b6aa63f4/2@i198#0b2f6xg8 (iteration 198)
[2026-07-24 19:03:11] (3s) 			 - SsaCompute::Liveness::liveAtExit/2#b6aa63f4_delta has 7 rows (order for disjuncts: delta=<standard>).
[2026-07-24 19:03:11] (3s) Starting to evaluate predicate SsaCompute::Liveness::liveAtEntry/2#bab3ea7c/2@i199#0b2f6wg8 (iteration 199)
[2026-07-24 19:03:11] (3s) 			 - SsaCompute::Liveness::liveAtEntry/2#bab3ea7c_delta has 7 rows (order for disjuncts: delta=<standard>).
[2026-07-24 19:03:11] (3s) Starting to evaluate predicate SsaCompute::Liveness::liveAtExit/2#b6aa63f4/2@i200#0b2f6xg8 (iteration 200)
[2026-07-24 19:03:11] (3s) 			 - SsaCompute::Liveness::liveAtExit/2#b6aa63f4_delta has 7 rows (order for disjuncts: delta=<standard>).
[2026-07-24 19:03:11] (3s) Starting to evaluate predicate SsaCompute::Liveness::liveAtEntry/2#bab3ea7c/2@i201#0b2f6wg8 (iteration 201)
[2026-07-24 19:03:11] (3s) 			 - SsaCompute::Liveness::liveAtEntry/2#bab3ea7c_delta has 7 rows (order for disjuncts: delta=<standard>).
[2026-07-24 19:03:11] (3s) Starting to evaluate predicate SsaCompute::Liveness::liveAtExit/2#b6aa63f4/2@i202#0b2f6xg8 (iteration 202)
[2026-07-24 19:03:11] (3s) 			 - SsaCompute::Liveness::liveAtExit/2#b6aa63f4_delta has 7 rows (order for disjuncts: delta=<standard>).
[2026-07-24 19:03:11] (3s) Starting to evaluate predicate SsaCompute::Liveness::liveAtEntry/2#bab3ea7c/2@i203#0b2f6wg8 (iteration 203)
[2026-07-24 19:03:11] (3s) 			 - SsaCompute::Liveness::liveAtEntry/2#bab3ea7c_delta has 7 rows (order for disjuncts: delta=<standard>).
[2026-07-24 19:03:11] (3s) Starting to evaluate predicate SsaCompute::Liveness::liveAtExit/2#b6aa63f4/2@i204#0b2f6xg8 (iteration 204)
[2026-07-24 19:03:11] (3s) 			 - SsaCompute::Liveness::liveAtExit/2#b6aa63f4_delta has 7 rows (order for disjuncts: delta=<standard>).
[2026-07-24 19:03:11] (3s) Starting to evaluate predicate SsaCompute::Liveness::liveAtEntry/2#bab3ea7c/2@i205#0b2f6wg8 (iteration 205)
[2026-07-24 19:03:11] (3s) 			 - SsaCompute::Liveness::liveAtEntry/2#bab3ea7c_delta has 7 rows (order for disjuncts: delta=<standard>).
[2026-07-24 19:03:11] (3s) Starting to evaluate predicate SsaCompute::Liveness::liveAtExit/2#b6aa63f4/2@i206#0b2f6xg8 (iteration 206)
[2026-07-24 19:03:11] (3s) 			 - SsaCompute::Liveness::liveAtExit/2#b6aa63f4_delta has 7 rows (order for disjuncts: delta=<standard>).
[2026-07-24 19:03:11] (3s) Starting to evaluate predicate SsaCompute::Liveness::liveAtEntry/2#bab3ea7c/2@i207#0b2f6wg8 (iteration 207)
[2026-07-24 19:03:11] (3s) 			 - SsaCompute::Liveness::liveAtEntry/2#bab3ea7c_delta has 7 rows (order for disjuncts: delta=<standard>).
[2026-07-24 19:03:11] (3s) Starting to evaluate predicate SsaCompute::Liveness::liveAtExit/2#b6aa63f4/2@i208#0b2f6xg8 (iteration 208)
[2026-07-24 19:03:11] (3s) 			 - SsaCompute::Liveness::liveAtExit/2#b6aa63f4_delta has 13 rows (order for disjuncts: delta=<standard>).
[2026-07-24 19:03:11] (3s) Starting to evaluate predicate SsaCompute::Liveness::liveAtEntry/2#bab3ea7c/2@i209#0b2f6wg8 (iteration 209)
[2026-07-24 19:03:11] (3s) 			 - SsaCompute::Liveness::liveAtEntry/2#bab3ea7c_delta has 5 rows (order for disjuncts: delta=<standard>).
[2026-07-24 19:03:11] (3s) Starting to evaluate predicate SsaCompute::Liveness::liveAtExit/2#b6aa63f4/2@i210#0b2f6xg8 (iteration 210)
[2026-07-24 19:03:11] (3s) Empty delta for SsaCompute::Liveness::liveAtExit/2#b6aa63f4_delta (order for disjuncts: delta=<standard>).
[2026-07-24 19:03:11] (3s) Accumulating deltas
[2026-07-24 19:03:11] (3s)  >>> Created relation SsaCompute::Liveness::liveAtEntry/2#bab3ea7c/2@0b2f6wg8 with 83071 rows and digest 61d984dh38883biri759pkr2nv6.
[2026-07-24 19:03:11] (3s)  >>> Created relation SsaCompute::Liveness::liveAtExit/2#b6aa63f4/2@0b2f6xg8 with 82739 rows and digest 9d8993mh9dlh9kermocl4mkki00.
[2026-07-24 19:03:11] (3s) Starting to evaluate predicate SsaDefinitions::test_contains/2#c3d933be_10#join_rhs/2@e88e28co
[2026-07-24 19:03:11] (3s)  >>> Created relation SsaDefinitions::test_contains/2#c3d933be_10#join_rhs/2@e88e28co with 6704 rows and digest a0442f14kt9d3ah22t77afh5i56.
[2026-07-24 19:03:11] (3s) Starting to evaluate predicate Flow::BasicBlock.getAFalseSuccessor/0#dispred#4022ff35/2@de4321i8
[2026-07-24 19:03:11] (3s)  >>> Created relation Flow::BasicBlock.getAFalseSuccessor/0#dispred#4022ff35/2@de4321i8 with 1769 rows and digest 7dc56civ4jr4ctdaavkcnag5ba5.
[2026-07-24 19:03:11] (3s) Starting to evaluate predicate Flow::BasicBlock.getATrueSuccessor/0#dispred#dce507ff/2@7b4d7dld
[2026-07-24 19:03:11] (3s)  >>> Created relation Flow::BasicBlock.getATrueSuccessor/0#dispred#dce507ff/2@7b4d7dld with 1759 rows and digest 7e23ad4gin5e118j02lm7e1m0sc.
[2026-07-24 19:03:11] (3s) Starting to evaluate predicate Definitions::SsaSourceVariable.hasRefinementEdge/3#dispred#d08844b4/4@50b2445i
[2026-07-24 19:03:11] (3s)  >>> Created relation Definitions::SsaSourceVariable.hasRefinementEdge/3#dispred#d08844b4/4@50b2445i with 4754 rows and digest 28c251h06bgo8ht8rgsfqsulkv6.
[2026-07-24 19:03:11] (3s) Starting to evaluate predicate project#Definitions::SsaSourceVariable.hasRefinementEdge/3#dispred#d08844b4/3@3ec2ef8o
[2026-07-24 19:03:11] (3s)  >>> Created relation project#Definitions::SsaSourceVariable.hasRefinementEdge/3#dispred#d08844b4/3@3ec2ef8o with 4571 rows and digest 2e07f3b3nv6sg9mtapa60st9mp6.
[2026-07-24 19:03:11] (3s) Starting to evaluate predicate SsaCompute::EssaDefinitions::piNode/3#b1917f93/3@92f0d22s
[2026-07-24 19:03:11] (3s)  >>> Created relation SsaCompute::EssaDefinitions::piNode/3#b1917f93/3@92f0d22s with 3859 rows and digest be77a7utd7a1mautbvh6v390ug1.
[2026-07-24 19:03:11] (3s) Starting to evaluate predicate project#SsaCompute::EssaDefinitions::piNode/3#b1917f93/2@688c3edf
[2026-07-24 19:03:11] (3s)  >>> Created relation project#SsaCompute::EssaDefinitions::piNode/3#b1917f93/2@688c3edf with 3697 rows and digest d9be40090aolp81l1b4gblg9vd9.
[2026-07-24 19:03:11] (3s) Starting to evaluate predicate project#SsaCompute::SsaComputeImpl::defUseRank/4#782a2f48#3/3@10a65b2v
[2026-07-24 19:03:11] (3s)  >>> Created relation project#SsaCompute::SsaComputeImpl::defUseRank/4#782a2f48#3/3@10a65b2v with 108593 rows and digest bf19c68hvr8nleqvk6ldkuedia1.
[2026-07-24 19:03:11] (3s) Starting to evaluate predicate _SsaCompute::SsaComputeImpl::defUseRank/4#782a2f48_0132#join_rhs_SsaCompute::SsaComputeImpl::variabl__#shared/6@f9bc11vd
[2026-07-24 19:03:11] (3s)  >>> Created relation _SsaCompute::SsaComputeImpl::defUseRank/4#782a2f48_0132#join_rhs_SsaCompute::SsaComputeImpl::variabl__#shared/6@f9bc11vd with 22368 rows and digest e879b92rb16fj4b18gasu5q1ghb.
[2026-07-24 19:03:11] (3s) Starting to evaluate predicate project#SsaCompute::SsaComputeImpl::defRank/4#f608ea69#2/3@e91b820o
[2026-07-24 19:03:11] (3s)  >>> Created relation project#SsaCompute::SsaComputeImpl::defRank/4#f608ea69#2/3@e91b820o with 30382 rows and digest 61e947e31gmrrm0jjc3iv8pba86.
[2026-07-24 19:03:11] (3s) Starting to evaluate predicate __SsaCompute::SsaComputeImpl::defUseRank/4#782a2f48_0132#join_rhs_SsaCompute::SsaComputeImpl::variab__#antijoin_rhs/5@34f6a02o
[2026-07-24 19:03:11] (3s)  >>> Created relation __SsaCompute::SsaComputeImpl::defUseRank/4#782a2f48_0132#join_rhs_SsaCompute::SsaComputeImpl::variab__#antijoin_rhs/5@34f6a02o with 4516 rows and digest 7ef3d0hkcuoup21028j1gqaqmj4.
[2026-07-24 19:03:11] (3s) Starting to evaluate predicate __SsaCompute::SsaComputeImpl::defUseRank/4#782a2f48_0132#join_rhs_SsaCompute::SsaComputeImpl::variab__#antijoin_rhs#1/5@680446fg
[2026-07-24 19:03:11] (3s)  >>> Created relation __SsaCompute::SsaComputeImpl::defUseRank/4#782a2f48_0132#join_rhs_SsaCompute::SsaComputeImpl::variab__#antijoin_rhs#1/5@680446fg with 17190 rows and digest 702ddbqm4c8j4u9p2d1huf626cc.
[2026-07-24 19:03:11] (3s) Starting to evaluate predicate SsaCompute::EssaDefinitions::variableDefinition/5#32b5d84f/5@c8958485
[2026-07-24 19:03:11] (3s)  >>> Created relation SsaCompute::EssaDefinitions::variableDefinition/5#32b5d84f/5@c8958485 with 17227 rows and digest 25bc2ahd5pnbo1e66s98f0je1q5.
[2026-07-24 19:03:11] (3s) Starting to evaluate predicate _SsaCompute::SsaComputeImpl::defUseRank/4#782a2f48_0132#join_rhs_SsaCompute::SsaComputeImpl::variabl__#shared#1/6@bb50deuk
[2026-07-24 19:03:11] (3s)  >>> Created relation _SsaCompute::SsaComputeImpl::defUseRank/4#782a2f48_0132#join_rhs_SsaCompute::SsaComputeImpl::variabl__#shared#1/6@bb50deuk with 8014 rows and digest 1e1bfd33q9qr0b95lc4an0clsec.
[2026-07-24 19:03:11] (3s) Starting to evaluate predicate __SsaCompute::SsaComputeImpl::defUseRank/4#782a2f48_0132#join_rhs_SsaCompute::SsaComputeImpl::variab__#antijoin_rhs#2/5@43b3ce44
[2026-07-24 19:03:11] (3s)  >>> Created relation __SsaCompute::SsaComputeImpl::defUseRank/4#782a2f48_0132#join_rhs_SsaCompute::SsaComputeImpl::variab__#antijoin_rhs#2/5@43b3ce44 with 91 rows and digest 0e563doqrukosmum08j6of3dotc.
[2026-07-24 19:03:11] (3s) Starting to evaluate predicate __SsaCompute::SsaComputeImpl::defUseRank/4#782a2f48_0132#join_rhs_SsaCompute::SsaComputeImpl::variab__#antijoin_rhs#3/5@c727b3ju
[2026-07-24 19:03:11] (3s)  >>> Created relation __SsaCompute::SsaComputeImpl::defUseRank/4#782a2f48_0132#join_rhs_SsaCompute::SsaComputeImpl::variab__#antijoin_rhs#3/5@c727b3ju with 4686 rows and digest 7c0b15h3gngemuc34i2vt7ue3qb.
[2026-07-24 19:03:11] (3s) Starting to evaluate predicate SsaCompute::EssaDefinitions::variableRefinement/5#4e891107/5@197c3dum
[2026-07-24 19:03:11] (3s)  >>> Created relation SsaCompute::EssaDefinitions::variableRefinement/5#4e891107/5@197c3dum with 6980 rows and digest 789cd0uetc7iot1s2gu0jroa488.
[2026-07-24 19:03:11] (3s) Starting to evaluate predicate SsaCompute::EssaDefinitions::variableUpdate/5#c42159b9/5@2efbb2fj
[2026-07-24 19:03:11] (3s)  >>> Created relation SsaCompute::EssaDefinitions::variableUpdate/5#c42159b9/5@2efbb2fj with 24207 rows and digest 4135d375tkrd4h6n67h619mhul7.
[2026-07-24 19:03:11] (3s) Starting to evaluate predicate Flow::BasicBlock.inDominanceFrontier/1#8c53ff9b/2@i1#36e8dw3v (iteration 1)
[2026-07-24 19:03:11] (3s) 			 - Flow::BasicBlock.inDominanceFrontier/1#8c53ff9b_delta has 3657 rows (order for disjuncts: delta=<standard>).
[2026-07-24 19:03:11] (3s) Starting to evaluate predicate Flow::BasicBlock.inDominanceFrontier/1#8c53ff9b/2@i2#36e8dw3v (iteration 2)
[2026-07-24 19:03:11] (3s) 			 - Flow::BasicBlock.inDominanceFrontier/1#8c53ff9b_delta has 1169 rows (order for disjuncts: delta=<standard>).
[2026-07-24 19:03:11] (3s) Starting to evaluate predicate Flow::BasicBlock.inDominanceFrontier/1#8c53ff9b/2@i3#36e8dw3v (iteration 3)
[2026-07-24 19:03:11] (3s) 			 - Flow::BasicBlock.inDominanceFrontier/1#8c53ff9b_delta has 380 rows (order for disjuncts: delta=<standard>).
[2026-07-24 19:03:11] (3s) Starting to evaluate predicate Flow::BasicBlock.inDominanceFrontier/1#8c53ff9b/2@i4#36e8dw3v (iteration 4)
[2026-07-24 19:03:11] (3s) 			 - Flow::BasicBlock.inDominanceFrontier/1#8c53ff9b_delta has 180 rows (order for disjuncts: delta=<standard>).
[2026-07-24 19:03:11] (3s) Starting to evaluate predicate Flow::BasicBlock.inDominanceFrontier/1#8c53ff9b/2@i5#36e8dw3v (iteration 5)
[2026-07-24 19:03:11] (3s) 			 - Flow::BasicBlock.inDominanceFrontier/1#8c53ff9b_delta has 107 rows (order for disjuncts: delta=<standard>).
[2026-07-24 19:03:11] (3s) Starting to evaluate predicate Flow::BasicBlock.inDominanceFrontier/1#8c53ff9b/2@i6#36e8dw3v (iteration 6)
[2026-07-24 19:03:11] (3s) 			 - Flow::BasicBlock.inDominanceFrontier/1#8c53ff9b_delta has 78 rows (order for disjuncts: delta=<standard>).
[2026-07-24 19:03:11] (3s) Starting to evaluate predicate Flow::BasicBlock.inDominanceFrontier/1#8c53ff9b/2@i7#36e8dw3v (iteration 7)
[2026-07-24 19:03:11] (3s) 			 - Flow::BasicBlock.inDominanceFrontier/1#8c53ff9b_delta has 62 rows (order for disjuncts: delta=<standard>).
[2026-07-24 19:03:11] (3s) Starting to evaluate predicate Flow::BasicBlock.inDominanceFrontier/1#8c53ff9b/2@i8#36e8dw3v (iteration 8)
[2026-07-24 19:03:11] (3s) 			 - Flow::BasicBlock.inDominanceFrontier/1#8c53ff9b_delta has 44 rows (order for disjuncts: delta=<standard>).
[2026-07-24 19:03:11] (3s) Starting to evaluate predicate Flow::BasicBlock.inDominanceFrontier/1#8c53ff9b/2@i9#36e8dw3v (iteration 9)
[2026-07-24 19:03:11] (3s) 			 - Flow::BasicBlock.inDominanceFrontier/1#8c53ff9b_delta has 41 rows (order for disjuncts: delta=<standard>).
[2026-07-24 19:03:11] (3s) Starting to evaluate predicate Flow::BasicBlock.inDominanceFrontier/1#8c53ff9b/2@i10#36e8dw3v (iteration 10)
[2026-07-24 19:03:11] (3s) 			 - Flow::BasicBlock.inDominanceFrontier/1#8c53ff9b_delta has 30 rows (order for disjuncts: delta=<standard>).
[2026-07-24 19:03:11] (3s) Starting to evaluate predicate Flow::BasicBlock.inDominanceFrontier/1#8c53ff9b/2@i11#36e8dw3v (iteration 11)
[2026-07-24 19:03:11] (3s) 			 - Flow::BasicBlock.inDominanceFrontier/1#8c53ff9b_delta has 23 rows (order for disjuncts: delta=<standard>).
[2026-07-24 19:03:11] (3s) Starting to evaluate predicate Flow::BasicBlock.inDominanceFrontier/1#8c53ff9b/2@i12#36e8dw3v (iteration 12)
[2026-07-24 19:03:11] (3s) 			 - Flow::BasicBlock.inDominanceFrontier/1#8c53ff9b_delta has 18 rows (order for disjuncts: delta=<standard>).
[2026-07-24 19:03:11] (3s) Starting to evaluate predicate Flow::BasicBlock.inDominanceFrontier/1#8c53ff9b/2@i13#36e8dw3v (iteration 13)
[2026-07-24 19:03:11] (3s) 			 - Flow::BasicBlock.inDominanceFrontier/1#8c53ff9b_delta has 14 rows (order for disjuncts: delta=<standard>).
[2026-07-24 19:03:11] (3s) Starting to evaluate predicate Flow::BasicBlock.inDominanceFrontier/1#8c53ff9b/2@i14#36e8dw3v (iteration 14)
[2026-07-24 19:03:11] (3s) 			 - Flow::BasicBlock.inDominanceFrontier/1#8c53ff9b_delta has 13 rows (order for disjuncts: delta=<standard>).
[2026-07-24 19:03:11] (3s) Starting to evaluate predicate Flow::BasicBlock.inDominanceFrontier/1#8c53ff9b/2@i15#36e8dw3v (iteration 15)
[2026-07-24 19:03:11] (3s) 			 - Flow::BasicBlock.inDominanceFrontier/1#8c53ff9b_delta has 12 rows (order for disjuncts: delta=<standard>).
[2026-07-24 19:03:11] (3s) Starting to evaluate predicate Flow::BasicBlock.inDominanceFrontier/1#8c53ff9b/2@i16#36e8dw3v (iteration 16)
[2026-07-24 19:03:11] (3s) 			 - Flow::BasicBlock.inDominanceFrontier/1#8c53ff9b_delta has 9 rows (order for disjuncts: delta=<standard>).
[2026-07-24 19:03:11] (3s) Starting to evaluate predicate Flow::BasicBlock.inDominanceFrontier/1#8c53ff9b/2@i17#36e8dw3v (iteration 17)
[2026-07-24 19:03:11] (3s) 			 - Flow::BasicBlock.inDominanceFrontier/1#8c53ff9b_delta has 7 rows (order for disjuncts: delta=<standard>).
[2026-07-24 19:03:11] (3s) Starting to evaluate predicate Flow::BasicBlock.inDominanceFrontier/1#8c53ff9b/2@i18#36e8dw3v (iteration 18)
[2026-07-24 19:03:11] (3s) 			 - Flow::BasicBlock.inDominanceFrontier/1#8c53ff9b_delta has 7 rows (order for disjuncts: delta=<standard>).
[2026-07-24 19:03:11] (3s) Starting to evaluate predicate Flow::BasicBlock.inDominanceFrontier/1#8c53ff9b/2@i19#36e8dw3v (iteration 19)
[2026-07-24 19:03:11] (3s) 			 - Flow::BasicBlock.inDominanceFrontier/1#8c53ff9b_delta has 6 rows (order for disjuncts: delta=<standard>).
[2026-07-24 19:03:11] (3s) Starting to evaluate predicate Flow::BasicBlock.inDominanceFrontier/1#8c53ff9b/2@i20#36e8dw3v (iteration 20)
[2026-07-24 19:03:11] (3s) 			 - Flow::BasicBlock.inDominanceFrontier/1#8c53ff9b_delta has 6 rows (order for disjuncts: delta=<standard>).
[2026-07-24 19:03:11] (3s) Starting to evaluate predicate Flow::BasicBlock.inDominanceFrontier/1#8c53ff9b/2@i21#36e8dw3v (iteration 21)
[2026-07-24 19:03:11] (3s) 			 - Flow::BasicBlock.inDominanceFrontier/1#8c53ff9b_delta has 4 rows (order for disjuncts: delta=<standard>).
[2026-07-24 19:03:11] (3s) Starting to evaluate predicate Flow::BasicBlock.inDominanceFrontier/1#8c53ff9b/2@i22#36e8dw3v (iteration 22)
[2026-07-24 19:03:11] (3s) 			 - Flow::BasicBlock.inDominanceFrontier/1#8c53ff9b_delta has 3 rows (order for disjuncts: delta=<standard>).
[2026-07-24 19:03:11] (3s) Starting to evaluate predicate Flow::BasicBlock.inDominanceFrontier/1#8c53ff9b/2@i23#36e8dw3v (iteration 23)
[2026-07-24 19:03:11] (3s) 			 - Flow::BasicBlock.inDominanceFrontier/1#8c53ff9b_delta has 2 rows (order for disjuncts: delta=<standard>).
[2026-07-24 19:03:11] (3s) Starting to evaluate predicate Flow::BasicBlock.inDominanceFrontier/1#8c53ff9b/2@i24#36e8dw3v (iteration 24)
[2026-07-24 19:03:11] (3s) 			 - Flow::BasicBlock.inDominanceFrontier/1#8c53ff9b_delta has 2 rows (order for disjuncts: delta=<standard>).
[2026-07-24 19:03:11] (3s) Starting to evaluate predicate Flow::BasicBlock.inDominanceFrontier/1#8c53ff9b/2@i25#36e8dw3v (iteration 25)
[2026-07-24 19:03:11] (3s) 			 - Flow::BasicBlock.inDominanceFrontier/1#8c53ff9b_delta has 2 rows (order for disjuncts: delta=<standard>).
[2026-07-24 19:03:11] (3s) Starting to evaluate predicate Flow::BasicBlock.inDominanceFrontier/1#8c53ff9b/2@i26#36e8dw3v (iteration 26)
[2026-07-24 19:03:11] (3s) 			 - Flow::BasicBlock.inDominanceFrontier/1#8c53ff9b_delta has 2 rows (order for disjuncts: delta=<standard>).
[2026-07-24 19:03:11] (3s) Starting to evaluate predicate Flow::BasicBlock.inDominanceFrontier/1#8c53ff9b/2@i27#36e8dw3v (iteration 27)
[2026-07-24 19:03:11] (3s) 			 - Flow::BasicBlock.inDominanceFrontier/1#8c53ff9b_delta has 1 rows (order for disjuncts: delta=<standard>).
[2026-07-24 19:03:11] (3s) Starting to evaluate predicate Flow::BasicBlock.inDominanceFrontier/1#8c53ff9b/2@i28#36e8dw3v (iteration 28)
[2026-07-24 19:03:11] (3s) 			 - Flow::BasicBlock.inDominanceFrontier/1#8c53ff9b_delta has 1 rows (order for disjuncts: delta=<standard>).
[2026-07-24 19:03:11] (3s) Starting to evaluate predicate Flow::BasicBlock.inDominanceFrontier/1#8c53ff9b/2@i29#36e8dw3v (iteration 29)
[2026-07-24 19:03:11] (3s) 			 - Flow::BasicBlock.inDominanceFrontier/1#8c53ff9b_delta has 1 rows (order for disjuncts: delta=<standard>).
[2026-07-24 19:03:11] (3s) Starting to evaluate predicate Flow::BasicBlock.inDominanceFrontier/1#8c53ff9b/2@i30#36e8dw3v (iteration 30)
[2026-07-24 19:03:11] (3s) 			 - Flow::BasicBlock.inDominanceFrontier/1#8c53ff9b_delta has 1 rows (order for disjuncts: delta=<standard>).
[2026-07-24 19:03:11] (3s) Starting to evaluate predicate Flow::BasicBlock.inDominanceFrontier/1#8c53ff9b/2@i31#36e8dw3v (iteration 31)
[2026-07-24 19:03:11] (3s) 			 - Flow::BasicBlock.inDominanceFrontier/1#8c53ff9b_delta has 1 rows (order for disjuncts: delta=<standard>).
[2026-07-24 19:03:11] (3s) Starting to evaluate predicate Flow::BasicBlock.inDominanceFrontier/1#8c53ff9b/2@i32#36e8dw3v (iteration 32)
[2026-07-24 19:03:11] (3s) 			 - Flow::BasicBlock.inDominanceFrontier/1#8c53ff9b_delta has 1 rows (order for disjuncts: delta=<standard>).
[2026-07-24 19:03:11] (3s) Starting to evaluate predicate Flow::BasicBlock.inDominanceFrontier/1#8c53ff9b/2@i33#36e8dw3v (iteration 33)
[2026-07-24 19:03:11] (3s) 			 - Flow::BasicBlock.inDominanceFrontier/1#8c53ff9b_delta has 1 rows (order for disjuncts: delta=<standard>).
[2026-07-24 19:03:11] (3s) Starting to evaluate predicate Flow::BasicBlock.inDominanceFrontier/1#8c53ff9b/2@i34#36e8dw3v (iteration 34)
[2026-07-24 19:03:11] (3s) 			 - Flow::BasicBlock.inDominanceFrontier/1#8c53ff9b_delta has 1 rows (order for disjuncts: delta=<standard>).
[2026-07-24 19:03:11] (3s) Starting to evaluate predicate Flow::BasicBlock.inDominanceFrontier/1#8c53ff9b/2@i35#36e8dw3v (iteration 35)
[2026-07-24 19:03:11] (3s) 			 - Flow::BasicBlock.inDominanceFrontier/1#8c53ff9b_delta has 1 rows (order for disjuncts: delta=<standard>).
[2026-07-24 19:03:11] (3s) Starting to evaluate predicate Flow::BasicBlock.inDominanceFrontier/1#8c53ff9b/2@i36#36e8dw3v (iteration 36)
[2026-07-24 19:03:11] (3s) 			 - Flow::BasicBlock.inDominanceFrontier/1#8c53ff9b_delta has 1 rows (order for disjuncts: delta=<standard>).
[2026-07-24 19:03:11] (3s) Starting to evaluate predicate Flow::BasicBlock.inDominanceFrontier/1#8c53ff9b/2@i37#36e8dw3v (iteration 37)
[2026-07-24 19:03:11] (3s) 			 - Flow::BasicBlock.inDominanceFrontier/1#8c53ff9b_delta has 1 rows (order for disjuncts: delta=<standard>).
[2026-07-24 19:03:11] (3s) Starting to evaluate predicate Flow::BasicBlock.inDominanceFrontier/1#8c53ff9b/2@i38#36e8dw3v (iteration 38)
[2026-07-24 19:03:11] (3s) 			 - Flow::BasicBlock.inDominanceFrontier/1#8c53ff9b_delta has 1 rows (order for disjuncts: delta=<standard>).
[2026-07-24 19:03:11] (3s) Starting to evaluate predicate Flow::BasicBlock.inDominanceFrontier/1#8c53ff9b/2@i39#36e8dw3v (iteration 39)
[2026-07-24 19:03:11] (3s) 			 - Flow::BasicBlock.inDominanceFrontier/1#8c53ff9b_delta has 1 rows (order for disjuncts: delta=<standard>).
[2026-07-24 19:03:11] (3s) Starting to evaluate predicate Flow::BasicBlock.inDominanceFrontier/1#8c53ff9b/2@i40#36e8dw3v (iteration 40)
[2026-07-24 19:03:11] (3s) 			 - Flow::BasicBlock.inDominanceFrontier/1#8c53ff9b_delta has 1 rows (order for disjuncts: delta=<standard>).
[2026-07-24 19:03:11] (3s) Starting to evaluate predicate Flow::BasicBlock.inDominanceFrontier/1#8c53ff9b/2@i41#36e8dw3v (iteration 41)
[2026-07-24 19:03:11] (3s) 			 - Flow::BasicBlock.inDominanceFrontier/1#8c53ff9b_delta has 1 rows (order for disjuncts: delta=<standard>).
[2026-07-24 19:03:11] (3s) Starting to evaluate predicate Flow::BasicBlock.inDominanceFrontier/1#8c53ff9b/2@i42#36e8dw3v (iteration 42)
[2026-07-24 19:03:11] (3s) 			 - Flow::BasicBlock.inDominanceFrontier/1#8c53ff9b_delta has 1 rows (order for disjuncts: delta=<standard>).
[2026-07-24 19:03:11] (3s) Starting to evaluate predicate Flow::BasicBlock.inDominanceFrontier/1#8c53ff9b/2@i43#36e8dw3v (iteration 43)
[2026-07-24 19:03:11] (3s) 			 - Flow::BasicBlock.inDominanceFrontier/1#8c53ff9b_delta has 1 rows (order for disjuncts: delta=<standard>).
[2026-07-24 19:03:11] (3s) Starting to evaluate predicate Flow::BasicBlock.inDominanceFrontier/1#8c53ff9b/2@i44#36e8dw3v (iteration 44)
[2026-07-24 19:03:11] (3s) 			 - Flow::BasicBlock.inDominanceFrontier/1#8c53ff9b_delta has 1 rows (order for disjuncts: delta=<standard>).
[2026-07-24 19:03:11] (3s) Starting to evaluate predicate Flow::BasicBlock.inDominanceFrontier/1#8c53ff9b/2@i45#36e8dw3v (iteration 45)
[2026-07-24 19:03:11] (3s) 			 - Flow::BasicBlock.inDominanceFrontier/1#8c53ff9b_delta has 1 rows (order for disjuncts: delta=<standard>).
[2026-07-24 19:03:11] (3s) Starting to evaluate predicate Flow::BasicBlock.inDominanceFrontier/1#8c53ff9b/2@i46#36e8dw3v (iteration 46)
[2026-07-24 19:03:11] (3s) Empty delta for Flow::BasicBlock.inDominanceFrontier/1#8c53ff9b_delta (order for disjuncts: delta=<standard>).
[2026-07-24 19:03:11] (3s) Accumulating deltas
[2026-07-24 19:03:11] (3s)  >>> Created relation Flow::BasicBlock.inDominanceFrontier/1#8c53ff9b/2@36e8dw3v with 5897 rows and digest e3bd2e75d4qcjbv41t428hgjqr4.
[2026-07-24 19:03:11] (3s) Starting to evaluate predicate project#SsaCompute::EssaDefinitions::piNode/3#b1917f93_10#join_rhs/2@9a22a4ea
[2026-07-24 19:03:11] (3s)  >>> Created relation project#SsaCompute::EssaDefinitions::piNode/3#b1917f93_10#join_rhs/2@9a22a4ea with 3697 rows and digest 67b038qvnc14o7cknehn593veqe.
[2026-07-24 19:03:11] (3s) Starting to evaluate predicate project#SsaCompute::EssaDefinitions::variableUpdate/5#c42159b9/2@71c248nm
[2026-07-24 19:03:11] (3s)  >>> Created relation project#SsaCompute::EssaDefinitions::variableUpdate/5#c42159b9/2@71c248nm with 18958 rows and digest 8640df5l0kqfng0232oesv83u19.
[2026-07-24 19:03:11] (3s) Starting to evaluate predicate SsaCompute::SsaComputeImpl::ssaDef/2#1ca5a11b/2@i1#13c56x0b (iteration 1)
[2026-07-24 19:03:11] (3s) 			 - SsaCompute::SsaComputeImpl::ssaDef/2#1ca5a11b_delta has 22237 rows (order for disjuncts: delta=<standard>).
[2026-07-24 19:03:11] (3s) Starting to evaluate predicate SsaCompute::EssaDefinitions::phiNode/2#4864b30d/2@i1#13c56w0b (iteration 1)
[2026-07-24 19:03:11] (3s) 			 - SsaCompute::EssaDefinitions::phiNode/2#4864b30d_delta has 1047 rows (order for disjuncts: delta=<standard>).
[2026-07-24 19:03:11] (3s) Starting to evaluate predicate SsaCompute::SsaComputeImpl::ssaDef/2#1ca5a11b/2@i2#13c56x0b (iteration 2)
[2026-07-24 19:03:11] (3s) Empty delta for SsaCompute::SsaComputeImpl::ssaDef/2#1ca5a11b_delta (order for disjuncts: delta=<standard>).
[2026-07-24 19:03:11] (3s) Starting to evaluate predicate SsaCompute::EssaDefinitions::phiNode/2#4864b30d/2@i2#13c56w0b (iteration 2)
[2026-07-24 19:03:11] (3s) 			 - SsaCompute::EssaDefinitions::phiNode/2#4864b30d_delta has 3193 rows (order for disjuncts: delta=<standard>).
[2026-07-24 19:03:11] (3s) Starting to evaluate predicate SsaCompute::SsaComputeImpl::ssaDef/2#1ca5a11b/2@i3#13c56x0b (iteration 3)
[2026-07-24 19:03:11] (3s) 			 - SsaCompute::SsaComputeImpl::ssaDef/2#1ca5a11b_delta has 3024 rows (order for disjuncts: delta=<standard>).
[2026-07-24 19:03:11] (3s) Starting to evaluate predicate SsaCompute::EssaDefinitions::phiNode/2#4864b30d/2@i4#13c56w0b (iteration 4)
[2026-07-24 19:03:11] (3s) 			 - SsaCompute::EssaDefinitions::phiNode/2#4864b30d_delta has 421 rows (order for disjuncts: delta=<standard>).
[2026-07-24 19:03:11] (3s) Starting to evaluate predicate SsaCompute::SsaComputeImpl::ssaDef/2#1ca5a11b/2@i5#13c56x0b (iteration 5)
[2026-07-24 19:03:11] (3s) 			 - SsaCompute::SsaComputeImpl::ssaDef/2#1ca5a11b_delta has 414 rows (order for disjuncts: delta=<standard>).
[2026-07-24 19:03:11] (3s) Starting to evaluate predicate SsaCompute::EssaDefinitions::phiNode/2#4864b30d/2@i6#13c56w0b (iteration 6)
[2026-07-24 19:03:11] (3s) 			 - SsaCompute::EssaDefinitions::phiNode/2#4864b30d_delta has 67 rows (order for disjuncts: delta=<standard>).
[2026-07-24 19:03:11] (3s) Starting to evaluate predicate SsaCompute::SsaComputeImpl::ssaDef/2#1ca5a11b/2@i7#13c56x0b (iteration 7)
[2026-07-24 19:03:11] (3s) 			 - SsaCompute::SsaComputeImpl::ssaDef/2#1ca5a11b_delta has 67 rows (order for disjuncts: delta=<standard>).
[2026-07-24 19:03:11] (3s) Starting to evaluate predicate SsaCompute::EssaDefinitions::phiNode/2#4864b30d/2@i8#13c56w0b (iteration 8)
[2026-07-24 19:03:11] (3s) 			 - SsaCompute::EssaDefinitions::phiNode/2#4864b30d_delta has 15 rows (order for disjuncts: delta=<standard>).
[2026-07-24 19:03:11] (3s) Starting to evaluate predicate SsaCompute::SsaComputeImpl::ssaDef/2#1ca5a11b/2@i9#13c56x0b (iteration 9)
[2026-07-24 19:03:11] (3s) 			 - SsaCompute::SsaComputeImpl::ssaDef/2#1ca5a11b_delta has 15 rows (order for disjuncts: delta=<standard>).
[2026-07-24 19:03:11] (3s) Starting to evaluate predicate SsaCompute::EssaDefinitions::phiNode/2#4864b30d/2@i10#13c56w0b (iteration 10)
[2026-07-24 19:03:11] (3s) 			 - SsaCompute::EssaDefinitions::phiNode/2#4864b30d_delta has 1 rows (order for disjuncts: delta=<standard>).
[2026-07-24 19:03:11] (3s) Starting to evaluate predicate SsaCompute::SsaComputeImpl::ssaDef/2#1ca5a11b/2@i11#13c56x0b (iteration 11)
[2026-07-24 19:03:11] (3s) 			 - SsaCompute::SsaComputeImpl::ssaDef/2#1ca5a11b_delta has 1 rows (order for disjuncts: delta=<standard>).
[2026-07-24 19:03:11] (3s) Starting to evaluate predicate SsaCompute::EssaDefinitions::phiNode/2#4864b30d/2@i12#13c56w0b (iteration 12)
[2026-07-24 19:03:11] (3s) Empty delta for SsaCompute::EssaDefinitions::phiNode/2#4864b30d_delta (order for disjuncts: delta=<standard>).
[2026-07-24 19:03:11] (3s) Accumulating deltas
[2026-07-24 19:03:11] (3s)  >>> Created relation SsaCompute::EssaDefinitions::phiNode/2#4864b30d/2@13c56w0b with 4744 rows and digest 20056akbit9lcdeolngpkpo97r4.
[2026-07-24 19:03:11] (3s)  >>> Created relation SsaCompute::SsaComputeImpl::ssaDef/2#1ca5a11b/2@13c56x0b with 25752 rows and digest 5b189cebe5d6gh5ingdphieqk73.
[2026-07-24 19:03:11] (3s) Starting to evaluate predicate SsaCompute::SsaComputeImpl::ssaDefRank/4#ea13f11c/4@baf3642q
[2026-07-24 19:03:11] (3s)  >>> Created relation SsaCompute::SsaComputeImpl::ssaDefRank/4#ea13f11c/4@baf3642q with 32648 rows and digest ef8b97q26e2pajqvvlat7ttm9dc.
[2026-07-24 19:03:11] (3s) Starting to evaluate predicate project#SsaCompute::SsaComputeImpl::defUseRank/4#782a2f48#3_0122#max_term/4@62b69888
[2026-07-24 19:03:11] (3s)  >>> Created relation project#SsaCompute::SsaComputeImpl::defUseRank/4#782a2f48#3_0122#max_term/4@62b69888 with 108593 rows and digest a22d63fj5ubcu4jf2cjfsegj3la.
[2026-07-24 19:03:11] (3s) Starting to evaluate predicate SsaCompute::SsaComputeImpl::lastRank/2#6cfcb19d/3@6b005307
[2026-07-24 19:03:11] (3s)  >>> Created relation SsaCompute::SsaComputeImpl::lastRank/2#6cfcb19d/3@6b005307 with 45483 rows and digest 0fe0b1ot2vd7mofknsho47vfjia.
[2026-07-24 19:03:11] (3s) Starting to evaluate predicate project#SsaCompute::SsaComputeImpl::ssaDefRank/4#ea13f11c/3@923a54ql
[2026-07-24 19:03:11] (3s)  >>> Created relation project#SsaCompute::SsaComputeImpl::ssaDefRank/4#ea13f11c/3@923a54ql with 32648 rows and digest eb93daogdlb3gob1kjscpkrkon8.
[2026-07-24 19:03:11] (3s) Starting to evaluate predicate SsaCompute::SsaComputeImpl::ssaDefReachesRank/4#f19c6fee/4@i1#716e3wae (iteration 1)
[2026-07-24 19:03:11] (3s) 			 - SsaCompute::SsaComputeImpl::ssaDefReachesRank/4#f19c6fee_delta has 32648 rows (order for disjuncts: delta=<standard>).
[2026-07-24 19:03:11] (3s) Starting to evaluate predicate SsaCompute::SsaComputeImpl::ssaDefReachesRank/4#f19c6fee/4@i2#716e3wae (iteration 2)
[2026-07-24 19:03:11] (3s) 			 - SsaCompute::SsaComputeImpl::ssaDefReachesRank/4#f19c6fee_delta has 20562 rows (order for disjuncts: delta=<standard>).
[2026-07-24 19:03:11] (3s) Starting to evaluate predicate SsaCompute::SsaComputeImpl::ssaDefReachesRank/4#f19c6fee/4@i3#716e3wae (iteration 3)
[2026-07-24 19:03:11] (4s) 			 - SsaCompute::SsaComputeImpl::ssaDefReachesRank/4#f19c6fee_delta has 6335 rows (order for disjuncts: delta=<standard>).
[2026-07-24 19:03:11] (4s) Starting to evaluate predicate SsaCompute::SsaComputeImpl::ssaDefReachesRank/4#f19c6fee/4@i4#716e3wae (iteration 4)
[2026-07-24 19:03:11] (4s) 			 - SsaCompute::SsaComputeImpl::ssaDefReachesRank/4#f19c6fee_delta has 2288 rows (order for disjuncts: delta=<standard>).
[2026-07-24 19:03:11] (4s) Starting to evaluate predicate SsaCompute::SsaComputeImpl::ssaDefReachesRank/4#f19c6fee/4@i5#716e3wae (iteration 5)
[2026-07-24 19:03:11] (4s) 			 - SsaCompute::SsaComputeImpl::ssaDefReachesRank/4#f19c6fee_delta has 1500 rows (order for disjuncts: delta=<standard>).
[2026-07-24 19:03:11] (4s) Starting to evaluate predicate SsaCompute::SsaComputeImpl::ssaDefReachesRank/4#f19c6fee/4@i6#716e3wae (iteration 6)
[2026-07-24 19:03:11] (4s) 			 - SsaCompute::SsaComputeImpl::ssaDefReachesRank/4#f19c6fee_delta has 1124 rows (order for disjuncts: delta=<standard>).
[2026-07-24 19:03:11] (4s) Starting to evaluate predicate SsaCompute::SsaComputeImpl::ssaDefReachesRank/4#f19c6fee/4@i7#716e3wae (iteration 7)
[2026-07-24 19:03:11] (4s) 			 - SsaCompute::SsaComputeImpl::ssaDefReachesRank/4#f19c6fee_delta has 826 rows (order for disjuncts: delta=<standard>).
[2026-07-24 19:03:11] (4s) Starting to evaluate predicate SsaCompute::SsaComputeImpl::ssaDefReachesRank/4#f19c6fee/4@i8#716e3wae (iteration 8)
[2026-07-24 19:03:11] (4s) 			 - SsaCompute::SsaComputeImpl::ssaDefReachesRank/4#f19c6fee_delta has 689 rows (order for disjuncts: delta=<standard>).
[2026-07-24 19:03:11] (4s) Starting to evaluate predicate SsaCompute::SsaComputeImpl::ssaDefReachesRank/4#f19c6fee/4@i9#716e3wae (iteration 9)
[2026-07-24 19:03:11] (4s) 			 - SsaCompute::SsaComputeImpl::ssaDefReachesRank/4#f19c6fee_delta has 551 rows (order for disjuncts: delta=<standard>).
[2026-07-24 19:03:11] (4s) Starting to evaluate predicate SsaCompute::SsaComputeImpl::ssaDefReachesRank/4#f19c6fee/4@i10#716e3wae (iteration 10)
[2026-07-24 19:03:11] (4s) 			 - SsaCompute::SsaComputeImpl::ssaDefReachesRank/4#f19c6fee_delta has 405 rows (order for disjuncts: delta=<standard>).
[2026-07-24 19:03:11] (4s) Starting to evaluate predicate SsaCompute::SsaComputeImpl::ssaDefReachesRank/4#f19c6fee/4@i11#716e3wae (iteration 11)
[2026-07-24 19:03:11] (4s) 			 - SsaCompute::SsaComputeImpl::ssaDefReachesRank/4#f19c6fee_delta has 363 rows (order for disjuncts: delta=<standard>).
[2026-07-24 19:03:11] (4s) Starting to evaluate predicate SsaCompute::SsaComputeImpl::ssaDefReachesRank/4#f19c6fee/4@i12#716e3wae (iteration 12)
[2026-07-24 19:03:11] (4s) 			 - SsaCompute::SsaComputeImpl::ssaDefReachesRank/4#f19c6fee_delta has 319 rows (order for disjuncts: delta=<standard>).
[2026-07-24 19:03:11] (4s) Starting to evaluate predicate SsaCompute::SsaComputeImpl::ssaDefReachesRank/4#f19c6fee/4@i13#716e3wae (iteration 13)
[2026-07-24 19:03:11] (4s) 			 - SsaCompute::SsaComputeImpl::ssaDefReachesRank/4#f19c6fee_delta has 291 rows (order for disjuncts: delta=<standard>).
[2026-07-24 19:03:11] (4s) Starting to evaluate predicate SsaCompute::SsaComputeImpl::ssaDefReachesRank/4#f19c6fee/4@i14#716e3wae (iteration 14)
[2026-07-24 19:03:11] (4s) 			 - SsaCompute::SsaComputeImpl::ssaDefReachesRank/4#f19c6fee_delta has 268 rows (order for disjuncts: delta=<standard>).
[2026-07-24 19:03:11] (4s) Starting to evaluate predicate SsaCompute::SsaComputeImpl::ssaDefReachesRank/4#f19c6fee/4@i15#716e3wae (iteration 15)
[2026-07-24 19:03:11] (4s) 			 - SsaCompute::SsaComputeImpl::ssaDefReachesRank/4#f19c6fee_delta has 252 rows (order for disjuncts: delta=<standard>).
[2026-07-24 19:03:11] (4s) Starting to evaluate predicate SsaCompute::SsaComputeImpl::ssaDefReachesRank/4#f19c6fee/4@i16#716e3wae (iteration 16)
[2026-07-24 19:03:11] (4s) 			 - SsaCompute::SsaComputeImpl::ssaDefReachesRank/4#f19c6fee_delta has 242 rows (order for disjuncts: delta=<standard>).
[2026-07-24 19:03:11] (4s) Starting to evaluate predicate SsaCompute::SsaComputeImpl::ssaDefReachesRank/4#f19c6fee/4@i17#716e3wae (iteration 17)
[2026-07-24 19:03:11] (4s) 			 - SsaCompute::SsaComputeImpl::ssaDefReachesRank/4#f19c6fee_delta has 231 rows (order for disjuncts: delta=<standard>).
[2026-07-24 19:03:11] (4s) Starting to evaluate predicate SsaCompute::SsaComputeImpl::ssaDefReachesRank/4#f19c6fee/4@i18#716e3wae (iteration 18)
[2026-07-24 19:03:11] (4s) 			 - SsaCompute::SsaComputeImpl::ssaDefReachesRank/4#f19c6fee_delta has 222 rows (order for disjuncts: delta=<standard>).
[2026-07-24 19:03:11] (4s) Starting to evaluate predicate SsaCompute::SsaComputeImpl::ssaDefReachesRank/4#f19c6fee/4@i19#716e3wae (iteration 19)
[2026-07-24 19:03:11] (4s) 			 - SsaCompute::SsaComputeImpl::ssaDefReachesRank/4#f19c6fee_delta has 209 rows (order for disjuncts: delta=<standard>).
[2026-07-24 19:03:11] (4s) Starting to evaluate predicate SsaCompute::SsaComputeImpl::ssaDefReachesRank/4#f19c6fee/4@i20#716e3wae (iteration 20)
[2026-07-24 19:03:11] (4s) 			 - SsaCompute::SsaComputeImpl::ssaDefReachesRank/4#f19c6fee_delta has 201 rows (order for disjuncts: delta=<standard>).
[2026-07-24 19:03:11] (4s) Starting to evaluate predicate SsaCompute::SsaComputeImpl::ssaDefReachesRank/4#f19c6fee/4@i21#716e3wae (iteration 21)
[2026-07-24 19:03:11] (4s) 			 - SsaCompute::SsaComputeImpl::ssaDefReachesRank/4#f19c6fee_delta has 191 rows (order for disjuncts: delta=<standard>).
[2026-07-24 19:03:11] (4s) Starting to evaluate predicate SsaCompute::SsaComputeImpl::ssaDefReachesRank/4#f19c6fee/4@i22#716e3wae (iteration 22)
[2026-07-24 19:03:11] (4s) 			 - SsaCompute::SsaComputeImpl::ssaDefReachesRank/4#f19c6fee_delta has 174 rows (order for disjuncts: delta=<standard>).
[2026-07-24 19:03:11] (4s) Starting to evaluate predicate SsaCompute::SsaComputeImpl::ssaDefReachesRank/4#f19c6fee/4@i23#716e3wae (iteration 23)
[2026-07-24 19:03:11] (4s) 			 - SsaCompute::SsaComputeImpl::ssaDefReachesRank/4#f19c6fee_delta has 149 rows (order for disjuncts: delta=<standard>).
[2026-07-24 19:03:11] (4s) Starting to evaluate predicate SsaCompute::SsaComputeImpl::ssaDefReachesRank/4#f19c6fee/4@i24#716e3wae (iteration 24)
[2026-07-24 19:03:11] (4s) 			 - SsaCompute::SsaComputeImpl::ssaDefReachesRank/4#f19c6fee_delta has 143 rows (order for disjuncts: delta=<standard>).
[2026-07-24 19:03:11] (4s) Starting to evaluate predicate SsaCompute::SsaComputeImpl::ssaDefReachesRank/4#f19c6fee/4@i25#716e3wae (iteration 25)
[2026-07-24 19:03:11] (4s) 			 - SsaCompute::SsaComputeImpl::ssaDefReachesRank/4#f19c6fee_delta has 139 rows (order for disjuncts: delta=<standard>).
[2026-07-24 19:03:11] (4s) Starting to evaluate predicate SsaCompute::SsaComputeImpl::ssaDefReachesRank/4#f19c6fee/4@i26#716e3wae (iteration 26)
[2026-07-24 19:03:11] (4s) 			 - SsaCompute::SsaComputeImpl::ssaDefReachesRank/4#f19c6fee_delta has 136 rows (order for disjuncts: delta=<standard>).
[2026-07-24 19:03:11] (4s) Starting to evaluate predicate SsaCompute::SsaComputeImpl::ssaDefReachesRank/4#f19c6fee/4@i27#716e3wae (iteration 27)
[2026-07-24 19:03:11] (4s) 			 - SsaCompute::SsaComputeImpl::ssaDefReachesRank/4#f19c6fee_delta has 130 rows (order for disjuncts: delta=<standard>).
[2026-07-24 19:03:11] (4s) Starting to evaluate predicate SsaCompute::SsaComputeImpl::ssaDefReachesRank/4#f19c6fee/4@i28#716e3wae (iteration 28)
[2026-07-24 19:03:11] (4s) 			 - SsaCompute::SsaComputeImpl::ssaDefReachesRank/4#f19c6fee_delta has 125 rows (order for disjuncts: delta=<standard>).
[2026-07-24 19:03:11] (4s) Starting to evaluate predicate SsaCompute::SsaComputeImpl::ssaDefReachesRank/4#f19c6fee/4@i29#716e3wae (iteration 29)
[2026-07-24 19:03:11] (4s) 			 - SsaCompute::SsaComputeImpl::ssaDefReachesRank/4#f19c6fee_delta has 122 rows (order for disjuncts: delta=<standard>).
[2026-07-24 19:03:11] (4s) Starting to evaluate predicate SsaCompute::SsaComputeImpl::ssaDefReachesRank/4#f19c6fee/4@i30#716e3wae (iteration 30)
[2026-07-24 19:03:11] (4s) 			 - SsaCompute::SsaComputeImpl::ssaDefReachesRank/4#f19c6fee_delta has 120 rows (order for disjuncts: delta=<standard>).
[2026-07-24 19:03:11] (4s) Starting to evaluate predicate SsaCompute::SsaComputeImpl::ssaDefReachesRank/4#f19c6fee/4@i31#716e3wae (iteration 31)
[2026-07-24 19:03:11] (4s) 			 - SsaCompute::SsaComputeImpl::ssaDefReachesRank/4#f19c6fee_delta has 117 rows (order for disjuncts: delta=<standard>).
[2026-07-24 19:03:11] (4s) Starting to evaluate predicate SsaCompute::SsaComputeImpl::ssaDefReachesRank/4#f19c6fee/4@i32#716e3wae (iteration 32)
[2026-07-24 19:03:11] (4s) 			 - SsaCompute::SsaComputeImpl::ssaDefReachesRank/4#f19c6fee_delta has 114 rows (order for disjuncts: delta=<standard>).
[2026-07-24 19:03:11] (4s) Starting to evaluate predicate SsaCompute::SsaComputeImpl::ssaDefReachesRank/4#f19c6fee/4@i33#716e3wae (iteration 33)
[2026-07-24 19:03:11] (4s) 			 - SsaCompute::SsaComputeImpl::ssaDefReachesRank/4#f19c6fee_delta has 112 rows (order for disjuncts: delta=<standard>).
[2026-07-24 19:03:11] (4s) Starting to evaluate predicate SsaCompute::SsaComputeImpl::ssaDefReachesRank/4#f19c6fee/4@i34#716e3wae (iteration 34)
[2026-07-24 19:03:11] (4s) 			 - SsaCompute::SsaComputeImpl::ssaDefReachesRank/4#f19c6fee_delta has 110 rows (order for disjuncts: delta=<standard>).
[2026-07-24 19:03:11] (4s) Starting to evaluate predicate SsaCompute::SsaComputeImpl::ssaDefReachesRank/4#f19c6fee/4@i35#716e3wae (iteration 35)
[2026-07-24 19:03:11] (4s) 			 - SsaCompute::SsaComputeImpl::ssaDefReachesRank/4#f19c6fee_delta has 107 rows (order for disjuncts: delta=<standard>).
[2026-07-24 19:03:11] (4s) Starting to evaluate predicate SsaCompute::SsaComputeImpl::ssaDefReachesRank/4#f19c6fee/4@i36#716e3wae (iteration 36)
[2026-07-24 19:03:11] (4s) 			 - SsaCompute::SsaComputeImpl::ssaDefReachesRank/4#f19c6fee_delta has 104 rows (order for disjuncts: delta=<standard>).
[2026-07-24 19:03:11] (4s) Starting to evaluate predicate SsaCompute::SsaComputeImpl::ssaDefReachesRank/4#f19c6fee/4@i37#716e3wae (iteration 37)
[2026-07-24 19:03:11] (4s) 			 - SsaCompute::SsaComputeImpl::ssaDefReachesRank/4#f19c6fee_delta has 100 rows (order for disjuncts: delta=<standard>).
[2026-07-24 19:03:11] (4s) Starting to evaluate predicate SsaCompute::SsaComputeImpl::ssaDefReachesRank/4#f19c6fee/4@i38#716e3wae (iteration 38)
[2026-07-24 19:03:11] (4s) 			 - SsaCompute::SsaComputeImpl::ssaDefReachesRank/4#f19c6fee_delta has 82 rows (order for disjuncts: delta=<standard>).
[2026-07-24 19:03:11] (4s) Starting to evaluate predicate SsaCompute::SsaComputeImpl::ssaDefReachesRank/4#f19c6fee/4@i39#716e3wae (iteration 39)
[2026-07-24 19:03:11] (4s) 			 - SsaCompute::SsaComputeImpl::ssaDefReachesRank/4#f19c6fee_delta has 74 rows (order for disjuncts: delta=<standard>).
[2026-07-24 19:03:11] (4s) Starting to evaluate predicate SsaCompute::SsaComputeImpl::ssaDefReachesRank/4#f19c6fee/4@i40#716e3wae (iteration 40)
[2026-07-24 19:03:11] (4s) 			 - SsaCompute::SsaComputeImpl::ssaDefReachesRank/4#f19c6fee_delta has 71 rows (order for disjuncts: delta=<standard>).
[2026-07-24 19:03:11] (4s) Starting to evaluate predicate SsaCompute::SsaComputeImpl::ssaDefReachesRank/4#f19c6fee/4@i41#716e3wae (iteration 41)
[2026-07-24 19:03:11] (4s) 			 - SsaCompute::SsaComputeImpl::ssaDefReachesRank/4#f19c6fee_delta has 69 rows (order for disjuncts: delta=<standard>).
[2026-07-24 19:03:11] (4s) Starting to evaluate predicate SsaCompute::SsaComputeImpl::ssaDefReachesRank/4#f19c6fee/4@i42#716e3wae (iteration 42)
[2026-07-24 19:03:11] (4s) 			 - SsaCompute::SsaComputeImpl::ssaDefReachesRank/4#f19c6fee_delta has 66 rows (order for disjuncts: delta=<standard>).
[2026-07-24 19:03:11] (4s) Starting to evaluate predicate SsaCompute::SsaComputeImpl::ssaDefReachesRank/4#f19c6fee/4@i43#716e3wae (iteration 43)
[2026-07-24 19:03:11] (4s) 			 - SsaCompute::SsaComputeImpl::ssaDefReachesRank/4#f19c6fee_delta has 63 rows (order for disjuncts: delta=<standard>).
[2026-07-24 19:03:11] (4s) Starting to evaluate predicate SsaCompute::SsaComputeImpl::ssaDefReachesRank/4#f19c6fee/4@i44#716e3wae (iteration 44)
[2026-07-24 19:03:11] (4s) 			 - SsaCompute::SsaComputeImpl::ssaDefReachesRank/4#f19c6fee_delta has 61 rows (order for disjuncts: delta=<standard>).
[2026-07-24 19:03:11] (4s) Starting to evaluate predicate SsaCompute::SsaComputeImpl::ssaDefReachesRank/4#f19c6fee/4@i45#716e3wae (iteration 45)
[2026-07-24 19:03:11] (4s) 			 - SsaCompute::SsaComputeImpl::ssaDefReachesRank/4#f19c6fee_delta has 58 rows (order for disjuncts: delta=<standard>).
[2026-07-24 19:03:11] (4s) Starting to evaluate predicate SsaCompute::SsaComputeImpl::ssaDefReachesRank/4#f19c6fee/4@i46#716e3wae (iteration 46)
[2026-07-24 19:03:11] (4s) 			 - SsaCompute::SsaComputeImpl::ssaDefReachesRank/4#f19c6fee_delta has 55 rows (order for disjuncts: delta=<standard>).
[2026-07-24 19:03:11] (4s) Starting to evaluate predicate SsaCompute::SsaComputeImpl::ssaDefReachesRank/4#f19c6fee/4@i47#716e3wae (iteration 47)
[2026-07-24 19:03:11] (4s) 			 - SsaCompute::SsaComputeImpl::ssaDefReachesRank/4#f19c6fee_delta has 53 rows (order for disjuncts: delta=<standard>).
[2026-07-24 19:03:11] (4s) Starting to evaluate predicate SsaCompute::SsaComputeImpl::ssaDefReachesRank/4#f19c6fee/4@i48#716e3wae (iteration 48)
[2026-07-24 19:03:11] (4s) 			 - SsaCompute::SsaComputeImpl::ssaDefReachesRank/4#f19c6fee_delta has 50 rows (order for disjuncts: delta=<standard>).
[2026-07-24 19:03:11] (4s) Starting to evaluate predicate SsaCompute::SsaComputeImpl::ssaDefReachesRank/4#f19c6fee/4@i49#716e3wae (iteration 49)
[2026-07-24 19:03:11] (4s) 			 - SsaCompute::SsaComputeImpl::ssaDefReachesRank/4#f19c6fee_delta has 47 rows (order for disjuncts: delta=<standard>).
[2026-07-24 19:03:11] (4s) Starting to evaluate predicate SsaCompute::SsaComputeImpl::ssaDefReachesRank/4#f19c6fee/4@i50#716e3wae (iteration 50)
[2026-07-24 19:03:11] (4s) 			 - SsaCompute::SsaComputeImpl::ssaDefReachesRank/4#f19c6fee_delta has 45 rows (order for disjuncts: delta=<standard>).
[2026-07-24 19:03:11] (4s) Starting to evaluate predicate SsaCompute::SsaComputeImpl::ssaDefReachesRank/4#f19c6fee/4@i51#716e3wae (iteration 51)
[2026-07-24 19:03:11] (4s) 			 - SsaCompute::SsaComputeImpl::ssaDefReachesRank/4#f19c6fee_delta has 42 rows (order for disjuncts: delta=<standard>).
[2026-07-24 19:03:11] (4s) Starting to evaluate predicate SsaCompute::SsaComputeImpl::ssaDefReachesRank/4#f19c6fee/4@i52#716e3wae (iteration 52)
[2026-07-24 19:03:11] (4s) 			 - SsaCompute::SsaComputeImpl::ssaDefReachesRank/4#f19c6fee_delta has 39 rows (order for disjuncts: delta=<standard>).
[2026-07-24 19:03:11] (4s) Starting to evaluate predicate SsaCompute::SsaComputeImpl::ssaDefReachesRank/4#f19c6fee/4@i53#716e3wae (iteration 53)
[2026-07-24 19:03:11] (4s) 			 - SsaCompute::SsaComputeImpl::ssaDefReachesRank/4#f19c6fee_delta has 37 rows (order for disjuncts: delta=<standard>).
[2026-07-24 19:03:11] (4s) Starting to evaluate predicate SsaCompute::SsaComputeImpl::ssaDefReachesRank/4#f19c6fee/4@i54#716e3wae (iteration 54)
[2026-07-24 19:03:11] (4s) 			 - SsaCompute::SsaComputeImpl::ssaDefReachesRank/4#f19c6fee_delta has 33 rows (order for disjuncts: delta=<standard>).
[2026-07-24 19:03:11] (4s) Starting to evaluate predicate SsaCompute::SsaComputeImpl::ssaDefReachesRank/4#f19c6fee/4@i55#716e3wae (iteration 55)
[2026-07-24 19:03:11] (4s) 			 - SsaCompute::SsaComputeImpl::ssaDefReachesRank/4#f19c6fee_delta has 31 rows (order for disjuncts: delta=<standard>).
[2026-07-24 19:03:11] (4s) Starting to evaluate predicate SsaCompute::SsaComputeImpl::ssaDefReachesRank/4#f19c6fee/4@i56#716e3wae (iteration 56)
[2026-07-24 19:03:11] (4s) 			 - SsaCompute::SsaComputeImpl::ssaDefReachesRank/4#f19c6fee_delta has 27 rows (order for disjuncts: delta=<standard>).
[2026-07-24 19:03:11] (4s) Starting to evaluate predicate SsaCompute::SsaComputeImpl::ssaDefReachesRank/4#f19c6fee/4@i57#716e3wae (iteration 57)
[2026-07-24 19:03:11] (4s) 			 - SsaCompute::SsaComputeImpl::ssaDefReachesRank/4#f19c6fee_delta has 25 rows (order for disjuncts: delta=<standard>).
[2026-07-24 19:03:11] (4s) Starting to evaluate predicate SsaCompute::SsaComputeImpl::ssaDefReachesRank/4#f19c6fee/4@i58#716e3wae (iteration 58)
[2026-07-24 19:03:11] (4s) 			 - SsaCompute::SsaComputeImpl::ssaDefReachesRank/4#f19c6fee_delta has 22 rows (order for disjuncts: delta=<standard>).
[2026-07-24 19:03:11] (4s) Starting to evaluate predicate SsaCompute::SsaComputeImpl::ssaDefReachesRank/4#f19c6fee/4@i59#716e3wae (iteration 59)
[2026-07-24 19:03:11] (4s) 			 - SsaCompute::SsaComputeImpl::ssaDefReachesRank/4#f19c6fee_delta has 19 rows (order for disjuncts: delta=<standard>).
[2026-07-24 19:03:11] (4s) Starting to evaluate predicate SsaCompute::SsaComputeImpl::ssaDefReachesRank/4#f19c6fee/4@i60#716e3wae (iteration 60)
[2026-07-24 19:03:11] (4s) 			 - SsaCompute::SsaComputeImpl::ssaDefReachesRank/4#f19c6fee_delta has 17 rows (order for disjuncts: delta=<standard>).
[2026-07-24 19:03:11] (4s) Starting to evaluate predicate SsaCompute::SsaComputeImpl::ssaDefReachesRank/4#f19c6fee/4@i61#716e3wae (iteration 61)
[2026-07-24 19:03:11] (4s) 			 - SsaCompute::SsaComputeImpl::ssaDefReachesRank/4#f19c6fee_delta has 13 rows (order for disjuncts: delta=<standard>).
[2026-07-24 19:03:11] (4s) Starting to evaluate predicate SsaCompute::SsaComputeImpl::ssaDefReachesRank/4#f19c6fee/4@i62#716e3wae (iteration 62)
[2026-07-24 19:03:11] (4s) 			 - SsaCompute::SsaComputeImpl::ssaDefReachesRank/4#f19c6fee_delta has 9 rows (order for disjuncts: delta=<standard>).
[2026-07-24 19:03:11] (4s) Starting to evaluate predicate SsaCompute::SsaComputeImpl::ssaDefReachesRank/4#f19c6fee/4@i63#716e3wae (iteration 63)
[2026-07-24 19:03:11] (4s) 			 - SsaCompute::SsaComputeImpl::ssaDefReachesRank/4#f19c6fee_delta has 6 rows (order for disjuncts: delta=<standard>).
[2026-07-24 19:03:11] (4s) Starting to evaluate predicate SsaCompute::SsaComputeImpl::ssaDefReachesRank/4#f19c6fee/4@i64#716e3wae (iteration 64)
[2026-07-24 19:03:11] (4s) 			 - SsaCompute::SsaComputeImpl::ssaDefReachesRank/4#f19c6fee_delta has 2 rows (order for disjuncts: delta=<standard>).
[2026-07-24 19:03:11] (4s) Starting to evaluate predicate SsaCompute::SsaComputeImpl::ssaDefReachesRank/4#f19c6fee/4@i65#716e3wae (iteration 65)
[2026-07-24 19:03:11] (4s) 			 - SsaCompute::SsaComputeImpl::ssaDefReachesRank/4#f19c6fee_delta has 1 rows (order for disjuncts: delta=<standard>).
[2026-07-24 19:03:11] (4s) Starting to evaluate predicate SsaCompute::SsaComputeImpl::ssaDefReachesRank/4#f19c6fee/4@i66#716e3wae (iteration 66)
[2026-07-24 19:03:11] (4s) 			 - SsaCompute::SsaComputeImpl::ssaDefReachesRank/4#f19c6fee_delta has 1 rows (order for disjuncts: delta=<standard>).
[2026-07-24 19:03:11] (4s) Starting to evaluate predicate SsaCompute::SsaComputeImpl::ssaDefReachesRank/4#f19c6fee/4@i67#716e3wae (iteration 67)
[2026-07-24 19:03:11] (4s) 			 - SsaCompute::SsaComputeImpl::ssaDefReachesRank/4#f19c6fee_delta has 1 rows (order for disjuncts: delta=<standard>).
[2026-07-24 19:03:11] (4s) Starting to evaluate predicate SsaCompute::SsaComputeImpl::ssaDefReachesRank/4#f19c6fee/4@i68#716e3wae (iteration 68)
[2026-07-24 19:03:11] (4s) 			 - SsaCompute::SsaComputeImpl::ssaDefReachesRank/4#f19c6fee_delta has 1 rows (order for disjuncts: delta=<standard>).
[2026-07-24 19:03:11] (4s) Starting to evaluate predicate SsaCompute::SsaComputeImpl::ssaDefReachesRank/4#f19c6fee/4@i69#716e3wae (iteration 69)
[2026-07-24 19:03:11] (4s) 			 - SsaCompute::SsaComputeImpl::ssaDefReachesRank/4#f19c6fee_delta has 1 rows (order for disjuncts: delta=<standard>).
[2026-07-24 19:03:11] (4s) Starting to evaluate predicate SsaCompute::SsaComputeImpl::ssaDefReachesRank/4#f19c6fee/4@i70#716e3wae (iteration 70)
[2026-07-24 19:03:11] (4s) 			 - SsaCompute::SsaComputeImpl::ssaDefReachesRank/4#f19c6fee_delta has 1 rows (order for disjuncts: delta=<standard>).
[2026-07-24 19:03:11] (4s) Starting to evaluate predicate SsaCompute::SsaComputeImpl::ssaDefReachesRank/4#f19c6fee/4@i71#716e3wae (iteration 71)
[2026-07-24 19:03:11] (4s) 			 - SsaCompute::SsaComputeImpl::ssaDefReachesRank/4#f19c6fee_delta has 1 rows (order for disjuncts: delta=<standard>).
[2026-07-24 19:03:11] (4s) Starting to evaluate predicate SsaCompute::SsaComputeImpl::ssaDefReachesRank/4#f19c6fee/4@i72#716e3wae (iteration 72)
[2026-07-24 19:03:11] (4s) 			 - SsaCompute::SsaComputeImpl::ssaDefReachesRank/4#f19c6fee_delta has 1 rows (order for disjuncts: delta=<standard>).
[2026-07-24 19:03:11] (4s) Starting to evaluate predicate SsaCompute::SsaComputeImpl::ssaDefReachesRank/4#f19c6fee/4@i73#716e3wae (iteration 73)
[2026-07-24 19:03:11] (4s) 			 - SsaCompute::SsaComputeImpl::ssaDefReachesRank/4#f19c6fee_delta has 1 rows (order for disjuncts: delta=<standard>).
[2026-07-24 19:03:11] (4s) Starting to evaluate predicate SsaCompute::SsaComputeImpl::ssaDefReachesRank/4#f19c6fee/4@i74#716e3wae (iteration 74)
[2026-07-24 19:03:11] (4s) 			 - SsaCompute::SsaComputeImpl::ssaDefReachesRank/4#f19c6fee_delta has 1 rows (order for disjuncts: delta=<standard>).
[2026-07-24 19:03:11] (4s) Starting to evaluate predicate SsaCompute::SsaComputeImpl::ssaDefReachesRank/4#f19c6fee/4@i75#716e3wae (iteration 75)
[2026-07-24 19:03:11] (4s) 			 - SsaCompute::SsaComputeImpl::ssaDefReachesRank/4#f19c6fee_delta has 1 rows (order for disjuncts: delta=<standard>).
[2026-07-24 19:03:11] (4s) Starting to evaluate predicate SsaCompute::SsaComputeImpl::ssaDefReachesRank/4#f19c6fee/4@i76#716e3wae (iteration 76)
[2026-07-24 19:03:11] (4s) 			 - SsaCompute::SsaComputeImpl::ssaDefReachesRank/4#f19c6fee_delta has 1 rows (order for disjuncts: delta=<standard>).
[2026-07-24 19:03:11] (4s) Starting to evaluate predicate SsaCompute::SsaComputeImpl::ssaDefReachesRank/4#f19c6fee/4@i77#716e3wae (iteration 77)
[2026-07-24 19:03:11] (4s) 			 - SsaCompute::SsaComputeImpl::ssaDefReachesRank/4#f19c6fee_delta has 1 rows (order for disjuncts: delta=<standard>).
[2026-07-24 19:03:11] (4s) Starting to evaluate predicate SsaCompute::SsaComputeImpl::ssaDefReachesRank/4#f19c6fee/4@i78#716e3wae (iteration 78)
[2026-07-24 19:03:11] (4s) 			 - SsaCompute::SsaComputeImpl::ssaDefReachesRank/4#f19c6fee_delta has 1 rows (order for disjuncts: delta=<standard>).
[2026-07-24 19:03:11] (4s) Starting to evaluate predicate SsaCompute::SsaComputeImpl::ssaDefReachesRank/4#f19c6fee/4@i79#716e3wae (iteration 79)
[2026-07-24 19:03:11] (4s) 			 - SsaCompute::SsaComputeImpl::ssaDefReachesRank/4#f19c6fee_delta has 1 rows (order for disjuncts: delta=<standard>).
[2026-07-24 19:03:11] (4s) Starting to evaluate predicate SsaCompute::SsaComputeImpl::ssaDefReachesRank/4#f19c6fee/4@i80#716e3wae (iteration 80)
[2026-07-24 19:03:11] (4s) 			 - SsaCompute::SsaComputeImpl::ssaDefReachesRank/4#f19c6fee_delta has 1 rows (order for disjuncts: delta=<standard>).
[2026-07-24 19:03:11] (4s) Starting to evaluate predicate SsaCompute::SsaComputeImpl::ssaDefReachesRank/4#f19c6fee/4@i81#716e3wae (iteration 81)
[2026-07-24 19:03:11] (4s) 			 - SsaCompute::SsaComputeImpl::ssaDefReachesRank/4#f19c6fee_delta has 1 rows (order for disjuncts: delta=<standard>).
[2026-07-24 19:03:11] (4s) Starting to evaluate predicate SsaCompute::SsaComputeImpl::ssaDefReachesRank/4#f19c6fee/4@i82#716e3wae (iteration 82)
[2026-07-24 19:03:11] (4s) 			 - SsaCompute::SsaComputeImpl::ssaDefReachesRank/4#f19c6fee_delta has 1 rows (order for disjuncts: delta=<standard>).
[2026-07-24 19:03:11] (4s) Starting to evaluate predicate SsaCompute::SsaComputeImpl::ssaDefReachesRank/4#f19c6fee/4@i83#716e3wae (iteration 83)
[2026-07-24 19:03:11] (4s) 			 - SsaCompute::SsaComputeImpl::ssaDefReachesRank/4#f19c6fee_delta has 1 rows (order for disjuncts: delta=<standard>).
[2026-07-24 19:03:11] (4s) Starting to evaluate predicate SsaCompute::SsaComputeImpl::ssaDefReachesRank/4#f19c6fee/4@i84#716e3wae (iteration 84)
[2026-07-24 19:03:11] (4s) 			 - SsaCompute::SsaComputeImpl::ssaDefReachesRank/4#f19c6fee_delta has 1 rows (order for disjuncts: delta=<standard>).
[2026-07-24 19:03:11] (4s) Starting to evaluate predicate SsaCompute::SsaComputeImpl::ssaDefReachesRank/4#f19c6fee/4@i85#716e3wae (iteration 85)
[2026-07-24 19:03:11] (4s) 			 - SsaCompute::SsaComputeImpl::ssaDefReachesRank/4#f19c6fee_delta has 1 rows (order for disjuncts: delta=<standard>).
[2026-07-24 19:03:11] (4s) Starting to evaluate predicate SsaCompute::SsaComputeImpl::ssaDefReachesRank/4#f19c6fee/4@i86#716e3wae (iteration 86)
[2026-07-24 19:03:11] (4s) 			 - SsaCompute::SsaComputeImpl::ssaDefReachesRank/4#f19c6fee_delta has 1 rows (order for disjuncts: delta=<standard>).
[2026-07-24 19:03:11] (4s) Starting to evaluate predicate SsaCompute::SsaComputeImpl::ssaDefReachesRank/4#f19c6fee/4@i87#716e3wae (iteration 87)
[2026-07-24 19:03:11] (4s) 			 - SsaCompute::SsaComputeImpl::ssaDefReachesRank/4#f19c6fee_delta has 1 rows (order for disjuncts: delta=<standard>).
[2026-07-24 19:03:11] (4s) Starting to evaluate predicate SsaCompute::SsaComputeImpl::ssaDefReachesRank/4#f19c6fee/4@i88#716e3wae (iteration 88)
[2026-07-24 19:03:11] (4s) 			 - SsaCompute::SsaComputeImpl::ssaDefReachesRank/4#f19c6fee_delta has 1 rows (order for disjuncts: delta=<standard>).
[2026-07-24 19:03:11] (4s) Starting to evaluate predicate SsaCompute::SsaComputeImpl::ssaDefReachesRank/4#f19c6fee/4@i89#716e3wae (iteration 89)
[2026-07-24 19:03:11] (4s) 			 - SsaCompute::SsaComputeImpl::ssaDefReachesRank/4#f19c6fee_delta has 1 rows (order for disjuncts: delta=<standard>).
[2026-07-24 19:03:11] (4s) Starting to evaluate predicate SsaCompute::SsaComputeImpl::ssaDefReachesRank/4#f19c6fee/4@i90#716e3wae (iteration 90)
[2026-07-24 19:03:11] (4s) 			 - SsaCompute::SsaComputeImpl::ssaDefReachesRank/4#f19c6fee_delta has 1 rows (order for disjuncts: delta=<standard>).
[2026-07-24 19:03:11] (4s) Starting to evaluate predicate SsaCompute::SsaComputeImpl::ssaDefReachesRank/4#f19c6fee/4@i91#716e3wae (iteration 91)
[2026-07-24 19:03:11] (4s) 			 - SsaCompute::SsaComputeImpl::ssaDefReachesRank/4#f19c6fee_delta has 1 rows (order for disjuncts: delta=<standard>).
[2026-07-24 19:03:11] (4s) Starting to evaluate predicate SsaCompute::SsaComputeImpl::ssaDefReachesRank/4#f19c6fee/4@i92#716e3wae (iteration 92)
[2026-07-24 19:03:11] (4s) 			 - SsaCompute::SsaComputeImpl::ssaDefReachesRank/4#f19c6fee_delta has 1 rows (order for disjuncts: delta=<standard>).
[2026-07-24 19:03:11] (4s) Starting to evaluate predicate SsaCompute::SsaComputeImpl::ssaDefReachesRank/4#f19c6fee/4@i93#716e3wae (iteration 93)
[2026-07-24 19:03:11] (4s) 			 - SsaCompute::SsaComputeImpl::ssaDefReachesRank/4#f19c6fee_delta has 1 rows (order for disjuncts: delta=<standard>).
[2026-07-24 19:03:11] (4s) Starting to evaluate predicate SsaCompute::SsaComputeImpl::ssaDefReachesRank/4#f19c6fee/4@i94#716e3wae (iteration 94)
[2026-07-24 19:03:11] (4s) 			 - SsaCompute::SsaComputeImpl::ssaDefReachesRank/4#f19c6fee_delta has 1 rows (order for disjuncts: delta=<standard>).
[2026-07-24 19:03:11] (4s) Starting to evaluate predicate SsaCompute::SsaComputeImpl::ssaDefReachesRank/4#f19c6fee/4@i95#716e3wae (iteration 95)
[2026-07-24 19:03:11] (4s) 			 - SsaCompute::SsaComputeImpl::ssaDefReachesRank/4#f19c6fee_delta has 1 rows (order for disjuncts: delta=<standard>).
[2026-07-24 19:03:11] (4s) Starting to evaluate predicate SsaCompute::SsaComputeImpl::ssaDefReachesRank/4#f19c6fee/4@i96#716e3wae (iteration 96)
[2026-07-24 19:03:11] (4s) 			 - SsaCompute::SsaComputeImpl::ssaDefReachesRank/4#f19c6fee_delta has 1 rows (order for disjuncts: delta=<standard>).
[2026-07-24 19:03:11] (4s) Starting to evaluate predicate SsaCompute::SsaComputeImpl::ssaDefReachesRank/4#f19c6fee/4@i97#716e3wae (iteration 97)
[2026-07-24 19:03:11] (4s) 			 - SsaCompute::SsaComputeImpl::ssaDefReachesRank/4#f19c6fee_delta has 1 rows (order for disjuncts: delta=<standard>).
[2026-07-24 19:03:11] (4s) Starting to evaluate predicate SsaCompute::SsaComputeImpl::ssaDefReachesRank/4#f19c6fee/4@i98#716e3wae (iteration 98)
[2026-07-24 19:03:11] (4s) 			 - SsaCompute::SsaComputeImpl::ssaDefReachesRank/4#f19c6fee_delta has 1 rows (order for disjuncts: delta=<standard>).
[2026-07-24 19:03:11] (4s) Starting to evaluate predicate SsaCompute::SsaComputeImpl::ssaDefReachesRank/4#f19c6fee/4@i99#716e3wae (iteration 99)
[2026-07-24 19:03:11] (4s) 			 - SsaCompute::SsaComputeImpl::ssaDefReachesRank/4#f19c6fee_delta has 1 rows (order for disjuncts: delta=<standard>).
[2026-07-24 19:03:11] (4s) Starting to evaluate predicate SsaCompute::SsaComputeImpl::ssaDefReachesRank/4#f19c6fee/4@i100#716e3wae (iteration 100)
[2026-07-24 19:03:11] (4s) 			 - SsaCompute::SsaComputeImpl::ssaDefReachesRank/4#f19c6fee_delta has 1 rows (order for disjuncts: delta=<standard>).
[2026-07-24 19:03:11] (4s) Starting to evaluate predicate SsaCompute::SsaComputeImpl::ssaDefReachesRank/4#f19c6fee/4@i101#716e3wae (iteration 101)
[2026-07-24 19:03:11] (4s) 			 - SsaCompute::SsaComputeImpl::ssaDefReachesRank/4#f19c6fee_delta has 1 rows (order for disjuncts: delta=<standard>).
[2026-07-24 19:03:11] (4s) Starting to evaluate predicate SsaCompute::SsaComputeImpl::ssaDefReachesRank/4#f19c6fee/4@i102#716e3wae (iteration 102)
[2026-07-24 19:03:11] (4s) 			 - SsaCompute::SsaComputeImpl::ssaDefReachesRank/4#f19c6fee_delta has 1 rows (order for disjuncts: delta=<standard>).
[2026-07-24 19:03:11] (4s) Starting to evaluate predicate SsaCompute::SsaComputeImpl::ssaDefReachesRank/4#f19c6fee/4@i103#716e3wae (iteration 103)
[2026-07-24 19:03:11] (4s) 			 - SsaCompute::SsaComputeImpl::ssaDefReachesRank/4#f19c6fee_delta has 1 rows (order for disjuncts: delta=<standard>).
[2026-07-24 19:03:11] (4s) Starting to evaluate predicate SsaCompute::SsaComputeImpl::ssaDefReachesRank/4#f19c6fee/4@i104#716e3wae (iteration 104)
[2026-07-24 19:03:11] (4s) 			 - SsaCompute::SsaComputeImpl::ssaDefReachesRank/4#f19c6fee_delta has 1 rows (order for disjuncts: delta=<standard>).
[2026-07-24 19:03:11] (4s) Starting to evaluate predicate SsaCompute::SsaComputeImpl::ssaDefReachesRank/4#f19c6fee/4@i105#716e3wae (iteration 105)
[2026-07-24 19:03:11] (4s) 			 - SsaCompute::SsaComputeImpl::ssaDefReachesRank/4#f19c6fee_delta has 1 rows (order for disjuncts: delta=<standard>).
[2026-07-24 19:03:11] (4s) Starting to evaluate predicate SsaCompute::SsaComputeImpl::ssaDefReachesRank/4#f19c6fee/4@i106#716e3wae (iteration 106)
[2026-07-24 19:03:11] (4s) 			 - SsaCompute::SsaComputeImpl::ssaDefReachesRank/4#f19c6fee_delta has 1 rows (order for disjuncts: delta=<standard>).
[2026-07-24 19:03:11] (4s) Starting to evaluate predicate SsaCompute::SsaComputeImpl::ssaDefReachesRank/4#f19c6fee/4@i107#716e3wae (iteration 107)
[2026-07-24 19:03:11] (4s) 			 - SsaCompute::SsaComputeImpl::ssaDefReachesRank/4#f19c6fee_delta has 1 rows (order for disjuncts: delta=<standard>).
[2026-07-24 19:03:11] (4s) Starting to evaluate predicate SsaCompute::SsaComputeImpl::ssaDefReachesRank/4#f19c6fee/4@i108#716e3wae (iteration 108)
[2026-07-24 19:03:11] (4s) 			 - SsaCompute::SsaComputeImpl::ssaDefReachesRank/4#f19c6fee_delta has 1 rows (order for disjuncts: delta=<standard>).
[2026-07-24 19:03:11] (4s) Starting to evaluate predicate SsaCompute::SsaComputeImpl::ssaDefReachesRank/4#f19c6fee/4@i109#716e3wae (iteration 109)
[2026-07-24 19:03:11] (4s) 			 - SsaCompute::SsaComputeImpl::ssaDefReachesRank/4#f19c6fee_delta has 1 rows (order for disjuncts: delta=<standard>).
[2026-07-24 19:03:11] (4s) Starting to evaluate predicate SsaCompute::SsaComputeImpl::ssaDefReachesRank/4#f19c6fee/4@i110#716e3wae (iteration 110)
[2026-07-24 19:03:11] (4s) 			 - SsaCompute::SsaComputeImpl::ssaDefReachesRank/4#f19c6fee_delta has 1 rows (order for disjuncts: delta=<standard>).
[2026-07-24 19:03:11] (4s) Starting to evaluate predicate SsaCompute::SsaComputeImpl::ssaDefReachesRank/4#f19c6fee/4@i111#716e3wae (iteration 111)
[2026-07-24 19:03:11] (4s) 			 - SsaCompute::SsaComputeImpl::ssaDefReachesRank/4#f19c6fee_delta has 1 rows (order for disjuncts: delta=<standard>).
[2026-07-24 19:03:11] (4s) Starting to evaluate predicate SsaCompute::SsaComputeImpl::ssaDefReachesRank/4#f19c6fee/4@i112#716e3wae (iteration 112)
[2026-07-24 19:03:11] (4s) 			 - SsaCompute::SsaComputeImpl::ssaDefReachesRank/4#f19c6fee_delta has 1 rows (order for disjuncts: delta=<standard>).
[2026-07-24 19:03:11] (4s) Starting to evaluate predicate SsaCompute::SsaComputeImpl::ssaDefReachesRank/4#f19c6fee/4@i113#716e3wae (iteration 113)
[2026-07-24 19:03:11] (4s) 			 - SsaCompute::SsaComputeImpl::ssaDefReachesRank/4#f19c6fee_delta has 1 rows (order for disjuncts: delta=<standard>).
[2026-07-24 19:03:11] (4s) Starting to evaluate predicate SsaCompute::SsaComputeImpl::ssaDefReachesRank/4#f19c6fee/4@i114#716e3wae (iteration 114)
[2026-07-24 19:03:11] (4s) 			 - SsaCompute::SsaComputeImpl::ssaDefReachesRank/4#f19c6fee_delta has 1 rows (order for disjuncts: delta=<standard>).
[2026-07-24 19:03:11] (4s) Starting to evaluate predicate SsaCompute::SsaComputeImpl::ssaDefReachesRank/4#f19c6fee/4@i115#716e3wae (iteration 115)
[2026-07-24 19:03:11] (4s) 			 - SsaCompute::SsaComputeImpl::ssaDefReachesRank/4#f19c6fee_delta has 1 rows (order for disjuncts: delta=<standard>).
[2026-07-24 19:03:11] (4s) Starting to evaluate predicate SsaCompute::SsaComputeImpl::ssaDefReachesRank/4#f19c6fee/4@i116#716e3wae (iteration 116)
[2026-07-24 19:03:11] (4s) 			 - SsaCompute::SsaComputeImpl::ssaDefReachesRank/4#f19c6fee_delta has 1 rows (order for disjuncts: delta=<standard>).
[2026-07-24 19:03:11] (4s) Starting to evaluate predicate SsaCompute::SsaComputeImpl::ssaDefReachesRank/4#f19c6fee/4@i117#716e3wae (iteration 117)
[2026-07-24 19:03:11] (4s) 			 - SsaCompute::SsaComputeImpl::ssaDefReachesRank/4#f19c6fee_delta has 1 rows (order for disjuncts: delta=<standard>).
[2026-07-24 19:03:11] (4s) Starting to evaluate predicate SsaCompute::SsaComputeImpl::ssaDefReachesRank/4#f19c6fee/4@i118#716e3wae (iteration 118)
[2026-07-24 19:03:11] (4s) 			 - SsaCompute::SsaComputeImpl::ssaDefReachesRank/4#f19c6fee_delta has 1 rows (order for disjuncts: delta=<standard>).
[2026-07-24 19:03:11] (4s) Starting to evaluate predicate SsaCompute::SsaComputeImpl::ssaDefReachesRank/4#f19c6fee/4@i119#716e3wae (iteration 119)
[2026-07-24 19:03:11] (4s) 			 - SsaCompute::SsaComputeImpl::ssaDefReachesRank/4#f19c6fee_delta has 1 rows (order for disjuncts: delta=<standard>).
[2026-07-24 19:03:11] (4s) Starting to evaluate predicate SsaCompute::SsaComputeImpl::ssaDefReachesRank/4#f19c6fee/4@i120#716e3wae (iteration 120)
[2026-07-24 19:03:11] (4s) 			 - SsaCompute::SsaComputeImpl::ssaDefReachesRank/4#f19c6fee_delta has 1 rows (order for disjuncts: delta=<standard>).
[2026-07-24 19:03:11] (4s) Starting to evaluate predicate SsaCompute::SsaComputeImpl::ssaDefReachesRank/4#f19c6fee/4@i121#716e3wae (iteration 121)
[2026-07-24 19:03:11] (4s) 			 - SsaCompute::SsaComputeImpl::ssaDefReachesRank/4#f19c6fee_delta has 1 rows (order for disjuncts: delta=<standard>).
[2026-07-24 19:03:11] (4s) Starting to evaluate predicate SsaCompute::SsaComputeImpl::ssaDefReachesRank/4#f19c6fee/4@i122#716e3wae (iteration 122)
[2026-07-24 19:03:11] (4s) 			 - SsaCompute::SsaComputeImpl::ssaDefReachesRank/4#f19c6fee_delta has 1 rows (order for disjuncts: delta=<standard>).
[2026-07-24 19:03:11] (4s) Starting to evaluate predicate SsaCompute::SsaComputeImpl::ssaDefReachesRank/4#f19c6fee/4@i123#716e3wae (iteration 123)
[2026-07-24 19:03:11] (4s) 			 - SsaCompute::SsaComputeImpl::ssaDefReachesRank/4#f19c6fee_delta has 1 rows (order for disjuncts: delta=<standard>).
[2026-07-24 19:03:11] (4s) Starting to evaluate predicate SsaCompute::SsaComputeImpl::ssaDefReachesRank/4#f19c6fee/4@i124#716e3wae (iteration 124)
[2026-07-24 19:03:11] (4s) 			 - SsaCompute::SsaComputeImpl::ssaDefReachesRank/4#f19c6fee_delta has 1 rows (order for disjuncts: delta=<standard>).
[2026-07-24 19:03:11] (4s) Starting to evaluate predicate SsaCompute::SsaComputeImpl::ssaDefReachesRank/4#f19c6fee/4@i125#716e3wae (iteration 125)
[2026-07-24 19:03:11] (4s) Empty delta for SsaCompute::SsaComputeImpl::ssaDefReachesRank/4#f19c6fee_delta (order for disjuncts: delta=<standard>).
[2026-07-24 19:03:11] (4s) Accumulating deltas
[2026-07-24 19:03:11] (4s)  >>> Created relation SsaCompute::SsaComputeImpl::ssaDefReachesRank/4#f19c6fee/4@716e3wae with 72895 rows and digest b2aee397ahr2lo4079l9a0co4e2.
[2026-07-24 19:03:11] (4s) Starting to evaluate predicate SsaCompute::SsaComputeImpl::ssaDefReachesRank/4#f19c6fee_0132#join_rhs/4@f51303ul
[2026-07-24 19:03:11] (4s)  >>> Created relation SsaCompute::SsaComputeImpl::ssaDefReachesRank/4#f19c6fee_0132#join_rhs/4@f51303ul with 72895 rows and digest d8d3c4c116tdf8ivqf5f48lomja.
[2026-07-24 19:03:11] (4s) Starting to evaluate predicate SsaCompute::SsaComputeImpl::ssaDefReachesUseWithinBlock/4#87a91e15/4@48d5fe1p
[2026-07-24 19:03:11] (4s)  >>> Created relation SsaCompute::SsaComputeImpl::ssaDefReachesUseWithinBlock/4#87a91e15/4@48d5fe1p with 39409 rows and digest 231e6f7qcd2lfmcbbpsk1n83o1b.
[2026-07-24 19:03:11] (4s) No need to promote strings for SsaCompute::SsaComputeImpl::ssaDefReachesUseWithinBlock/4#87a91e15/4@48d5fe1p as it does not contain computed strings.
[2026-07-24 19:03:11] (4s)  >>> Created relation cached_SsaCompute::SsaComputeImpl::ssaDefReachesUseWithinBlock/4#87a91e15/4@355f9f49 with 39409 rows and digest 231e6f7qcd2lfmcbbpsk1n83o1b.
[2026-07-24 19:03:11] (4s) No need to promote strings for SsaCompute::SsaComputeImpl::ssaDefReachesRank/4#f19c6fee/4@716e3wae as it does not contain computed strings.
[2026-07-24 19:03:11] (4s)  >>> Created relation cached_SsaCompute::SsaComputeImpl::ssaDefReachesRank/4#f19c6fee/4@ef3fe7t8 with 72895 rows and digest b2aee397ahr2lo4079l9a0co4e2.
[2026-07-24 19:03:11] (4s) No need to promote strings for SsaCompute::SsaComputeImpl::ssaDef/2#1ca5a11b/2@13c56x0b as it does not contain computed strings.
[2026-07-24 19:03:11] (4s)  >>> Created relation cached_SsaCompute::SsaComputeImpl::ssaDef/2#1ca5a11b/2@839bbevn with 25752 rows and digest 5b189cebe5d6gh5ingdphieqk73.
[2026-07-24 19:03:11] (4s) No need to promote strings for SsaCompute::SsaComputeImpl::lastRank/2#6cfcb19d/3@6b005307 as it does not contain computed strings.
[2026-07-24 19:03:11] (4s)  >>> Created relation cached_SsaCompute::SsaComputeImpl::lastRank/2#6cfcb19d/3@901bb85e with 45483 rows and digest 0fe0b1ot2vd7mofknsho47vfjia.
[2026-07-24 19:03:11] (4s) No need to promote strings for SsaCompute::SsaComputeImpl::defUseRank/4#782a2f48/4@1f045bj9 as it does not contain computed strings.
[2026-07-24 19:03:11] (4s)  >>> Created relation cached_SsaCompute::SsaComputeImpl::defUseRank/4#782a2f48/4@01f35es2 with 108593 rows and digest d4c671ud7lnegntnnn0jj0ro77f.
[2026-07-24 19:03:11] (4s) No need to promote strings for SsaCompute::SsaComputeImpl::defRank/4#f608ea69/4@fa2cc28m as it does not contain computed strings.
[2026-07-24 19:03:11] (4s)  >>> Created relation cached_SsaCompute::SsaComputeImpl::defRank/4#f608ea69/4@2903867i with 30382 rows and digest d74017ub70c3keq3km9a8c5stc8.
[2026-07-24 19:03:11] (4s) Starting to evaluate predicate SsaCompute::SsaDefinitions::reachesEndOfBlockRec/4#63bb2cd4/4@i1#77bccxlk (iteration 1)
[2026-07-24 19:03:11] (4s) Empty delta for SsaCompute::SsaDefinitions::reachesEndOfBlockRec/4#63bb2cd4_delta (order for disjuncts: delta=<standard>).
[2026-07-24 19:03:11] (4s) Starting to evaluate predicate SsaCompute::SsaDefinitions::reachesEndOfBlock/4#214bd902/4@i1#77bccwlk (iteration 1)
[2026-07-24 19:03:11] (4s) 			 - SsaCompute::SsaDefinitions::reachesEndOfBlock/4#214bd902_delta has 15618 rows (order for disjuncts: delta=<standard>).
[2026-07-24 19:03:11] (4s) Starting to evaluate predicate SsaCompute::SsaDefinitions::reachesEndOfBlockRec/4#63bb2cd4/4@i2#77bccxlk (iteration 2)
[2026-07-24 19:03:11] (4s) 			 - SsaCompute::SsaDefinitions::reachesEndOfBlockRec/4#63bb2cd4_delta has 21468 rows (order for disjuncts: delta=<standard>).
[2026-07-24 19:03:11] (4s) Starting to evaluate predicate SsaCompute::SsaDefinitions::reachesEndOfBlock/4#214bd902/4@i3#77bccwlk (iteration 3)
[2026-07-24 19:03:11] (4s) 			 - SsaCompute::SsaDefinitions::reachesEndOfBlock/4#214bd902_delta has 10658 rows (order for disjuncts: delta=<standard>).
[2026-07-24 19:03:11] (4s) Starting to evaluate predicate SsaCompute::SsaDefinitions::reachesEndOfBlockRec/4#63bb2cd4/4@i4#77bccxlk (iteration 4)
[2026-07-24 19:03:11] (4s) 			 - SsaCompute::SsaDefinitions::reachesEndOfBlockRec/4#63bb2cd4_delta has 12132 rows (order for disjuncts: delta=<standard>).
[2026-07-24 19:03:11] (4s) Starting to evaluate predicate SsaCompute::SsaDefinitions::reachesEndOfBlock/4#214bd902/4@i5#77bccwlk (iteration 5)
[2026-07-24 19:03:11] (4s) 			 - SsaCompute::SsaDefinitions::reachesEndOfBlock/4#214bd902_delta has 8166 rows (order for disjuncts: delta=<standard>).
[2026-07-24 19:03:11] (4s) Starting to evaluate predicate SsaCompute::SsaDefinitions::reachesEndOfBlockRec/4#63bb2cd4/4@i6#77bccxlk (iteration 6)
[2026-07-24 19:03:11] (4s) 			 - SsaCompute::SsaDefinitions::reachesEndOfBlockRec/4#63bb2cd4_delta has 8294 rows (order for disjuncts: delta=<standard>).
[2026-07-24 19:03:11] (4s) Starting to evaluate predicate SsaCompute::SsaDefinitions::reachesEndOfBlock/4#214bd902/4@i7#77bccwlk (iteration 7)
[2026-07-24 19:03:11] (4s) 			 - SsaCompute::SsaDefinitions::reachesEndOfBlock/4#214bd902_delta has 6556 rows (order for disjuncts: delta=<standard>).
[2026-07-24 19:03:11] (4s) Starting to evaluate predicate SsaCompute::SsaDefinitions::reachesEndOfBlockRec/4#63bb2cd4/4@i8#77bccxlk (iteration 8)
[2026-07-24 19:03:11] (4s) 			 - SsaCompute::SsaDefinitions::reachesEndOfBlockRec/4#63bb2cd4_delta has 6315 rows (order for disjuncts: delta=<standard>).
[2026-07-24 19:03:11] (4s) Starting to evaluate predicate SsaCompute::SsaDefinitions::reachesEndOfBlock/4#214bd902/4@i9#77bccwlk (iteration 9)
[2026-07-24 19:03:11] (4s) 			 - SsaCompute::SsaDefinitions::reachesEndOfBlock/4#214bd902_delta has 5214 rows (order for disjuncts: delta=<standard>).
[2026-07-24 19:03:11] (4s) Starting to evaluate predicate SsaCompute::SsaDefinitions::reachesEndOfBlockRec/4#63bb2cd4/4@i10#77bccxlk (iteration 10)
[2026-07-24 19:03:11] (4s) 			 - SsaCompute::SsaDefinitions::reachesEndOfBlockRec/4#63bb2cd4_delta has 4737 rows (order for disjuncts: delta=<standard>).
[2026-07-24 19:03:11] (4s) Starting to evaluate predicate SsaCompute::SsaDefinitions::reachesEndOfBlock/4#214bd902/4@i11#77bccwlk (iteration 11)
[2026-07-24 19:03:11] (4s) 			 - SsaCompute::SsaDefinitions::reachesEndOfBlock/4#214bd902_delta has 4155 rows (order for disjuncts: delta=<standard>).
[2026-07-24 19:03:11] (4s) Starting to evaluate predicate SsaCompute::SsaDefinitions::reachesEndOfBlockRec/4#63bb2cd4/4@i12#77bccxlk (iteration 12)
[2026-07-24 19:03:11] (4s) 			 - SsaCompute::SsaDefinitions::reachesEndOfBlockRec/4#63bb2cd4_delta has 3773 rows (order for disjuncts: delta=<standard>).
[2026-07-24 19:03:11] (4s) Starting to evaluate predicate SsaCompute::SsaDefinitions::reachesEndOfBlock/4#214bd902/4@i13#77bccwlk (iteration 13)
[2026-07-24 19:03:11] (4s) 			 - SsaCompute::SsaDefinitions::reachesEndOfBlock/4#214bd902_delta has 3366 rows (order for disjuncts: delta=<standard>).
[2026-07-24 19:03:11] (4s) Starting to evaluate predicate SsaCompute::SsaDefinitions::reachesEndOfBlockRec/4#63bb2cd4/4@i14#77bccxlk (iteration 14)
[2026-07-24 19:03:11] (4s) 			 - SsaCompute::SsaDefinitions::reachesEndOfBlockRec/4#63bb2cd4_delta has 3291 rows (order for disjuncts: delta=<standard>).
[2026-07-24 19:03:11] (4s) Starting to evaluate predicate SsaCompute::SsaDefinitions::reachesEndOfBlock/4#214bd902/4@i15#77bccwlk (iteration 15)
[2026-07-24 19:03:11] (4s) 			 - SsaCompute::SsaDefinitions::reachesEndOfBlock/4#214bd902_delta has 2931 rows (order for disjuncts: delta=<standard>).
[2026-07-24 19:03:11] (4s) Starting to evaluate predicate SsaCompute::SsaDefinitions::reachesEndOfBlockRec/4#63bb2cd4/4@i16#77bccxlk (iteration 16)
[2026-07-24 19:03:11] (4s) 			 - SsaCompute::SsaDefinitions::reachesEndOfBlockRec/4#63bb2cd4_delta has 2698 rows (order for disjuncts: delta=<standard>).
[2026-07-24 19:03:11] (4s) Starting to evaluate predicate SsaCompute::SsaDefinitions::reachesEndOfBlock/4#214bd902/4@i17#77bccwlk (iteration 17)
[2026-07-24 19:03:11] (4s) 			 - SsaCompute::SsaDefinitions::reachesEndOfBlock/4#214bd902_delta has 2419 rows (order for disjuncts: delta=<standard>).
[2026-07-24 19:03:11] (4s) Starting to evaluate predicate SsaCompute::SsaDefinitions::reachesEndOfBlockRec/4#63bb2cd4/4@i18#77bccxlk (iteration 18)
[2026-07-24 19:03:11] (4s) 			 - SsaCompute::SsaDefinitions::reachesEndOfBlockRec/4#63bb2cd4_delta has 2059 rows (order for disjuncts: delta=<standard>).
[2026-07-24 19:03:11] (4s) Starting to evaluate predicate SsaCompute::SsaDefinitions::reachesEndOfBlock/4#214bd902/4@i19#77bccwlk (iteration 19)
[2026-07-24 19:03:11] (4s) 			 - SsaCompute::SsaDefinitions::reachesEndOfBlock/4#214bd902_delta has 1859 rows (order for disjuncts: delta=<standard>).
[2026-07-24 19:03:11] (4s) Starting to evaluate predicate SsaCompute::SsaDefinitions::reachesEndOfBlockRec/4#63bb2cd4/4@i20#77bccxlk (iteration 20)
[2026-07-24 19:03:11] (4s) 			 - SsaCompute::SsaDefinitions::reachesEndOfBlockRec/4#63bb2cd4_delta has 1788 rows (order for disjuncts: delta=<standard>).
[2026-07-24 19:03:11] (4s) Starting to evaluate predicate SsaCompute::SsaDefinitions::reachesEndOfBlock/4#214bd902/4@i21#77bccwlk (iteration 21)
[2026-07-24 19:03:11] (4s) 			 - SsaCompute::SsaDefinitions::reachesEndOfBlock/4#214bd902_delta has 1692 rows (order for disjuncts: delta=<standard>).
[2026-07-24 19:03:11] (4s) Starting to evaluate predicate SsaCompute::SsaDefinitions::reachesEndOfBlockRec/4#63bb2cd4/4@i22#77bccxlk (iteration 22)
[2026-07-24 19:03:11] (4s) 			 - SsaCompute::SsaDefinitions::reachesEndOfBlockRec/4#63bb2cd4_delta has 1627 rows (order for disjuncts: delta=<standard>).
[2026-07-24 19:03:11] (4s) Starting to evaluate predicate SsaCompute::SsaDefinitions::reachesEndOfBlock/4#214bd902/4@i23#77bccwlk (iteration 23)
[2026-07-24 19:03:11] (4s) 			 - SsaCompute::SsaDefinitions::reachesEndOfBlock/4#214bd902_delta has 1572 rows (order for disjuncts: delta=<standard>).
[2026-07-24 19:03:11] (4s) Starting to evaluate predicate SsaCompute::SsaDefinitions::reachesEndOfBlockRec/4#63bb2cd4/4@i24#77bccxlk (iteration 24)
[2026-07-24 19:03:11] (4s) 			 - SsaCompute::SsaDefinitions::reachesEndOfBlockRec/4#63bb2cd4_delta has 1378 rows (order for disjuncts: delta=<standard>).
[2026-07-24 19:03:11] (4s) Starting to evaluate predicate SsaCompute::SsaDefinitions::reachesEndOfBlock/4#214bd902/4@i25#77bccwlk (iteration 25)
[2026-07-24 19:03:11] (4s) 			 - SsaCompute::SsaDefinitions::reachesEndOfBlock/4#214bd902_delta has 1324 rows (order for disjuncts: delta=<standard>).
[2026-07-24 19:03:11] (4s) Starting to evaluate predicate SsaCompute::SsaDefinitions::reachesEndOfBlockRec/4#63bb2cd4/4@i26#77bccxlk (iteration 26)
[2026-07-24 19:03:11] (4s) 			 - SsaCompute::SsaDefinitions::reachesEndOfBlockRec/4#63bb2cd4_delta has 1094 rows (order for disjuncts: delta=<standard>).
[2026-07-24 19:03:11] (4s) Starting to evaluate predicate SsaCompute::SsaDefinitions::reachesEndOfBlock/4#214bd902/4@i27#77bccwlk (iteration 27)
[2026-07-24 19:03:11] (4s) 			 - SsaCompute::SsaDefinitions::reachesEndOfBlock/4#214bd902_delta has 1053 rows (order for disjuncts: delta=<standard>).
[2026-07-24 19:03:11] (4s) Starting to evaluate predicate SsaCompute::SsaDefinitions::reachesEndOfBlockRec/4#63bb2cd4/4@i28#77bccxlk (iteration 28)
[2026-07-24 19:03:11] (4s) 			 - SsaCompute::SsaDefinitions::reachesEndOfBlockRec/4#63bb2cd4_delta has 910 rows (order for disjuncts: delta=<standard>).
[2026-07-24 19:03:11] (4s) Starting to evaluate predicate SsaCompute::SsaDefinitions::reachesEndOfBlock/4#214bd902/4@i29#77bccwlk (iteration 29)
[2026-07-24 19:03:11] (4s) 			 - SsaCompute::SsaDefinitions::reachesEndOfBlock/4#214bd902_delta has 852 rows (order for disjuncts: delta=<standard>).
[2026-07-24 19:03:11] (4s) Starting to evaluate predicate SsaCompute::SsaDefinitions::reachesEndOfBlockRec/4#63bb2cd4/4@i30#77bccxlk (iteration 30)
[2026-07-24 19:03:11] (4s) 			 - SsaCompute::SsaDefinitions::reachesEndOfBlockRec/4#63bb2cd4_delta has 784 rows (order for disjuncts: delta=<standard>).
[2026-07-24 19:03:11] (4s) Starting to evaluate predicate SsaCompute::SsaDefinitions::reachesEndOfBlock/4#214bd902/4@i31#77bccwlk (iteration 31)
[2026-07-24 19:03:11] (4s) 			 - SsaCompute::SsaDefinitions::reachesEndOfBlock/4#214bd902_delta has 758 rows (order for disjuncts: delta=<standard>).
[2026-07-24 19:03:11] (4s) Starting to evaluate predicate SsaCompute::SsaDefinitions::reachesEndOfBlockRec/4#63bb2cd4/4@i32#77bccxlk (iteration 32)
[2026-07-24 19:03:11] (4s) 			 - SsaCompute::SsaDefinitions::reachesEndOfBlockRec/4#63bb2cd4_delta has 614 rows (order for disjuncts: delta=<standard>).
[2026-07-24 19:03:11] (4s) Starting to evaluate predicate SsaCompute::SsaDefinitions::reachesEndOfBlock/4#214bd902/4@i33#77bccwlk (iteration 33)
[2026-07-24 19:03:11] (4s) 			 - SsaCompute::SsaDefinitions::reachesEndOfBlock/4#214bd902_delta has 607 rows (order for disjuncts: delta=<standard>).
[2026-07-24 19:03:11] (4s) Starting to evaluate predicate SsaCompute::SsaDefinitions::reachesEndOfBlockRec/4#63bb2cd4/4@i34#77bccxlk (iteration 34)
[2026-07-24 19:03:11] (4s) 			 - SsaCompute::SsaDefinitions::reachesEndOfBlockRec/4#63bb2cd4_delta has 530 rows (order for disjuncts: delta=<standard>).
[2026-07-24 19:03:11] (4s) Starting to evaluate predicate SsaCompute::SsaDefinitions::reachesEndOfBlock/4#214bd902/4@i35#77bccwlk (iteration 35)
[2026-07-24 19:03:11] (4s) 			 - SsaCompute::SsaDefinitions::reachesEndOfBlock/4#214bd902_delta has 510 rows (order for disjuncts: delta=<standard>).
[2026-07-24 19:03:11] (4s) Starting to evaluate predicate SsaCompute::SsaDefinitions::reachesEndOfBlockRec/4#63bb2cd4/4@i36#77bccxlk (iteration 36)
[2026-07-24 19:03:11] (4s) 			 - SsaCompute::SsaDefinitions::reachesEndOfBlockRec/4#63bb2cd4_delta has 353 rows (order for disjuncts: delta=<standard>).
[2026-07-24 19:03:11] (4s) Starting to evaluate predicate SsaCompute::SsaDefinitions::reachesEndOfBlock/4#214bd902/4@i37#77bccwlk (iteration 37)
[2026-07-24 19:03:11] (4s) 			 - SsaCompute::SsaDefinitions::reachesEndOfBlock/4#214bd902_delta has 347 rows (order for disjuncts: delta=<standard>).
[2026-07-24 19:03:11] (4s) Starting to evaluate predicate SsaCompute::SsaDefinitions::reachesEndOfBlockRec/4#63bb2cd4/4@i38#77bccxlk (iteration 38)
[2026-07-24 19:03:11] (4s) 			 - SsaCompute::SsaDefinitions::reachesEndOfBlockRec/4#63bb2cd4_delta has 299 rows (order for disjuncts: delta=<standard>).
[2026-07-24 19:03:11] (4s) Starting to evaluate predicate SsaCompute::SsaDefinitions::reachesEndOfBlock/4#214bd902/4@i39#77bccwlk (iteration 39)
[2026-07-24 19:03:11] (4s) 			 - SsaCompute::SsaDefinitions::reachesEndOfBlock/4#214bd902_delta has 283 rows (order for disjuncts: delta=<standard>).
[2026-07-24 19:03:11] (4s) Starting to evaluate predicate SsaCompute::SsaDefinitions::reachesEndOfBlockRec/4#63bb2cd4/4@i40#77bccxlk (iteration 40)
[2026-07-24 19:03:11] (4s) 			 - SsaCompute::SsaDefinitions::reachesEndOfBlockRec/4#63bb2cd4_delta has 270 rows (order for disjuncts: delta=<standard>).
[2026-07-24 19:03:11] (4s) Starting to evaluate predicate SsaCompute::SsaDefinitions::reachesEndOfBlock/4#214bd902/4@i41#77bccwlk (iteration 41)
[2026-07-24 19:03:11] (4s) 			 - SsaCompute::SsaDefinitions::reachesEndOfBlock/4#214bd902_delta has 243 rows (order for disjuncts: delta=<standard>).
[2026-07-24 19:03:11] (4s) Starting to evaluate predicate SsaCompute::SsaDefinitions::reachesEndOfBlockRec/4#63bb2cd4/4@i42#77bccxlk (iteration 42)
[2026-07-24 19:03:11] (4s) 			 - SsaCompute::SsaDefinitions::reachesEndOfBlockRec/4#63bb2cd4_delta has 232 rows (order for disjuncts: delta=<standard>).
[2026-07-24 19:03:11] (4s) Starting to evaluate predicate SsaCompute::SsaDefinitions::reachesEndOfBlock/4#214bd902/4@i43#77bccwlk (iteration 43)
[2026-07-24 19:03:11] (4s) 			 - SsaCompute::SsaDefinitions::reachesEndOfBlock/4#214bd902_delta has 222 rows (order for disjuncts: delta=<standard>).
[2026-07-24 19:03:11] (4s) Starting to evaluate predicate SsaCompute::SsaDefinitions::reachesEndOfBlockRec/4#63bb2cd4/4@i44#77bccxlk (iteration 44)
[2026-07-24 19:03:11] (4s) 			 - SsaCompute::SsaDefinitions::reachesEndOfBlockRec/4#63bb2cd4_delta has 220 rows (order for disjuncts: delta=<standard>).
[2026-07-24 19:03:11] (4s) Starting to evaluate predicate SsaCompute::SsaDefinitions::reachesEndOfBlock/4#214bd902/4@i45#77bccwlk (iteration 45)
[2026-07-24 19:03:11] (4s) 			 - SsaCompute::SsaDefinitions::reachesEndOfBlock/4#214bd902_delta has 211 rows (order for disjuncts: delta=<standard>).
[2026-07-24 19:03:11] (4s) Starting to evaluate predicate SsaCompute::SsaDefinitions::reachesEndOfBlockRec/4#63bb2cd4/4@i46#77bccxlk (iteration 46)
[2026-07-24 19:03:11] (4s) 			 - SsaCompute::SsaDefinitions::reachesEndOfBlockRec/4#63bb2cd4_delta has 168 rows (order for disjuncts: delta=<standard>).
[2026-07-24 19:03:11] (4s) Starting to evaluate predicate SsaCompute::SsaDefinitions::reachesEndOfBlock/4#214bd902/4@i47#77bccwlk (iteration 47)
[2026-07-24 19:03:11] (4s) 			 - SsaCompute::SsaDefinitions::reachesEndOfBlock/4#214bd902_delta has 161 rows (order for disjuncts: delta=<standard>).
[2026-07-24 19:03:11] (4s) Starting to evaluate predicate SsaCompute::SsaDefinitions::reachesEndOfBlockRec/4#63bb2cd4/4@i48#77bccxlk (iteration 48)
[2026-07-24 19:03:11] (4s) 			 - SsaCompute::SsaDefinitions::reachesEndOfBlockRec/4#63bb2cd4_delta has 166 rows (order for disjuncts: delta=<standard>).
[2026-07-24 19:03:11] (4s) Starting to evaluate predicate SsaCompute::SsaDefinitions::reachesEndOfBlock/4#214bd902/4@i49#77bccwlk (iteration 49)
[2026-07-24 19:03:11] (4s) 			 - SsaCompute::SsaDefinitions::reachesEndOfBlock/4#214bd902_delta has 156 rows (order for disjuncts: delta=<standard>).
[2026-07-24 19:03:11] (4s) Starting to evaluate predicate SsaCompute::SsaDefinitions::reachesEndOfBlockRec/4#63bb2cd4/4@i50#77bccxlk (iteration 50)
[2026-07-24 19:03:11] (4s) 			 - SsaCompute::SsaDefinitions::reachesEndOfBlockRec/4#63bb2cd4_delta has 142 rows (order for disjuncts: delta=<standard>).
[2026-07-24 19:03:11] (4s) Starting to evaluate predicate SsaCompute::SsaDefinitions::reachesEndOfBlock/4#214bd902/4@i51#77bccwlk (iteration 51)
[2026-07-24 19:03:11] (4s) 			 - SsaCompute::SsaDefinitions::reachesEndOfBlock/4#214bd902_delta has 134 rows (order for disjuncts: delta=<standard>).
[2026-07-24 19:03:11] (4s) Starting to evaluate predicate SsaCompute::SsaDefinitions::reachesEndOfBlockRec/4#63bb2cd4/4@i52#77bccxlk (iteration 52)
[2026-07-24 19:03:11] (4s) 			 - SsaCompute::SsaDefinitions::reachesEndOfBlockRec/4#63bb2cd4_delta has 139 rows (order for disjuncts: delta=<standard>).
[2026-07-24 19:03:11] (4s) Starting to evaluate predicate SsaCompute::SsaDefinitions::reachesEndOfBlock/4#214bd902/4@i53#77bccwlk (iteration 53)
[2026-07-24 19:03:11] (4s) 			 - SsaCompute::SsaDefinitions::reachesEndOfBlock/4#214bd902_delta has 135 rows (order for disjuncts: delta=<standard>).
[2026-07-24 19:03:11] (4s) Starting to evaluate predicate SsaCompute::SsaDefinitions::reachesEndOfBlockRec/4#63bb2cd4/4@i54#77bccxlk (iteration 54)
[2026-07-24 19:03:11] (4s) 			 - SsaCompute::SsaDefinitions::reachesEndOfBlockRec/4#63bb2cd4_delta has 139 rows (order for disjuncts: delta=<standard>).
[2026-07-24 19:03:11] (4s) Starting to evaluate predicate SsaCompute::SsaDefinitions::reachesEndOfBlock/4#214bd902/4@i55#77bccwlk (iteration 55)
[2026-07-24 19:03:11] (4s) 			 - SsaCompute::SsaDefinitions::reachesEndOfBlock/4#214bd902_delta has 122 rows (order for disjuncts: delta=<standard>).
[2026-07-24 19:03:11] (4s) Starting to evaluate predicate SsaCompute::SsaDefinitions::reachesEndOfBlockRec/4#63bb2cd4/4@i56#77bccxlk (iteration 56)
[2026-07-24 19:03:11] (4s) 			 - SsaCompute::SsaDefinitions::reachesEndOfBlockRec/4#63bb2cd4_delta has 119 rows (order for disjuncts: delta=<standard>).
[2026-07-24 19:03:11] (4s) Starting to evaluate predicate SsaCompute::SsaDefinitions::reachesEndOfBlock/4#214bd902/4@i57#77bccwlk (iteration 57)
[2026-07-24 19:03:11] (4s) 			 - SsaCompute::SsaDefinitions::reachesEndOfBlock/4#214bd902_delta has 109 rows (order for disjuncts: delta=<standard>).
[2026-07-24 19:03:11] (4s) Starting to evaluate predicate SsaCompute::SsaDefinitions::reachesEndOfBlockRec/4#63bb2cd4/4@i58#77bccxlk (iteration 58)
[2026-07-24 19:03:11] (4s) 			 - SsaCompute::SsaDefinitions::reachesEndOfBlockRec/4#63bb2cd4_delta has 116 rows (order for disjuncts: delta=<standard>).
[2026-07-24 19:03:11] (4s) Starting to evaluate predicate SsaCompute::SsaDefinitions::reachesEndOfBlock/4#214bd902/4@i59#77bccwlk (iteration 59)
[2026-07-24 19:03:11] (4s) 			 - SsaCompute::SsaDefinitions::reachesEndOfBlock/4#214bd902_delta has 112 rows (order for disjuncts: delta=<standard>).
[2026-07-24 19:03:11] (4s) Starting to evaluate predicate SsaCompute::SsaDefinitions::reachesEndOfBlockRec/4#63bb2cd4/4@i60#77bccxlk (iteration 60)
[2026-07-24 19:03:11] (4s) 			 - SsaCompute::SsaDefinitions::reachesEndOfBlockRec/4#63bb2cd4_delta has 122 rows (order for disjuncts: delta=<standard>).
[2026-07-24 19:03:11] (4s) Starting to evaluate predicate SsaCompute::SsaDefinitions::reachesEndOfBlock/4#214bd902/4@i61#77bccwlk (iteration 61)
[2026-07-24 19:03:11] (4s) 			 - SsaCompute::SsaDefinitions::reachesEndOfBlock/4#214bd902_delta has 105 rows (order for disjuncts: delta=<standard>).
[2026-07-24 19:03:11] (4s) Starting to evaluate predicate SsaCompute::SsaDefinitions::reachesEndOfBlockRec/4#63bb2cd4/4@i62#77bccxlk (iteration 62)
[2026-07-24 19:03:11] (4s) 			 - SsaCompute::SsaDefinitions::reachesEndOfBlockRec/4#63bb2cd4_delta has 101 rows (order for disjuncts: delta=<standard>).
[2026-07-24 19:03:11] (4s) Starting to evaluate predicate SsaCompute::SsaDefinitions::reachesEndOfBlock/4#214bd902/4@i63#77bccwlk (iteration 63)
[2026-07-24 19:03:11] (4s) 			 - SsaCompute::SsaDefinitions::reachesEndOfBlock/4#214bd902_delta has 98 rows (order for disjuncts: delta=<standard>).
[2026-07-24 19:03:11] (4s) Starting to evaluate predicate SsaCompute::SsaDefinitions::reachesEndOfBlockRec/4#63bb2cd4/4@i64#77bccxlk (iteration 64)
[2026-07-24 19:03:11] (4s) 			 - SsaCompute::SsaDefinitions::reachesEndOfBlockRec/4#63bb2cd4_delta has 89 rows (order for disjuncts: delta=<standard>).
[2026-07-24 19:03:11] (4s) Starting to evaluate predicate SsaCompute::SsaDefinitions::reachesEndOfBlock/4#214bd902/4@i65#77bccwlk (iteration 65)
[2026-07-24 19:03:11] (4s) 			 - SsaCompute::SsaDefinitions::reachesEndOfBlock/4#214bd902_delta has 88 rows (order for disjuncts: delta=<standard>).
[2026-07-24 19:03:11] (4s) Starting to evaluate predicate SsaCompute::SsaDefinitions::reachesEndOfBlockRec/4#63bb2cd4/4@i66#77bccxlk (iteration 66)
[2026-07-24 19:03:11] (4s) 			 - SsaCompute::SsaDefinitions::reachesEndOfBlockRec/4#63bb2cd4_delta has 78 rows (order for disjuncts: delta=<standard>).
[2026-07-24 19:03:11] (4s) Starting to evaluate predicate SsaCompute::SsaDefinitions::reachesEndOfBlock/4#214bd902/4@i67#77bccwlk (iteration 67)
[2026-07-24 19:03:11] (4s) 			 - SsaCompute::SsaDefinitions::reachesEndOfBlock/4#214bd902_delta has 78 rows (order for disjuncts: delta=<standard>).
[2026-07-24 19:03:11] (4s) Starting to evaluate predicate SsaCompute::SsaDefinitions::reachesEndOfBlockRec/4#63bb2cd4/4@i68#77bccxlk (iteration 68)
[2026-07-24 19:03:11] (4s) 			 - SsaCompute::SsaDefinitions::reachesEndOfBlockRec/4#63bb2cd4_delta has 65 rows (order for disjuncts: delta=<standard>).
[2026-07-24 19:03:11] (4s) Starting to evaluate predicate SsaCompute::SsaDefinitions::reachesEndOfBlock/4#214bd902/4@i69#77bccwlk (iteration 69)
[2026-07-24 19:03:11] (4s) 			 - SsaCompute::SsaDefinitions::reachesEndOfBlock/4#214bd902_delta has 65 rows (order for disjuncts: delta=<standard>).
[2026-07-24 19:03:11] (4s) Starting to evaluate predicate SsaCompute::SsaDefinitions::reachesEndOfBlockRec/4#63bb2cd4/4@i70#77bccxlk (iteration 70)
[2026-07-24 19:03:11] (4s) 			 - SsaCompute::SsaDefinitions::reachesEndOfBlockRec/4#63bb2cd4_delta has 62 rows (order for disjuncts: delta=<standard>).
[2026-07-24 19:03:11] (4s) Starting to evaluate predicate SsaCompute::SsaDefinitions::reachesEndOfBlock/4#214bd902/4@i71#77bccwlk (iteration 71)
[2026-07-24 19:03:11] (4s) 			 - SsaCompute::SsaDefinitions::reachesEndOfBlock/4#214bd902_delta has 62 rows (order for disjuncts: delta=<standard>).
[2026-07-24 19:03:11] (4s) Starting to evaluate predicate SsaCompute::SsaDefinitions::reachesEndOfBlockRec/4#63bb2cd4/4@i72#77bccxlk (iteration 72)
[2026-07-24 19:03:11] (4s) 			 - SsaCompute::SsaDefinitions::reachesEndOfBlockRec/4#63bb2cd4_delta has 65 rows (order for disjuncts: delta=<standard>).
[2026-07-24 19:03:11] (4s) Starting to evaluate predicate SsaCompute::SsaDefinitions::reachesEndOfBlock/4#214bd902/4@i73#77bccwlk (iteration 73)
[2026-07-24 19:03:11] (4s) 			 - SsaCompute::SsaDefinitions::reachesEndOfBlock/4#214bd902_delta has 64 rows (order for disjuncts: delta=<standard>).
[2026-07-24 19:03:11] (4s) Starting to evaluate predicate SsaCompute::SsaDefinitions::reachesEndOfBlockRec/4#63bb2cd4/4@i74#77bccxlk (iteration 74)
[2026-07-24 19:03:11] (4s) 			 - SsaCompute::SsaDefinitions::reachesEndOfBlockRec/4#63bb2cd4_delta has 71 rows (order for disjuncts: delta=<standard>).
[2026-07-24 19:03:11] (4s) Starting to evaluate predicate SsaCompute::SsaDefinitions::reachesEndOfBlock/4#214bd902/4@i75#77bccwlk (iteration 75)
[2026-07-24 19:03:11] (4s) 			 - SsaCompute::SsaDefinitions::reachesEndOfBlock/4#214bd902_delta has 71 rows (order for disjuncts: delta=<standard>).
[2026-07-24 19:03:11] (4s) Starting to evaluate predicate SsaCompute::SsaDefinitions::reachesEndOfBlockRec/4#63bb2cd4/4@i76#77bccxlk (iteration 76)
[2026-07-24 19:03:11] (4s) 			 - SsaCompute::SsaDefinitions::reachesEndOfBlockRec/4#63bb2cd4_delta has 71 rows (order for disjuncts: delta=<standard>).
[2026-07-24 19:03:11] (4s) Starting to evaluate predicate SsaCompute::SsaDefinitions::reachesEndOfBlock/4#214bd902/4@i77#77bccwlk (iteration 77)
[2026-07-24 19:03:11] (4s) 			 - SsaCompute::SsaDefinitions::reachesEndOfBlock/4#214bd902_delta has 71 rows (order for disjuncts: delta=<standard>).
[2026-07-24 19:03:11] (4s) Starting to evaluate predicate SsaCompute::SsaDefinitions::reachesEndOfBlockRec/4#63bb2cd4/4@i78#77bccxlk (iteration 78)
[2026-07-24 19:03:11] (4s) 			 - SsaCompute::SsaDefinitions::reachesEndOfBlockRec/4#63bb2cd4_delta has 66 rows (order for disjuncts: delta=<standard>).
[2026-07-24 19:03:11] (4s) Starting to evaluate predicate SsaCompute::SsaDefinitions::reachesEndOfBlock/4#214bd902/4@i79#77bccwlk (iteration 79)
[2026-07-24 19:03:11] (4s) 			 - SsaCompute::SsaDefinitions::reachesEndOfBlock/4#214bd902_delta has 65 rows (order for disjuncts: delta=<standard>).
[2026-07-24 19:03:11] (4s) Starting to evaluate predicate SsaCompute::SsaDefinitions::reachesEndOfBlockRec/4#63bb2cd4/4@i80#77bccxlk (iteration 80)
[2026-07-24 19:03:11] (4s) 			 - SsaCompute::SsaDefinitions::reachesEndOfBlockRec/4#63bb2cd4_delta has 67 rows (order for disjuncts: delta=<standard>).
[2026-07-24 19:03:11] (4s) Starting to evaluate predicate SsaCompute::SsaDefinitions::reachesEndOfBlock/4#214bd902/4@i81#77bccwlk (iteration 81)
[2026-07-24 19:03:11] (4s) 			 - SsaCompute::SsaDefinitions::reachesEndOfBlock/4#214bd902_delta has 65 rows (order for disjuncts: delta=<standard>).
[2026-07-24 19:03:11] (4s) Starting to evaluate predicate SsaCompute::SsaDefinitions::reachesEndOfBlockRec/4#63bb2cd4/4@i82#77bccxlk (iteration 82)
[2026-07-24 19:03:11] (4s) 			 - SsaCompute::SsaDefinitions::reachesEndOfBlockRec/4#63bb2cd4_delta has 73 rows (order for disjuncts: delta=<standard>).
[2026-07-24 19:03:11] (4s) Starting to evaluate predicate SsaCompute::SsaDefinitions::reachesEndOfBlock/4#214bd902/4@i83#77bccwlk (iteration 83)
[2026-07-24 19:03:11] (4s) 			 - SsaCompute::SsaDefinitions::reachesEndOfBlock/4#214bd902_delta has 72 rows (order for disjuncts: delta=<standard>).
[2026-07-24 19:03:11] (4s) Starting to evaluate predicate SsaCompute::SsaDefinitions::reachesEndOfBlockRec/4#63bb2cd4/4@i84#77bccxlk (iteration 84)
[2026-07-24 19:03:11] (4s) 			 - SsaCompute::SsaDefinitions::reachesEndOfBlockRec/4#63bb2cd4_delta has 65 rows (order for disjuncts: delta=<standard>).
[2026-07-24 19:03:11] (4s) Starting to evaluate predicate SsaCompute::SsaDefinitions::reachesEndOfBlock/4#214bd902/4@i85#77bccwlk (iteration 85)
[2026-07-24 19:03:11] (4s) 			 - SsaCompute::SsaDefinitions::reachesEndOfBlock/4#214bd902_delta has 64 rows (order for disjuncts: delta=<standard>).
[2026-07-24 19:03:11] (4s) Starting to evaluate predicate SsaCompute::SsaDefinitions::reachesEndOfBlockRec/4#63bb2cd4/4@i86#77bccxlk (iteration 86)
[2026-07-24 19:03:11] (4s) 			 - SsaCompute::SsaDefinitions::reachesEndOfBlockRec/4#63bb2cd4_delta has 76 rows (order for disjuncts: delta=<standard>).
[2026-07-24 19:03:11] (4s) Starting to evaluate predicate SsaCompute::SsaDefinitions::reachesEndOfBlock/4#214bd902/4@i87#77bccwlk (iteration 87)
[2026-07-24 19:03:11] (4s) 			 - SsaCompute::SsaDefinitions::reachesEndOfBlock/4#214bd902_delta has 63 rows (order for disjuncts: delta=<standard>).
[2026-07-24 19:03:11] (4s) Starting to evaluate predicate SsaCompute::SsaDefinitions::reachesEndOfBlockRec/4#63bb2cd4/4@i88#77bccxlk (iteration 88)
[2026-07-24 19:03:11] (4s) 			 - SsaCompute::SsaDefinitions::reachesEndOfBlockRec/4#63bb2cd4_delta has 40 rows (order for disjuncts: delta=<standard>).
[2026-07-24 19:03:11] (4s) Starting to evaluate predicate SsaCompute::SsaDefinitions::reachesEndOfBlock/4#214bd902/4@i89#77bccwlk (iteration 89)
[2026-07-24 19:03:11] (4s) 			 - SsaCompute::SsaDefinitions::reachesEndOfBlock/4#214bd902_delta has 40 rows (order for disjuncts: delta=<standard>).
[2026-07-24 19:03:11] (4s) Starting to evaluate predicate SsaCompute::SsaDefinitions::reachesEndOfBlockRec/4#63bb2cd4/4@i90#77bccxlk (iteration 90)
[2026-07-24 19:03:11] (4s) 			 - SsaCompute::SsaDefinitions::reachesEndOfBlockRec/4#63bb2cd4_delta has 40 rows (order for disjuncts: delta=<standard>).
[2026-07-24 19:03:11] (4s) Starting to evaluate predicate SsaCompute::SsaDefinitions::reachesEndOfBlock/4#214bd902/4@i91#77bccwlk (iteration 91)
[2026-07-24 19:03:11] (4s) 			 - SsaCompute::SsaDefinitions::reachesEndOfBlock/4#214bd902_delta has 39 rows (order for disjuncts: delta=<standard>).
[2026-07-24 19:03:11] (4s) Starting to evaluate predicate SsaCompute::SsaDefinitions::reachesEndOfBlockRec/4#63bb2cd4/4@i92#77bccxlk (iteration 92)
[2026-07-24 19:03:11] (4s) 			 - SsaCompute::SsaDefinitions::reachesEndOfBlockRec/4#63bb2cd4_delta has 31 rows (order for disjuncts: delta=<standard>).
[2026-07-24 19:03:11] (4s) Starting to evaluate predicate SsaCompute::SsaDefinitions::reachesEndOfBlock/4#214bd902/4@i93#77bccwlk (iteration 93)
[2026-07-24 19:03:11] (4s) 			 - SsaCompute::SsaDefinitions::reachesEndOfBlock/4#214bd902_delta has 30 rows (order for disjuncts: delta=<standard>).
[2026-07-24 19:03:11] (4s) Starting to evaluate predicate SsaCompute::SsaDefinitions::reachesEndOfBlockRec/4#63bb2cd4/4@i94#77bccxlk (iteration 94)
[2026-07-24 19:03:11] (4s) 			 - SsaCompute::SsaDefinitions::reachesEndOfBlockRec/4#63bb2cd4_delta has 28 rows (order for disjuncts: delta=<standard>).
[2026-07-24 19:03:11] (4s) Starting to evaluate predicate SsaCompute::SsaDefinitions::reachesEndOfBlock/4#214bd902/4@i95#77bccwlk (iteration 95)
[2026-07-24 19:03:11] (4s) 			 - SsaCompute::SsaDefinitions::reachesEndOfBlock/4#214bd902_delta has 27 rows (order for disjuncts: delta=<standard>).
[2026-07-24 19:03:11] (4s) Starting to evaluate predicate SsaCompute::SsaDefinitions::reachesEndOfBlockRec/4#63bb2cd4/4@i96#77bccxlk (iteration 96)
[2026-07-24 19:03:11] (4s) 			 - SsaCompute::SsaDefinitions::reachesEndOfBlockRec/4#63bb2cd4_delta has 25 rows (order for disjuncts: delta=<standard>).
[2026-07-24 19:03:11] (4s) Starting to evaluate predicate SsaCompute::SsaDefinitions::reachesEndOfBlock/4#214bd902/4@i97#77bccwlk (iteration 97)
[2026-07-24 19:03:11] (4s) 			 - SsaCompute::SsaDefinitions::reachesEndOfBlock/4#214bd902_delta has 24 rows (order for disjuncts: delta=<standard>).
[2026-07-24 19:03:11] (4s) Starting to evaluate predicate SsaCompute::SsaDefinitions::reachesEndOfBlockRec/4#63bb2cd4/4@i98#77bccxlk (iteration 98)
[2026-07-24 19:03:11] (4s) 			 - SsaCompute::SsaDefinitions::reachesEndOfBlockRec/4#63bb2cd4_delta has 23 rows (order for disjuncts: delta=<standard>).
[2026-07-24 19:03:11] (4s) Starting to evaluate predicate SsaCompute::SsaDefinitions::reachesEndOfBlock/4#214bd902/4@i99#77bccwlk (iteration 99)
[2026-07-24 19:03:11] (4s) 			 - SsaCompute::SsaDefinitions::reachesEndOfBlock/4#214bd902_delta has 23 rows (order for disjuncts: delta=<standard>).
[2026-07-24 19:03:11] (4s) Starting to evaluate predicate SsaCompute::SsaDefinitions::reachesEndOfBlockRec/4#63bb2cd4/4@i100#77bccxlk (iteration 100)
[2026-07-24 19:03:11] (4s) 			 - SsaCompute::SsaDefinitions::reachesEndOfBlockRec/4#63bb2cd4_delta has 22 rows (order for disjuncts: delta=<standard>).
[2026-07-24 19:03:11] (4s) Starting to evaluate predicate SsaCompute::SsaDefinitions::reachesEndOfBlock/4#214bd902/4@i101#77bccwlk (iteration 101)
[2026-07-24 19:03:11] (4s) 			 - SsaCompute::SsaDefinitions::reachesEndOfBlock/4#214bd902_delta has 21 rows (order for disjuncts: delta=<standard>).
[2026-07-24 19:03:11] (4s) Starting to evaluate predicate SsaCompute::SsaDefinitions::reachesEndOfBlockRec/4#63bb2cd4/4@i102#77bccxlk (iteration 102)
[2026-07-24 19:03:11] (4s) 			 - SsaCompute::SsaDefinitions::reachesEndOfBlockRec/4#63bb2cd4_delta has 21 rows (order for disjuncts: delta=<standard>).
[2026-07-24 19:03:11] (4s) Starting to evaluate predicate SsaCompute::SsaDefinitions::reachesEndOfBlock/4#214bd902/4@i103#77bccwlk (iteration 103)
[2026-07-24 19:03:11] (4s) 			 - SsaCompute::SsaDefinitions::reachesEndOfBlock/4#214bd902_delta has 21 rows (order for disjuncts: delta=<standard>).
[2026-07-24 19:03:11] (4s) Starting to evaluate predicate SsaCompute::SsaDefinitions::reachesEndOfBlockRec/4#63bb2cd4/4@i104#77bccxlk (iteration 104)
[2026-07-24 19:03:11] (4s) 			 - SsaCompute::SsaDefinitions::reachesEndOfBlockRec/4#63bb2cd4_delta has 21 rows (order for disjuncts: delta=<standard>).
[2026-07-24 19:03:11] (4s) Starting to evaluate predicate SsaCompute::SsaDefinitions::reachesEndOfBlock/4#214bd902/4@i105#77bccwlk (iteration 105)
[2026-07-24 19:03:11] (4s) 			 - SsaCompute::SsaDefinitions::reachesEndOfBlock/4#214bd902_delta has 20 rows (order for disjuncts: delta=<standard>).
[2026-07-24 19:03:11] (4s) Starting to evaluate predicate SsaCompute::SsaDefinitions::reachesEndOfBlockRec/4#63bb2cd4/4@i106#77bccxlk (iteration 106)
[2026-07-24 19:03:11] (4s) 			 - SsaCompute::SsaDefinitions::reachesEndOfBlockRec/4#63bb2cd4_delta has 20 rows (order for disjuncts: delta=<standard>).
[2026-07-24 19:03:11] (4s) Starting to evaluate predicate SsaCompute::SsaDefinitions::reachesEndOfBlock/4#214bd902/4@i107#77bccwlk (iteration 107)
[2026-07-24 19:03:11] (4s) 			 - SsaCompute::SsaDefinitions::reachesEndOfBlock/4#214bd902_delta has 20 rows (order for disjuncts: delta=<standard>).
[2026-07-24 19:03:11] (4s) Starting to evaluate predicate SsaCompute::SsaDefinitions::reachesEndOfBlockRec/4#63bb2cd4/4@i108#77bccxlk (iteration 108)
[2026-07-24 19:03:11] (4s) 			 - SsaCompute::SsaDefinitions::reachesEndOfBlockRec/4#63bb2cd4_delta has 31 rows (order for disjuncts: delta=<standard>).
[2026-07-24 19:03:11] (4s) Starting to evaluate predicate SsaCompute::SsaDefinitions::reachesEndOfBlock/4#214bd902/4@i109#77bccwlk (iteration 109)
[2026-07-24 19:03:11] (4s) 			 - SsaCompute::SsaDefinitions::reachesEndOfBlock/4#214bd902_delta has 29 rows (order for disjuncts: delta=<standard>).
[2026-07-24 19:03:11] (4s) Starting to evaluate predicate SsaCompute::SsaDefinitions::reachesEndOfBlockRec/4#63bb2cd4/4@i110#77bccxlk (iteration 110)
[2026-07-24 19:03:11] (4s) 			 - SsaCompute::SsaDefinitions::reachesEndOfBlockRec/4#63bb2cd4_delta has 29 rows (order for disjuncts: delta=<standard>).
[2026-07-24 19:03:11] (4s) Starting to evaluate predicate SsaCompute::SsaDefinitions::reachesEndOfBlock/4#214bd902/4@i111#77bccwlk (iteration 111)
[2026-07-24 19:03:11] (4s) 			 - SsaCompute::SsaDefinitions::reachesEndOfBlock/4#214bd902_delta has 29 rows (order for disjuncts: delta=<standard>).
[2026-07-24 19:03:11] (4s) Starting to evaluate predicate SsaCompute::SsaDefinitions::reachesEndOfBlockRec/4#63bb2cd4/4@i112#77bccxlk (iteration 112)
[2026-07-24 19:03:11] (4s) 			 - SsaCompute::SsaDefinitions::reachesEndOfBlockRec/4#63bb2cd4_delta has 27 rows (order for disjuncts: delta=<standard>).
[2026-07-24 19:03:11] (4s) Starting to evaluate predicate SsaCompute::SsaDefinitions::reachesEndOfBlock/4#214bd902/4@i113#77bccwlk (iteration 113)
[2026-07-24 19:03:11] (4s) 			 - SsaCompute::SsaDefinitions::reachesEndOfBlock/4#214bd902_delta has 27 rows (order for disjuncts: delta=<standard>).
[2026-07-24 19:03:11] (4s) Starting to evaluate predicate SsaCompute::SsaDefinitions::reachesEndOfBlockRec/4#63bb2cd4/4@i114#77bccxlk (iteration 114)
[2026-07-24 19:03:11] (4s) 			 - SsaCompute::SsaDefinitions::reachesEndOfBlockRec/4#63bb2cd4_delta has 17 rows (order for disjuncts: delta=<standard>).
[2026-07-24 19:03:11] (4s) Starting to evaluate predicate SsaCompute::SsaDefinitions::reachesEndOfBlock/4#214bd902/4@i115#77bccwlk (iteration 115)
[2026-07-24 19:03:11] (4s) 			 - SsaCompute::SsaDefinitions::reachesEndOfBlock/4#214bd902_delta has 17 rows (order for disjuncts: delta=<standard>).
[2026-07-24 19:03:11] (4s) Starting to evaluate predicate SsaCompute::SsaDefinitions::reachesEndOfBlockRec/4#63bb2cd4/4@i116#77bccxlk (iteration 116)
[2026-07-24 19:03:11] (4s) 			 - SsaCompute::SsaDefinitions::reachesEndOfBlockRec/4#63bb2cd4_delta has 17 rows (order for disjuncts: delta=<standard>).
[2026-07-24 19:03:11] (4s) Starting to evaluate predicate SsaCompute::SsaDefinitions::reachesEndOfBlock/4#214bd902/4@i117#77bccwlk (iteration 117)
[2026-07-24 19:03:11] (4s) 			 - SsaCompute::SsaDefinitions::reachesEndOfBlock/4#214bd902_delta has 17 rows (order for disjuncts: delta=<standard>).
[2026-07-24 19:03:11] (4s) Starting to evaluate predicate SsaCompute::SsaDefinitions::reachesEndOfBlockRec/4#63bb2cd4/4@i118#77bccxlk (iteration 118)
[2026-07-24 19:03:11] (4s) 			 - SsaCompute::SsaDefinitions::reachesEndOfBlockRec/4#63bb2cd4_delta has 16 rows (order for disjuncts: delta=<standard>).
[2026-07-24 19:03:11] (4s) Starting to evaluate predicate SsaCompute::SsaDefinitions::reachesEndOfBlock/4#214bd902/4@i119#77bccwlk (iteration 119)
[2026-07-24 19:03:11] (4s) 			 - SsaCompute::SsaDefinitions::reachesEndOfBlock/4#214bd902_delta has 16 rows (order for disjuncts: delta=<standard>).
[2026-07-24 19:03:11] (4s) Starting to evaluate predicate SsaCompute::SsaDefinitions::reachesEndOfBlockRec/4#63bb2cd4/4@i120#77bccxlk (iteration 120)
[2026-07-24 19:03:11] (4s) 			 - SsaCompute::SsaDefinitions::reachesEndOfBlockRec/4#63bb2cd4_delta has 18 rows (order for disjuncts: delta=<standard>).
[2026-07-24 19:03:11] (4s) Starting to evaluate predicate SsaCompute::SsaDefinitions::reachesEndOfBlock/4#214bd902/4@i121#77bccwlk (iteration 121)
[2026-07-24 19:03:11] (4s) 			 - SsaCompute::SsaDefinitions::reachesEndOfBlock/4#214bd902_delta has 16 rows (order for disjuncts: delta=<standard>).
[2026-07-24 19:03:11] (4s) Starting to evaluate predicate SsaCompute::SsaDefinitions::reachesEndOfBlockRec/4#63bb2cd4/4@i122#77bccxlk (iteration 122)
[2026-07-24 19:03:11] (4s) 			 - SsaCompute::SsaDefinitions::reachesEndOfBlockRec/4#63bb2cd4_delta has 27 rows (order for disjuncts: delta=<standard>).
[2026-07-24 19:03:11] (4s) Starting to evaluate predicate SsaCompute::SsaDefinitions::reachesEndOfBlock/4#214bd902/4@i123#77bccwlk (iteration 123)
[2026-07-24 19:03:11] (4s) 			 - SsaCompute::SsaDefinitions::reachesEndOfBlock/4#214bd902_delta has 15 rows (order for disjuncts: delta=<standard>).
[2026-07-24 19:03:11] (4s) Starting to evaluate predicate SsaCompute::SsaDefinitions::reachesEndOfBlockRec/4#63bb2cd4/4@i124#77bccxlk (iteration 124)
[2026-07-24 19:03:11] (4s) 			 - SsaCompute::SsaDefinitions::reachesEndOfBlockRec/4#63bb2cd4_delta has 15 rows (order for disjuncts: delta=<standard>).
[2026-07-24 19:03:11] (4s) Starting to evaluate predicate SsaCompute::SsaDefinitions::reachesEndOfBlock/4#214bd902/4@i125#77bccwlk (iteration 125)
[2026-07-24 19:03:11] (4s) 			 - SsaCompute::SsaDefinitions::reachesEndOfBlock/4#214bd902_delta has 15 rows (order for disjuncts: delta=<standard>).
[2026-07-24 19:03:11] (4s) Starting to evaluate predicate SsaCompute::SsaDefinitions::reachesEndOfBlockRec/4#63bb2cd4/4@i126#77bccxlk (iteration 126)
[2026-07-24 19:03:11] (4s) 			 - SsaCompute::SsaDefinitions::reachesEndOfBlockRec/4#63bb2cd4_delta has 15 rows (order for disjuncts: delta=<standard>).
[2026-07-24 19:03:11] (4s) Starting to evaluate predicate SsaCompute::SsaDefinitions::reachesEndOfBlock/4#214bd902/4@i127#77bccwlk (iteration 127)
[2026-07-24 19:03:11] (4s) 			 - SsaCompute::SsaDefinitions::reachesEndOfBlock/4#214bd902_delta has 15 rows (order for disjuncts: delta=<standard>).
[2026-07-24 19:03:11] (4s) Starting to evaluate predicate SsaCompute::SsaDefinitions::reachesEndOfBlockRec/4#63bb2cd4/4@i128#77bccxlk (iteration 128)
[2026-07-24 19:03:11] (4s) 			 - SsaCompute::SsaDefinitions::reachesEndOfBlockRec/4#63bb2cd4_delta has 16 rows (order for disjuncts: delta=<standard>).
[2026-07-24 19:03:11] (4s) Starting to evaluate predicate SsaCompute::SsaDefinitions::reachesEndOfBlock/4#214bd902/4@i129#77bccwlk (iteration 129)
[2026-07-24 19:03:11] (4s) 			 - SsaCompute::SsaDefinitions::reachesEndOfBlock/4#214bd902_delta has 14 rows (order for disjuncts: delta=<standard>).
[2026-07-24 19:03:11] (4s) Starting to evaluate predicate SsaCompute::SsaDefinitions::reachesEndOfBlockRec/4#63bb2cd4/4@i130#77bccxlk (iteration 130)
[2026-07-24 19:03:11] (4s) 			 - SsaCompute::SsaDefinitions::reachesEndOfBlockRec/4#63bb2cd4_delta has 14 rows (order for disjuncts: delta=<standard>).
[2026-07-24 19:03:11] (4s) Starting to evaluate predicate SsaCompute::SsaDefinitions::reachesEndOfBlock/4#214bd902/4@i131#77bccwlk (iteration 131)
[2026-07-24 19:03:11] (4s) 			 - SsaCompute::SsaDefinitions::reachesEndOfBlock/4#214bd902_delta has 13 rows (order for disjuncts: delta=<standard>).
[2026-07-24 19:03:11] (4s) Starting to evaluate predicate SsaCompute::SsaDefinitions::reachesEndOfBlockRec/4#63bb2cd4/4@i132#77bccxlk (iteration 132)
[2026-07-24 19:03:11] (4s) 			 - SsaCompute::SsaDefinitions::reachesEndOfBlockRec/4#63bb2cd4_delta has 13 rows (order for disjuncts: delta=<standard>).
[2026-07-24 19:03:11] (4s) Starting to evaluate predicate SsaCompute::SsaDefinitions::reachesEndOfBlock/4#214bd902/4@i133#77bccwlk (iteration 133)
[2026-07-24 19:03:11] (4s) 			 - SsaCompute::SsaDefinitions::reachesEndOfBlock/4#214bd902_delta has 13 rows (order for disjuncts: delta=<standard>).
[2026-07-24 19:03:11] (4s) Starting to evaluate predicate SsaCompute::SsaDefinitions::reachesEndOfBlockRec/4#63bb2cd4/4@i134#77bccxlk (iteration 134)
[2026-07-24 19:03:11] (4s) 			 - SsaCompute::SsaDefinitions::reachesEndOfBlockRec/4#63bb2cd4_delta has 14 rows (order for disjuncts: delta=<standard>).
[2026-07-24 19:03:11] (4s) Starting to evaluate predicate SsaCompute::SsaDefinitions::reachesEndOfBlock/4#214bd902/4@i135#77bccwlk (iteration 135)
[2026-07-24 19:03:11] (4s) 			 - SsaCompute::SsaDefinitions::reachesEndOfBlock/4#214bd902_delta has 13 rows (order for disjuncts: delta=<standard>).
[2026-07-24 19:03:11] (4s) Starting to evaluate predicate SsaCompute::SsaDefinitions::reachesEndOfBlockRec/4#63bb2cd4/4@i136#77bccxlk (iteration 136)
[2026-07-24 19:03:11] (4s) 			 - SsaCompute::SsaDefinitions::reachesEndOfBlockRec/4#63bb2cd4_delta has 13 rows (order for disjuncts: delta=<standard>).
[2026-07-24 19:03:11] (4s) Starting to evaluate predicate SsaCompute::SsaDefinitions::reachesEndOfBlock/4#214bd902/4@i137#77bccwlk (iteration 137)
[2026-07-24 19:03:11] (4s) 			 - SsaCompute::SsaDefinitions::reachesEndOfBlock/4#214bd902_delta has 12 rows (order for disjuncts: delta=<standard>).
[2026-07-24 19:03:11] (4s) Starting to evaluate predicate SsaCompute::SsaDefinitions::reachesEndOfBlockRec/4#63bb2cd4/4@i138#77bccxlk (iteration 138)
[2026-07-24 19:03:11] (4s) 			 - SsaCompute::SsaDefinitions::reachesEndOfBlockRec/4#63bb2cd4_delta has 12 rows (order for disjuncts: delta=<standard>).
[2026-07-24 19:03:11] (4s) Starting to evaluate predicate SsaCompute::SsaDefinitions::reachesEndOfBlock/4#214bd902/4@i139#77bccwlk (iteration 139)
[2026-07-24 19:03:11] (4s) 			 - SsaCompute::SsaDefinitions::reachesEndOfBlock/4#214bd902_delta has 12 rows (order for disjuncts: delta=<standard>).
[2026-07-24 19:03:11] (4s) Starting to evaluate predicate SsaCompute::SsaDefinitions::reachesEndOfBlockRec/4#63bb2cd4/4@i140#77bccxlk (iteration 140)
[2026-07-24 19:03:11] (4s) 			 - SsaCompute::SsaDefinitions::reachesEndOfBlockRec/4#63bb2cd4_delta has 13 rows (order for disjuncts: delta=<standard>).
[2026-07-24 19:03:11] (4s) Starting to evaluate predicate SsaCompute::SsaDefinitions::reachesEndOfBlock/4#214bd902/4@i141#77bccwlk (iteration 141)
[2026-07-24 19:03:11] (4s) 			 - SsaCompute::SsaDefinitions::reachesEndOfBlock/4#214bd902_delta has 11 rows (order for disjuncts: delta=<standard>).
[2026-07-24 19:03:11] (4s) Starting to evaluate predicate SsaCompute::SsaDefinitions::reachesEndOfBlockRec/4#63bb2cd4/4@i142#77bccxlk (iteration 142)
[2026-07-24 19:03:11] (4s) 			 - SsaCompute::SsaDefinitions::reachesEndOfBlockRec/4#63bb2cd4_delta has 11 rows (order for disjuncts: delta=<standard>).
[2026-07-24 19:03:11] (4s) Starting to evaluate predicate SsaCompute::SsaDefinitions::reachesEndOfBlock/4#214bd902/4@i143#77bccwlk (iteration 143)
[2026-07-24 19:03:11] (4s) 			 - SsaCompute::SsaDefinitions::reachesEndOfBlock/4#214bd902_delta has 10 rows (order for disjuncts: delta=<standard>).
[2026-07-24 19:03:11] (4s) Starting to evaluate predicate SsaCompute::SsaDefinitions::reachesEndOfBlockRec/4#63bb2cd4/4@i144#77bccxlk (iteration 144)
[2026-07-24 19:03:11] (4s) 			 - SsaCompute::SsaDefinitions::reachesEndOfBlockRec/4#63bb2cd4_delta has 10 rows (order for disjuncts: delta=<standard>).
[2026-07-24 19:03:11] (4s) Starting to evaluate predicate SsaCompute::SsaDefinitions::reachesEndOfBlock/4#214bd902/4@i145#77bccwlk (iteration 145)
[2026-07-24 19:03:11] (4s) 			 - SsaCompute::SsaDefinitions::reachesEndOfBlock/4#214bd902_delta has 10 rows (order for disjuncts: delta=<standard>).
[2026-07-24 19:03:11] (4s) Starting to evaluate predicate SsaCompute::SsaDefinitions::reachesEndOfBlockRec/4#63bb2cd4/4@i146#77bccxlk (iteration 146)
[2026-07-24 19:03:11] (4s) 			 - SsaCompute::SsaDefinitions::reachesEndOfBlockRec/4#63bb2cd4_delta has 10 rows (order for disjuncts: delta=<standard>).
[2026-07-24 19:03:11] (4s) Starting to evaluate predicate SsaCompute::SsaDefinitions::reachesEndOfBlock/4#214bd902/4@i147#77bccwlk (iteration 147)
[2026-07-24 19:03:11] (4s) 			 - SsaCompute::SsaDefinitions::reachesEndOfBlock/4#214bd902_delta has 10 rows (order for disjuncts: delta=<standard>).
[2026-07-24 19:03:11] (4s) Starting to evaluate predicate SsaCompute::SsaDefinitions::reachesEndOfBlockRec/4#63bb2cd4/4@i148#77bccxlk (iteration 148)
[2026-07-24 19:03:11] (4s) 			 - SsaCompute::SsaDefinitions::reachesEndOfBlockRec/4#63bb2cd4_delta has 10 rows (order for disjuncts: delta=<standard>).
[2026-07-24 19:03:11] (4s) Starting to evaluate predicate SsaCompute::SsaDefinitions::reachesEndOfBlock/4#214bd902/4@i149#77bccwlk (iteration 149)
[2026-07-24 19:03:11] (4s) 			 - SsaCompute::SsaDefinitions::reachesEndOfBlock/4#214bd902_delta has 10 rows (order for disjuncts: delta=<standard>).
[2026-07-24 19:03:11] (4s) Starting to evaluate predicate SsaCompute::SsaDefinitions::reachesEndOfBlockRec/4#63bb2cd4/4@i150#77bccxlk (iteration 150)
[2026-07-24 19:03:11] (4s) 			 - SsaCompute::SsaDefinitions::reachesEndOfBlockRec/4#63bb2cd4_delta has 11 rows (order for disjuncts: delta=<standard>).
[2026-07-24 19:03:11] (4s) Starting to evaluate predicate SsaCompute::SsaDefinitions::reachesEndOfBlock/4#214bd902/4@i151#77bccwlk (iteration 151)
[2026-07-24 19:03:11] (4s) 			 - SsaCompute::SsaDefinitions::reachesEndOfBlock/4#214bd902_delta has 10 rows (order for disjuncts: delta=<standard>).
[2026-07-24 19:03:11] (4s) Starting to evaluate predicate SsaCompute::SsaDefinitions::reachesEndOfBlockRec/4#63bb2cd4/4@i152#77bccxlk (iteration 152)
[2026-07-24 19:03:11] (4s) 			 - SsaCompute::SsaDefinitions::reachesEndOfBlockRec/4#63bb2cd4_delta has 18 rows (order for disjuncts: delta=<standard>).
[2026-07-24 19:03:11] (4s) Starting to evaluate predicate SsaCompute::SsaDefinitions::reachesEndOfBlock/4#214bd902/4@i153#77bccwlk (iteration 153)
[2026-07-24 19:03:11] (4s) 			 - SsaCompute::SsaDefinitions::reachesEndOfBlock/4#214bd902_delta has 17 rows (order for disjuncts: delta=<standard>).
[2026-07-24 19:03:11] (4s) Starting to evaluate predicate SsaCompute::SsaDefinitions::reachesEndOfBlockRec/4#63bb2cd4/4@i154#77bccxlk (iteration 154)
[2026-07-24 19:03:11] (4s) 			 - SsaCompute::SsaDefinitions::reachesEndOfBlockRec/4#63bb2cd4_delta has 17 rows (order for disjuncts: delta=<standard>).
[2026-07-24 19:03:11] (4s) Starting to evaluate predicate SsaCompute::SsaDefinitions::reachesEndOfBlock/4#214bd902/4@i155#77bccwlk (iteration 155)
[2026-07-24 19:03:11] (4s) 			 - SsaCompute::SsaDefinitions::reachesEndOfBlock/4#214bd902_delta has 17 rows (order for disjuncts: delta=<standard>).
[2026-07-24 19:03:11] (4s) Starting to evaluate predicate SsaCompute::SsaDefinitions::reachesEndOfBlockRec/4#63bb2cd4/4@i156#77bccxlk (iteration 156)
[2026-07-24 19:03:11] (4s) 			 - SsaCompute::SsaDefinitions::reachesEndOfBlockRec/4#63bb2cd4_delta has 17 rows (order for disjuncts: delta=<standard>).
[2026-07-24 19:03:11] (4s) Starting to evaluate predicate SsaCompute::SsaDefinitions::reachesEndOfBlock/4#214bd902/4@i157#77bccwlk (iteration 157)
[2026-07-24 19:03:11] (4s) 			 - SsaCompute::SsaDefinitions::reachesEndOfBlock/4#214bd902_delta has 17 rows (order for disjuncts: delta=<standard>).
[2026-07-24 19:03:11] (4s) Starting to evaluate predicate SsaCompute::SsaDefinitions::reachesEndOfBlockRec/4#63bb2cd4/4@i158#77bccxlk (iteration 158)
[2026-07-24 19:03:11] (4s) 			 - SsaCompute::SsaDefinitions::reachesEndOfBlockRec/4#63bb2cd4_delta has 17 rows (order for disjuncts: delta=<standard>).
[2026-07-24 19:03:11] (4s) Starting to evaluate predicate SsaCompute::SsaDefinitions::reachesEndOfBlock/4#214bd902/4@i159#77bccwlk (iteration 159)
[2026-07-24 19:03:11] (4s) 			 - SsaCompute::SsaDefinitions::reachesEndOfBlock/4#214bd902_delta has 17 rows (order for disjuncts: delta=<standard>).
[2026-07-24 19:03:11] (4s) Starting to evaluate predicate SsaCompute::SsaDefinitions::reachesEndOfBlockRec/4#63bb2cd4/4@i160#77bccxlk (iteration 160)
[2026-07-24 19:03:11] (4s) 			 - SsaCompute::SsaDefinitions::reachesEndOfBlockRec/4#63bb2cd4_delta has 17 rows (order for disjuncts: delta=<standard>).
[2026-07-24 19:03:11] (4s) Starting to evaluate predicate SsaCompute::SsaDefinitions::reachesEndOfBlock/4#214bd902/4@i161#77bccwlk (iteration 161)
[2026-07-24 19:03:11] (4s) 			 - SsaCompute::SsaDefinitions::reachesEndOfBlock/4#214bd902_delta has 17 rows (order for disjuncts: delta=<standard>).
[2026-07-24 19:03:11] (4s) Starting to evaluate predicate SsaCompute::SsaDefinitions::reachesEndOfBlockRec/4#63bb2cd4/4@i162#77bccxlk (iteration 162)
[2026-07-24 19:03:11] (4s) 			 - SsaCompute::SsaDefinitions::reachesEndOfBlockRec/4#63bb2cd4_delta has 17 rows (order for disjuncts: delta=<standard>).
[2026-07-24 19:03:11] (4s) Starting to evaluate predicate SsaCompute::SsaDefinitions::reachesEndOfBlock/4#214bd902/4@i163#77bccwlk (iteration 163)
[2026-07-24 19:03:11] (4s) 			 - SsaCompute::SsaDefinitions::reachesEndOfBlock/4#214bd902_delta has 17 rows (order for disjuncts: delta=<standard>).
[2026-07-24 19:03:11] (4s) Starting to evaluate predicate SsaCompute::SsaDefinitions::reachesEndOfBlockRec/4#63bb2cd4/4@i164#77bccxlk (iteration 164)
[2026-07-24 19:03:11] (4s) 			 - SsaCompute::SsaDefinitions::reachesEndOfBlockRec/4#63bb2cd4_delta has 17 rows (order for disjuncts: delta=<standard>).
[2026-07-24 19:03:11] (4s) Starting to evaluate predicate SsaCompute::SsaDefinitions::reachesEndOfBlock/4#214bd902/4@i165#77bccwlk (iteration 165)
[2026-07-24 19:03:11] (4s) 			 - SsaCompute::SsaDefinitions::reachesEndOfBlock/4#214bd902_delta has 17 rows (order for disjuncts: delta=<standard>).
[2026-07-24 19:03:11] (4s) Starting to evaluate predicate SsaCompute::SsaDefinitions::reachesEndOfBlockRec/4#63bb2cd4/4@i166#77bccxlk (iteration 166)
[2026-07-24 19:03:11] (4s) 			 - SsaCompute::SsaDefinitions::reachesEndOfBlockRec/4#63bb2cd4_delta has 17 rows (order for disjuncts: delta=<standard>).
[2026-07-24 19:03:11] (4s) Starting to evaluate predicate SsaCompute::SsaDefinitions::reachesEndOfBlock/4#214bd902/4@i167#77bccwlk (iteration 167)
[2026-07-24 19:03:11] (4s) 			 - SsaCompute::SsaDefinitions::reachesEndOfBlock/4#214bd902_delta has 17 rows (order for disjuncts: delta=<standard>).
[2026-07-24 19:03:11] (4s) Starting to evaluate predicate SsaCompute::SsaDefinitions::reachesEndOfBlockRec/4#63bb2cd4/4@i168#77bccxlk (iteration 168)
[2026-07-24 19:03:11] (4s) 			 - SsaCompute::SsaDefinitions::reachesEndOfBlockRec/4#63bb2cd4_delta has 17 rows (order for disjuncts: delta=<standard>).
[2026-07-24 19:03:11] (4s) Starting to evaluate predicate SsaCompute::SsaDefinitions::reachesEndOfBlock/4#214bd902/4@i169#77bccwlk (iteration 169)
[2026-07-24 19:03:11] (4s) 			 - SsaCompute::SsaDefinitions::reachesEndOfBlock/4#214bd902_delta has 16 rows (order for disjuncts: delta=<standard>).
[2026-07-24 19:03:11] (4s) Starting to evaluate predicate SsaCompute::SsaDefinitions::reachesEndOfBlockRec/4#63bb2cd4/4@i170#77bccxlk (iteration 170)
[2026-07-24 19:03:11] (4s) 			 - SsaCompute::SsaDefinitions::reachesEndOfBlockRec/4#63bb2cd4_delta has 16 rows (order for disjuncts: delta=<standard>).
[2026-07-24 19:03:11] (4s) Starting to evaluate predicate SsaCompute::SsaDefinitions::reachesEndOfBlock/4#214bd902/4@i171#77bccwlk (iteration 171)
[2026-07-24 19:03:11] (4s) 			 - SsaCompute::SsaDefinitions::reachesEndOfBlock/4#214bd902_delta has 16 rows (order for disjuncts: delta=<standard>).
[2026-07-24 19:03:11] (4s) Starting to evaluate predicate SsaCompute::SsaDefinitions::reachesEndOfBlockRec/4#63bb2cd4/4@i172#77bccxlk (iteration 172)
[2026-07-24 19:03:11] (4s) 			 - SsaCompute::SsaDefinitions::reachesEndOfBlockRec/4#63bb2cd4_delta has 16 rows (order for disjuncts: delta=<standard>).
[2026-07-24 19:03:11] (4s) Starting to evaluate predicate SsaCompute::SsaDefinitions::reachesEndOfBlock/4#214bd902/4@i173#77bccwlk (iteration 173)
[2026-07-24 19:03:11] (4s) 			 - SsaCompute::SsaDefinitions::reachesEndOfBlock/4#214bd902_delta has 16 rows (order for disjuncts: delta=<standard>).
[2026-07-24 19:03:11] (4s) Starting to evaluate predicate SsaCompute::SsaDefinitions::reachesEndOfBlockRec/4#63bb2cd4/4@i174#77bccxlk (iteration 174)
[2026-07-24 19:03:11] (4s) 			 - SsaCompute::SsaDefinitions::reachesEndOfBlockRec/4#63bb2cd4_delta has 16 rows (order for disjuncts: delta=<standard>).
[2026-07-24 19:03:11] (4s) Starting to evaluate predicate SsaCompute::SsaDefinitions::reachesEndOfBlock/4#214bd902/4@i175#77bccwlk (iteration 175)
[2026-07-24 19:03:11] (4s) 			 - SsaCompute::SsaDefinitions::reachesEndOfBlock/4#214bd902_delta has 16 rows (order for disjuncts: delta=<standard>).
[2026-07-24 19:03:11] (4s) Starting to evaluate predicate SsaCompute::SsaDefinitions::reachesEndOfBlockRec/4#63bb2cd4/4@i176#77bccxlk (iteration 176)
[2026-07-24 19:03:11] (4s) 			 - SsaCompute::SsaDefinitions::reachesEndOfBlockRec/4#63bb2cd4_delta has 15 rows (order for disjuncts: delta=<standard>).
[2026-07-24 19:03:11] (4s) Starting to evaluate predicate SsaCompute::SsaDefinitions::reachesEndOfBlock/4#214bd902/4@i177#77bccwlk (iteration 177)
[2026-07-24 19:03:11] (4s) 			 - SsaCompute::SsaDefinitions::reachesEndOfBlock/4#214bd902_delta has 15 rows (order for disjuncts: delta=<standard>).
[2026-07-24 19:03:11] (4s) Starting to evaluate predicate SsaCompute::SsaDefinitions::reachesEndOfBlockRec/4#63bb2cd4/4@i178#77bccxlk (iteration 178)
[2026-07-24 19:03:11] (4s) 			 - SsaCompute::SsaDefinitions::reachesEndOfBlockRec/4#63bb2cd4_delta has 7 rows (order for disjuncts: delta=<standard>).
[2026-07-24 19:03:11] (4s) Starting to evaluate predicate SsaCompute::SsaDefinitions::reachesEndOfBlock/4#214bd902/4@i179#77bccwlk (iteration 179)
[2026-07-24 19:03:11] (4s) 			 - SsaCompute::SsaDefinitions::reachesEndOfBlock/4#214bd902_delta has 6 rows (order for disjuncts: delta=<standard>).
[2026-07-24 19:03:11] (4s) Starting to evaluate predicate SsaCompute::SsaDefinitions::reachesEndOfBlockRec/4#63bb2cd4/4@i180#77bccxlk (iteration 180)
[2026-07-24 19:03:11] (4s) 			 - SsaCompute::SsaDefinitions::reachesEndOfBlockRec/4#63bb2cd4_delta has 6 rows (order for disjuncts: delta=<standard>).
[2026-07-24 19:03:11] (4s) Starting to evaluate predicate SsaCompute::SsaDefinitions::reachesEndOfBlock/4#214bd902/4@i181#77bccwlk (iteration 181)
[2026-07-24 19:03:11] (4s) 			 - SsaCompute::SsaDefinitions::reachesEndOfBlock/4#214bd902_delta has 6 rows (order for disjuncts: delta=<standard>).
[2026-07-24 19:03:11] (4s) Starting to evaluate predicate SsaCompute::SsaDefinitions::reachesEndOfBlockRec/4#63bb2cd4/4@i182#77bccxlk (iteration 182)
[2026-07-24 19:03:11] (4s) 			 - SsaCompute::SsaDefinitions::reachesEndOfBlockRec/4#63bb2cd4_delta has 6 rows (order for disjuncts: delta=<standard>).
[2026-07-24 19:03:11] (4s) Starting to evaluate predicate SsaCompute::SsaDefinitions::reachesEndOfBlock/4#214bd902/4@i183#77bccwlk (iteration 183)
[2026-07-24 19:03:11] (4s) 			 - SsaCompute::SsaDefinitions::reachesEndOfBlock/4#214bd902_delta has 6 rows (order for disjuncts: delta=<standard>).
[2026-07-24 19:03:11] (4s) Starting to evaluate predicate SsaCompute::SsaDefinitions::reachesEndOfBlockRec/4#63bb2cd4/4@i184#77bccxlk (iteration 184)
[2026-07-24 19:03:11] (4s) 			 - SsaCompute::SsaDefinitions::reachesEndOfBlockRec/4#63bb2cd4_delta has 6 rows (order for disjuncts: delta=<standard>).
[2026-07-24 19:03:11] (4s) Starting to evaluate predicate SsaCompute::SsaDefinitions::reachesEndOfBlock/4#214bd902/4@i185#77bccwlk (iteration 185)
[2026-07-24 19:03:11] (4s) 			 - SsaCompute::SsaDefinitions::reachesEndOfBlock/4#214bd902_delta has 6 rows (order for disjuncts: delta=<standard>).
[2026-07-24 19:03:11] (4s) Starting to evaluate predicate SsaCompute::SsaDefinitions::reachesEndOfBlockRec/4#63bb2cd4/4@i186#77bccxlk (iteration 186)
[2026-07-24 19:03:11] (4s) 			 - SsaCompute::SsaDefinitions::reachesEndOfBlockRec/4#63bb2cd4_delta has 6 rows (order for disjuncts: delta=<standard>).
[2026-07-24 19:03:11] (4s) Starting to evaluate predicate SsaCompute::SsaDefinitions::reachesEndOfBlock/4#214bd902/4@i187#77bccwlk (iteration 187)
[2026-07-24 19:03:11] (4s) 			 - SsaCompute::SsaDefinitions::reachesEndOfBlock/4#214bd902_delta has 6 rows (order for disjuncts: delta=<standard>).
[2026-07-24 19:03:11] (4s) Starting to evaluate predicate SsaCompute::SsaDefinitions::reachesEndOfBlockRec/4#63bb2cd4/4@i188#77bccxlk (iteration 188)
[2026-07-24 19:03:11] (4s) 			 - SsaCompute::SsaDefinitions::reachesEndOfBlockRec/4#63bb2cd4_delta has 6 rows (order for disjuncts: delta=<standard>).
[2026-07-24 19:03:11] (4s) Starting to evaluate predicate SsaCompute::SsaDefinitions::reachesEndOfBlock/4#214bd902/4@i189#77bccwlk (iteration 189)
[2026-07-24 19:03:11] (4s) 			 - SsaCompute::SsaDefinitions::reachesEndOfBlock/4#214bd902_delta has 6 rows (order for disjuncts: delta=<standard>).
[2026-07-24 19:03:11] (4s) Starting to evaluate predicate SsaCompute::SsaDefinitions::reachesEndOfBlockRec/4#63bb2cd4/4@i190#77bccxlk (iteration 190)
[2026-07-24 19:03:11] (4s) 			 - SsaCompute::SsaDefinitions::reachesEndOfBlockRec/4#63bb2cd4_delta has 6 rows (order for disjuncts: delta=<standard>).
[2026-07-24 19:03:11] (4s) Starting to evaluate predicate SsaCompute::SsaDefinitions::reachesEndOfBlock/4#214bd902/4@i191#77bccwlk (iteration 191)
[2026-07-24 19:03:11] (4s) 			 - SsaCompute::SsaDefinitions::reachesEndOfBlock/4#214bd902_delta has 6 rows (order for disjuncts: delta=<standard>).
[2026-07-24 19:03:11] (4s) Starting to evaluate predicate SsaCompute::SsaDefinitions::reachesEndOfBlockRec/4#63bb2cd4/4@i192#77bccxlk (iteration 192)
[2026-07-24 19:03:11] (4s) 			 - SsaCompute::SsaDefinitions::reachesEndOfBlockRec/4#63bb2cd4_delta has 6 rows (order for disjuncts: delta=<standard>).
[2026-07-24 19:03:11] (4s) Starting to evaluate predicate SsaCompute::SsaDefinitions::reachesEndOfBlock/4#214bd902/4@i193#77bccwlk (iteration 193)
[2026-07-24 19:03:11] (4s) 			 - SsaCompute::SsaDefinitions::reachesEndOfBlock/4#214bd902_delta has 6 rows (order for disjuncts: delta=<standard>).
[2026-07-24 19:03:11] (4s) Starting to evaluate predicate SsaCompute::SsaDefinitions::reachesEndOfBlockRec/4#63bb2cd4/4@i194#77bccxlk (iteration 194)
[2026-07-24 19:03:11] (4s) 			 - SsaCompute::SsaDefinitions::reachesEndOfBlockRec/4#63bb2cd4_delta has 6 rows (order for disjuncts: delta=<standard>).
[2026-07-24 19:03:11] (4s) Starting to evaluate predicate SsaCompute::SsaDefinitions::reachesEndOfBlock/4#214bd902/4@i195#77bccwlk (iteration 195)
[2026-07-24 19:03:11] (4s) 			 - SsaCompute::SsaDefinitions::reachesEndOfBlock/4#214bd902_delta has 6 rows (order for disjuncts: delta=<standard>).
[2026-07-24 19:03:11] (4s) Starting to evaluate predicate SsaCompute::SsaDefinitions::reachesEndOfBlockRec/4#63bb2cd4/4@i196#77bccxlk (iteration 196)
[2026-07-24 19:03:11] (4s) 			 - SsaCompute::SsaDefinitions::reachesEndOfBlockRec/4#63bb2cd4_delta has 6 rows (order for disjuncts: delta=<standard>).
[2026-07-24 19:03:11] (4s) Starting to evaluate predicate SsaCompute::SsaDefinitions::reachesEndOfBlock/4#214bd902/4@i197#77bccwlk (iteration 197)
[2026-07-24 19:03:11] (4s) 			 - SsaCompute::SsaDefinitions::reachesEndOfBlock/4#214bd902_delta has 6 rows (order for disjuncts: delta=<standard>).
[2026-07-24 19:03:11] (4s) Starting to evaluate predicate SsaCompute::SsaDefinitions::reachesEndOfBlockRec/4#63bb2cd4/4@i198#77bccxlk (iteration 198)
[2026-07-24 19:03:11] (4s) 			 - SsaCompute::SsaDefinitions::reachesEndOfBlockRec/4#63bb2cd4_delta has 7 rows (order for disjuncts: delta=<standard>).
[2026-07-24 19:03:11] (4s) Starting to evaluate predicate SsaCompute::SsaDefinitions::reachesEndOfBlock/4#214bd902/4@i199#77bccwlk (iteration 199)
[2026-07-24 19:03:11] (4s) 			 - SsaCompute::SsaDefinitions::reachesEndOfBlock/4#214bd902_delta has 6 rows (order for disjuncts: delta=<standard>).
[2026-07-24 19:03:11] (4s) Starting to evaluate predicate SsaCompute::SsaDefinitions::reachesEndOfBlockRec/4#63bb2cd4/4@i200#77bccxlk (iteration 200)
[2026-07-24 19:03:11] (4s) 			 - SsaCompute::SsaDefinitions::reachesEndOfBlockRec/4#63bb2cd4_delta has 11 rows (order for disjuncts: delta=<standard>).
[2026-07-24 19:03:11] (4s) Starting to evaluate predicate SsaCompute::SsaDefinitions::reachesEndOfBlock/4#214bd902/4@i201#77bccwlk (iteration 201)
[2026-07-24 19:03:11] (4s) 			 - SsaCompute::SsaDefinitions::reachesEndOfBlock/4#214bd902_delta has 6 rows (order for disjuncts: delta=<standard>).
[2026-07-24 19:03:11] (4s) Starting to evaluate predicate SsaCompute::SsaDefinitions::reachesEndOfBlockRec/4#63bb2cd4/4@i202#77bccxlk (iteration 202)
[2026-07-24 19:03:11] (4s) 			 - SsaCompute::SsaDefinitions::reachesEndOfBlockRec/4#63bb2cd4_delta has 6 rows (order for disjuncts: delta=<standard>).
[2026-07-24 19:03:11] (4s) Starting to evaluate predicate SsaCompute::SsaDefinitions::reachesEndOfBlock/4#214bd902/4@i203#77bccwlk (iteration 203)
[2026-07-24 19:03:11] (4s) 			 - SsaCompute::SsaDefinitions::reachesEndOfBlock/4#214bd902_delta has 6 rows (order for disjuncts: delta=<standard>).
[2026-07-24 19:03:11] (4s) Starting to evaluate predicate SsaCompute::SsaDefinitions::reachesEndOfBlockRec/4#63bb2cd4/4@i204#77bccxlk (iteration 204)
[2026-07-24 19:03:11] (4s) 			 - SsaCompute::SsaDefinitions::reachesEndOfBlockRec/4#63bb2cd4_delta has 6 rows (order for disjuncts: delta=<standard>).
[2026-07-24 19:03:11] (4s) Starting to evaluate predicate SsaCompute::SsaDefinitions::reachesEndOfBlock/4#214bd902/4@i205#77bccwlk (iteration 205)
[2026-07-24 19:03:11] (4s) 			 - SsaCompute::SsaDefinitions::reachesEndOfBlock/4#214bd902_delta has 6 rows (order for disjuncts: delta=<standard>).
[2026-07-24 19:03:11] (4s) Starting to evaluate predicate SsaCompute::SsaDefinitions::reachesEndOfBlockRec/4#63bb2cd4/4@i206#77bccxlk (iteration 206)
[2026-07-24 19:03:11] (4s) 			 - SsaCompute::SsaDefinitions::reachesEndOfBlockRec/4#63bb2cd4_delta has 6 rows (order for disjuncts: delta=<standard>).
[2026-07-24 19:03:11] (4s) Starting to evaluate predicate SsaCompute::SsaDefinitions::reachesEndOfBlock/4#214bd902/4@i207#77bccwlk (iteration 207)
[2026-07-24 19:03:11] (4s) 			 - SsaCompute::SsaDefinitions::reachesEndOfBlock/4#214bd902_delta has 5 rows (order for disjuncts: delta=<standard>).
[2026-07-24 19:03:11] (4s) Starting to evaluate predicate SsaCompute::SsaDefinitions::reachesEndOfBlockRec/4#63bb2cd4/4@i208#77bccxlk (iteration 208)
[2026-07-24 19:03:11] (4s) 			 - SsaCompute::SsaDefinitions::reachesEndOfBlockRec/4#63bb2cd4_delta has 5 rows (order for disjuncts: delta=<standard>).
[2026-07-24 19:03:11] (4s) Starting to evaluate predicate SsaCompute::SsaDefinitions::reachesEndOfBlock/4#214bd902/4@i209#77bccwlk (iteration 209)
[2026-07-24 19:03:11] (4s) Empty delta for SsaCompute::SsaDefinitions::reachesEndOfBlock/4#214bd902_delta (order for disjuncts: delta=<standard>).
[2026-07-24 19:03:11] (4s) Accumulating deltas
[2026-07-24 19:03:11] (4s)  >>> Created relation SsaCompute::SsaDefinitions::reachesEndOfBlock/4#214bd902/4@77bccwlk with 73479 rows and digest 6a1be9jn2r7ej7b5uhhmp7ikr89.
[2026-07-24 19:03:11] (4s)  >>> Created relation SsaCompute::SsaDefinitions::reachesEndOfBlockRec/4#63bb2cd4/4@77bccxlk with 77875 rows and digest 5bcb5bsudhd75njjv35v8hhp98f.
[2026-07-24 19:03:11] (4s) Starting to evaluate predicate SsaCompute::SsaDefinitions::reachesEndOfBlock/4#214bd902_0312#join_rhs/4@ffa62fd8
[2026-07-24 19:03:11] (4s)  >>> Created relation SsaCompute::SsaDefinitions::reachesEndOfBlock/4#214bd902_0312#join_rhs/4@ffa62fd8 with 73479 rows and digest d01730hju8evepuhmc4bvokcuf3.
[2026-07-24 19:03:11] (4s) Starting to evaluate predicate project#SsaCompute::SsaComputeImpl::ssaDefReachesUseWithinBlock/4#87a91e15/3@ffb0502d
[2026-07-24 19:03:11] (4s)  >>> Created relation project#SsaCompute::SsaComputeImpl::ssaDefReachesUseWithinBlock/4#87a91e15/3@ffb0502d with 39409 rows and digest daddbdk9bg93vsv6d1ajcu8cvl7.
[2026-07-24 19:03:11] (4s) Starting to evaluate predicate SsaCompute::SsaComputeImpl::variableUse/4#da62dc30_201#join_rhs/3@f1d2106h
[2026-07-24 19:03:11] (4s)  >>> Created relation SsaCompute::SsaComputeImpl::variableUse/4#da62dc30_201#join_rhs/3@f1d2106h with 78211 rows and digest 9b2302qo4sod6v789nikosfjma8.
[2026-07-24 19:03:11] (4s) Starting to evaluate predicate SsaCompute::SsaDefinitions::reachesUse/4#216dc4f6/4@1bf4676r
[2026-07-24 19:03:12] (4s)  >>> Created relation SsaCompute::SsaDefinitions::reachesUse/4#216dc4f6/4@1bf4676r with 75078 rows and digest f7953462r0t0bheduqgnmk12e1f.
[2026-07-24 19:03:12] (4s) No need to promote strings for SsaCompute::SsaDefinitions::reachesUse/4#216dc4f6/4@1bf4676r as it does not contain computed strings.
[2026-07-24 19:03:12] (4s)  >>> Created relation cached_SsaCompute::SsaDefinitions::reachesUse/4#216dc4f6/4@79f75586 with 75078 rows and digest f7953462r0t0bheduqgnmk12e1f.
[2026-07-24 19:03:12] (4s) No need to promote strings for SsaCompute::SsaDefinitions::reachesEndOfBlock/4#214bd902/4@77bccwlk as it does not contain computed strings.
[2026-07-24 19:03:12] (4s)  >>> Created relation cached_SsaCompute::SsaDefinitions::reachesEndOfBlock/4#214bd902/4@e1e0cddi with 73479 rows and digest 6a1be9jn2r7ej7b5uhhmp7ikr89.
[2026-07-24 19:03:12] (4s) No need to promote strings for SsaCompute::Liveness::liveAtExit/2#b6aa63f4/2@0b2f6xg8 as it does not contain computed strings.
[2026-07-24 19:03:12] (4s)  >>> Created relation cached_SsaCompute::Liveness::liveAtExit/2#b6aa63f4/2@2f099dbh with 82739 rows and digest 9d8993mh9dlh9kermocl4mkki00.
[2026-07-24 19:03:12] (4s) No need to promote strings for SsaCompute::Liveness::liveAtEntry/2#bab3ea7c/2@0b2f6wg8 as it does not contain computed strings.
[2026-07-24 19:03:12] (4s)  >>> Created relation cached_SsaCompute::Liveness::liveAtEntry/2#bab3ea7c/2@547472k0 with 83071 rows and digest 61d984dh38883biri759pkr2nv6.
[2026-07-24 19:03:12] (4s) No need to promote strings for SsaCompute::EssaDefinitions::variableUpdate/5#c42159b9/5@2efbb2fj as it does not contain computed strings.
[2026-07-24 19:03:12] (4s)  >>> Created relation cached_SsaCompute::EssaDefinitions::variableUpdate/5#c42159b9/5@edc26bgi with 24207 rows and digest 4135d375tkrd4h6n67h619mhul7.
[2026-07-24 19:03:12] (4s) No need to promote strings for SsaCompute::EssaDefinitions::variableRefinement/5#4e891107/5@197c3dum as it does not contain computed strings.
[2026-07-24 19:03:12] (4s)  >>> Created relation cached_SsaCompute::EssaDefinitions::variableRefinement/5#4e891107/5@b3b96aih with 6980 rows and digest 789cd0uetc7iot1s2gu0jroa488.
[2026-07-24 19:03:12] (4s) No need to promote strings for SsaCompute::EssaDefinitions::variableDefinition/5#32b5d84f/5@c8958485 as it does not contain computed strings.
[2026-07-24 19:03:12] (4s)  >>> Created relation cached_SsaCompute::EssaDefinitions::variableDefinition/5#32b5d84f/5@24045e5c with 17227 rows and digest 25bc2ahd5pnbo1e66s98f0je1q5.
[2026-07-24 19:03:12] (4s) No need to promote strings for SsaCompute::EssaDefinitions::piNode/3#b1917f93/3@92f0d22s as it does not contain computed strings.
[2026-07-24 19:03:12] (4s)  >>> Created relation cached_SsaCompute::EssaDefinitions::piNode/3#b1917f93/3@a8e5302n with 3859 rows and digest be77a7utd7a1mautbvh6v390ug1.
[2026-07-24 19:03:12] (4s) No need to promote strings for SsaCompute::EssaDefinitions::phiNode/2#4864b30d/2@13c56w0b as it does not contain computed strings.
[2026-07-24 19:03:12] (4s)  >>> Created relation cached_SsaCompute::EssaDefinitions::phiNode/2#4864b30d/2@3c9e66p4 with 4744 rows and digest 20056akbit9lcdeolngpkpo97r4.
[2026-07-24 19:03:12] (4s) Starting to evaluate predicate Essa::TEssaNodeDefinition#dom#e1989adc/3@8ffa33jq
[2026-07-24 19:03:12] (4s)  >>> Created relation Essa::TEssaNodeDefinition#dom#e1989adc/3@8ffa33jq with 17227 rows and digest eeb9f9vgbqpa82283030smnbia7.
[2026-07-24 19:03:12] (4s) Starting to evaluate predicate Essa::TEssaNodeDefinition#96e9ebfe/4@0aac23ca
[2026-07-24 19:03:12] Evaluating HOP construct<Essa#24e22a14::TEssaDefinition,0> with inputs:
                        17227 tuples in Essa::TEssaNodeDefinition#dom#e1989adc/3@8ffa33jq
[2026-07-24 19:03:12] (4s)  >>> Created relation Essa::TEssaNodeDefinition#96e9ebfe/4@0aac23ca with 17227 rows and digest 764b9auk1sglmeicbrdgbenj638.
[2026-07-24 19:03:12] (4s) Starting to evaluate predicate Essa::TEssaNodeDefinition#96e9ebfe_1203#join_rhs/4@6d08e0mm
[2026-07-24 19:03:12] (4s)  >>> Created relation Essa::TEssaNodeDefinition#96e9ebfe_1203#join_rhs/4@6d08e0mm with 17227 rows and digest 80aa8f7pnfji4rd995tlo3s37bb.
[2026-07-24 19:03:12] (4s) Starting to evaluate predicate Essa::EssaNodeDefinition.definedBy/2#dispred#88969aa9/3@73362822
[2026-07-24 19:03:12] (4s)  >>> Created relation Essa::EssaNodeDefinition.definedBy/2#dispred#88969aa9/3@73362822 with 17227 rows and digest c4b216ilpluie01eeghasr49i74.
[2026-07-24 19:03:12] (4s) Starting to evaluate predicate Essa::TPhiFunction#dfb6fe3b/3@233233u9
[2026-07-24 19:03:12] Evaluating HOP construct<Essa#24e22a14::TEssaDefinition,3> with inputs:
                        4744 tuples in SsaCompute::EssaDefinitions::phiNode/2#4864b30d/2@13c56w0b
[2026-07-24 19:03:12] (4s)  >>> Created relation Essa::TPhiFunction#dfb6fe3b/3@233233u9 with 4744 rows and digest 93c84d0sufcuam82n3nn8quuabf.
[2026-07-24 19:03:12] (4s) Starting to evaluate predicate SsaCompute::AdjacentUses::definesAt/4#68130204/4@a7ed99p7
[2026-07-24 19:03:12] (4s)  >>> Created relation SsaCompute::AdjacentUses::definesAt/4#68130204/4@a7ed99p7 with 21971 rows and digest a7586ckq785n1mcph3ft90bjfqb.
[2026-07-24 19:03:12] (4s) Starting to evaluate predicate Essa::TPhiFunction#dfb6fe3b_2#join_rhs/1@52dd909k
[2026-07-24 19:03:12] (4s)  >>> Created relation Essa::TPhiFunction#dfb6fe3b_2#join_rhs/1@52dd909k with 4744 rows and digest c15395pvufdfn593kt8tjeh5fe9.
[2026-07-24 19:03:12] (4s) No need to promote strings for SsaCompute::AdjacentUses::definesAt/4#68130204/4@a7ed99p7 as it does not contain computed strings.
[2026-07-24 19:03:12] (4s)  >>> Created relation cached_SsaCompute::AdjacentUses::definesAt/4#68130204/4@9e51f9ne with 21971 rows and digest a7586ckq785n1mcph3ft90bjfqb.
[2026-07-24 19:03:12] (4s) No need to promote strings for Essa::TPhiFunction#dfb6fe3b/3@233233u9 as it does not contain computed strings.
[2026-07-24 19:03:12] (4s)  >>> Created relation cached_Essa::TPhiFunction#dfb6fe3b/3@ea558aq9 with 4744 rows and digest 93c84d0sufcuam82n3nn8quuabf.
[2026-07-24 19:03:12] (4s) Starting to evaluate predicate Essa::TEssaNodeRefinement#dom#8a14bc22/3@babf9fdf
[2026-07-24 19:03:12] (4s)  >>> Created relation Essa::TEssaNodeRefinement#dom#8a14bc22/3@babf9fdf with 6980 rows and digest a69022k8bq8npvse9jjs5vtti7f.
[2026-07-24 19:03:12] (4s) Starting to evaluate predicate Essa::TEssaNodeRefinement#8de2de42/4@4b6d01cr
[2026-07-24 19:03:12] Evaluating HOP construct<Essa#24e22a14::TEssaDefinition,1> with inputs:
                        6980 tuples in Essa::TEssaNodeRefinement#dom#8a14bc22/3@babf9fdf
[2026-07-24 19:03:12] (4s)  >>> Created relation Essa::TEssaNodeRefinement#8de2de42/4@4b6d01cr with 6980 rows and digest 950143ok1opm2ekhbp7160kpoj2.
[2026-07-24 19:03:12] (4s) No need to promote strings for Essa::TEssaNodeRefinement#8de2de42/4@4b6d01cr as it does not contain computed strings.
[2026-07-24 19:03:12] (4s)  >>> Created relation cached_Essa::TEssaNodeRefinement#8de2de42/4@25de2e0k with 6980 rows and digest 950143ok1opm2ekhbp7160kpoj2.
[2026-07-24 19:03:12] (4s) No need to promote strings for Essa::TEssaNodeDefinition#96e9ebfe/4@0aac23ca as it does not contain computed strings.
[2026-07-24 19:03:12] (4s)  >>> Created relation cached_Essa::TEssaNodeDefinition#96e9ebfe/4@de863ceg with 17227 rows and digest 764b9auk1sglmeicbrdgbenj638.
[2026-07-24 19:03:12] (4s) Starting to evaluate predicate Essa::TEssaEdgeDefinition#be4738bc/4@f52c82g9
[2026-07-24 19:03:12] Evaluating HOP construct<Essa#24e22a14::TEssaDefinition,2> with inputs:
                        3859 tuples in SsaCompute::EssaDefinitions::piNode/3#b1917f93/3@92f0d22s
[2026-07-24 19:03:12] (4s)  >>> Created relation Essa::TEssaEdgeDefinition#be4738bc/4@f52c82g9 with 3859 rows and digest b80629mb093t1852m7ts5rv28ma.
[2026-07-24 19:03:12] (4s) No need to promote strings for Essa::TEssaEdgeDefinition#be4738bc/4@f52c82g9 as it does not contain computed strings.
[2026-07-24 19:03:12] (4s)  >>> Created relation cached_Essa::TEssaEdgeDefinition#be4738bc/4@598772h5 with 3859 rows and digest b80629mb093t1852m7ts5rv28ma.
[2026-07-24 19:03:12] (4s) Starting to evaluate predicate Essa::TEssaDefinition#4c062f56/1@b199e5bl
[2026-07-24 19:03:12] (4s)  >>> Created relation Essa::TEssaDefinition#4c062f56/1@b199e5bl with 32810 rows and digest 668e51q0g34ar4ailel52qav9o2.
[2026-07-24 19:03:12] (4s) No need to promote strings for Essa::TEssaDefinition#4c062f56/1@b199e5bl as it does not contain computed strings.
[2026-07-24 19:03:12] (4s)  >>> Created relation cached_Essa::TEssaDefinition#4c062f56/1@46c38ar1 with 32810 rows and digest 668e51q0g34ar4ailel52qav9o2.
[2026-07-24 19:03:12] (4s) Starting to evaluate predicate py_scope_flow_20#join_rhs/2@6ba06doe
[2026-07-24 19:03:12] (4s)  >>> Created relation py_scope_flow_20#join_rhs/2@6ba06doe with 20625 rows and digest 1f588ejv5n53fvlrku90sk75sg8.
[2026-07-24 19:03:12] (4s) Starting to evaluate predicate _py_scope_flow_20#join_rhs#antijoin_rhs#2/1@e58c5ad7
[2026-07-24 19:03:12] (4s)  >>> Created relation _py_scope_flow_20#join_rhs#antijoin_rhs#2/1@e58c5ad7 with 942 rows and digest ec2e845o4jitm87tcrgvsdcr395.
[2026-07-24 19:03:12] (4s) Starting to evaluate predicate _py_scope_flow_20#join_rhs#antijoin_rhs#1/1@fbe5a0io
[2026-07-24 19:03:12] (4s)  >>> Created relation _py_scope_flow_20#join_rhs#antijoin_rhs#1/1@fbe5a0io with 1405 rows and digest 0bbe15tk1qupseh78vcnoj5r041.
[2026-07-24 19:03:12] (4s) Starting to evaluate predicate _py_scope_flow_20#join_rhs#antijoin_rhs/1@6a806b4p
[2026-07-24 19:03:12] (4s)  >>> Created relation _py_scope_flow_20#join_rhs#antijoin_rhs/1@6a806b4p with 2357 rows and digest 8265590l9vqtg52ckgh435irrod.
[2026-07-24 19:03:12] (4s) Starting to evaluate predicate Flow::BasicBlock.getScope/0#833ab644/2@e1aed0ml
[2026-07-24 19:03:12] (4s)  >>> Created relation Flow::BasicBlock.getScope/0#833ab644/2@e1aed0ml with 9009 rows and digest 93ae27rnn1vs1qbtt4iv10i0io5.
[2026-07-24 19:03:12] (4s) Starting to evaluate predicate Essa::PhiFunction.getScope/0#dispred#2fe03abc/2@fa3e3cj5
[2026-07-24 19:03:12] (4s)  >>> Created relation Essa::PhiFunction.getScope/0#dispred#2fe03abc/2@fa3e3cj5 with 4744 rows and digest bbeb9fn7ijspebqeie373j466m6.
[2026-07-24 19:03:12] (4s) Starting to evaluate predicate Essa::PhiFunction.inputEdgeRefinement/1#dispred#c0feabdb/3@a66b5drt
[2026-07-24 19:03:12] (4s)  >>> Created relation Essa::PhiFunction.inputEdgeRefinement/1#dispred#c0feabdb/3@a66b5drt with 1209 rows and digest 74500elk63b35k21bvhndnm58r9.
[2026-07-24 19:03:12] (4s) Starting to evaluate predicate Essa::PhiFunction.inputEdgeRefinement/1#dispred#c0feabdb_01#antijoin_rhs/2@32907fgq
[2026-07-24 19:03:12] (4s)  >>> Created relation Essa::PhiFunction.inputEdgeRefinement/1#dispred#c0feabdb_01#antijoin_rhs/2@32907fgq with 1209 rows and digest 4669983takd2fkrpp15v3o8cnl1.
[2026-07-24 19:03:12] (4s) Starting to evaluate predicate Essa::PhiFunction.pred_var/1#da33d336/3@07a6c8ai
[2026-07-24 19:03:12] (4s)  >>> Created relation Essa::PhiFunction.pred_var/1#da33d336/3@07a6c8ai with 13413 rows and digest ac4a31lm4hkqhk961tk2390tic1.
[2026-07-24 19:03:12] (4s) Starting to evaluate predicate Essa::PhiFunction.pred_var/1#da33d336_120#join_rhs/3@4e07b934
[2026-07-24 19:03:12] (4s)  >>> Created relation Essa::PhiFunction.pred_var/1#da33d336_120#join_rhs/3@4e07b934 with 13413 rows and digest 51e371k98a7j397n3obvtg97bsd.
[2026-07-24 19:03:12] (4s) Starting to evaluate predicate project#Essa::EssaNodeDefinition.definedBy/2#dispred#88969aa9/2@181ae975
[2026-07-24 19:03:12] (4s)  >>> Created relation project#Essa::EssaNodeDefinition.definedBy/2#dispred#88969aa9/2@181ae975 with 17227 rows and digest 767933ul2me0jro1tm1vd4vltkb.
[2026-07-24 19:03:12] (4s) Starting to evaluate predicate project#Essa::EssaNodeDefinition.definedBy/2#dispred#88969aa9_10#join_rhs/2@628f1f3k
[2026-07-24 19:03:12] (4s)  >>> Created relation project#Essa::EssaNodeDefinition.definedBy/2#dispred#88969aa9_10#join_rhs/2@628f1f3k with 17227 rows and digest c9a1a8j9uuejv99qnji23fag909.
[2026-07-24 19:03:12] (4s) Starting to evaluate predicate Essa::ScopeEntryDefinition#1fcd5d21/1@39bff0ri
[2026-07-24 19:03:12] (4s)  >>> Created relation Essa::ScopeEntryDefinition#1fcd5d21/1@39bff0ri with 5389 rows and digest add0e4piqf5iam7gb1i6nt6cddc.
[2026-07-24 19:03:12] (4s) Starting to evaluate predicate Essa::EssaDefinition.getScope/0#dispred#c8275547/2@5840adll
[2026-07-24 19:03:12] (4s)  >>> Created relation Essa::EssaDefinition.getScope/0#dispred#c8275547/2@5840adll with 32810 rows and digest 5acdccueg0d6k9f9arcbohdhnp5.
[2026-07-24 19:03:12] (4s) Starting to evaluate predicate Essa::EssaDefinition.reachesEndOfBlock/1#dispred#b258d4ae/2@b21bc86j
[2026-07-24 19:03:12] (4s)  >>> Created relation Essa::EssaDefinition.reachesEndOfBlock/1#dispred#b258d4ae/2@b21bc86j with 73479 rows and digest d0fa257qup40bebiogknkgh17c4.
[2026-07-24 19:03:12] (4s) Starting to evaluate predicate Essa::EssaDefinition.getSourceVariable/0#dispred#4f599304/2@34d47fqk
[2026-07-24 19:03:12] (4s)  >>> Created relation Essa::EssaDefinition.getSourceVariable/0#dispred#4f599304/2@34d47fqk with 32810 rows and digest 48234fqcdhftig0v6tuutn050ac.
[2026-07-24 19:03:12] (4s) Starting to evaluate predicate Essa::PhiFunction.getInput/1#dispred#f797e1b9/3@41c38fji
[2026-07-24 19:03:12] (4s)  >>> Created relation Essa::PhiFunction.getInput/1#dispred#f797e1b9/3@41c38fji with 14622 rows and digest 254fd6vp5p2ggdh5tgrfioe0k09.
[2026-07-24 19:03:12] (4s) No need to promote strings for Essa::PhiFunction.getInput/1#dispred#f797e1b9/3@41c38fji as it does not contain computed strings.
[2026-07-24 19:03:12] (4s)  >>> Created relation cached_Essa::PhiFunction.getInput/1#dispred#f797e1b9/3@650a73vd with 14622 rows and digest 254fd6vp5p2ggdh5tgrfioe0k09.
[2026-07-24 19:03:12] (4s) Starting to evaluate predicate SsaCompute::SsaComputeImpl::variableUse/4#da62dc30_0213#join_rhs/4@14e43ekb
[2026-07-24 19:03:12] (4s)  >>> Created relation SsaCompute::SsaComputeImpl::variableUse/4#da62dc30_0213#join_rhs/4@14e43ekb with 78211 rows and digest fa5d8ao7lveh3i4skcsbroc8k64.
[2026-07-24 19:03:12] (4s) Starting to evaluate predicate SsaCompute::SsaDefinitions::reachesUse/4#216dc4f6_0312#join_rhs/4@2e02aajj
[2026-07-24 19:03:12] (4s)  >>> Created relation SsaCompute::SsaDefinitions::reachesUse/4#216dc4f6_0312#join_rhs/4@2e02aajj with 75078 rows and digest 991a4c0i31v37hca0s5fsvg64af.
[2026-07-24 19:03:12] (4s) Starting to evaluate predicate SsaCompute::SsaDefinitions::reachesExit/3#a534505a/3@2f069cl1
[2026-07-24 19:03:12] (4s)  >>> Created relation SsaCompute::SsaDefinitions::reachesExit/3#a534505a/3@2f069cl1 with 13995 rows and digest 680dbe6mndbpaojc6hjqfibm4t6.
[2026-07-24 19:03:12] (4s) No need to promote strings for SsaCompute::SsaDefinitions::reachesExit/3#a534505a/3@2f069cl1 as it does not contain computed strings.
[2026-07-24 19:03:12] (4s)  >>> Created relation cached_SsaCompute::SsaDefinitions::reachesExit/3#a534505a/3@7fb18acq with 13995 rows and digest 680dbe6mndbpaojc6hjqfibm4t6.
[2026-07-24 19:03:12] (4s) Starting to evaluate predicate _SsaCompute::AdjacentUses::variableSourceUse/4#4525ef19_SsaCompute::SsaComputeImpl::variableDefine/4__#rank_range/3@9aa39f12
[2026-07-24 19:03:12] (4s)  >>> Created relation _SsaCompute::AdjacentUses::variableSourceUse/4#4525ef19_SsaCompute::SsaComputeImpl::variableDefine/4__#rank_range/3@9aa39f12 with 49720 rows and digest e8d75198d5ogm1ilboivep46q31.
[2026-07-24 19:03:12] (4s) Starting to evaluate predicate _SsaCompute::AdjacentUses::variableSourceUse/4#4525ef19_SsaCompute::SsaComputeImpl::variableDefine/4__#rank_term/4@9810a49d
[2026-07-24 19:03:12] (4s)  >>> Created relation _SsaCompute::AdjacentUses::variableSourceUse/4#4525ef19_SsaCompute::SsaComputeImpl::variableDefine/4__#rank_term/4@9810a49d with 49720 rows and digest 691cb2hqqrg5tgdu8bae0nu0qqf.
[2026-07-24 19:03:12] (4s) Starting to evaluate predicate SsaCompute::AdjacentUses::defSourceUseRank/4#ebad7bcb/4@b6ccd0sp
[2026-07-24 19:03:12] (4s)  >>> Created relation SsaCompute::AdjacentUses::defSourceUseRank/4#ebad7bcb/4@b6ccd0sp with 49720 rows and digest d717feerjengkutk1d35cgn3260.
[2026-07-24 19:03:12] (4s) Starting to evaluate predicate project#SsaCompute::AdjacentUses::defSourceUseRank/4#ebad7bcb/3@1944845h
[2026-07-24 19:03:12] (4s)  >>> Created relation project#SsaCompute::AdjacentUses::defSourceUseRank/4#ebad7bcb/3@1944845h with 49720 rows and digest b0a30707ins69hfdqsuvcb37ic0.
[2026-07-24 19:03:12] (4s) Starting to evaluate predicate project#SsaCompute::AdjacentUses::defSourceUseRank/4#ebad7bcb_0122#max_term/4@f2d5e05g
[2026-07-24 19:03:12] (4s)  >>> Created relation project#SsaCompute::AdjacentUses::defSourceUseRank/4#ebad7bcb_0122#max_term/4@f2d5e05g with 49720 rows and digest b713bbg8j3mdk7k0ou0t6bqua3e.
[2026-07-24 19:03:12] (4s) Starting to evaluate predicate SsaCompute::AdjacentUses::lastSourceUseRank/2#062a0026/3@706456o3
[2026-07-24 19:03:12] (4s)  >>> Created relation SsaCompute::AdjacentUses::lastSourceUseRank/2#062a0026/3@706456o3 with 26255 rows and digest b8272f7o1ntb8bk5up0vrqnvi6a.
[2026-07-24 19:03:12] (4s) No need to promote strings for SsaCompute::AdjacentUses::defSourceUseRank/4#ebad7bcb/4@b6ccd0sp as it does not contain computed strings.
[2026-07-24 19:03:12] (4s)  >>> Created relation cached_SsaCompute::AdjacentUses::defSourceUseRank/4#ebad7bcb/4@c289cfdn with 49720 rows and digest d717feerjengkutk1d35cgn3260.
[2026-07-24 19:03:12] (4s) Starting to evaluate predicate project#Flow::BasicBlock.getASuccessor/0#dispred#7249dd96/1@616cb54h
[2026-07-24 19:03:12] (4s)  >>> Created relation project#Flow::BasicBlock.getASuccessor/0#dispred#7249dd96/1@616cb54h with 6652 rows and digest dd62eei3lqi2uktu7mqt9vv8u5e.
[2026-07-24 19:03:12] (4s) Starting to evaluate predicate project#SsaCompute::AdjacentUses::defSourceUseRank/4#ebad7bcb#2/2@b3c8bef6
[2026-07-24 19:03:12] (4s)  >>> Created relation project#SsaCompute::AdjacentUses::defSourceUseRank/4#ebad7bcb#2/2@b3c8bef6 with 26255 rows and digest 9c92b1q7q3hl571gmss70nt6dr2.
[2026-07-24 19:03:12] (4s) Starting to evaluate predicate project#SsaCompute::SsaDefinitions::reachesEndOfBlock/4#214bd902/2@7cd5fc1u
[2026-07-24 19:03:12] (4s)  >>> Created relation project#SsaCompute::SsaDefinitions::reachesEndOfBlock/4#214bd902/2@7cd5fc1u with 73479 rows and digest 9ebbaded5f6hdg8md74pip4brpf.
[2026-07-24 19:03:12] (4s) Starting to evaluate predicate SsaCompute::AdjacentUses::blockPrecedesVar/2#b4e71f74#fb/2@2a3d21l5
[2026-07-24 19:03:12] (4s)  >>> Created relation SsaCompute::AdjacentUses::blockPrecedesVar/2#b4e71f74#fb/2@2a3d21l5 with 70756 rows and digest 0574852jpemoivj56kvrsskamj2.
[2026-07-24 19:03:12] (4s) Starting to evaluate predicate SsaCompute::AdjacentUses::blockPrecedesVar/2#b4e71f74#fb_10#join_rhs/2@b1f001bc
[2026-07-24 19:03:12] (4s)  >>> Created relation SsaCompute::AdjacentUses::blockPrecedesVar/2#b4e71f74#fb_10#join_rhs/2@b1f001bc with 70756 rows and digest b8eac1tf52jmann8uvta2j1ol84.
[2026-07-24 19:03:12] (4s) Starting to evaluate predicate SsaCompute::AdjacentUses::varBlockReaches/3#1824ad86/3@i1#4857bwgf (iteration 1)
[2026-07-24 19:03:12] (4s) 			 - SsaCompute::AdjacentUses::varBlockReaches/3#1824ad86_delta has 18558 rows (order for disjuncts: delta=<standard>).
[2026-07-24 19:03:12] (4s) Starting to evaluate predicate SsaCompute::AdjacentUses::varBlockReaches/3#1824ad86/3@i2#4857bwgf (iteration 2)
[2026-07-24 19:03:12] (4s) 			 - SsaCompute::AdjacentUses::varBlockReaches/3#1824ad86_delta has 14632 rows (order for disjuncts: delta=<standard>).
[2026-07-24 19:03:12] (4s) Starting to evaluate predicate SsaCompute::AdjacentUses::varBlockReaches/3#1824ad86/3@i3#4857bwgf (iteration 3)
[2026-07-24 19:03:12] (4s) 			 - SsaCompute::AdjacentUses::varBlockReaches/3#1824ad86_delta has 10315 rows (order for disjuncts: delta=<standard>).
[2026-07-24 19:03:12] (4s) Starting to evaluate predicate SsaCompute::AdjacentUses::varBlockReaches/3#1824ad86/3@i4#4857bwgf (iteration 4)
[2026-07-24 19:03:12] (4s) 			 - SsaCompute::AdjacentUses::varBlockReaches/3#1824ad86_delta has 8559 rows (order for disjuncts: delta=<standard>).
[2026-07-24 19:03:12] (4s) Starting to evaluate predicate SsaCompute::AdjacentUses::varBlockReaches/3#1824ad86/3@i5#4857bwgf (iteration 5)
[2026-07-24 19:03:12] (4s) 			 - SsaCompute::AdjacentUses::varBlockReaches/3#1824ad86_delta has 7238 rows (order for disjuncts: delta=<standard>).
[2026-07-24 19:03:12] (4s) Starting to evaluate predicate SsaCompute::AdjacentUses::varBlockReaches/3#1824ad86/3@i6#4857bwgf (iteration 6)
[2026-07-24 19:03:12] (4s) 			 - SsaCompute::AdjacentUses::varBlockReaches/3#1824ad86_delta has 5721 rows (order for disjuncts: delta=<standard>).
[2026-07-24 19:03:12] (4s) Starting to evaluate predicate SsaCompute::AdjacentUses::varBlockReaches/3#1824ad86/3@i7#4857bwgf (iteration 7)
[2026-07-24 19:03:12] (4s) 			 - SsaCompute::AdjacentUses::varBlockReaches/3#1824ad86_delta has 5116 rows (order for disjuncts: delta=<standard>).
[2026-07-24 19:03:12] (4s) Starting to evaluate predicate SsaCompute::AdjacentUses::varBlockReaches/3#1824ad86/3@i8#4857bwgf (iteration 8)
[2026-07-24 19:03:12] (4s) 			 - SsaCompute::AdjacentUses::varBlockReaches/3#1824ad86_delta has 4139 rows (order for disjuncts: delta=<standard>).
[2026-07-24 19:03:12] (4s) Starting to evaluate predicate SsaCompute::AdjacentUses::varBlockReaches/3#1824ad86/3@i9#4857bwgf (iteration 9)
[2026-07-24 19:03:12] (4s) 			 - SsaCompute::AdjacentUses::varBlockReaches/3#1824ad86_delta has 3520 rows (order for disjuncts: delta=<standard>).
[2026-07-24 19:03:12] (4s) Starting to evaluate predicate SsaCompute::AdjacentUses::varBlockReaches/3#1824ad86/3@i10#4857bwgf (iteration 10)
[2026-07-24 19:03:12] (4s) 			 - SsaCompute::AdjacentUses::varBlockReaches/3#1824ad86_delta has 3097 rows (order for disjuncts: delta=<standard>).
[2026-07-24 19:03:12] (4s) Starting to evaluate predicate SsaCompute::AdjacentUses::varBlockReaches/3#1824ad86/3@i11#4857bwgf (iteration 11)
[2026-07-24 19:03:12] (4s) 			 - SsaCompute::AdjacentUses::varBlockReaches/3#1824ad86_delta has 2986 rows (order for disjuncts: delta=<standard>).
[2026-07-24 19:03:12] (4s) Starting to evaluate predicate SsaCompute::AdjacentUses::varBlockReaches/3#1824ad86/3@i12#4857bwgf (iteration 12)
[2026-07-24 19:03:12] (4s) 			 - SsaCompute::AdjacentUses::varBlockReaches/3#1824ad86_delta has 2421 rows (order for disjuncts: delta=<standard>).
[2026-07-24 19:03:12] (4s) Starting to evaluate predicate SsaCompute::AdjacentUses::varBlockReaches/3#1824ad86/3@i13#4857bwgf (iteration 13)
[2026-07-24 19:03:12] (4s) 			 - SsaCompute::AdjacentUses::varBlockReaches/3#1824ad86_delta has 2239 rows (order for disjuncts: delta=<standard>).
[2026-07-24 19:03:12] (4s) Starting to evaluate predicate SsaCompute::AdjacentUses::varBlockReaches/3#1824ad86/3@i14#4857bwgf (iteration 14)
[2026-07-24 19:03:12] (4s) 			 - SsaCompute::AdjacentUses::varBlockReaches/3#1824ad86_delta has 1980 rows (order for disjuncts: delta=<standard>).
[2026-07-24 19:03:12] (4s) Starting to evaluate predicate SsaCompute::AdjacentUses::varBlockReaches/3#1824ad86/3@i15#4857bwgf (iteration 15)
[2026-07-24 19:03:12] (4s) 			 - SsaCompute::AdjacentUses::varBlockReaches/3#1824ad86_delta has 1693 rows (order for disjuncts: delta=<standard>).
[2026-07-24 19:03:12] (4s) Starting to evaluate predicate SsaCompute::AdjacentUses::varBlockReaches/3#1824ad86/3@i16#4857bwgf (iteration 16)
[2026-07-24 19:03:12] (4s) 			 - SsaCompute::AdjacentUses::varBlockReaches/3#1824ad86_delta has 1332 rows (order for disjuncts: delta=<standard>).
[2026-07-24 19:03:12] (4s) Starting to evaluate predicate SsaCompute::AdjacentUses::varBlockReaches/3#1824ad86/3@i17#4857bwgf (iteration 17)
[2026-07-24 19:03:12] (4s) 			 - SsaCompute::AdjacentUses::varBlockReaches/3#1824ad86_delta has 1029 rows (order for disjuncts: delta=<standard>).
[2026-07-24 19:03:12] (4s) Starting to evaluate predicate SsaCompute::AdjacentUses::varBlockReaches/3#1824ad86/3@i18#4857bwgf (iteration 18)
[2026-07-24 19:03:12] (4s) 			 - SsaCompute::AdjacentUses::varBlockReaches/3#1824ad86_delta has 833 rows (order for disjuncts: delta=<standard>).
[2026-07-24 19:03:12] (4s) Starting to evaluate predicate SsaCompute::AdjacentUses::varBlockReaches/3#1824ad86/3@i19#4857bwgf (iteration 19)
[2026-07-24 19:03:12] (4s) 			 - SsaCompute::AdjacentUses::varBlockReaches/3#1824ad86_delta has 637 rows (order for disjuncts: delta=<standard>).
[2026-07-24 19:03:12] (4s) Starting to evaluate predicate SsaCompute::AdjacentUses::varBlockReaches/3#1824ad86/3@i20#4857bwgf (iteration 20)
[2026-07-24 19:03:12] (4s) 			 - SsaCompute::AdjacentUses::varBlockReaches/3#1824ad86_delta has 551 rows (order for disjuncts: delta=<standard>).
[2026-07-24 19:03:12] (4s) Starting to evaluate predicate SsaCompute::AdjacentUses::varBlockReaches/3#1824ad86/3@i21#4857bwgf (iteration 21)
[2026-07-24 19:03:12] (4s) 			 - SsaCompute::AdjacentUses::varBlockReaches/3#1824ad86_delta has 500 rows (order for disjuncts: delta=<standard>).
[2026-07-24 19:03:12] (4s) Starting to evaluate predicate SsaCompute::AdjacentUses::varBlockReaches/3#1824ad86/3@i22#4857bwgf (iteration 22)
[2026-07-24 19:03:12] (4s) 			 - SsaCompute::AdjacentUses::varBlockReaches/3#1824ad86_delta has 453 rows (order for disjuncts: delta=<standard>).
[2026-07-24 19:03:12] (4s) Starting to evaluate predicate SsaCompute::AdjacentUses::varBlockReaches/3#1824ad86/3@i23#4857bwgf (iteration 23)
[2026-07-24 19:03:12] (4s) 			 - SsaCompute::AdjacentUses::varBlockReaches/3#1824ad86_delta has 258 rows (order for disjuncts: delta=<standard>).
[2026-07-24 19:03:12] (4s) Starting to evaluate predicate SsaCompute::AdjacentUses::varBlockReaches/3#1824ad86/3@i24#4857bwgf (iteration 24)
[2026-07-24 19:03:12] (4s) 			 - SsaCompute::AdjacentUses::varBlockReaches/3#1824ad86_delta has 234 rows (order for disjuncts: delta=<standard>).
[2026-07-24 19:03:12] (4s) Starting to evaluate predicate SsaCompute::AdjacentUses::varBlockReaches/3#1824ad86/3@i25#4857bwgf (iteration 25)
[2026-07-24 19:03:12] (4s) 			 - SsaCompute::AdjacentUses::varBlockReaches/3#1824ad86_delta has 181 rows (order for disjuncts: delta=<standard>).
[2026-07-24 19:03:12] (4s) Starting to evaluate predicate SsaCompute::AdjacentUses::varBlockReaches/3#1824ad86/3@i26#4857bwgf (iteration 26)
[2026-07-24 19:03:12] (4s) 			 - SsaCompute::AdjacentUses::varBlockReaches/3#1824ad86_delta has 150 rows (order for disjuncts: delta=<standard>).
[2026-07-24 19:03:12] (4s) Starting to evaluate predicate SsaCompute::AdjacentUses::varBlockReaches/3#1824ad86/3@i27#4857bwgf (iteration 27)
[2026-07-24 19:03:12] (4s) 			 - SsaCompute::AdjacentUses::varBlockReaches/3#1824ad86_delta has 140 rows (order for disjuncts: delta=<standard>).
[2026-07-24 19:03:12] (4s) Starting to evaluate predicate SsaCompute::AdjacentUses::varBlockReaches/3#1824ad86/3@i28#4857bwgf (iteration 28)
[2026-07-24 19:03:12] (4s) 			 - SsaCompute::AdjacentUses::varBlockReaches/3#1824ad86_delta has 122 rows (order for disjuncts: delta=<standard>).
[2026-07-24 19:03:12] (4s) Starting to evaluate predicate SsaCompute::AdjacentUses::varBlockReaches/3#1824ad86/3@i29#4857bwgf (iteration 29)
[2026-07-24 19:03:12] (4s) 			 - SsaCompute::AdjacentUses::varBlockReaches/3#1824ad86_delta has 124 rows (order for disjuncts: delta=<standard>).
[2026-07-24 19:03:12] (4s) Starting to evaluate predicate SsaCompute::AdjacentUses::varBlockReaches/3#1824ad86/3@i30#4857bwgf (iteration 30)
[2026-07-24 19:03:12] (4s) 			 - SsaCompute::AdjacentUses::varBlockReaches/3#1824ad86_delta has 111 rows (order for disjuncts: delta=<standard>).
[2026-07-24 19:03:12] (4s) Starting to evaluate predicate SsaCompute::AdjacentUses::varBlockReaches/3#1824ad86/3@i31#4857bwgf (iteration 31)
[2026-07-24 19:03:12] (4s) 			 - SsaCompute::AdjacentUses::varBlockReaches/3#1824ad86_delta has 98 rows (order for disjuncts: delta=<standard>).
[2026-07-24 19:03:12] (4s) Starting to evaluate predicate SsaCompute::AdjacentUses::varBlockReaches/3#1824ad86/3@i32#4857bwgf (iteration 32)
[2026-07-24 19:03:12] (4s) 			 - SsaCompute::AdjacentUses::varBlockReaches/3#1824ad86_delta has 88 rows (order for disjuncts: delta=<standard>).
[2026-07-24 19:03:12] (4s) Starting to evaluate predicate SsaCompute::AdjacentUses::varBlockReaches/3#1824ad86/3@i33#4857bwgf (iteration 33)
[2026-07-24 19:03:12] (4s) 			 - SsaCompute::AdjacentUses::varBlockReaches/3#1824ad86_delta has 77 rows (order for disjuncts: delta=<standard>).
[2026-07-24 19:03:12] (4s) Starting to evaluate predicate SsaCompute::AdjacentUses::varBlockReaches/3#1824ad86/3@i34#4857bwgf (iteration 34)
[2026-07-24 19:03:12] (4s) 			 - SsaCompute::AdjacentUses::varBlockReaches/3#1824ad86_delta has 63 rows (order for disjuncts: delta=<standard>).
[2026-07-24 19:03:12] (4s) Starting to evaluate predicate SsaCompute::AdjacentUses::varBlockReaches/3#1824ad86/3@i35#4857bwgf (iteration 35)
[2026-07-24 19:03:12] (4s) 			 - SsaCompute::AdjacentUses::varBlockReaches/3#1824ad86_delta has 61 rows (order for disjuncts: delta=<standard>).
[2026-07-24 19:03:12] (4s) Starting to evaluate predicate SsaCompute::AdjacentUses::varBlockReaches/3#1824ad86/3@i36#4857bwgf (iteration 36)
[2026-07-24 19:03:12] (4s) 			 - SsaCompute::AdjacentUses::varBlockReaches/3#1824ad86_delta has 60 rows (order for disjuncts: delta=<standard>).
[2026-07-24 19:03:12] (4s) Starting to evaluate predicate SsaCompute::AdjacentUses::varBlockReaches/3#1824ad86/3@i37#4857bwgf (iteration 37)
[2026-07-24 19:03:12] (4s) 			 - SsaCompute::AdjacentUses::varBlockReaches/3#1824ad86_delta has 65 rows (order for disjuncts: delta=<standard>).
[2026-07-24 19:03:12] (4s) Starting to evaluate predicate SsaCompute::AdjacentUses::varBlockReaches/3#1824ad86/3@i38#4857bwgf (iteration 38)
[2026-07-24 19:03:12] (4s) 			 - SsaCompute::AdjacentUses::varBlockReaches/3#1824ad86_delta has 58 rows (order for disjuncts: delta=<standard>).
[2026-07-24 19:03:12] (4s) Starting to evaluate predicate SsaCompute::AdjacentUses::varBlockReaches/3#1824ad86/3@i39#4857bwgf (iteration 39)
[2026-07-24 19:03:12] (4s) 			 - SsaCompute::AdjacentUses::varBlockReaches/3#1824ad86_delta has 55 rows (order for disjuncts: delta=<standard>).
[2026-07-24 19:03:12] (4s) Starting to evaluate predicate SsaCompute::AdjacentUses::varBlockReaches/3#1824ad86/3@i40#4857bwgf (iteration 40)
[2026-07-24 19:03:12] (4s) 			 - SsaCompute::AdjacentUses::varBlockReaches/3#1824ad86_delta has 56 rows (order for disjuncts: delta=<standard>).
[2026-07-24 19:03:12] (4s) Starting to evaluate predicate SsaCompute::AdjacentUses::varBlockReaches/3#1824ad86/3@i41#4857bwgf (iteration 41)
[2026-07-24 19:03:12] (4s) 			 - SsaCompute::AdjacentUses::varBlockReaches/3#1824ad86_delta has 63 rows (order for disjuncts: delta=<standard>).
[2026-07-24 19:03:12] (4s) Starting to evaluate predicate SsaCompute::AdjacentUses::varBlockReaches/3#1824ad86/3@i42#4857bwgf (iteration 42)
[2026-07-24 19:03:12] (4s) 			 - SsaCompute::AdjacentUses::varBlockReaches/3#1824ad86_delta has 57 rows (order for disjuncts: delta=<standard>).
[2026-07-24 19:03:12] (4s) Starting to evaluate predicate SsaCompute::AdjacentUses::varBlockReaches/3#1824ad86/3@i43#4857bwgf (iteration 43)
[2026-07-24 19:03:12] (4s) 			 - SsaCompute::AdjacentUses::varBlockReaches/3#1824ad86_delta has 54 rows (order for disjuncts: delta=<standard>).
[2026-07-24 19:03:12] (4s) Starting to evaluate predicate SsaCompute::AdjacentUses::varBlockReaches/3#1824ad86/3@i44#4857bwgf (iteration 44)
[2026-07-24 19:03:12] (4s) 			 - SsaCompute::AdjacentUses::varBlockReaches/3#1824ad86_delta has 37 rows (order for disjuncts: delta=<standard>).
[2026-07-24 19:03:12] (4s) Starting to evaluate predicate SsaCompute::AdjacentUses::varBlockReaches/3#1824ad86/3@i45#4857bwgf (iteration 45)
[2026-07-24 19:03:12] (4s) 			 - SsaCompute::AdjacentUses::varBlockReaches/3#1824ad86_delta has 37 rows (order for disjuncts: delta=<standard>).
[2026-07-24 19:03:12] (4s) Starting to evaluate predicate SsaCompute::AdjacentUses::varBlockReaches/3#1824ad86/3@i46#4857bwgf (iteration 46)
[2026-07-24 19:03:12] (4s) 			 - SsaCompute::AdjacentUses::varBlockReaches/3#1824ad86_delta has 32 rows (order for disjuncts: delta=<standard>).
[2026-07-24 19:03:12] (4s) Starting to evaluate predicate SsaCompute::AdjacentUses::varBlockReaches/3#1824ad86/3@i47#4857bwgf (iteration 47)
[2026-07-24 19:03:12] (4s) 			 - SsaCompute::AdjacentUses::varBlockReaches/3#1824ad86_delta has 31 rows (order for disjuncts: delta=<standard>).
[2026-07-24 19:03:12] (4s) Starting to evaluate predicate SsaCompute::AdjacentUses::varBlockReaches/3#1824ad86/3@i48#4857bwgf (iteration 48)
[2026-07-24 19:03:12] (4s) 			 - SsaCompute::AdjacentUses::varBlockReaches/3#1824ad86_delta has 25 rows (order for disjuncts: delta=<standard>).
[2026-07-24 19:03:12] (4s) Starting to evaluate predicate SsaCompute::AdjacentUses::varBlockReaches/3#1824ad86/3@i49#4857bwgf (iteration 49)
[2026-07-24 19:03:12] (4s) 			 - SsaCompute::AdjacentUses::varBlockReaches/3#1824ad86_delta has 25 rows (order for disjuncts: delta=<standard>).
[2026-07-24 19:03:12] (4s) Starting to evaluate predicate SsaCompute::AdjacentUses::varBlockReaches/3#1824ad86/3@i50#4857bwgf (iteration 50)
[2026-07-24 19:03:12] (4s) 			 - SsaCompute::AdjacentUses::varBlockReaches/3#1824ad86_delta has 22 rows (order for disjuncts: delta=<standard>).
[2026-07-24 19:03:12] (4s) Starting to evaluate predicate SsaCompute::AdjacentUses::varBlockReaches/3#1824ad86/3@i51#4857bwgf (iteration 51)
[2026-07-24 19:03:12] (4s) 			 - SsaCompute::AdjacentUses::varBlockReaches/3#1824ad86_delta has 20 rows (order for disjuncts: delta=<standard>).
[2026-07-24 19:03:12] (4s) Starting to evaluate predicate SsaCompute::AdjacentUses::varBlockReaches/3#1824ad86/3@i52#4857bwgf (iteration 52)
[2026-07-24 19:03:12] (4s) 			 - SsaCompute::AdjacentUses::varBlockReaches/3#1824ad86_delta has 19 rows (order for disjuncts: delta=<standard>).
[2026-07-24 19:03:12] (4s) Starting to evaluate predicate SsaCompute::AdjacentUses::varBlockReaches/3#1824ad86/3@i53#4857bwgf (iteration 53)
[2026-07-24 19:03:12] (4s) 			 - SsaCompute::AdjacentUses::varBlockReaches/3#1824ad86_delta has 20 rows (order for disjuncts: delta=<standard>).
[2026-07-24 19:03:12] (4s) Starting to evaluate predicate SsaCompute::AdjacentUses::varBlockReaches/3#1824ad86/3@i54#4857bwgf (iteration 54)
[2026-07-24 19:03:12] (4s) 			 - SsaCompute::AdjacentUses::varBlockReaches/3#1824ad86_delta has 29 rows (order for disjuncts: delta=<standard>).
[2026-07-24 19:03:12] (4s) Starting to evaluate predicate SsaCompute::AdjacentUses::varBlockReaches/3#1824ad86/3@i55#4857bwgf (iteration 55)
[2026-07-24 19:03:12] (4s) 			 - SsaCompute::AdjacentUses::varBlockReaches/3#1824ad86_delta has 28 rows (order for disjuncts: delta=<standard>).
[2026-07-24 19:03:12] (4s) Starting to evaluate predicate SsaCompute::AdjacentUses::varBlockReaches/3#1824ad86/3@i56#4857bwgf (iteration 56)
[2026-07-24 19:03:12] (4s) 			 - SsaCompute::AdjacentUses::varBlockReaches/3#1824ad86_delta has 28 rows (order for disjuncts: delta=<standard>).
[2026-07-24 19:03:12] (4s) Starting to evaluate predicate SsaCompute::AdjacentUses::varBlockReaches/3#1824ad86/3@i57#4857bwgf (iteration 57)
[2026-07-24 19:03:12] (4s) 			 - SsaCompute::AdjacentUses::varBlockReaches/3#1824ad86_delta has 18 rows (order for disjuncts: delta=<standard>).
[2026-07-24 19:03:12] (4s) Starting to evaluate predicate SsaCompute::AdjacentUses::varBlockReaches/3#1824ad86/3@i58#4857bwgf (iteration 58)
[2026-07-24 19:03:12] (4s) 			 - SsaCompute::AdjacentUses::varBlockReaches/3#1824ad86_delta has 18 rows (order for disjuncts: delta=<standard>).
[2026-07-24 19:03:12] (4s) Starting to evaluate predicate SsaCompute::AdjacentUses::varBlockReaches/3#1824ad86/3@i59#4857bwgf (iteration 59)
[2026-07-24 19:03:12] (4s) 			 - SsaCompute::AdjacentUses::varBlockReaches/3#1824ad86_delta has 18 rows (order for disjuncts: delta=<standard>).
[2026-07-24 19:03:12] (4s) Starting to evaluate predicate SsaCompute::AdjacentUses::varBlockReaches/3#1824ad86/3@i60#4857bwgf (iteration 60)
[2026-07-24 19:03:12] (4s) 			 - SsaCompute::AdjacentUses::varBlockReaches/3#1824ad86_delta has 18 rows (order for disjuncts: delta=<standard>).
[2026-07-24 19:03:12] (4s) Starting to evaluate predicate SsaCompute::AdjacentUses::varBlockReaches/3#1824ad86/3@i61#4857bwgf (iteration 61)
[2026-07-24 19:03:12] (4s) 			 - SsaCompute::AdjacentUses::varBlockReaches/3#1824ad86_delta has 18 rows (order for disjuncts: delta=<standard>).
[2026-07-24 19:03:12] (4s) Starting to evaluate predicate SsaCompute::AdjacentUses::varBlockReaches/3#1824ad86/3@i62#4857bwgf (iteration 62)
[2026-07-24 19:03:12] (4s) 			 - SsaCompute::AdjacentUses::varBlockReaches/3#1824ad86_delta has 19 rows (order for disjuncts: delta=<standard>).
[2026-07-24 19:03:12] (4s) Starting to evaluate predicate SsaCompute::AdjacentUses::varBlockReaches/3#1824ad86/3@i63#4857bwgf (iteration 63)
[2026-07-24 19:03:12] (4s) 			 - SsaCompute::AdjacentUses::varBlockReaches/3#1824ad86_delta has 19 rows (order for disjuncts: delta=<standard>).
[2026-07-24 19:03:12] (4s) Starting to evaluate predicate SsaCompute::AdjacentUses::varBlockReaches/3#1824ad86/3@i64#4857bwgf (iteration 64)
[2026-07-24 19:03:12] (4s) 			 - SsaCompute::AdjacentUses::varBlockReaches/3#1824ad86_delta has 19 rows (order for disjuncts: delta=<standard>).
[2026-07-24 19:03:12] (4s) Starting to evaluate predicate SsaCompute::AdjacentUses::varBlockReaches/3#1824ad86/3@i65#4857bwgf (iteration 65)
[2026-07-24 19:03:12] (4s) 			 - SsaCompute::AdjacentUses::varBlockReaches/3#1824ad86_delta has 16 rows (order for disjuncts: delta=<standard>).
[2026-07-24 19:03:12] (4s) Starting to evaluate predicate SsaCompute::AdjacentUses::varBlockReaches/3#1824ad86/3@i66#4857bwgf (iteration 66)
[2026-07-24 19:03:12] (4s) 			 - SsaCompute::AdjacentUses::varBlockReaches/3#1824ad86_delta has 15 rows (order for disjuncts: delta=<standard>).
[2026-07-24 19:03:12] (4s) Starting to evaluate predicate SsaCompute::AdjacentUses::varBlockReaches/3#1824ad86/3@i67#4857bwgf (iteration 67)
[2026-07-24 19:03:12] (4s) 			 - SsaCompute::AdjacentUses::varBlockReaches/3#1824ad86_delta has 16 rows (order for disjuncts: delta=<standard>).
[2026-07-24 19:03:12] (4s) Starting to evaluate predicate SsaCompute::AdjacentUses::varBlockReaches/3#1824ad86/3@i68#4857bwgf (iteration 68)
[2026-07-24 19:03:12] (4s) 			 - SsaCompute::AdjacentUses::varBlockReaches/3#1824ad86_delta has 16 rows (order for disjuncts: delta=<standard>).
[2026-07-24 19:03:12] (4s) Starting to evaluate predicate SsaCompute::AdjacentUses::varBlockReaches/3#1824ad86/3@i69#4857bwgf (iteration 69)
[2026-07-24 19:03:12] (4s) 			 - SsaCompute::AdjacentUses::varBlockReaches/3#1824ad86_delta has 15 rows (order for disjuncts: delta=<standard>).
[2026-07-24 19:03:12] (4s) Starting to evaluate predicate SsaCompute::AdjacentUses::varBlockReaches/3#1824ad86/3@i70#4857bwgf (iteration 70)
[2026-07-24 19:03:12] (4s) 			 - SsaCompute::AdjacentUses::varBlockReaches/3#1824ad86_delta has 15 rows (order for disjuncts: delta=<standard>).
[2026-07-24 19:03:12] (4s) Starting to evaluate predicate SsaCompute::AdjacentUses::varBlockReaches/3#1824ad86/3@i71#4857bwgf (iteration 71)
[2026-07-24 19:03:12] (4s) 			 - SsaCompute::AdjacentUses::varBlockReaches/3#1824ad86_delta has 15 rows (order for disjuncts: delta=<standard>).
[2026-07-24 19:03:12] (4s) Starting to evaluate predicate SsaCompute::AdjacentUses::varBlockReaches/3#1824ad86/3@i72#4857bwgf (iteration 72)
[2026-07-24 19:03:12] (4s) 			 - SsaCompute::AdjacentUses::varBlockReaches/3#1824ad86_delta has 15 rows (order for disjuncts: delta=<standard>).
[2026-07-24 19:03:12] (4s) Starting to evaluate predicate SsaCompute::AdjacentUses::varBlockReaches/3#1824ad86/3@i73#4857bwgf (iteration 73)
[2026-07-24 19:03:12] (4s) 			 - SsaCompute::AdjacentUses::varBlockReaches/3#1824ad86_delta has 15 rows (order for disjuncts: delta=<standard>).
[2026-07-24 19:03:12] (4s) Starting to evaluate predicate SsaCompute::AdjacentUses::varBlockReaches/3#1824ad86/3@i74#4857bwgf (iteration 74)
[2026-07-24 19:03:12] (4s) 			 - SsaCompute::AdjacentUses::varBlockReaches/3#1824ad86_delta has 15 rows (order for disjuncts: delta=<standard>).
[2026-07-24 19:03:12] (4s) Starting to evaluate predicate SsaCompute::AdjacentUses::varBlockReaches/3#1824ad86/3@i75#4857bwgf (iteration 75)
[2026-07-24 19:03:12] (4s) 			 - SsaCompute::AdjacentUses::varBlockReaches/3#1824ad86_delta has 15 rows (order for disjuncts: delta=<standard>).
[2026-07-24 19:03:12] (4s) Starting to evaluate predicate SsaCompute::AdjacentUses::varBlockReaches/3#1824ad86/3@i76#4857bwgf (iteration 76)
[2026-07-24 19:03:12] (4s) 			 - SsaCompute::AdjacentUses::varBlockReaches/3#1824ad86_delta has 21 rows (order for disjuncts: delta=<standard>).
[2026-07-24 19:03:12] (4s) Starting to evaluate predicate SsaCompute::AdjacentUses::varBlockReaches/3#1824ad86/3@i77#4857bwgf (iteration 77)
[2026-07-24 19:03:12] (4s) 			 - SsaCompute::AdjacentUses::varBlockReaches/3#1824ad86_delta has 20 rows (order for disjuncts: delta=<standard>).
[2026-07-24 19:03:12] (4s) Starting to evaluate predicate SsaCompute::AdjacentUses::varBlockReaches/3#1824ad86/3@i78#4857bwgf (iteration 78)
[2026-07-24 19:03:12] (4s) 			 - SsaCompute::AdjacentUses::varBlockReaches/3#1824ad86_delta has 20 rows (order for disjuncts: delta=<standard>).
[2026-07-24 19:03:12] (4s) Starting to evaluate predicate SsaCompute::AdjacentUses::varBlockReaches/3#1824ad86/3@i79#4857bwgf (iteration 79)
[2026-07-24 19:03:12] (4s) 			 - SsaCompute::AdjacentUses::varBlockReaches/3#1824ad86_delta has 20 rows (order for disjuncts: delta=<standard>).
[2026-07-24 19:03:12] (4s) Starting to evaluate predicate SsaCompute::AdjacentUses::varBlockReaches/3#1824ad86/3@i80#4857bwgf (iteration 80)
[2026-07-24 19:03:12] (4s) 			 - SsaCompute::AdjacentUses::varBlockReaches/3#1824ad86_delta has 19 rows (order for disjuncts: delta=<standard>).
[2026-07-24 19:03:12] (4s) Starting to evaluate predicate SsaCompute::AdjacentUses::varBlockReaches/3#1824ad86/3@i81#4857bwgf (iteration 81)
[2026-07-24 19:03:12] (4s) 			 - SsaCompute::AdjacentUses::varBlockReaches/3#1824ad86_delta has 19 rows (order for disjuncts: delta=<standard>).
[2026-07-24 19:03:12] (4s) Starting to evaluate predicate SsaCompute::AdjacentUses::varBlockReaches/3#1824ad86/3@i82#4857bwgf (iteration 82)
[2026-07-24 19:03:12] (4s) 			 - SsaCompute::AdjacentUses::varBlockReaches/3#1824ad86_delta has 19 rows (order for disjuncts: delta=<standard>).
[2026-07-24 19:03:12] (4s) Starting to evaluate predicate SsaCompute::AdjacentUses::varBlockReaches/3#1824ad86/3@i83#4857bwgf (iteration 83)
[2026-07-24 19:03:12] (4s) 			 - SsaCompute::AdjacentUses::varBlockReaches/3#1824ad86_delta has 19 rows (order for disjuncts: delta=<standard>).
[2026-07-24 19:03:12] (4s) Starting to evaluate predicate SsaCompute::AdjacentUses::varBlockReaches/3#1824ad86/3@i84#4857bwgf (iteration 84)
[2026-07-24 19:03:12] (4s) 			 - SsaCompute::AdjacentUses::varBlockReaches/3#1824ad86_delta has 18 rows (order for disjuncts: delta=<standard>).
[2026-07-24 19:03:12] (4s) Starting to evaluate predicate SsaCompute::AdjacentUses::varBlockReaches/3#1824ad86/3@i85#4857bwgf (iteration 85)
[2026-07-24 19:03:12] (4s) 			 - SsaCompute::AdjacentUses::varBlockReaches/3#1824ad86_delta has 18 rows (order for disjuncts: delta=<standard>).
[2026-07-24 19:03:12] (4s) Starting to evaluate predicate SsaCompute::AdjacentUses::varBlockReaches/3#1824ad86/3@i86#4857bwgf (iteration 86)
[2026-07-24 19:03:12] (4s) 			 - SsaCompute::AdjacentUses::varBlockReaches/3#1824ad86_delta has 18 rows (order for disjuncts: delta=<standard>).
[2026-07-24 19:03:12] (4s) Starting to evaluate predicate SsaCompute::AdjacentUses::varBlockReaches/3#1824ad86/3@i87#4857bwgf (iteration 87)
[2026-07-24 19:03:12] (4s) 			 - SsaCompute::AdjacentUses::varBlockReaches/3#1824ad86_delta has 18 rows (order for disjuncts: delta=<standard>).
[2026-07-24 19:03:12] (4s) Starting to evaluate predicate SsaCompute::AdjacentUses::varBlockReaches/3#1824ad86/3@i88#4857bwgf (iteration 88)
[2026-07-24 19:03:12] (4s) 			 - SsaCompute::AdjacentUses::varBlockReaches/3#1824ad86_delta has 17 rows (order for disjuncts: delta=<standard>).
[2026-07-24 19:03:12] (4s) Starting to evaluate predicate SsaCompute::AdjacentUses::varBlockReaches/3#1824ad86/3@i89#4857bwgf (iteration 89)
[2026-07-24 19:03:12] (4s) 			 - SsaCompute::AdjacentUses::varBlockReaches/3#1824ad86_delta has 9 rows (order for disjuncts: delta=<standard>).
[2026-07-24 19:03:12] (4s) Starting to evaluate predicate SsaCompute::AdjacentUses::varBlockReaches/3#1824ad86/3@i90#4857bwgf (iteration 90)
[2026-07-24 19:03:12] (4s) 			 - SsaCompute::AdjacentUses::varBlockReaches/3#1824ad86_delta has 9 rows (order for disjuncts: delta=<standard>).
[2026-07-24 19:03:12] (4s) Starting to evaluate predicate SsaCompute::AdjacentUses::varBlockReaches/3#1824ad86/3@i91#4857bwgf (iteration 91)
[2026-07-24 19:03:12] (4s) 			 - SsaCompute::AdjacentUses::varBlockReaches/3#1824ad86_delta has 9 rows (order for disjuncts: delta=<standard>).
[2026-07-24 19:03:12] (4s) Starting to evaluate predicate SsaCompute::AdjacentUses::varBlockReaches/3#1824ad86/3@i92#4857bwgf (iteration 92)
[2026-07-24 19:03:12] (4s) 			 - SsaCompute::AdjacentUses::varBlockReaches/3#1824ad86_delta has 9 rows (order for disjuncts: delta=<standard>).
[2026-07-24 19:03:12] (4s) Starting to evaluate predicate SsaCompute::AdjacentUses::varBlockReaches/3#1824ad86/3@i93#4857bwgf (iteration 93)
[2026-07-24 19:03:12] (4s) 			 - SsaCompute::AdjacentUses::varBlockReaches/3#1824ad86_delta has 9 rows (order for disjuncts: delta=<standard>).
[2026-07-24 19:03:12] (4s) Starting to evaluate predicate SsaCompute::AdjacentUses::varBlockReaches/3#1824ad86/3@i94#4857bwgf (iteration 94)
[2026-07-24 19:03:12] (4s) 			 - SsaCompute::AdjacentUses::varBlockReaches/3#1824ad86_delta has 9 rows (order for disjuncts: delta=<standard>).
[2026-07-24 19:03:12] (4s) Starting to evaluate predicate SsaCompute::AdjacentUses::varBlockReaches/3#1824ad86/3@i95#4857bwgf (iteration 95)
[2026-07-24 19:03:12] (4s) 			 - SsaCompute::AdjacentUses::varBlockReaches/3#1824ad86_delta has 9 rows (order for disjuncts: delta=<standard>).
[2026-07-24 19:03:12] (4s) Starting to evaluate predicate SsaCompute::AdjacentUses::varBlockReaches/3#1824ad86/3@i96#4857bwgf (iteration 96)
[2026-07-24 19:03:12] (4s) 			 - SsaCompute::AdjacentUses::varBlockReaches/3#1824ad86_delta has 9 rows (order for disjuncts: delta=<standard>).
[2026-07-24 19:03:12] (4s) Starting to evaluate predicate SsaCompute::AdjacentUses::varBlockReaches/3#1824ad86/3@i97#4857bwgf (iteration 97)
[2026-07-24 19:03:12] (4s) 			 - SsaCompute::AdjacentUses::varBlockReaches/3#1824ad86_delta has 9 rows (order for disjuncts: delta=<standard>).
[2026-07-24 19:03:12] (4s) Starting to evaluate predicate SsaCompute::AdjacentUses::varBlockReaches/3#1824ad86/3@i98#4857bwgf (iteration 98)
[2026-07-24 19:03:12] (4s) 			 - SsaCompute::AdjacentUses::varBlockReaches/3#1824ad86_delta has 9 rows (order for disjuncts: delta=<standard>).
[2026-07-24 19:03:12] (4s) Starting to evaluate predicate SsaCompute::AdjacentUses::varBlockReaches/3#1824ad86/3@i99#4857bwgf (iteration 99)
[2026-07-24 19:03:12] (4s) 			 - SsaCompute::AdjacentUses::varBlockReaches/3#1824ad86_delta has 9 rows (order for disjuncts: delta=<standard>).
[2026-07-24 19:03:12] (4s) Starting to evaluate predicate SsaCompute::AdjacentUses::varBlockReaches/3#1824ad86/3@i100#4857bwgf (iteration 100)
[2026-07-24 19:03:12] (4s) 			 - SsaCompute::AdjacentUses::varBlockReaches/3#1824ad86_delta has 9 rows (order for disjuncts: delta=<standard>).
[2026-07-24 19:03:12] (4s) Starting to evaluate predicate SsaCompute::AdjacentUses::varBlockReaches/3#1824ad86/3@i101#4857bwgf (iteration 101)
[2026-07-24 19:03:12] (4s) 			 - SsaCompute::AdjacentUses::varBlockReaches/3#1824ad86_delta has 9 rows (order for disjuncts: delta=<standard>).
[2026-07-24 19:03:12] (4s) Starting to evaluate predicate SsaCompute::AdjacentUses::varBlockReaches/3#1824ad86/3@i102#4857bwgf (iteration 102)
[2026-07-24 19:03:12] (4s) 			 - SsaCompute::AdjacentUses::varBlockReaches/3#1824ad86_delta has 9 rows (order for disjuncts: delta=<standard>).
[2026-07-24 19:03:12] (4s) Starting to evaluate predicate SsaCompute::AdjacentUses::varBlockReaches/3#1824ad86/3@i103#4857bwgf (iteration 103)
[2026-07-24 19:03:12] (4s) 			 - SsaCompute::AdjacentUses::varBlockReaches/3#1824ad86_delta has 9 rows (order for disjuncts: delta=<standard>).
[2026-07-24 19:03:12] (4s) Starting to evaluate predicate SsaCompute::AdjacentUses::varBlockReaches/3#1824ad86/3@i104#4857bwgf (iteration 104)
[2026-07-24 19:03:12] (4s) Empty delta for SsaCompute::AdjacentUses::varBlockReaches/3#1824ad86_delta (order for disjuncts: delta=<standard>).
[2026-07-24 19:03:12] (4s) Accumulating deltas
[2026-07-24 19:03:12] (4s)  >>> Created relation SsaCompute::AdjacentUses::varBlockReaches/3#1824ad86/3@4857bwgf with 100773 rows and digest 48f714lg5hcv2p71jtedh0sc19d.
[2026-07-24 19:03:12] (4s) Starting to evaluate predicate SsaCompute::AdjacentUses::adjacentVarRefs/5#de1f7cd5/5@a2b35854
[2026-07-24 19:03:12] (4s)  >>> Created relation SsaCompute::AdjacentUses::adjacentVarRefs/5#de1f7cd5/5@a2b35854 with 38784 rows and digest eb4e921s6bm99rpa6jqlhrmcli8.
[2026-07-24 19:03:12] (4s) Starting to evaluate predicate SsaCompute::AdjacentUses::definesAt/4#68130204_1230#join_rhs/4@137b59h3
[2026-07-24 19:03:12] (4s)  >>> Created relation SsaCompute::AdjacentUses::definesAt/4#68130204_1230#join_rhs/4@137b59h3 with 21971 rows and digest e53d59cnlfln5hors2r4f60kn38.
[2026-07-24 19:03:12] (4s) Starting to evaluate predicate SsaCompute::AdjacentUses::adjacentVarRefs/5#de1f7cd5_03412#join_rhs/5@ceed96di
[2026-07-24 19:03:12] (4s)  >>> Created relation SsaCompute::AdjacentUses::adjacentVarRefs/5#de1f7cd5_03412#join_rhs/5@ceed96di with 38784 rows and digest 5569015afcsh2sg9pq9r8d4o4s4.
[2026-07-24 19:03:12] (4s) Starting to evaluate predicate SsaCompute::AdjacentUses::firstUse/2#ca053ce0/2@i1#8780cwci (iteration 1)
[2026-07-24 19:03:12] (4s) 			 - SsaCompute::AdjacentUses::firstUse/2#ca053ce0_delta has 12196 rows (order for disjuncts: delta=<standard>).
[2026-07-24 19:03:12] (4s) Starting to evaluate predicate SsaCompute::AdjacentUses::firstUse/2#ca053ce0/2@i2#8780cwci (iteration 2)
[2026-07-24 19:03:12] (4s) Empty delta for SsaCompute::AdjacentUses::firstUse/2#ca053ce0_delta (order for disjuncts: delta=<standard>).
[2026-07-24 19:03:12] (4s) Accumulating deltas
[2026-07-24 19:03:12] (4s)  >>> Created relation SsaCompute::AdjacentUses::firstUse/2#ca053ce0/2@8780cwci with 12196 rows and digest b007a5ho5kgb8voh3fb9kp3vqp4.
[2026-07-24 19:03:12] (4s) Starting to evaluate predicate SsaCompute::AdjacentUses::adjacentRefUse/4#6e481bc3/4@cba18dgl
[2026-07-24 19:03:12] (4s)  >>> Created relation SsaCompute::AdjacentUses::adjacentRefUse/4#6e481bc3/4@cba18dgl with 19763 rows and digest 00fa373bf8svp1ucju6p82sj9oc.
[2026-07-24 19:03:12] (4s) Starting to evaluate predicate SsaCompute::AdjacentUses::adjacentUseUseSameVar/2#2eafd7db/2@f900dfe2
[2026-07-24 19:03:12] (4s)  >>> Created relation SsaCompute::AdjacentUses::adjacentUseUseSameVar/2#2eafd7db/2@f900dfe2 with 17458 rows and digest f67d62d7c23gdnpu5kpf4cf6am2.
[2026-07-24 19:03:12] (4s) Starting to evaluate predicate SsaCompute::AdjacentUses::adjacentUseUse/2#c094915e/2@f3960bvr
[2026-07-24 19:03:12] (4s)  >>> Created relation SsaCompute::AdjacentUses::adjacentUseUse/2#c094915e/2@f3960bvr with 17458 rows and digest f67d62d7c23gdnpu5kpf4cf6am2.
[2026-07-24 19:03:12] (4s) Starting to evaluate predicate SsaCompute::AdjacentUses::firstUse/2#ca053ce0_1#higher_order_body/1@be62175c
[2026-07-24 19:03:12] (4s)  >>> Created relation SsaCompute::AdjacentUses::firstUse/2#ca053ce0_1#higher_order_body/1@be62175c with 11628 rows and digest 19c5eb5grfksmba5dpa2akbf791.
[2026-07-24 19:03:12] (4s) Starting to evaluate predicate boundedFastTC:SsaCompute::AdjacentUses::adjacentUseUse/2#c094915e:SsaCompute::AdjacentUses::firstUse/2#ca053ce0_1#higher_order_body/2@13aad2f4 = HOP boundedFastTC(17458,11628)
[2026-07-24 19:03:12] (4s)  >>> Relation boundedFastTC:SsaCompute::AdjacentUses::adjacentUseUse/2#c094915e:SsaCompute::AdjacentUses::firstUse/2#ca053ce0_1#higher_order_body: 82118 rows using 0 MB
[2026-07-24 19:03:12] (4s)  >>> Created relation boundedFastTC:SsaCompute::AdjacentUses::adjacentUseUse/2#c094915e:SsaCompute::AdjacentUses::firstUse/2#ca053ce0_1#higher_order_body/2@13aad2f4 with 82118 rows and digest 34c68c5q6qoti0pjnf4hbnhndu3.
[2026-07-24 19:03:12] (4s) Starting to evaluate predicate SsaCompute::AdjacentUses::useOfDef/2#16a7ee50/2@8d41c6r7
[2026-07-24 19:03:12] (4s)  >>> Created relation SsaCompute::AdjacentUses::useOfDef/2#16a7ee50/2@8d41c6r7 with 25798 rows and digest 69b066aebc9go3puffq768ec1k1.
[2026-07-24 19:03:12] (4s) No need to promote strings for SsaCompute::AdjacentUses::useOfDef/2#16a7ee50/2@8d41c6r7 as it does not contain computed strings.
[2026-07-24 19:03:12] (4s)  >>> Created relation cached_SsaCompute::AdjacentUses::useOfDef/2#16a7ee50/2@217b91m1 with 25798 rows and digest 69b066aebc9go3puffq768ec1k1.
[2026-07-24 19:03:12] (4s) No need to promote strings for SsaCompute::AdjacentUses::firstUse/2#ca053ce0/2@8780cwci as it does not contain computed strings.
[2026-07-24 19:03:12] (4s)  >>> Created relation cached_SsaCompute::AdjacentUses::firstUse/2#ca053ce0/2@06042deq with 12196 rows and digest b007a5ho5kgb8voh3fb9kp3vqp4.
[2026-07-24 19:03:12] (4s) No need to promote strings for SsaCompute::AdjacentUses::adjacentVarRefs/5#de1f7cd5/5@a2b35854 as it does not contain computed strings.
[2026-07-24 19:03:12] (4s)  >>> Created relation cached_SsaCompute::AdjacentUses::adjacentVarRefs/5#de1f7cd5/5@ca881fal with 38784 rows and digest eb4e921s6bm99rpa6jqlhrmcli8.
[2026-07-24 19:03:12] (4s) No need to promote strings for SsaCompute::AdjacentUses::adjacentUseUseSameVar/2#2eafd7db/2@f900dfe2 as it does not contain computed strings.
[2026-07-24 19:03:12] (4s)  >>> Created relation cached_SsaCompute::AdjacentUses::adjacentUseUseSameVar/2#2eafd7db/2@3b3ea8ph with 17458 rows and digest f67d62d7c23gdnpu5kpf4cf6am2.
[2026-07-24 19:03:12] (4s)  >>> Created relation cached_SsaCompute::AdjacentUses::adjacentUseUse/2#c094915e/2@9e4506ba with 17458 rows and digest f67d62d7c23gdnpu5kpf4cf6am2.
[2026-07-24 19:03:12] (4s) Starting to evaluate predicate AstGenerated::Scope_.toString/0#dispred#8b6e5a05_01_#concat_range/3@1c2af1u7
[2026-07-24 19:03:12] (4s)  >>> Created relation AstGenerated::Scope_.toString/0#dispred#8b6e5a05_01_#concat_range/3@1c2af1u7 with 2357 rows and digest d9c2beqk6pg8vntb6hiel4sgctb.
[2026-07-24 19:03:12] (4s) Starting to evaluate predicate AstGenerated::Scope_.toString/0#dispred#8b6e5a05_01_1_#concat_term/5@281a248r
[2026-07-24 19:03:12] (4s)  >>> Created relation AstGenerated::Scope_.toString/0#dispred#8b6e5a05_01_1_#concat_term/5@281a248r with 2357 rows and digest 383ae4iqmejdm4quk1jdh6bn7t4.
[2026-07-24 19:03:12] (4s) Starting to evaluate predicate _AstGenerated::Scope_.toString/0#dispred#8b6e5a05_01_#concat_range_AstGenerated::Scope_.toString/0#d__#join_rhs/2@1ea1e7b7
[2026-07-24 19:03:12] (4s)  >>> Created relation _AstGenerated::Scope_.toString/0#dispred#8b6e5a05_01_#concat_range_AstGenerated::Scope_.toString/0#d__#join_rhs/2@1ea1e7b7 with 2357 rows and digest 9fb27dq6v2905d0hp2lcothml4c.
[2026-07-24 19:03:12] (4s) Starting to evaluate predicate Flow::ControlFlowNode.toString/0#dispred#e1af144b/2@41880bvh
[2026-07-24 19:03:13] (5s)  >>> Created relation Flow::ControlFlowNode.toString/0#dispred#e1af144b/2@41880bvh with 105183 rows and digest dcd5852he9vd9hkukm5681mr7ob.
[2026-07-24 19:03:13] (5s) Promoting strings for Flow::ControlFlowNode.toString/0#dispred#e1af144b/2@41880bvh
[2026-07-24 19:03:13] (5s) Promoted strings for Flow::ControlFlowNode.toString/0#dispred#e1af144b/2@41880bvh, took 79ms
[2026-07-24 19:03:13] (5s) Saved stringpool to save strings from Flow::ControlFlowNode.toString/0#dispred#e1af144b/2@41880bvh, took 0ms
[2026-07-24 19:03:13] (5s)  >>> Created relation cached_Flow::ControlFlowNode.toString/0#dispred#e1af144b/2@66f53fd9 with 105183 rows and digest dcd5852he9vd9hkukm5681mr7ob.
[2026-07-24 19:03:13] (5s) Query done
[2026-07-24 19:03:13] (5s) Pausing evaluation to sync to disk at sequence stamp o+5136
[2026-07-24 19:03:13] (5s) Will trim disk cache to check for obsolete items before writing 25.41MiB (currently using 0.00B).
[2026-07-24 19:03:13] (5s) After trimming, disk cache uses 0.00B.
[2026-07-24 19:03:13] (5s) Unpausing evaluation
[2026-07-24 19:03:13] Evaluation of /home/oleksii-shemshur/vscode-codeql-starter/codeql-custom-queries-python/example.ql produced BQRS results.
 --- Evaluator Log Summary --- 
Completed evaluation of query example.ql.
Most expensive predicates for stage 0 of completed query example.ql:
        time  | predicate
        ------|----------
        111ms | Files::Impl::Container.splitAbsolutePath/2#dispred#324a3985@e59cbcdu

Most expensive predicates for stage 1 of completed query example.ql:
        time  | evals |  max @ iter | predicate
        ------|-------|-------------|----------
        374ms |       |             | Flow::ControlFlowNode.toString/0#dispred#e1af144b@41880bvh
        154ms |       |             | SsaCompute::SsaComputeImpl::defUseRank/4#782a2f48@1f045bj9
        113ms |   103 | 25ms @ 1    | SsaCompute::AdjacentUses::varBlockReaches/3#1824ad86@4857bwgf
        104ms |       |             | SsaCompute::SsaComputeImpl::lastRank/2#6cfcb19d@6b005307
         89ms |       |             | locations_ast_234501#join_rhs@6e5a5d36
         86ms |       |             | Flow::BasicBlock.getLastNode/0#dispred#6e185cc5@70ffa0i0
         82ms |     4 | 32ms @ 3    | Exprs::Expr.toString/0#dispred#7435dfcd@cb35dxk1
         68ms |       |             | Flow::ControlFlowNode.getExprChild/1#e757d179#bbf@f494b516
         58ms |       |             | SsaCompute::AdjacentUses::defSourceUseRank/4#ebad7bcb@b6ccd0sp
         51ms |       |             | SsaCompute::AdjacentUses::lastSourceUseRank/2#062a0026@706456o3
         48ms |   208 | 10ms @ 4    | SsaCompute::Liveness::liveAtExit/2#b6aa63f4@0b2f6xg8
         46ms |       |             | Flow::ControlFlowNode.getScope/0#dispred#b061daac@0124c9h1
         45ms |       |             | boundedFastTC:SsaCompute::AdjacentUses::adjacentUseUse/2#c094915e:SsaCompute::AdjacentUses::firstUse/2#ca053ce0_1#higher_order_body@13aad2f4
         41ms |       |             | py_exprs_1203#join_rhs@f75e08cn
         39ms |   207 |  7ms @ 3    | SsaCompute::SsaDefinitions::reachesEndOfBlock/4#214bd902@77bccwlk
         38ms |       |             | Essa::PhiFunction.getInput/1#dispred#f797e1b9@41c38fji
         38ms |   209 |  7ms @ 3    | SsaCompute::Liveness::liveAtEntry/2#bab3ea7c@0b2f6wg8
         37ms |   124 | 16ms @ 2    | SsaCompute::SsaComputeImpl::ssaDefReachesRank/4#f19c6fee@716e3wae
         37ms |     4 | 19ms @ 2    | AstGenerated::AstNode_.toString/0#dispred#192f27b5@cb35dwk1
         37ms |       |             | doublyBoundedFastTC:Flow::BasicBlock.getImmediateDominator/0#dispred#0f15e8ec:_#Flow::BasicBlock.getImmediateDominator/0#dispred#0f15e8ecPlus#sinkBound#4#3_Flow::ControlFlowNode.__#higher_order_body:#Flow::BasicBlock.getImmediateDominator/0#dispred#0f15e8ecPlus#sinkBound#4#3@d306cf11
         37ms |       |             | _AstGenerated::Scope_#cc08b056_py_flow_bb_node#antijoin_rhs@ef4d35dd
         35ms |       |             | boundedFastTC:Flow::BasicBlock.getImmediateDominator/0#dispred#0f15e8ec_10#higher_order_body:project#py_flow_bb_node@fb072d0h
         32ms |       |             | py_exprs_10#join_rhs@073ac12u
         31ms |   208 |  5ms @ 2    | SsaCompute::SsaDefinitions::reachesEndOfBlockRec/4#63bb2cd4@77bccxlk
         30ms |       |             | SsaCompute::SsaComputeImpl::variableUse/4#da62dc30@eb09c076
         28ms |       |             | SsaCompute::SsaDefinitions::reachesExit/3#a534505a@2f069cl1
         27ms |       |             | AstExtended::AstNode.getAChildNode/0#dispred#a130356d@df5486oo
         26ms |       |             | Exprs::Expr.getLocation/0#dispred#c128155b@d10f96ct
         25ms |       |             | AstGenerated::Name_.getVariable/0#dispred#d8133d45@e04d1f44
         25ms |       |             | Exprs::Expr.getScope/0#dispred#71058b3b@6f18d7fb
         25ms |       |             | SsaCompute::AdjacentUses::variableSourceUse/4#4525ef19@bfe5b0uk
         24ms |       |             | Module::moduleImportedInPackage/1#90099bf3@22fd5di2
         24ms |       |             | py_flow_bb_node_10#join_rhs@45b774t7
         23ms |       |             | py_flow_bb_node_1023#join_rhs@a7f552tj
         23ms |       |             | Flow::BasicBlock.dominates/1#dispred#47f3be21@5e4ac3fn
         22ms |       |             | Flow::BasicBlock.strictlyDominates/1#dispred#65ae2ca3@b57cb342
         22ms |       |             | Exprs::Expr_not_Exprs::Call_Class::ClassExpr_Exprs::Dict_Comprehensions::DictComp_Function::FunctionExpr_Comprehensions::GeneratorExp_Function::Lambda_Comprehensions::ListComp_Comprehensions::SetComp_Exprs::StringLiteral#3ae9c825@cfe2cct2
         22ms |       |             | py_strs_120#join_rhs@bec877pd
         22ms |       |             | SsaCompute::AdjacentUses::adjacentVarRefs/5#de1f7cd5@a2b35854
         22ms |       |             | SsaDefinitions::SsaSource::test_refinement/3#2cbdf557@2df110l8
         22ms |       |             | #Flow::BasicBlock.getASuccessor/0#dispred#7249dd96Plus@aa36c8a7
         22ms |       |             | SsaCompute::SsaDefinitions::reachesUse/4#216dc4f6@1bf4676r
         21ms |       |             | SsaCompute::AdjacentUses::blockPrecedesVar/2#b4e71f74#fb@2a3d21l5
         20ms |       |             | SsaCompute::SsaComputeImpl::variableDefine/4#79261f91@51c0fafm
         20ms |       |             | AstExtended::AstNode.getLocation/0#dispred#6b4dcb62@ccf6dfeh
         20ms |       |             | Exprs::Name.getId/0#dispred#4fa5460e@431259f7
         20ms |       |             | Flow::BasicBlock.getNode/1#dispred#4a129537@dcd623tr
         19ms |       |             | Flow::AttrNode.getObject/0#dispred#cba29223@a1062b29
         18ms |       |             | Flow::BasicBlock.getScope/0#833ab644@e1aed0ml
         18ms |       |             | SsaCompute::SsaComputeImpl::defUseRank/4#782a2f48_201#join_rhs@d3abc5jq

Most expensive predicates for stage 2 of completed query example.ql:
        time | predicate
        -----|----------
        89ms | locations_ast_234501#join_rhs@6e5a5d36
        45ms | #select#cpe#1@d1f81589
        34ms | Files::Location.hasLocationInfo/5#dispred#143bb906@af7732rr
        32ms | locations_ast_102345#join_rhs@ba5e2d5g
        24ms | py_flow_bb_node_10#join_rhs@45b774t7
        22ms | py_strs_120#join_rhs@bec877pd
        17ms | Scope::Scope.getAStmt/0#dispred#d709491a@b759a2c5
        17ms | py_stmts_20#join_rhs@e780a92c
        13ms | project##Files::Location.hasLocationInfo/5#dispred#143bb906Merge@8f0a749c
        10ms | AstGenerated::Scope_.toString/0#dispred#8b6e5a05@5b91831n
         5ms | py_stmt_lists_120#join_rhs@0e183epv
         4ms | project##Scope::Scope.getAStmt/0#dispred#d709491aMerge@0fbe062a
         3ms | @py_scope@78c72bkc
         1ms | AstGenerated::Module_.getName/0#2ccd625a@38f91ee0
         1ms | Scope::Scope.getLocation/0#dispred#0883d983@924174vk
         1ms | py_dict_items_10#join_rhs@1abaaa6d
         1ms | py_scope_location_1#antijoin_rhs@8ca5b9j1
         1ms | Files::Impl::Container.splitAbsolutePath/2#dispred#324a3985_021#join_rhs@9a865792
         1ms | py_ssa_var_10#join_rhs@1a66c0th
         0ms | #select#query@6c5583gn
         0ms | AstGenerated::Module_.getKind/0#dd90ac6f@95377982
         0ms | Module::Module.getName/0#dispred#45a481b3@7cdbd8ae
         0ms | AstGenerated::Module_.getKind/0#dd90ac6f_0#antijoin_rhs@a84c4ek9
         0ms | Module::Module.getFile/0#dispred#53eb9b1b_0#antijoin_rhs@128cc0vj
         0ms | __#Scope::Scope.getLocation/0#dispred#0883d983Merge_#select#cpe#1#shared_project##Files::Location.ha__#antijoin_rhs@8aa8d1qa
         0ms | _#Scope::Scope.getLocation/0#dispred#0883d983Merge_#select#cpe#1#shared@4b7539i0
         0ms | Module::Module.getFile/0#dispred#53eb9b1b@816ea0rg
         0ms | Module::Module.getKind/0#dispred#ccc4de3e@2d81416l
         0ms | py_scope_location_10#join_rhs@9c0b7etf
         0ms | py_dict_item_lists_10#join_rhs@70e6f16k
         0ms | project#Module::Module.getName/0#dispred#45a481b3@db672fcb
         0ms | py_module_path_10#join_rhs@5a2bd62f
         0ms | project##AstGenerated::Scope_.toString/0#dispred#8b6e5a05Merge@89bb0blv
         0ms | Module::Module.isPackage/0#dispred#a8679d5f@9131c737
         0ms | py_arguments_10#join_rhs@9dbccce2

Most expensive predicates for completed query example.ql:
        time  | evals |  max @ iter | predicate
        ------|-------|-------------|----------
        374ms |       |             | Flow::ControlFlowNode.toString/0#dispred#e1af144b@41880bvh
        154ms |       |             | SsaCompute::SsaComputeImpl::defUseRank/4#782a2f48@1f045bj9
        113ms |   103 | 25ms @ 1    | SsaCompute::AdjacentUses::varBlockReaches/3#1824ad86@4857bwgf
        111ms |       |             | Files::Impl::Container.splitAbsolutePath/2#dispred#324a3985@e59cbcdu
        104ms |       |             | SsaCompute::SsaComputeImpl::lastRank/2#6cfcb19d@6b005307
         89ms |       |             | locations_ast_234501#join_rhs@6e5a5d36
         86ms |       |             | Flow::BasicBlock.getLastNode/0#dispred#6e185cc5@70ffa0i0
         82ms |     4 | 32ms @ 3    | Exprs::Expr.toString/0#dispred#7435dfcd@cb35dxk1
         68ms |       |             | Flow::ControlFlowNode.getExprChild/1#e757d179#bbf@f494b516
         58ms |       |             | SsaCompute::AdjacentUses::defSourceUseRank/4#ebad7bcb@b6ccd0sp
         51ms |       |             | SsaCompute::AdjacentUses::lastSourceUseRank/2#062a0026@706456o3
         48ms |   208 | 10ms @ 4    | SsaCompute::Liveness::liveAtExit/2#b6aa63f4@0b2f6xg8
         46ms |       |             | Flow::ControlFlowNode.getScope/0#dispred#b061daac@0124c9h1
         45ms |       |             | boundedFastTC:SsaCompute::AdjacentUses::adjacentUseUse/2#c094915e:SsaCompute::AdjacentUses::firstUse/2#ca053ce0_1#higher_order_body@13aad2f4
         45ms |       |             | #select#cpe#1@d1f81589
         41ms |       |             | py_exprs_1203#join_rhs@f75e08cn
         39ms |   207 |  7ms @ 3    | SsaCompute::SsaDefinitions::reachesEndOfBlock/4#214bd902@77bccwlk
         38ms |       |             | Essa::PhiFunction.getInput/1#dispred#f797e1b9@41c38fji
         38ms |   209 |  7ms @ 3    | SsaCompute::Liveness::liveAtEntry/2#bab3ea7c@0b2f6wg8
         37ms |     4 | 19ms @ 2    | AstGenerated::AstNode_.toString/0#dispred#192f27b5@cb35dwk1
         37ms |   124 | 16ms @ 2    | SsaCompute::SsaComputeImpl::ssaDefReachesRank/4#f19c6fee@716e3wae
         37ms |       |             | _AstGenerated::Scope_#cc08b056_py_flow_bb_node#antijoin_rhs@ef4d35dd
         37ms |       |             | doublyBoundedFastTC:Flow::BasicBlock.getImmediateDominator/0#dispred#0f15e8ec:_#Flow::BasicBlock.getImmediateDominator/0#dispred#0f15e8ecPlus#sinkBound#4#3_Flow::ControlFlowNode.__#higher_order_body:#Flow::BasicBlock.getImmediateDominator/0#dispred#0f15e8ecPlus#sinkBound#4#3@d306cf11
         35ms |       |             | boundedFastTC:Flow::BasicBlock.getImmediateDominator/0#dispred#0f15e8ec_10#higher_order_body:project#py_flow_bb_node@fb072d0h
         34ms |       |             | Files::Location.hasLocationInfo/5#dispred#143bb906@af7732rr
         32ms |       |             | locations_ast_102345#join_rhs@ba5e2d5g
         32ms |       |             | py_exprs_10#join_rhs@073ac12u
         31ms |   208 |  5ms @ 2    | SsaCompute::SsaDefinitions::reachesEndOfBlockRec/4#63bb2cd4@77bccxlk
         30ms |       |             | SsaCompute::SsaComputeImpl::variableUse/4#da62dc30@eb09c076
         28ms |       |             | SsaCompute::SsaDefinitions::reachesExit/3#a534505a@2f069cl1
         27ms |       |             | AstExtended::AstNode.getAChildNode/0#dispred#a130356d@df5486oo
         26ms |       |             | Exprs::Expr.getLocation/0#dispred#c128155b@d10f96ct
         25ms |       |             | Exprs::Expr.getScope/0#dispred#71058b3b@6f18d7fb
         25ms |       |             | AstGenerated::Name_.getVariable/0#dispred#d8133d45@e04d1f44
         25ms |       |             | SsaCompute::AdjacentUses::variableSourceUse/4#4525ef19@bfe5b0uk
         24ms |       |             | Module::moduleImportedInPackage/1#90099bf3@22fd5di2
         24ms |       |             | py_flow_bb_node_10#join_rhs@45b774t7
         23ms |       |             | py_flow_bb_node_1023#join_rhs@a7f552tj
         23ms |       |             | Flow::BasicBlock.dominates/1#dispred#47f3be21@5e4ac3fn
         22ms |       |             | #Flow::BasicBlock.getASuccessor/0#dispred#7249dd96Plus@aa36c8a7
         22ms |       |             | Flow::BasicBlock.strictlyDominates/1#dispred#65ae2ca3@b57cb342
         22ms |       |             | Exprs::Expr_not_Exprs::Call_Class::ClassExpr_Exprs::Dict_Comprehensions::DictComp_Function::FunctionExpr_Comprehensions::GeneratorExp_Function::Lambda_Comprehensions::ListComp_Comprehensions::SetComp_Exprs::StringLiteral#3ae9c825@cfe2cct2
         22ms |       |             | SsaDefinitions::SsaSource::test_refinement/3#2cbdf557@2df110l8
         22ms |       |             | SsaCompute::SsaDefinitions::reachesUse/4#216dc4f6@1bf4676r
         22ms |       |             | py_strs_120#join_rhs@bec877pd
         22ms |       |             | SsaCompute::AdjacentUses::adjacentVarRefs/5#de1f7cd5@a2b35854
         21ms |       |             | SsaCompute::AdjacentUses::blockPrecedesVar/2#b4e71f74#fb@2a3d21l5
         20ms |       |             | Exprs::Name.getId/0#dispred#4fa5460e@431259f7
         20ms |       |             | Flow::BasicBlock.getNode/1#dispred#4a129537@dcd623tr
         20ms |       |             | SsaCompute::SsaComputeImpl::variableDefine/4#79261f91@51c0fafm

[2026-07-24 19:03:13] Total evaluation times for this run:
        * Wall-clock duration of evaluation run: 5.6 seconds
        * Total time spent evaluating predicates: 4.6 seconds
