[2026-08-06 09:46:24] [SPAMMY] execute query-server2> runQuery called with /home/oleksii-shemshur/work/toolchains/tools/queries/compilation_class.ql
[2026-08-06 09:46:24] Calling plumbing command: codeql resolve library-path --additional-packs=/home/oleksii-shemshur/work/toolchains/tools/queries --query=/home/oleksii-shemshur/work/toolchains/tools/queries/compilation_class.ql --format=json
[2026-08-06 09:46:24] [DETAILS] resolve library-path> Resolving query at normalized path /home/oleksii-shemshur/work/toolchains/tools/queries/compilation_class.ql.
[2026-08-06 09:46:24] [DETAILS] resolve library-path> Found enclosing pack 'flags/gcc-queries' at /home/oleksii-shemshur/work/toolchains/tools/queries.
[2026-08-06 09:46:24] [DETAILS] resolve library-path> Adding compilation cache at /home/oleksii-shemshur/.codeql/compile-cache.
[2026-08-06 09:46:24] [DETAILS] resolve library-path> Resolving library dependencies from /home/oleksii-shemshur/work/toolchains/tools/queries/qlpack.yml.
[2026-08-06 09:46:24] [SPAMMY] resolve library-path> [INCOMPATIBILITY] flags/gcc-queries: not 0.0.1 {root: flags/gcc-queries@0.0.1}
[2026-08-06 09:46:24] [SPAMMY] resolve library-path> [DERIVATION] flags/gcc-queries: 0.0.1 {flags/gcc-queries: not 0.0.1 {root: flags/gcc-queries@0.0.1}}
[2026-08-06 09:46:24] [SPAMMY] resolve library-path> [INCOMPATIBILITY] flags/gcc-queries: * [*], codeql/cpp-all: not * [*] {dependency: flags/gcc-queries@* [*] requires codeql/cpp-all@*}
[2026-08-06 09:46:24] [SPAMMY] resolve library-path> [DECISION 1] flags/gcc-queries: 0.0.1
[2026-08-06 09:46:24] [SPAMMY] resolve library-path> [DERIVATION] codeql/cpp-all: * [*] {flags/gcc-queries: * [*], codeql/cpp-all: not * [*] {dependency: flags/gcc-queries@* [*] requires codeql/cpp-all@*}}
[2026-08-06 09:46:24] [SPAMMY] resolve library-path> [INCOMPATIBILITY] codeql/cpp-all: * [*], codeql/dataflow: not * [*] {dependency: codeql/cpp-all@* [*] requires codeql/dataflow@2.1.10}
[2026-08-06 09:46:24] [SPAMMY] resolve library-path> [INCOMPATIBILITY] codeql/cpp-all: * [*], codeql/mad: not * [*] {dependency: codeql/cpp-all@* [*] requires codeql/mad@1.0.54}
[2026-08-06 09:46:24] [SPAMMY] resolve library-path> [INCOMPATIBILITY] codeql/cpp-all: * [*], codeql/quantum: not * [*] {dependency: codeql/cpp-all@* [*] requires codeql/quantum@0.0.32}
[2026-08-06 09:46:24] [SPAMMY] resolve library-path> [INCOMPATIBILITY] codeql/cpp-all: * [*], codeql/rangeanalysis: not * [*] {dependency: codeql/cpp-all@* [*] requires codeql/rangeanalysis@1.0.54}
[2026-08-06 09:46:24] [SPAMMY] resolve library-path> [INCOMPATIBILITY] codeql/cpp-all: * [*], codeql/ssa: not * [*] {dependency: codeql/cpp-all@* [*] requires codeql/ssa@2.0.30}
[2026-08-06 09:46:24] [SPAMMY] resolve library-path> [INCOMPATIBILITY] codeql/cpp-all: * [*], codeql/tutorial: not * [*] {dependency: codeql/cpp-all@* [*] requires codeql/tutorial@1.0.54}
[2026-08-06 09:46:24] [SPAMMY] resolve library-path> [INCOMPATIBILITY] codeql/cpp-all: * [*], codeql/typeflow: not * [*] {dependency: codeql/cpp-all@* [*] requires codeql/typeflow@1.0.54}
[2026-08-06 09:46:24] [SPAMMY] resolve library-path> [INCOMPATIBILITY] codeql/cpp-all: * [*], codeql/util: not * [*] {dependency: codeql/cpp-all@* [*] requires codeql/util@2.0.41}
[2026-08-06 09:46:24] [SPAMMY] resolve library-path> [INCOMPATIBILITY] codeql/cpp-all: * [*], codeql/xml: not * [*] {dependency: codeql/cpp-all@* [*] requires codeql/xml@1.0.54}
[2026-08-06 09:46:24] [SPAMMY] resolve library-path> [DECISION 2] codeql/cpp-all: 12.0.1
[2026-08-06 09:46:24] [SPAMMY] resolve library-path> [DERIVATION] codeql/xml: * [*] {codeql/cpp-all: * [*], codeql/xml: not * [*] {dependency: codeql/cpp-all@* [*] requires codeql/xml@1.0.54}}
[2026-08-06 09:46:24] [SPAMMY] resolve library-path> [DERIVATION] codeql/util: * [*] {codeql/cpp-all: * [*], codeql/util: not * [*] {dependency: codeql/cpp-all@* [*] requires codeql/util@2.0.41}}
[2026-08-06 09:46:24] [SPAMMY] resolve library-path> [DERIVATION] codeql/typeflow: * [*] {codeql/cpp-all: * [*], codeql/typeflow: not * [*] {dependency: codeql/cpp-all@* [*] requires codeql/typeflow@1.0.54}}
[2026-08-06 09:46:24] [SPAMMY] resolve library-path> [DERIVATION] codeql/tutorial: * [*] {codeql/cpp-all: * [*], codeql/tutorial: not * [*] {dependency: codeql/cpp-all@* [*] requires codeql/tutorial@1.0.54}}
[2026-08-06 09:46:24] [SPAMMY] resolve library-path> [DERIVATION] codeql/ssa: * [*] {codeql/cpp-all: * [*], codeql/ssa: not * [*] {dependency: codeql/cpp-all@* [*] requires codeql/ssa@2.0.30}}
[2026-08-06 09:46:24] [SPAMMY] resolve library-path> [DERIVATION] codeql/rangeanalysis: * [*] {codeql/cpp-all: * [*], codeql/rangeanalysis: not * [*] {dependency: codeql/cpp-all@* [*] requires codeql/rangeanalysis@1.0.54}}
[2026-08-06 09:46:24] [SPAMMY] resolve library-path> [DERIVATION] codeql/quantum: * [*] {codeql/cpp-all: * [*], codeql/quantum: not * [*] {dependency: codeql/cpp-all@* [*] requires codeql/quantum@0.0.32}}
[2026-08-06 09:46:24] [SPAMMY] resolve library-path> [DERIVATION] codeql/mad: * [*] {codeql/cpp-all: * [*], codeql/mad: not * [*] {dependency: codeql/cpp-all@* [*] requires codeql/mad@1.0.54}}
[2026-08-06 09:46:24] [SPAMMY] resolve library-path> [DERIVATION] codeql/dataflow: * [*] {codeql/cpp-all: * [*], codeql/dataflow: not * [*] {dependency: codeql/cpp-all@* [*] requires codeql/dataflow@2.1.10}}
[2026-08-06 09:46:24] [SPAMMY] resolve library-path> [INCOMPATIBILITY] codeql/dataflow: * [*], codeql/controlflow: not * [*] {dependency: codeql/dataflow@* [*] requires codeql/controlflow@2.0.38}
[2026-08-06 09:46:24] [SPAMMY] resolve library-path> [INCOMPATIBILITY] codeql/dataflow: * [*], codeql/ssa: not * [*] {dependency: codeql/dataflow@* [*] requires codeql/ssa@2.0.30}
[2026-08-06 09:46:24] [SPAMMY] resolve library-path> [INCOMPATIBILITY] codeql/dataflow: * [*], codeql/typetracking: not * [*] {dependency: codeql/dataflow@* [*] requires codeql/typetracking@2.0.38}
[2026-08-06 09:46:24] [SPAMMY] resolve library-path> [INCOMPATIBILITY] codeql/dataflow: * [*], codeql/util: not * [*] {dependency: codeql/dataflow@* [*] requires codeql/util@2.0.41}
[2026-08-06 09:46:24] [SPAMMY] resolve library-path> [DECISION 3] codeql/dataflow: 2.1.10
[2026-08-06 09:46:24] [SPAMMY] resolve library-path> [DERIVATION] codeql/typetracking: * [*] {codeql/dataflow: * [*], codeql/typetracking: not * [*] {dependency: codeql/dataflow@* [*] requires codeql/typetracking@2.0.38}}
[2026-08-06 09:46:24] [SPAMMY] resolve library-path> [DERIVATION] codeql/controlflow: * [*] {codeql/dataflow: * [*], codeql/controlflow: not * [*] {dependency: codeql/dataflow@* [*] requires codeql/controlflow@2.0.38}}
[2026-08-06 09:46:24] [SPAMMY] resolve library-path> [INCOMPATIBILITY] codeql/controlflow: * [*], codeql/util: not * [*] {dependency: codeql/controlflow@* [*] requires codeql/util@2.0.41}
[2026-08-06 09:46:24] [SPAMMY] resolve library-path> [DECISION 4] codeql/controlflow: 2.0.38
[2026-08-06 09:46:24] [SPAMMY] resolve library-path> [INCOMPATIBILITY] codeql/mad: * [*], codeql/dataflow: not * [*] {dependency: codeql/mad@* [*] requires codeql/dataflow@2.1.10}
[2026-08-06 09:46:24] [SPAMMY] resolve library-path> [INCOMPATIBILITY] codeql/mad: * [*], codeql/util: not * [*] {dependency: codeql/mad@* [*] requires codeql/util@2.0.41}
[2026-08-06 09:46:24] [SPAMMY] resolve library-path> [DECISION 5] codeql/mad: 1.0.54
[2026-08-06 09:46:24] [SPAMMY] resolve library-path> [INCOMPATIBILITY] codeql/quantum: * [*], codeql/util: not * [*] {dependency: codeql/quantum@* [*] requires codeql/util@2.0.41}
[2026-08-06 09:46:24] [SPAMMY] resolve library-path> [DECISION 6] codeql/quantum: 0.0.32
[2026-08-06 09:46:24] [SPAMMY] resolve library-path> [INCOMPATIBILITY] codeql/rangeanalysis: * [*], codeql/util: not * [*] {dependency: codeql/rangeanalysis@* [*] requires codeql/util@2.0.41}
[2026-08-06 09:46:24] [SPAMMY] resolve library-path> [DECISION 7] codeql/rangeanalysis: 1.0.54
[2026-08-06 09:46:24] [SPAMMY] resolve library-path> [INCOMPATIBILITY] codeql/ssa: * [*], codeql/controlflow: not * [*] {dependency: codeql/ssa@* [*] requires codeql/controlflow@2.0.38}
[2026-08-06 09:46:24] [SPAMMY] resolve library-path> [INCOMPATIBILITY] codeql/ssa: * [*], codeql/util: not * [*] {dependency: codeql/ssa@* [*] requires codeql/util@2.0.41}
[2026-08-06 09:46:24] [SPAMMY] resolve library-path> [DECISION 8] codeql/ssa: 2.0.30
[2026-08-06 09:46:24] [SPAMMY] resolve library-path> [DECISION 9] codeql/tutorial: 1.0.54
[2026-08-06 09:46:24] [SPAMMY] resolve library-path> [INCOMPATIBILITY] codeql/typeflow: * [*], codeql/util: not * [*] {dependency: codeql/typeflow@* [*] requires codeql/util@2.0.41}
[2026-08-06 09:46:24] [SPAMMY] resolve library-path> [DECISION 10] codeql/typeflow: 1.0.54
[2026-08-06 09:46:24] [SPAMMY] resolve library-path> [INCOMPATIBILITY] codeql/typetracking: * [*], codeql/util: not * [*] {dependency: codeql/typetracking@* [*] requires codeql/util@2.0.41}
[2026-08-06 09:46:24] [SPAMMY] resolve library-path> [DECISION 11] codeql/typetracking: 2.0.38
[2026-08-06 09:46:24] [SPAMMY] resolve library-path> [DECISION 12] codeql/util: 2.0.41
[2026-08-06 09:46:24] [SPAMMY] resolve library-path> [INCOMPATIBILITY] codeql/xml: * [*], codeql/util: not * [*] {dependency: codeql/xml@* [*] requires codeql/util@2.0.41}
[2026-08-06 09:46:24] [SPAMMY] resolve library-path> [DECISION 13] codeql/xml: 1.0.54
[2026-08-06 09:46:24] [DETAILS] resolve library-path> QL pack dependencies for /home/oleksii-shemshur/work/toolchains/tools/queries resolved OK.
[2026-08-06 09:46:24] [DETAILS] resolve library-path> Found dbscheme through QL packs: /home/oleksii-shemshur/.codeql/packages/codeql/cpp-all/12.0.1/semmlecode.cpp.dbscheme.
[2026-08-06 09:46:24] Plumbing command codeql resolve library-path completed:
                      {
                        "libraryPath" : [
                          "/home/oleksii-shemshur/work/toolchains/tools/queries",
                          "/home/oleksii-shemshur/.codeql/packages/codeql/cpp-all/12.0.1",
                          "/home/oleksii-shemshur/.codeql/packages/codeql/dataflow/2.1.10",
                          "/home/oleksii-shemshur/.codeql/packages/codeql/controlflow/2.0.38",
                          "/home/oleksii-shemshur/.codeql/packages/codeql/mad/1.0.54",
                          "/home/oleksii-shemshur/.codeql/packages/codeql/quantum/0.0.32",
                          "/home/oleksii-shemshur/.codeql/packages/codeql/rangeanalysis/1.0.54",
                          "/home/oleksii-shemshur/.codeql/packages/codeql/ssa/2.0.30",
                          "/home/oleksii-shemshur/.codeql/packages/codeql/tutorial/1.0.54",
                          "/home/oleksii-shemshur/.codeql/packages/codeql/typeflow/1.0.54",
                          "/home/oleksii-shemshur/.codeql/packages/codeql/typetracking/2.0.38",
                          "/home/oleksii-shemshur/.codeql/packages/codeql/util/2.0.41",
                          "/home/oleksii-shemshur/.codeql/packages/codeql/xml/1.0.54"
                        ],
                        "dbscheme" : "/home/oleksii-shemshur/.codeql/packages/codeql/cpp-all/12.0.1/semmlecode.cpp.dbscheme",
                        "compilationCache" : [
                          "/home/oleksii-shemshur/.codeql/compile-cache"
                        ],
                        "relativeName" : "flags/gcc-queries/compilation_class.ql",
                        "qlPackName" : "flags/gcc-queries"
                      }
[2026-08-06 09:46:24] [PROGRESS] execute query-server2> Compiling query plan for /home/oleksii-shemshur/work/toolchains/tools/queries/compilation_class.ql.
[2026-08-06 09:46:24] [DETAILS] execute query-server2> Resolving imports for /home/oleksii-shemshur/work/toolchains/tools/queries/compilation_class.ql.
[2026-08-06 09:46:25] Resolved file set for /home/oleksii-shemshur/work/toolchains/tools/queries/compilation_class.ql hashes to 5ce51113bc8fea6ea8ee3c4811757b26.
[2026-08-06 09:46:25] [DETAILS] execute query-server2> Checking QL for /home/oleksii-shemshur/work/toolchains/tools/queries/compilation_class.ql.
[2026-08-06 09:46:25] Stale frontend caches are invalidated based on import graph reachability.
[2026-08-06 09:46:26] ExternalModuleBindingPass ...
[2026-08-06 09:46:27] ExternalModuleBindingPass time: 00:01.259
[2026-08-06 09:46:27] CollectInstantiationsPass ...
[2026-08-06 09:46:27] CollectInstantiationsPass time: 00:00.322
[2026-08-06 09:46:27] Ql checks ...
[2026-08-06 09:46:33] Ql checks time: 00:05.413
[2026-08-06 09:46:37] Compilation pipeline
[2026-08-06 09:46:38] Type Inference ...
[2026-08-06 09:46:38] CSV_TYPE_HIERARCHY: Best number of iterations,Maximum number of runs,Number of BDD variables,Size of BDD for typefacts
[2026-08-06 09:46:38] CSV_TYPE_HIERARCHY: 0,0,14,14
[2026-08-06 09:46:38] CSV_TYPE_HIERARCHY: 0,0,0,0
[2026-08-06 09:46:38] CSV_TYPE_HIERARCHY: 0,0,0,0
[2026-08-06 09:46:38] CSV_TYPE_HIERARCHY: 0,0,22,22
[2026-08-06 09:46:38] CSV_TYPE_HIERARCHY: 0,0,1,1
[2026-08-06 09:46:38] CSV_TYPE_HIERARCHY: 0,0,0,0
[2026-08-06 09:46:38] CSV_TYPE_HIERARCHY: 0,0,1073,3934
[2026-08-06 09:46:38] CSV_TYPE_HIERARCHY: 0,0,0,0
[2026-08-06 09:46:38] CSV_TYPE_HIERARCHY: 0,0,3,3
[2026-08-06 09:46:38] CSV_TYPE_HIERARCHY: 0,0,3,3
[2026-08-06 09:46:38] CSV_TYPE_HIERARCHY: 0,0,77,435
[2026-08-06 09:46:38] CSV_TYPE_HIERARCHY: 0,0,3,3
[2026-08-06 09:46:38] CSV_TYPE_HIERARCHY: 0,0,10,15
[2026-08-06 09:46:38] CSV_TYPE_HIERARCHY: 0,0,385,1184
[2026-08-06 09:46:38] CSV_TYPE_HIERARCHY: 0,0,89,90
[2026-08-06 09:46:38] CSV_TYPE_HIERARCHY: 0,0,205,480
[2026-08-06 09:46:38] CSV_TYPE_HIERARCHY: 0,0,99,99
[2026-08-06 09:46:38] CSV_TYPE_HIERARCHY: 0,0,8,9
[2026-08-06 09:46:38] CSV_TYPE_HIERARCHY: 0,0,2,2
[2026-08-06 09:46:38] CSV_TYPE_HIERARCHY: 0,0,6,8
[2026-08-06 09:46:38] CSV_TYPE_HIERARCHY: 0,0,8,8
[2026-08-06 09:46:38] CSV_TYPE_HIERARCHY: 0,0,16,27
[2026-08-06 09:46:38] CSV_TYPE_HIERARCHY: 0,0,4,4
[2026-08-06 09:46:38] CSV_TYPE_HIERARCHY: 0,0,9,10
[2026-08-06 09:46:38] CSV_TYPE_HIERARCHY: 0,0,44,95
[2026-08-06 09:46:38] CSV_TYPE_HIERARCHY: 0,0,8,8
[2026-08-06 09:46:38] CSV_TYPE_HIERARCHY: 0,0,4,4
[2026-08-06 09:46:38] CSV_TYPE_HIERARCHY: 0,0,4,4
[2026-08-06 09:46:38] CSV_TYPE_HIERARCHY: 0,0,4,4
[2026-08-06 09:46:38] CSV_TYPE_HIERARCHY: 0,0,74,132
[2026-08-06 09:46:38] CSV_TYPE_HIERARCHY: 0,0,19,22
[2026-08-06 09:46:38] CSV_TYPE_HIERARCHY: 0,0,4,4
[2026-08-06 09:46:38] CSV_TYPE_HIERARCHY: 0,0,5,5
[2026-08-06 09:46:38] CSV_TYPE_HIERARCHY: 0,0,11,11
[2026-08-06 09:46:38] CSV_TYPE_HIERARCHY: 0,0,7,7
[2026-08-06 09:46:38] CSV_TYPE_HIERARCHY: 0,0,2,2
[2026-08-06 09:46:38] CSV_TYPE_HIERARCHY: 0,0,4,4
[2026-08-06 09:46:38] CSV_TYPE_HIERARCHY: 0,0,19,32
[2026-08-06 09:46:38] CSV_TYPE_HIERARCHY: 0,0,7,9
[2026-08-06 09:46:38] CSV_TYPE_HIERARCHY: 0,0,1,1
[2026-08-06 09:46:38] CSV_TYPE_HIERARCHY: 0,0,2,2
[2026-08-06 09:46:38] CSV_TYPE_HIERARCHY: 0,0,3,3
[2026-08-06 09:46:38] CSV_TYPE_HIERARCHY: 0,0,15,21
[2026-08-06 09:46:38] CSV_TYPE_HIERARCHY: 0,0,12,16
[2026-08-06 09:46:38] CSV_TYPE_HIERARCHY: 0,0,7,10
[2026-08-06 09:46:38] CSV_TYPE_HIERARCHY: 0,0,12,16
[2026-08-06 09:46:38] CSV_TYPE_HIERARCHY: 0,0,5,6
[2026-08-06 09:46:38] CSV_TYPE_HIERARCHY: 0,0,4,4
[2026-08-06 09:46:38] CSV_TYPE_HIERARCHY: 0,0,5,6
[2026-08-06 09:46:38] CSV_TYPE_HIERARCHY: 0,0,4,4
[2026-08-06 09:46:38] CSV_TYPE_HIERARCHY: 0,0,1,1
[2026-08-06 09:46:38] CSV_TYPE_HIERARCHY: 0,0,4,5
[2026-08-06 09:46:38] CSV_TYPE_HIERARCHY: 0,0,2,2
[2026-08-06 09:46:38] CSV_TYPE_HIERARCHY: 0,0,10,14
[2026-08-06 09:46:38] CSV_TYPE_HIERARCHY: 0,0,2,2
[2026-08-06 09:46:38] CSV_TYPE_HIERARCHY: 0,0,2,2
[2026-08-06 09:46:38] CSV_TYPE_HIERARCHY: 0,0,6,6
[2026-08-06 09:46:38] CSV_TYPE_HIERARCHY: 0,0,5,5
[2026-08-06 09:46:38] CSV_TYPE_HIERARCHY: 0,0,10,10
[2026-08-06 09:46:38] CSV_TYPE_HIERARCHY: 0,0,15,21
[2026-08-06 09:46:38] CSV_TYPE_HIERARCHY: 0,0,7,9
[2026-08-06 09:46:38] CSV_TYPE_HIERARCHY: 0,0,4,5
[2026-08-06 09:46:38] CSV_TYPE_HIERARCHY: 0,0,2,2
[2026-08-06 09:46:38] CSV_TYPE_HIERARCHY: 0,0,2,2
[2026-08-06 09:46:38] CSV_TYPE_HIERARCHY: 0,0,2,2
[2026-08-06 09:46:38] CSV_TYPE_HIERARCHY: 0,0,11,15
[2026-08-06 09:46:38] CSV_TYPE_HIERARCHY: 0,0,5,5
[2026-08-06 09:46:38] CSV_TYPE_HIERARCHY: 0,0,3,3
[2026-08-06 09:46:38] CSV_TYPE_HIERARCHY: 0,0,8,8
[2026-08-06 09:46:38] CSV_TYPE_HIERARCHY: 0,0,30,47
[2026-08-06 09:46:38] CSV_TYPE_HIERARCHY: 0,0,7,9
[2026-08-06 09:46:38] CSV_TYPE_HIERARCHY: 0,0,5,5
[2026-08-06 09:46:38] CSV_TYPE_HIERARCHY: 0,0,5,5
[2026-08-06 09:46:38] CSV_TYPE_HIERARCHY: 0,0,5,5
[2026-08-06 09:46:38] CSV_TYPE_HIERARCHY: 0,0,5,6
[2026-08-06 09:46:38] CSV_TYPE_HIERARCHY: 0,0,2,3
[2026-08-06 09:46:38] CSV_TYPE_HIERARCHY: 0,0,22,22
[2026-08-06 09:46:38] CSV_TYPE_HIERARCHY: 0,0,14,15
[2026-08-06 09:46:38] CSV_TYPE_HIERARCHY: 0,0,2,3
[2026-08-06 09:46:38] CSV_TYPE_HIERARCHY: 0,0,2,3
[2026-08-06 09:46:38] CSV_TYPE_HIERARCHY: 0,0,2,3
[2026-08-06 09:46:38] CSV_TYPE_HIERARCHY: 0,0,6,7
[2026-08-06 09:46:38] CSV_TYPE_HIERARCHY: 0,0,4,4
[2026-08-06 09:46:38] CSV_TYPE_HIERARCHY: 0,0,3,3
[2026-08-06 09:46:38] CSV_TYPE_HIERARCHY: 0,0,3,3
[2026-08-06 09:46:38] CSV_TYPE_HIERARCHY: 0,0,10,10
[2026-08-06 09:46:38] CSV_TYPE_HIERARCHY: 0,0,4,4
[2026-08-06 09:46:38] CSV_TYPE_HIERARCHY: 0,0,3,3
[2026-08-06 09:46:38] CSV_TYPE_HIERARCHY: 0,0,3,3
[2026-08-06 09:46:38] CSV_TYPE_HIERARCHY: 0,0,10,10
[2026-08-06 09:46:38] CSV_TYPE_HIERARCHY: 0,0,4,4
[2026-08-06 09:46:38] CSV_TYPE_HIERARCHY: 0,0,3,3
[2026-08-06 09:46:38] CSV_TYPE_HIERARCHY: 0,0,3,3
[2026-08-06 09:46:38] CSV_TYPE_HIERARCHY: 0,0,10,10
[2026-08-06 09:46:38] CSV_TYPE_HIERARCHY: 0,0,4,4
[2026-08-06 09:46:38] CSV_TYPE_HIERARCHY: 0,0,3,3
[2026-08-06 09:46:38] CSV_TYPE_HIERARCHY: 0,0,3,3
[2026-08-06 09:46:38] CSV_TYPE_HIERARCHY: 0,0,10,10
[2026-08-06 09:46:38] CSV_TYPE_HIERARCHY: 0,0,4,4
[2026-08-06 09:46:38] CSV_TYPE_HIERARCHY: 0,0,3,3
[2026-08-06 09:46:38] CSV_TYPE_HIERARCHY: 0,0,3,3
[2026-08-06 09:46:38] CSV_TYPE_HIERARCHY: 0,0,10,10
[2026-08-06 09:46:38] CSV_TYPE_HIERARCHY: 0,0,4,4
[2026-08-06 09:46:38] CSV_TYPE_HIERARCHY: 0,0,3,3
[2026-08-06 09:46:38] CSV_TYPE_HIERARCHY: 0,0,3,3
[2026-08-06 09:46:38] CSV_TYPE_HIERARCHY: 0,0,10,10
[2026-08-06 09:46:38] CSV_TYPE_HIERARCHY: 0,0,3,3
[2026-08-06 09:46:38] CSV_TYPE_HIERARCHY: 0,0,3,3
[2026-08-06 09:46:38] CSV_TYPE_HIERARCHY: 0,0,2,2
[2026-08-06 09:46:38] CSV_TYPE_HIERARCHY: 0,0,3,3
[2026-08-06 09:46:38] CSV_TYPE_HIERARCHY: 0,0,5,5
[2026-08-06 09:46:38] CSV_TYPE_HIERARCHY: 0,0,3,3
[2026-08-06 09:46:38] CSV_TYPE_HIERARCHY: 0,0,3,3
[2026-08-06 09:46:38] CSV_TYPE_HIERARCHY: 0,0,3,3
[2026-08-06 09:46:38] CSV_TYPE_HIERARCHY: 0,0,2,2
[2026-08-06 09:46:38] CSV_TYPE_HIERARCHY: 0,0,1,1
[2026-08-06 09:46:38] CSV_TYPE_HIERARCHY: 0,0,1,1
[2026-08-06 09:46:38] CSV_TYPE_HIERARCHY: 0,0,1,1
[2026-08-06 09:46:38] CSV_TYPE_HIERARCHY: 0,0,3,3
[2026-08-06 09:46:38] CSV_TYPE_HIERARCHY: 0,0,9,15
[2026-08-06 09:46:38] CSV_TYPE_HIERARCHY: 0,0,3,3
[2026-08-06 09:46:38] CSV_TYPE_HIERARCHY: 0,0,4,5
[2026-08-06 09:46:38] CSV_TYPE_HIERARCHY: 0,0,3,4
[2026-08-06 09:46:38] CSV_TYPE_HIERARCHY: 0,0,4,5
[2026-08-06 09:46:38] CSV_TYPE_HIERARCHY: 0,0,3,4
[2026-08-06 09:46:38] CSV_TYPE_HIERARCHY: 0,0,3,4
[2026-08-06 09:46:38] CSV_TYPE_HIERARCHY: 0,0,4,5
[2026-08-06 09:46:38] CSV_TYPE_HIERARCHY: 0,0,3,4
[2026-08-06 09:46:38] CSV_TYPE_HIERARCHY: 0,0,4,5
[2026-08-06 09:46:38] CSV_TYPE_HIERARCHY: 0,0,1,1
[2026-08-06 09:46:38] CSV_TYPE_HIERARCHY: 0,0,3,4
[2026-08-06 09:46:38] CSV_TYPE_HIERARCHY: 0,0,3,4
[2026-08-06 09:46:38] CSV_TYPE_HIERARCHY: 0,0,3,4
[2026-08-06 09:46:38] CSV_TYPE_HIERARCHY: 0,0,3,4
[2026-08-06 09:46:38] CSV_TYPE_HIERARCHY: 0,0,3,4
[2026-08-06 09:46:38] CSV_TYPE_HIERARCHY: 0,0,3,4
[2026-08-06 09:46:38] CSV_TYPE_HIERARCHY: 0,0,3,3
[2026-08-06 09:46:38] CSV_TYPE_HIERARCHY: 0,0,3,4
[2026-08-06 09:46:38] CSV_TYPE_HIERARCHY: 0,0,3,4
[2026-08-06 09:46:38] CSV_TYPE_HIERARCHY: 0,0,10,11
[2026-08-06 09:46:38] CSV_TYPE_HIERARCHY: 0,0,5,5
[2026-08-06 09:46:38] CSV_TYPE_HIERARCHY: 0,0,2,2
[2026-08-06 09:46:38] CSV_TYPE_HIERARCHY: 0,0,2,2
[2026-08-06 09:46:38] CSV_TYPE_HIERARCHY: 0,0,5,5
[2026-08-06 09:46:38] CSV_TYPE_HIERARCHY: 0,0,2,2
[2026-08-06 09:46:38] CSV_TYPE_HIERARCHY: 0,0,3,3
[2026-08-06 09:46:38] CSV_TYPE_HIERARCHY: 0,0,3,3
[2026-08-06 09:46:38] CSV_TYPE_HIERARCHY: 0,0,2,2
[2026-08-06 09:46:38] CSV_TYPE_HIERARCHY: 0,0,6,6
[2026-08-06 09:46:38] CSV_TYPE_HIERARCHY: 0,0,4,4
[2026-08-06 09:46:38] CSV_TYPE_HIERARCHY: 0,0,4,4
[2026-08-06 09:46:40] Type Inference time: 00:01.937
[2026-08-06 09:46:40] [DETAILS] execute query-server2> Optimizing /home/oleksii-shemshur/work/toolchains/tools/queries/compilation_class.ql.
[2026-08-06 09:46:40] Processing compilation pipeline
[2026-08-06 09:46:40] Started compiling a query
[2026-08-06 09:46:40] Initialising compiler...
[2026-08-06 09:46:40] 	 ... compiler initialised
[2026-08-06 09:46:40] About to start query optimisation
[2026-08-06 09:46:40] Compilation cache miss for b6d652b19c7352c2136ff3c346c8b434.
[2026-08-06 09:46:41] Stored compiled program for b6d652b19c7352c2136ff3c346c8b434.
[2026-08-06 09:46:41] Compilation cache miss for 48be593abb38a969d9391d2db213acb1.
[2026-08-06 09:46:41] Stored compiled program for 48be593abb38a969d9391d2db213acb1.
[2026-08-06 09:46:41] Compilation cache miss for 8ea168bf80fa4c1e942aa802b468cc0f.
[2026-08-06 09:46:41] Stored compiled program for 8ea168bf80fa4c1e942aa802b468cc0f.
[2026-08-06 09:46:41] Compilation cache miss for 2f0d021bf35719ce171a0336d507ed84.
[2026-08-06 09:46:41] Stored compiled program for 2f0d021bf35719ce171a0336d507ed84.
[2026-08-06 09:46:41] Compilation cache miss for 37e2d0d9705efe9ab650cc2148cc69f5.
[2026-08-06 09:46:42] Stored compiled program for 37e2d0d9705efe9ab650cc2148cc69f5.
[2026-08-06 09:46:42] Compilation cache miss for 6b71562f3de2442d777868f463843c6a.
[2026-08-06 09:46:45] Stored compiled program for 6b71562f3de2442d777868f463843c6a.
[2026-08-06 09:46:45] Compilation cache miss for fb515b0817339eb349f1cf37ac40cac6.
[2026-08-06 09:46:45] Stored compiled program for fb515b0817339eb349f1cf37ac40cac6.
[2026-08-06 09:46:45] CSV_COMPILATION: NONE,MISC,RA_TRANSLATION,OPTIMISATIONS
[2026-08-06 09:46:45] CSV_COMPILATION: 297,233,436,3432
[2026-08-06 09:46:45] [PROGRESS] execute query-server2> No database upgrade/downgrade needed for /home/oleksii-shemshur/work/toolchains/tools/queries/compilation_class.ql
[2026-08-06 09:46:45] Calling plumbing command: codeql resolve extensions-by-pack --additional-packs=/home/oleksii-shemshur/work/toolchains/tools/queries --include-extension-row-locations /home/oleksii-shemshur/work/toolchains/tools/queries
[2026-08-06 09:46:45] [SPAMMY] resolve extensions-by-pack> [INCOMPATIBILITY] flags/gcc-queries: not 0.0.1 {root: flags/gcc-queries@0.0.1}
[2026-08-06 09:46:45] [SPAMMY] resolve extensions-by-pack> [DERIVATION] flags/gcc-queries: 0.0.1 {flags/gcc-queries: not 0.0.1 {root: flags/gcc-queries@0.0.1}}
[2026-08-06 09:46:45] [SPAMMY] resolve extensions-by-pack> [INCOMPATIBILITY] flags/gcc-queries: * [*], codeql/cpp-all: not * [*] {dependency: flags/gcc-queries@* [*] requires codeql/cpp-all@*}
[2026-08-06 09:46:45] [SPAMMY] resolve extensions-by-pack> [DECISION 1] flags/gcc-queries: 0.0.1
[2026-08-06 09:46:45] [SPAMMY] resolve extensions-by-pack> [DERIVATION] codeql/cpp-all: * [*] {flags/gcc-queries: * [*], codeql/cpp-all: not * [*] {dependency: flags/gcc-queries@* [*] requires codeql/cpp-all@*}}
[2026-08-06 09:46:45] [SPAMMY] resolve extensions-by-pack> [INCOMPATIBILITY] codeql/cpp-all: * [*], codeql/dataflow: not * [*] {dependency: codeql/cpp-all@* [*] requires codeql/dataflow@2.1.10}
[2026-08-06 09:46:45] [SPAMMY] resolve extensions-by-pack> [INCOMPATIBILITY] codeql/cpp-all: * [*], codeql/mad: not * [*] {dependency: codeql/cpp-all@* [*] requires codeql/mad@1.0.54}
[2026-08-06 09:46:45] [SPAMMY] resolve extensions-by-pack> [INCOMPATIBILITY] codeql/cpp-all: * [*], codeql/quantum: not * [*] {dependency: codeql/cpp-all@* [*] requires codeql/quantum@0.0.32}
[2026-08-06 09:46:45] [SPAMMY] resolve extensions-by-pack> [INCOMPATIBILITY] codeql/cpp-all: * [*], codeql/rangeanalysis: not * [*] {dependency: codeql/cpp-all@* [*] requires codeql/rangeanalysis@1.0.54}
[2026-08-06 09:46:45] [SPAMMY] resolve extensions-by-pack> [INCOMPATIBILITY] codeql/cpp-all: * [*], codeql/ssa: not * [*] {dependency: codeql/cpp-all@* [*] requires codeql/ssa@2.0.30}
[2026-08-06 09:46:45] [SPAMMY] resolve extensions-by-pack> [INCOMPATIBILITY] codeql/cpp-all: * [*], codeql/tutorial: not * [*] {dependency: codeql/cpp-all@* [*] requires codeql/tutorial@1.0.54}
[2026-08-06 09:46:45] [SPAMMY] resolve extensions-by-pack> [INCOMPATIBILITY] codeql/cpp-all: * [*], codeql/typeflow: not * [*] {dependency: codeql/cpp-all@* [*] requires codeql/typeflow@1.0.54}
[2026-08-06 09:46:45] [SPAMMY] resolve extensions-by-pack> [INCOMPATIBILITY] codeql/cpp-all: * [*], codeql/util: not * [*] {dependency: codeql/cpp-all@* [*] requires codeql/util@2.0.41}
[2026-08-06 09:46:45] [SPAMMY] resolve extensions-by-pack> [INCOMPATIBILITY] codeql/cpp-all: * [*], codeql/xml: not * [*] {dependency: codeql/cpp-all@* [*] requires codeql/xml@1.0.54}
[2026-08-06 09:46:45] [SPAMMY] resolve extensions-by-pack> [DECISION 2] codeql/cpp-all: 12.0.1
[2026-08-06 09:46:45] [SPAMMY] resolve extensions-by-pack> [DERIVATION] codeql/xml: * [*] {codeql/cpp-all: * [*], codeql/xml: not * [*] {dependency: codeql/cpp-all@* [*] requires codeql/xml@1.0.54}}
[2026-08-06 09:46:45] [SPAMMY] resolve extensions-by-pack> [DERIVATION] codeql/util: * [*] {codeql/cpp-all: * [*], codeql/util: not * [*] {dependency: codeql/cpp-all@* [*] requires codeql/util@2.0.41}}
[2026-08-06 09:46:45] [SPAMMY] resolve extensions-by-pack> [DERIVATION] codeql/typeflow: * [*] {codeql/cpp-all: * [*], codeql/typeflow: not * [*] {dependency: codeql/cpp-all@* [*] requires codeql/typeflow@1.0.54}}
[2026-08-06 09:46:45] [SPAMMY] resolve extensions-by-pack> [DERIVATION] codeql/tutorial: * [*] {codeql/cpp-all: * [*], codeql/tutorial: not * [*] {dependency: codeql/cpp-all@* [*] requires codeql/tutorial@1.0.54}}
[2026-08-06 09:46:45] [SPAMMY] resolve extensions-by-pack> [DERIVATION] codeql/ssa: * [*] {codeql/cpp-all: * [*], codeql/ssa: not * [*] {dependency: codeql/cpp-all@* [*] requires codeql/ssa@2.0.30}}
[2026-08-06 09:46:45] [SPAMMY] resolve extensions-by-pack> [DERIVATION] codeql/rangeanalysis: * [*] {codeql/cpp-all: * [*], codeql/rangeanalysis: not * [*] {dependency: codeql/cpp-all@* [*] requires codeql/rangeanalysis@1.0.54}}
[2026-08-06 09:46:45] [SPAMMY] resolve extensions-by-pack> [DERIVATION] codeql/quantum: * [*] {codeql/cpp-all: * [*], codeql/quantum: not * [*] {dependency: codeql/cpp-all@* [*] requires codeql/quantum@0.0.32}}
[2026-08-06 09:46:45] [SPAMMY] resolve extensions-by-pack> [DERIVATION] codeql/mad: * [*] {codeql/cpp-all: * [*], codeql/mad: not * [*] {dependency: codeql/cpp-all@* [*] requires codeql/mad@1.0.54}}
[2026-08-06 09:46:45] [SPAMMY] resolve extensions-by-pack> [DERIVATION] codeql/dataflow: * [*] {codeql/cpp-all: * [*], codeql/dataflow: not * [*] {dependency: codeql/cpp-all@* [*] requires codeql/dataflow@2.1.10}}
[2026-08-06 09:46:45] [SPAMMY] resolve extensions-by-pack> [INCOMPATIBILITY] codeql/dataflow: * [*], codeql/controlflow: not * [*] {dependency: codeql/dataflow@* [*] requires codeql/controlflow@2.0.38}
[2026-08-06 09:46:45] [SPAMMY] resolve extensions-by-pack> [INCOMPATIBILITY] codeql/dataflow: * [*], codeql/ssa: not * [*] {dependency: codeql/dataflow@* [*] requires codeql/ssa@2.0.30}
[2026-08-06 09:46:45] [SPAMMY] resolve extensions-by-pack> [INCOMPATIBILITY] codeql/dataflow: * [*], codeql/typetracking: not * [*] {dependency: codeql/dataflow@* [*] requires codeql/typetracking@2.0.38}
[2026-08-06 09:46:45] [SPAMMY] resolve extensions-by-pack> [INCOMPATIBILITY] codeql/dataflow: * [*], codeql/util: not * [*] {dependency: codeql/dataflow@* [*] requires codeql/util@2.0.41}
[2026-08-06 09:46:45] [SPAMMY] resolve extensions-by-pack> [DECISION 3] codeql/dataflow: 2.1.10
[2026-08-06 09:46:45] [SPAMMY] resolve extensions-by-pack> [DERIVATION] codeql/typetracking: * [*] {codeql/dataflow: * [*], codeql/typetracking: not * [*] {dependency: codeql/dataflow@* [*] requires codeql/typetracking@2.0.38}}
[2026-08-06 09:46:45] [SPAMMY] resolve extensions-by-pack> [DERIVATION] codeql/controlflow: * [*] {codeql/dataflow: * [*], codeql/controlflow: not * [*] {dependency: codeql/dataflow@* [*] requires codeql/controlflow@2.0.38}}
[2026-08-06 09:46:45] [SPAMMY] resolve extensions-by-pack> [INCOMPATIBILITY] codeql/controlflow: * [*], codeql/util: not * [*] {dependency: codeql/controlflow@* [*] requires codeql/util@2.0.41}
[2026-08-06 09:46:45] [SPAMMY] resolve extensions-by-pack> [DECISION 4] codeql/controlflow: 2.0.38
[2026-08-06 09:46:45] [SPAMMY] resolve extensions-by-pack> [INCOMPATIBILITY] codeql/mad: * [*], codeql/dataflow: not * [*] {dependency: codeql/mad@* [*] requires codeql/dataflow@2.1.10}
[2026-08-06 09:46:45] [SPAMMY] resolve extensions-by-pack> [INCOMPATIBILITY] codeql/mad: * [*], codeql/util: not * [*] {dependency: codeql/mad@* [*] requires codeql/util@2.0.41}
[2026-08-06 09:46:45] [SPAMMY] resolve extensions-by-pack> [DECISION 5] codeql/mad: 1.0.54
[2026-08-06 09:46:45] [SPAMMY] resolve extensions-by-pack> [INCOMPATIBILITY] codeql/quantum: * [*], codeql/util: not * [*] {dependency: codeql/quantum@* [*] requires codeql/util@2.0.41}
[2026-08-06 09:46:45] [SPAMMY] resolve extensions-by-pack> [DECISION 6] codeql/quantum: 0.0.32
[2026-08-06 09:46:45] [SPAMMY] resolve extensions-by-pack> [INCOMPATIBILITY] codeql/rangeanalysis: * [*], codeql/util: not * [*] {dependency: codeql/rangeanalysis@* [*] requires codeql/util@2.0.41}
[2026-08-06 09:46:45] [SPAMMY] resolve extensions-by-pack> [DECISION 7] codeql/rangeanalysis: 1.0.54
[2026-08-06 09:46:45] [SPAMMY] resolve extensions-by-pack> [INCOMPATIBILITY] codeql/ssa: * [*], codeql/controlflow: not * [*] {dependency: codeql/ssa@* [*] requires codeql/controlflow@2.0.38}
[2026-08-06 09:46:45] [SPAMMY] resolve extensions-by-pack> [INCOMPATIBILITY] codeql/ssa: * [*], codeql/util: not * [*] {dependency: codeql/ssa@* [*] requires codeql/util@2.0.41}
[2026-08-06 09:46:45] [SPAMMY] resolve extensions-by-pack> [DECISION 8] codeql/ssa: 2.0.30
[2026-08-06 09:46:45] [SPAMMY] resolve extensions-by-pack> [DECISION 9] codeql/tutorial: 1.0.54
[2026-08-06 09:46:45] [SPAMMY] resolve extensions-by-pack> [INCOMPATIBILITY] codeql/typeflow: * [*], codeql/util: not * [*] {dependency: codeql/typeflow@* [*] requires codeql/util@2.0.41}
[2026-08-06 09:46:45] [SPAMMY] resolve extensions-by-pack> [DECISION 10] codeql/typeflow: 1.0.54
[2026-08-06 09:46:45] [SPAMMY] resolve extensions-by-pack> [INCOMPATIBILITY] codeql/typetracking: * [*], codeql/util: not * [*] {dependency: codeql/typetracking@* [*] requires codeql/util@2.0.41}
[2026-08-06 09:46:45] [SPAMMY] resolve extensions-by-pack> [DECISION 11] codeql/typetracking: 2.0.38
[2026-08-06 09:46:45] [SPAMMY] resolve extensions-by-pack> [DECISION 12] codeql/util: 2.0.41
[2026-08-06 09:46:45] [SPAMMY] resolve extensions-by-pack> [INCOMPATIBILITY] codeql/xml: * [*], codeql/util: not * [*] {dependency: codeql/xml@* [*] requires codeql/util@2.0.41}
[2026-08-06 09:46:45] [SPAMMY] resolve extensions-by-pack> [DECISION 13] codeql/xml: 1.0.54
[2026-08-06 09:46:45] [PROGRESS] resolve extensions-by-pack> Loading data extensions in /home/oleksii-shemshur/.codeql/packages/codeql/cpp-all/12.0.1/ext/Boost.Asio.model.yml.
[2026-08-06 09:46:45] [DETAILS] resolve extensions-by-pack>   Found extension targeting codeql/cpp-all:sourceModel: 6 tuples.
[2026-08-06 09:46:45] [DETAILS] resolve extensions-by-pack>   Found extension targeting codeql/cpp-all:sinkModel: 4 tuples.
[2026-08-06 09:46:45] [DETAILS] resolve extensions-by-pack>   Found extension targeting codeql/cpp-all:summaryModel: 1 tuples.
[2026-08-06 09:46:45] [PROGRESS] resolve extensions-by-pack> Loading data extensions in /home/oleksii-shemshur/.codeql/packages/codeql/cpp-all/12.0.1/ext/CA2CAEX.model.yml.
[2026-08-06 09:46:45] [DETAILS] resolve extensions-by-pack>   Found extension targeting codeql/cpp-all:summaryModel: 13 tuples.
[2026-08-06 09:46:45] [PROGRESS] resolve extensions-by-pack> Loading data extensions in /home/oleksii-shemshur/.codeql/packages/codeql/cpp-all/12.0.1/ext/CAtlArray.model.yml.
[2026-08-06 09:46:45] [DETAILS] resolve extensions-by-pack>   Found extension targeting codeql/cpp-all:summaryModel: 10 tuples.
[2026-08-06 09:46:45] [PROGRESS] resolve extensions-by-pack> Loading data extensions in /home/oleksii-shemshur/.codeql/packages/codeql/cpp-all/12.0.1/ext/CAtlFile.model.yml.
[2026-08-06 09:46:45] [DETAILS] resolve extensions-by-pack>   Found extension targeting codeql/cpp-all:summaryModel: 4 tuples.
[2026-08-06 09:46:45] [PROGRESS] resolve extensions-by-pack> Loading data extensions in /home/oleksii-shemshur/.codeql/packages/codeql/cpp-all/12.0.1/ext/CAtlFileMappingBase.model.yml.
[2026-08-06 09:46:45] [DETAILS] resolve extensions-by-pack>   Found extension targeting codeql/cpp-all:summaryModel: 9 tuples.
[2026-08-06 09:46:45] [PROGRESS] resolve extensions-by-pack> Loading data extensions in /home/oleksii-shemshur/.codeql/packages/codeql/cpp-all/12.0.1/ext/CAtlList.model.yml.
[2026-08-06 09:46:45] [DETAILS] resolve extensions-by-pack>   Found extension targeting codeql/cpp-all:summaryModel: 10 tuples.
[2026-08-06 09:46:45] [PROGRESS] resolve extensions-by-pack> Loading data extensions in /home/oleksii-shemshur/.codeql/packages/codeql/cpp-all/12.0.1/ext/CAtlTemporaryFile.model.yml.
[2026-08-06 09:46:45] [DETAILS] resolve extensions-by-pack>   Found extension targeting codeql/cpp-all:summaryModel: 3 tuples.
[2026-08-06 09:46:45] [PROGRESS] resolve extensions-by-pack> Loading data extensions in /home/oleksii-shemshur/.codeql/packages/codeql/cpp-all/12.0.1/ext/CComBSTR.model.yml.
[2026-08-06 09:46:45] [DETAILS] resolve extensions-by-pack>   Found extension targeting codeql/cpp-all:summaryModel: 28 tuples.
[2026-08-06 09:46:45] [PROGRESS] resolve extensions-by-pack> Loading data extensions in /home/oleksii-shemshur/.codeql/packages/codeql/cpp-all/12.0.1/ext/CComSafeArray.model.yml.
[2026-08-06 09:46:45] [DETAILS] resolve extensions-by-pack>   Found extension targeting codeql/cpp-all:summaryModel: 21 tuples.
[2026-08-06 09:46:45] [PROGRESS] resolve extensions-by-pack> Loading data extensions in /home/oleksii-shemshur/.codeql/packages/codeql/cpp-all/12.0.1/ext/CPathT.model.yml.
[2026-08-06 09:46:45] [DETAILS] resolve extensions-by-pack>   Found extension targeting codeql/cpp-all:summaryModel: 15 tuples.
[2026-08-06 09:46:45] [PROGRESS] resolve extensions-by-pack> Loading data extensions in /home/oleksii-shemshur/.codeql/packages/codeql/cpp-all/12.0.1/ext/CRegKey.model.yml.
[2026-08-06 09:46:45] [DETAILS] resolve extensions-by-pack>   Found extension targeting codeql/cpp-all:summaryModel: 15 tuples.
[2026-08-06 09:46:45] [PROGRESS] resolve extensions-by-pack> Loading data extensions in /home/oleksii-shemshur/.codeql/packages/codeql/cpp-all/12.0.1/ext/CSimpleArray.model.yml.
[2026-08-06 09:46:45] [DETAILS] resolve extensions-by-pack>   Found extension targeting codeql/cpp-all:summaryModel: 7 tuples.
[2026-08-06 09:46:45] [PROGRESS] resolve extensions-by-pack> Loading data extensions in /home/oleksii-shemshur/.codeql/packages/codeql/cpp-all/12.0.1/ext/CSimpleMap.model.yml.
[2026-08-06 09:46:45] [DETAILS] resolve extensions-by-pack>   Found extension targeting codeql/cpp-all:summaryModel: 8 tuples.
[2026-08-06 09:46:45] [PROGRESS] resolve extensions-by-pack> Loading data extensions in /home/oleksii-shemshur/.codeql/packages/codeql/cpp-all/12.0.1/ext/CSimpleStringT.model.yml.
[2026-08-06 09:46:45] [DETAILS] resolve extensions-by-pack>   Found extension targeting codeql/cpp-all:summaryModel: 37 tuples.
[2026-08-06 09:46:45] [PROGRESS] resolve extensions-by-pack> Loading data extensions in /home/oleksii-shemshur/.codeql/packages/codeql/cpp-all/12.0.1/ext/CStrBufT.model.yml.
[2026-08-06 09:46:45] [DETAILS] resolve extensions-by-pack>   Found extension targeting codeql/cpp-all:summaryModel: 3 tuples.
[2026-08-06 09:46:45] [PROGRESS] resolve extensions-by-pack> Loading data extensions in /home/oleksii-shemshur/.codeql/packages/codeql/cpp-all/12.0.1/ext/CStringData.model.yml.
[2026-08-06 09:46:45] [DETAILS] resolve extensions-by-pack>   Found extension targeting codeql/cpp-all:summaryModel: 1 tuples.
[2026-08-06 09:46:45] [PROGRESS] resolve extensions-by-pack> Loading data extensions in /home/oleksii-shemshur/.codeql/packages/codeql/cpp-all/12.0.1/ext/CStringT.model.yml.
[2026-08-06 09:46:45] [DETAILS] resolve extensions-by-pack>   Found extension targeting codeql/cpp-all:summaryModel: 113 tuples.
[2026-08-06 09:46:45] [PROGRESS] resolve extensions-by-pack> Loading data extensions in /home/oleksii-shemshur/.codeql/packages/codeql/cpp-all/12.0.1/ext/CUrl.model.yml.
[2026-08-06 09:46:45] [DETAILS] resolve extensions-by-pack>   Found extension targeting codeql/cpp-all:summaryModel: 17 tuples.
[2026-08-06 09:46:45] [PROGRESS] resolve extensions-by-pack> Loading data extensions in /home/oleksii-shemshur/.codeql/packages/codeql/cpp-all/12.0.1/ext/ComPtr.model.yml.
[2026-08-06 09:46:45] [DETAILS] resolve extensions-by-pack>   Found extension targeting codeql/cpp-all:summaryModel: 26 tuples.
[2026-08-06 09:46:45] [PROGRESS] resolve extensions-by-pack> Loading data extensions in /home/oleksii-shemshur/.codeql/packages/codeql/cpp-all/12.0.1/ext/ComPtrRef.model.yml.
[2026-08-06 09:46:45] [DETAILS] resolve extensions-by-pack>   Found extension targeting codeql/cpp-all:summaryModel: 5 tuples.
[2026-08-06 09:46:45] [PROGRESS] resolve extensions-by-pack> Loading data extensions in /home/oleksii-shemshur/.codeql/packages/codeql/cpp-all/12.0.1/ext/MySql.model.yml.
[2026-08-06 09:46:45] [DETAILS] resolve extensions-by-pack>   Found extension targeting codeql/cpp-all:summaryModel: 2 tuples.
[2026-08-06 09:46:45] [DETAILS] resolve extensions-by-pack>   Found extension targeting codeql/cpp-all:barrierModel: 2 tuples.
[2026-08-06 09:46:45] [PROGRESS] resolve extensions-by-pack> Loading data extensions in /home/oleksii-shemshur/.codeql/packages/codeql/cpp-all/12.0.1/ext/Oracle.oci.model.yml.
[2026-08-06 09:46:45] [DETAILS] resolve extensions-by-pack>   Found extension targeting codeql/cpp-all:sinkModel: 2 tuples.
[2026-08-06 09:46:45] [PROGRESS] resolve extensions-by-pack> Loading data extensions in /home/oleksii-shemshur/.codeql/packages/codeql/cpp-all/12.0.1/ext/Strsafe.model.yml.
[2026-08-06 09:46:45] [DETAILS] resolve extensions-by-pack>   Found extension targeting codeql/cpp-all:sourceModel: 8 tuples.
[2026-08-06 09:46:45] [DETAILS] resolve extensions-by-pack>   Found extension targeting codeql/cpp-all:summaryModel: 48 tuples.
[2026-08-06 09:46:45] [PROGRESS] resolve extensions-by-pack> Loading data extensions in /home/oleksii-shemshur/.codeql/packages/codeql/cpp-all/12.0.1/ext/Windows.model.yml.
[2026-08-06 09:46:45] [DETAILS] resolve extensions-by-pack>   Found extension targeting codeql/cpp-all:sourceModel: 25 tuples.
[2026-08-06 09:46:45] [DETAILS] resolve extensions-by-pack>   Found extension targeting codeql/cpp-all:summaryModel: 15 tuples.
[2026-08-06 09:46:45] [PROGRESS] resolve extensions-by-pack> Loading data extensions in /home/oleksii-shemshur/.codeql/packages/codeql/cpp-all/12.0.1/ext/ZMQ.model.yml.
[2026-08-06 09:46:45] [DETAILS] resolve extensions-by-pack>   Found extension targeting codeql/cpp-all:sourceModel: 3 tuples.
[2026-08-06 09:46:45] [DETAILS] resolve extensions-by-pack>   Found extension targeting codeql/cpp-all:sinkModel: 3 tuples.
[2026-08-06 09:46:45] [DETAILS] resolve extensions-by-pack>   Found extension targeting codeql/cpp-all:summaryModel: 2 tuples.
[2026-08-06 09:46:45] [PROGRESS] resolve extensions-by-pack> Loading data extensions in /home/oleksii-shemshur/.codeql/packages/codeql/cpp-all/12.0.1/ext/allocation/Bsd.allocation.model.yml.
[2026-08-06 09:46:45] [DETAILS] resolve extensions-by-pack>   Found extension targeting codeql/cpp-all:allocationFunctionModel: 2 tuples.
[2026-08-06 09:46:45] [PROGRESS] resolve extensions-by-pack> Loading data extensions in /home/oleksii-shemshur/.codeql/packages/codeql/cpp-all/12.0.1/ext/allocation/Glibc.allocation.model.yml.
[2026-08-06 09:46:45] [DETAILS] resolve extensions-by-pack>   Found extension targeting codeql/cpp-all:allocationFunctionModel: 2 tuples.
[2026-08-06 09:46:45] [PROGRESS] resolve extensions-by-pack> Loading data extensions in /home/oleksii-shemshur/.codeql/packages/codeql/cpp-all/12.0.1/ext/allocation/OpenSSL.allocation.model.yml.
[2026-08-06 09:46:45] [DETAILS] resolve extensions-by-pack>   Found extension targeting codeql/cpp-all:allocationFunctionModel: 4 tuples.
[2026-08-06 09:46:45] [PROGRESS] resolve extensions-by-pack> Loading data extensions in /home/oleksii-shemshur/.codeql/packages/codeql/cpp-all/12.0.1/ext/allocation/Std.allocation.model.yml.
[2026-08-06 09:46:45] [DETAILS] resolve extensions-by-pack>   Found extension targeting codeql/cpp-all:allocationFunctionModel: 13 tuples.
[2026-08-06 09:46:45] [PROGRESS] resolve extensions-by-pack> Loading data extensions in /home/oleksii-shemshur/.codeql/packages/codeql/cpp-all/12.0.1/ext/allocation/Windows.allocation.model.yml.
[2026-08-06 09:46:45] [DETAILS] resolve extensions-by-pack>   Found extension targeting codeql/cpp-all:allocationFunctionModel: 24 tuples.
[2026-08-06 09:46:45] [PROGRESS] resolve extensions-by-pack> Loading data extensions in /home/oleksii-shemshur/.codeql/packages/codeql/cpp-all/12.0.1/ext/allocation/empty.allocation.model.yml.
[2026-08-06 09:46:45] [DETAILS] resolve extensions-by-pack>   Found extension targeting codeql/cpp-all:allocationFunctionModel: 0 tuples.
[2026-08-06 09:46:45] [PROGRESS] resolve extensions-by-pack> Loading data extensions in /home/oleksii-shemshur/.codeql/packages/codeql/cpp-all/12.0.1/ext/azure.core.model.yml.
[2026-08-06 09:46:45] [DETAILS] resolve extensions-by-pack>   Found extension targeting codeql/cpp-all:sourceModel: 6 tuples.
[2026-08-06 09:46:45] [DETAILS] resolve extensions-by-pack>   Found extension targeting codeql/cpp-all:summaryModel: 25 tuples.
[2026-08-06 09:46:45] [PROGRESS] resolve extensions-by-pack> Loading data extensions in /home/oleksii-shemshur/.codeql/packages/codeql/cpp-all/12.0.1/ext/bsl.array.model.yml.
[2026-08-06 09:46:45] [DETAILS] resolve extensions-by-pack>   Found extension targeting codeql/cpp-all:summaryModel: 9 tuples.
[2026-08-06 09:46:45] [PROGRESS] resolve extensions-by-pack> Loading data extensions in /home/oleksii-shemshur/.codeql/packages/codeql/cpp-all/12.0.1/ext/bsl.deque.model.yml.
[2026-08-06 09:46:45] [DETAILS] resolve extensions-by-pack>   Found extension targeting codeql/cpp-all:summaryModel: 69 tuples.
[2026-08-06 09:46:45] [PROGRESS] resolve extensions-by-pack> Loading data extensions in /home/oleksii-shemshur/.codeql/packages/codeql/cpp-all/12.0.1/ext/bsl.forward_list.model.yml.
[2026-08-06 09:46:45] [DETAILS] resolve extensions-by-pack>   Found extension targeting codeql/cpp-all:summaryModel: 52 tuples.
[2026-08-06 09:46:45] [PROGRESS] resolve extensions-by-pack> Loading data extensions in /home/oleksii-shemshur/.codeql/packages/codeql/cpp-all/12.0.1/ext/bsl.list.model.yml.
[2026-08-06 09:46:45] [DETAILS] resolve extensions-by-pack>   Found extension targeting codeql/cpp-all:summaryModel: 67 tuples.
[2026-08-06 09:46:45] [PROGRESS] resolve extensions-by-pack> Loading data extensions in /home/oleksii-shemshur/.codeql/packages/codeql/cpp-all/12.0.1/ext/bsl.vector.model.yml.
[2026-08-06 09:46:45] [DETAILS] resolve extensions-by-pack>   Found extension targeting codeql/cpp-all:summaryModel: 56 tuples.
[2026-08-06 09:46:45] [PROGRESS] resolve extensions-by-pack> Loading data extensions in /home/oleksii-shemshur/.codeql/packages/codeql/cpp-all/12.0.1/ext/cctype.model.yml.
[2026-08-06 09:46:45] [DETAILS] resolve extensions-by-pack>   Found extension targeting codeql/cpp-all:summaryModel: 4 tuples.
[2026-08-06 09:46:45] [PROGRESS] resolve extensions-by-pack> Loading data extensions in /home/oleksii-shemshur/.codeql/packages/codeql/cpp-all/12.0.1/ext/deallocation/Bsd.deallocation.model.yml.
[2026-08-06 09:46:45] [DETAILS] resolve extensions-by-pack>   Found extension targeting codeql/cpp-all:deallocationFunctionModel: 3 tuples.
[2026-08-06 09:46:45] [PROGRESS] resolve extensions-by-pack> Loading data extensions in /home/oleksii-shemshur/.codeql/packages/codeql/cpp-all/12.0.1/ext/deallocation/Std.deallocation.model.yml.
[2026-08-06 09:46:45] [DETAILS] resolve extensions-by-pack>   Found extension targeting codeql/cpp-all:deallocationFunctionModel: 37 tuples.
[2026-08-06 09:46:45] [PROGRESS] resolve extensions-by-pack> Loading data extensions in /home/oleksii-shemshur/.codeql/packages/codeql/cpp-all/12.0.1/ext/deallocation/Windows.deallocation.model.yml.
[2026-08-06 09:46:45] [DETAILS] resolve extensions-by-pack>   Found extension targeting codeql/cpp-all:deallocationFunctionModel: 36 tuples.
[2026-08-06 09:46:45] [PROGRESS] resolve extensions-by-pack> Loading data extensions in /home/oleksii-shemshur/.codeql/packages/codeql/cpp-all/12.0.1/ext/deallocation/empty.deallocation.model.yml.
[2026-08-06 09:46:45] [DETAILS] resolve extensions-by-pack>   Found extension targeting codeql/cpp-all:deallocationFunctionModel: 0 tuples.
[2026-08-06 09:46:45] [PROGRESS] resolve extensions-by-pack> Loading data extensions in /home/oleksii-shemshur/.codeql/packages/codeql/cpp-all/12.0.1/ext/empty.model.yml.
[2026-08-06 09:46:45] [DETAILS] resolve extensions-by-pack>   Found extension targeting codeql/cpp-all:sourceModel: 0 tuples.
[2026-08-06 09:46:45] [DETAILS] resolve extensions-by-pack>   Found extension targeting codeql/cpp-all:sinkModel: 0 tuples.
[2026-08-06 09:46:45] [DETAILS] resolve extensions-by-pack>   Found extension targeting codeql/cpp-all:barrierModel: 0 tuples.
[2026-08-06 09:46:45] [DETAILS] resolve extensions-by-pack>   Found extension targeting codeql/cpp-all:barrierGuardModel: 0 tuples.
[2026-08-06 09:46:45] [DETAILS] resolve extensions-by-pack>   Found extension targeting codeql/cpp-all:summaryModel: 0 tuples.
[2026-08-06 09:46:45] [PROGRESS] resolve extensions-by-pack> Loading data extensions in /home/oleksii-shemshur/.codeql/packages/codeql/cpp-all/12.0.1/ext/generated/empty.model.yml.
[2026-08-06 09:46:45] [DETAILS] resolve extensions-by-pack>   Found extension targeting codeql/cpp-all:summaryModel: 0 tuples.
[2026-08-06 09:46:45] [PROGRESS] resolve extensions-by-pack> Loading data extensions in /home/oleksii-shemshur/.codeql/packages/codeql/cpp-all/12.0.1/ext/generated/modelgenerator/brotli/brotli.model.yml.
[2026-08-06 09:46:45] [DETAILS] resolve extensions-by-pack>   Found extension targeting codeql/cpp-all:summaryModel: 474 tuples.
[2026-08-06 09:46:45] [PROGRESS] resolve extensions-by-pack> Loading data extensions in /home/oleksii-shemshur/.codeql/packages/codeql/cpp-all/12.0.1/ext/generated/modelgenerator/curl/curl.model.yml.
[2026-08-06 09:46:45] [DETAILS] resolve extensions-by-pack>   Found extension targeting codeql/cpp-all:summaryModel: 953 tuples.
[2026-08-06 09:46:45] [PROGRESS] resolve extensions-by-pack> Loading data extensions in /home/oleksii-shemshur/.codeql/packages/codeql/cpp-all/12.0.1/ext/generated/modelgenerator/glibc/glibc.model.yml.
[2026-08-06 09:46:45] [DETAILS] resolve extensions-by-pack>   Found extension targeting codeql/cpp-all:summaryModel: 5488 tuples.
[2026-08-06 09:46:45] [PROGRESS] resolve extensions-by-pack> Loading data extensions in /home/oleksii-shemshur/.codeql/packages/codeql/cpp-all/12.0.1/ext/generated/modelgenerator/libidn2/libidn2.model.yml.
[2026-08-06 09:46:45] [DETAILS] resolve extensions-by-pack>   Found extension targeting codeql/cpp-all:summaryModel: 142 tuples.
[2026-08-06 09:46:45] [PROGRESS] resolve extensions-by-pack> Loading data extensions in /home/oleksii-shemshur/.codeql/packages/codeql/cpp-all/12.0.1/ext/generated/modelgenerator/libssh2/libssh2.model.yml.
[2026-08-06 09:46:45] [DETAILS] resolve extensions-by-pack>   Found extension targeting codeql/cpp-all:summaryModel: 511 tuples.
[2026-08-06 09:46:45] [PROGRESS] resolve extensions-by-pack> Loading data extensions in /home/oleksii-shemshur/.codeql/packages/codeql/cpp-all/12.0.1/ext/generated/modelgenerator/libuv/libuv.model.yml.
[2026-08-06 09:46:45] [DETAILS] resolve extensions-by-pack>   Found extension targeting codeql/cpp-all:summaryModel: 640 tuples.
[2026-08-06 09:46:45] [PROGRESS] resolve extensions-by-pack> Loading data extensions in /home/oleksii-shemshur/.codeql/packages/codeql/cpp-all/12.0.1/ext/generated/modelgenerator/nghttp2/nghttp2.model.yml.
[2026-08-06 09:46:45] [DETAILS] resolve extensions-by-pack>   Found extension targeting codeql/cpp-all:summaryModel: 565 tuples.
[2026-08-06 09:46:45] [PROGRESS] resolve extensions-by-pack> Loading data extensions in /home/oleksii-shemshur/.codeql/packages/codeql/cpp-all/12.0.1/ext/generated/modelgenerator/openssl/openssl.model.yml.
[2026-08-06 09:46:45] [DETAILS] resolve extensions-by-pack>   Found extension targeting codeql/cpp-all:summaryModel: 21578 tuples.
[2026-08-06 09:46:45] [PROGRESS] resolve extensions-by-pack> Loading data extensions in /home/oleksii-shemshur/.codeql/packages/codeql/cpp-all/12.0.1/ext/generated/modelgenerator/sqlite/sqlite.model.yml.
[2026-08-06 09:46:45] [DETAILS] resolve extensions-by-pack>   Found extension targeting codeql/cpp-all:summaryModel: 942 tuples.
[2026-08-06 09:46:45] [PROGRESS] resolve extensions-by-pack> Loading data extensions in /home/oleksii-shemshur/.codeql/packages/codeql/cpp-all/12.0.1/ext/generated/modelgenerator/zlib/zlib.model.yml.
[2026-08-06 09:46:45] [DETAILS] resolve extensions-by-pack>   Found extension targeting codeql/cpp-all:summaryModel: 162 tuples.
[2026-08-06 09:46:45] [PROGRESS] resolve extensions-by-pack> Loading data extensions in /home/oleksii-shemshur/.codeql/packages/codeql/cpp-all/12.0.1/ext/getc.model.yml.
[2026-08-06 09:46:45] [DETAILS] resolve extensions-by-pack>   Found extension targeting codeql/cpp-all:sourceModel: 13 tuples.
[2026-08-06 09:46:45] [PROGRESS] resolve extensions-by-pack> Loading data extensions in /home/oleksii-shemshur/.codeql/packages/codeql/cpp-all/12.0.1/ext/iconv.model.yml.
[2026-08-06 09:46:45] [DETAILS] resolve extensions-by-pack>   Found extension targeting codeql/cpp-all:summaryModel: 1 tuples.
[2026-08-06 09:46:45] [PROGRESS] resolve extensions-by-pack> Loading data extensions in /home/oleksii-shemshur/.codeql/packages/codeql/cpp-all/12.0.1/ext/oleauto.model.yml.
[2026-08-06 09:46:45] [DETAILS] resolve extensions-by-pack>   Found extension targeting codeql/cpp-all:summaryModel: 3 tuples.
[2026-08-06 09:46:45] [PROGRESS] resolve extensions-by-pack> Loading data extensions in /home/oleksii-shemshur/.codeql/packages/codeql/cpp-all/12.0.1/ext/pthread.model.yml.
[2026-08-06 09:46:45] [DETAILS] resolve extensions-by-pack>   Found extension targeting codeql/cpp-all:summaryModel: 1 tuples.
[2026-08-06 09:46:45] [PROGRESS] resolve extensions-by-pack> Loading data extensions in /home/oleksii-shemshur/.codeql/packages/codeql/cpp-all/12.0.1/ext/std.array.model.yml.
[2026-08-06 09:46:45] [DETAILS] resolve extensions-by-pack>   Found extension targeting codeql/cpp-all:summaryModel: 9 tuples.
[2026-08-06 09:46:45] [PROGRESS] resolve extensions-by-pack> Loading data extensions in /home/oleksii-shemshur/.codeql/packages/codeql/cpp-all/12.0.1/ext/std.deque.model.yml.
[2026-08-06 09:46:45] [DETAILS] resolve extensions-by-pack>   Found extension targeting codeql/cpp-all:summaryModel: 69 tuples.
[2026-08-06 09:46:45] [PROGRESS] resolve extensions-by-pack> Loading data extensions in /home/oleksii-shemshur/.codeql/packages/codeql/cpp-all/12.0.1/ext/std.format.model.yml.
[2026-08-06 09:46:45] [DETAILS] resolve extensions-by-pack>   Found extension targeting codeql/cpp-all:summaryModel: 9 tuples.
[2026-08-06 09:46:45] [PROGRESS] resolve extensions-by-pack> Loading data extensions in /home/oleksii-shemshur/.codeql/packages/codeql/cpp-all/12.0.1/ext/std.forward_list.model.yml.
[2026-08-06 09:46:45] [DETAILS] resolve extensions-by-pack>   Found extension targeting codeql/cpp-all:summaryModel: 52 tuples.
[2026-08-06 09:46:45] [PROGRESS] resolve extensions-by-pack> Loading data extensions in /home/oleksii-shemshur/.codeql/packages/codeql/cpp-all/12.0.1/ext/std.iterator.model.yml.
[2026-08-06 09:46:45] [DETAILS] resolve extensions-by-pack>   Found extension targeting codeql/cpp-all:summaryModel: 6 tuples.
[2026-08-06 09:46:45] [PROGRESS] resolve extensions-by-pack> Loading data extensions in /home/oleksii-shemshur/.codeql/packages/codeql/cpp-all/12.0.1/ext/std.list.model.yml.
[2026-08-06 09:46:45] [DETAILS] resolve extensions-by-pack>   Found extension targeting codeql/cpp-all:summaryModel: 67 tuples.
[2026-08-06 09:46:45] [PROGRESS] resolve extensions-by-pack> Loading data extensions in /home/oleksii-shemshur/.codeql/packages/codeql/cpp-all/12.0.1/ext/std.thread.model.yml.
[2026-08-06 09:46:45] [DETAILS] resolve extensions-by-pack>   Found extension targeting codeql/cpp-all:summaryModel: 5 tuples.
[2026-08-06 09:46:45] [PROGRESS] resolve extensions-by-pack> Loading data extensions in /home/oleksii-shemshur/.codeql/packages/codeql/cpp-all/12.0.1/ext/std.vector.model.yml.
[2026-08-06 09:46:45] [DETAILS] resolve extensions-by-pack>   Found extension targeting codeql/cpp-all:summaryModel: 56 tuples.
[2026-08-06 09:46:45] [PROGRESS] resolve extensions-by-pack> Loading data extensions in /home/oleksii-shemshur/.codeql/packages/codeql/util/2.0.41/ext/default-alert-filter.yml.
[2026-08-06 09:46:45] [DETAILS] resolve extensions-by-pack>   Found extension targeting codeql/util:restrictAlertsTo: 0 tuples.
[2026-08-06 09:46:45] [DETAILS] resolve extensions-by-pack>   Found extension targeting codeql/util:restrictAlertsToExactLocation: 0 tuples.
[2026-08-06 09:46:45] Plumbing command codeql resolve extensions-by-pack completed:
                      {
                        "models" : [ ],
                        "data" : {
                          "/home/oleksii-shemshur/work/toolchains/tools/queries" : [
                            {
                              "predicate" : "sourceModel",
                              "file" : "/home/oleksii-shemshur/.codeql/packages/codeql/cpp-all/12.0.1/ext/Boost.Asio.model.yml",
                              "index" : 0,
                              "firstRowId" : 0,
                              "rowCount" : 6,
                              "predicateHasOrigin" : true,
                              "locations" : {
                                "lineNumbers" : "A=7+1*5",
                                "columnNumbers" : "A=9*6"
                              }
                            },
                            {
                              "predicate" : "sinkModel",
                              "file" : "/home/oleksii-shemshur/.codeql/packages/codeql/cpp-all/12.0.1/ext/Boost.Asio.model.yml",
                              "index" : 1,
                              "firstRowId" : 6,
                              "rowCount" : 4,
                              "predicateHasOrigin" : true,
                              "locations" : {
                                "lineNumbers" : "A=17+1*3",
                                "columnNumbers" : "A=9*4"
                              }
                            },
                            {
                              "predicate" : "summaryModel",
                              "file" : "/home/oleksii-shemshur/.codeql/packages/codeql/cpp-all/12.0.1/ext/Boost.Asio.model.yml",
                              "index" : 2,
                              "firstRowId" : 10,
                              "rowCount" : 1,
                              "predicateHasOrigin" : true,
                              "locations" : {
                                "lineNumbers" : "A=25",
                                "columnNumbers" : "A=9"
                              }
                            },
                            {
                              "predicate" : "summaryModel",
                              "file" : "/home/oleksii-shemshur/.codeql/packages/codeql/cpp-all/12.0.1/ext/CA2CAEX.model.yml",
                              "index" : 0,
                              "firstRowId" : 11,
                              "rowCount" : 13,
                              "predicateHasOrigin" : true,
                              "locations" : {
                                "lineNumbers" : "A=6+1*12",
                                "columnNumbers" : "A=9*13"
                              }
                            },
                            {
                              "predicate" : "summaryModel",
                              "file" : "/home/oleksii-shemshur/.codeql/packages/codeql/cpp-all/12.0.1/ext/CAtlArray.model.yml",
                              "index" : 0,
                              "firstRowId" : 24,
                              "rowCount" : 10,
                              "predicateHasOrigin" : true,
                              "locations" : {
                                "lineNumbers" : "A=6+1*9",
                                "columnNumbers" : "A=9*10"
                              }
                            },
                            {
                              "predicate" : "summaryModel",
                              "file" : "/home/oleksii-shemshur/.codeql/packages/codeql/cpp-all/12.0.1/ext/CAtlFile.model.yml",
                              "index" : 0,
                              "firstRowId" : 34,
                              "rowCount" : 4,
                              "predicateHasOrigin" : true,
                              "locations" : {
                                "lineNumbers" : "A=6+1*3",
                                "columnNumbers" : "A=9*4"
                              }
                            },
                            {
                              "predicate" : "summaryModel",
                              "file" : "/home/oleksii-shemshur/.codeql/packages/codeql/cpp-all/12.0.1/ext/CAtlFileMappingBase.model.yml",
                              "index" : 0,
                              "firstRowId" : 38,
                              "rowCount" : 9,
                              "predicateHasOrigin" : true,
                              "locations" : {
                                "lineNumbers" : "A=6+1*8",
                                "columnNumbers" : "A=9*9"
                              }
                            },
                            {
                              "predicate" : "summaryModel",
                              "file" : "/home/oleksii-shemshur/.codeql/packages/codeql/cpp-all/12.0.1/ext/CAtlList.model.yml",
                              "index" : 0,
                              "firstRowId" : 47,
                              "rowCount" : 10,
                              "predicateHasOrigin" : true,
                              "locations" : {
                                "lineNumbers" : "A=6+1*9",
                                "columnNumbers" : "A=9*10"
                              }
                            },
                            {
                              "predicate" : "summaryModel",
                              "file" : "/home/oleksii-shemshur/.codeql/packages/codeql/cpp-all/12.0.1/ext/CAtlTemporaryFile.model.yml",
                              "index" : 0,
                              "firstRowId" : 57,
                              "rowCount" : 3,
                              "predicateHasOrigin" : true,
                              "locations" : {
                                "lineNumbers" : "A=6+1*2",
                                "columnNumbers" : "A=9*3"
                              }
                            },
                            {
                              "predicate" : "summaryModel",
                              "file" : "/home/oleksii-shemshur/.codeql/packages/codeql/cpp-all/12.0.1/ext/CComBSTR.model.yml",
                              "index" : 0,
                              "firstRowId" : 60,
                              "rowCount" : 28,
                              "predicateHasOrigin" : true,
                              "locations" : {
                                "lineNumbers" : "A=6+1*27",
                                "columnNumbers" : "A=9*28"
                              }
                            },
                            {
                              "predicate" : "summaryModel",
                              "file" : "/home/oleksii-shemshur/.codeql/packages/codeql/cpp-all/12.0.1/ext/CComSafeArray.model.yml",
                              "index" : 0,
                              "firstRowId" : 88,
                              "rowCount" : 21,
                              "predicateHasOrigin" : true,
                              "locations" : {
                                "lineNumbers" : "A=6+1*20",
                                "columnNumbers" : "A=9*21"
                              }
                            },
                            {
                              "predicate" : "summaryModel",
                              "file" : "/home/oleksii-shemshur/.codeql/packages/codeql/cpp-all/12.0.1/ext/CPathT.model.yml",
                              "index" : 0,
                              "firstRowId" : 109,
                              "rowCount" : 15,
                              "predicateHasOrigin" : true,
                              "locations" : {
                                "lineNumbers" : "A=6+1*10+4+1*3",
                                "columnNumbers" : "A=9*15"
                              }
                            },
                            {
                              "predicate" : "summaryModel",
                              "file" : "/home/oleksii-shemshur/.codeql/packages/codeql/cpp-all/12.0.1/ext/CRegKey.model.yml",
                              "index" : 0,
                              "firstRowId" : 124,
                              "rowCount" : 15,
                              "predicateHasOrigin" : true,
                              "locations" : {
                                "lineNumbers" : "A=6+1*14",
                                "columnNumbers" : "A=9*15"
                              }
                            },
                            {
                              "predicate" : "summaryModel",
                              "file" : "/home/oleksii-shemshur/.codeql/packages/codeql/cpp-all/12.0.1/ext/CSimpleArray.model.yml",
                              "index" : 0,
                              "firstRowId" : 139,
                              "rowCount" : 7,
                              "predicateHasOrigin" : true,
                              "locations" : {
                                "lineNumbers" : "A=6+1*6",
                                "columnNumbers" : "A=9*7"
                              }
                            },
                            {
                              "predicate" : "summaryModel",
                              "file" : "/home/oleksii-shemshur/.codeql/packages/codeql/cpp-all/12.0.1/ext/CSimpleMap.model.yml",
                              "index" : 0,
                              "firstRowId" : 146,
                              "rowCount" : 8,
                              "predicateHasOrigin" : true,
                              "locations" : {
                                "lineNumbers" : "A=6+1*7",
                                "columnNumbers" : "A=9*8"
                              }
                            },
                            {
                              "predicate" : "summaryModel",
                              "file" : "/home/oleksii-shemshur/.codeql/packages/codeql/cpp-all/12.0.1/ext/CSimpleStringT.model.yml",
                              "index" : 0,
                              "firstRowId" : 154,
                              "rowCount" : 37,
                              "predicateHasOrigin" : true,
                              "locations" : {
                                "lineNumbers" : "A=6+1*36",
                                "columnNumbers" : "A=9*37"
                              }
                            },
                            {
                              "predicate" : "summaryModel",
                              "file" : "/home/oleksii-shemshur/.codeql/packages/codeql/cpp-all/12.0.1/ext/CStrBufT.model.yml",
                              "index" : 0,
                              "firstRowId" : 191,
                              "rowCount" : 3,
                              "predicateHasOrigin" : true,
                              "locations" : {
                                "lineNumbers" : "A=6+1*2",
                                "columnNumbers" : "A=9*3"
                              }
                            },
                            {
                              "predicate" : "summaryModel",
                              "file" : "/home/oleksii-shemshur/.codeql/packages/codeql/cpp-all/12.0.1/ext/CStringData.model.yml",
                              "index" : 0,
                              "firstRowId" : 194,
                              "rowCount" : 1,
                              "predicateHasOrigin" : true,
                              "locations" : {
                                "lineNumbers" : "A=6",
                                "columnNumbers" : "A=9"
                              }
                            },
                            {
                              "predicate" : "summaryModel",
                              "file" : "/home/oleksii-shemshur/.codeql/packages/codeql/cpp-all/12.0.1/ext/CStringT.model.yml",
                              "index" : 0,
                              "firstRowId" : 195,
                              "rowCount" : 113,
                              "predicateHasOrigin" : true,
                              "locations" : {
                                "lineNumbers" : "A=6+1*112",
                                "columnNumbers" : "A=9*113"
                              }
                            },
                            {
                              "predicate" : "summaryModel",
                              "file" : "/home/oleksii-shemshur/.codeql/packages/codeql/cpp-all/12.0.1/ext/CUrl.model.yml",
                              "index" : 0,
                              "firstRowId" : 308,
                              "rowCount" : 17,
                              "predicateHasOrigin" : true,
                              "locations" : {
                                "lineNumbers" : "A=6+1*16",
                                "columnNumbers" : "A=9*17"
                              }
                            },
                            {
                              "predicate" : "summaryModel",
                              "file" : "/home/oleksii-shemshur/.codeql/packages/codeql/cpp-all/12.0.1/ext/ComPtr.model.yml",
                              "index" : 0,
                              "firstRowId" : 325,
                              "rowCount" : 26,
                              "predicateHasOrigin" : true,
                              "locations" : {
                                "lineNumbers" : "A=6+1*25",
                                "columnNumbers" : "A=9*26"
                              }
                            },
                            {
                              "predicate" : "summaryModel",
                              "file" : "/home/oleksii-shemshur/.codeql/packages/codeql/cpp-all/12.0.1/ext/ComPtrRef.model.yml",
                              "index" : 0,
                              "firstRowId" : 351,
                              "rowCount" : 5,
                              "predicateHasOrigin" : true,
                              "locations" : {
                                "lineNumbers" : "A=6+1+2*2+1",
                                "columnNumbers" : "A=9*5"
                              }
                            },
                            {
                              "predicate" : "summaryModel",
                              "file" : "/home/oleksii-shemshur/.codeql/packages/codeql/cpp-all/12.0.1/ext/MySql.model.yml",
                              "index" : 0,
                              "firstRowId" : 356,
                              "rowCount" : 2,
                              "predicateHasOrigin" : true,
                              "locations" : {
                                "lineNumbers" : "A=7+1",
                                "columnNumbers" : "A=9*2"
                              }
                            },
                            {
                              "predicate" : "barrierModel",
                              "file" : "/home/oleksii-shemshur/.codeql/packages/codeql/cpp-all/12.0.1/ext/MySql.model.yml",
                              "index" : 1,
                              "firstRowId" : 358,
                              "rowCount" : 2,
                              "predicateHasOrigin" : true,
                              "locations" : {
                                "lineNumbers" : "A=13+1",
                                "columnNumbers" : "A=9*2"
                              }
                            },
                            {
                              "predicate" : "sinkModel",
                              "file" : "/home/oleksii-shemshur/.codeql/packages/codeql/cpp-all/12.0.1/ext/Oracle.oci.model.yml",
                              "index" : 0,
                              "firstRowId" : 360,
                              "rowCount" : 2,
                              "predicateHasOrigin" : true,
                              "locations" : {
                                "lineNumbers" : "A=7+1",
                                "columnNumbers" : "A=9*2"
                              }
                            },
                            {
                              "predicate" : "sourceModel",
                              "file" : "/home/oleksii-shemshur/.codeql/packages/codeql/cpp-all/12.0.1/ext/Strsafe.model.yml",
                              "index" : 0,
                              "firstRowId" : 362,
                              "rowCount" : 8,
                              "predicateHasOrigin" : true,
                              "locations" : {
                                "lineNumbers" : "A=8+1+2+1+2+1+2+1",
                                "columnNumbers" : "A=9*8"
                              }
                            },
                            {
                              "predicate" : "summaryModel",
                              "file" : "/home/oleksii-shemshur/.codeql/packages/codeql/cpp-all/12.0.1/ext/Strsafe.model.yml",
                              "index" : 1,
                              "firstRowId" : 370,
                              "rowCount" : 48,
                              "predicateHasOrigin" : true,
                              "locations" : {
                                "lineNumbers" : "A=24+1+2+1+2+1+2+1+2+1+2+1+2+1+2+1+2+1+2+1+2+1+2+1+2+1+2+1+2+1+2+1+2+1+2+1+2+1+2+1+2+1+2+1+2+1+2+1",
                                "columnNumbers" : "A=9*48"
                              }
                            },
                            {
                              "predicate" : "sourceModel",
                              "file" : "/home/oleksii-shemshur/.codeql/packages/codeql/cpp-all/12.0.1/ext/Windows.model.yml",
                              "index" : 0,
                              "firstRowId" : 418,
                              "rowCount" : 25,
                              "predicateHasOrigin" : true,
                              "locations" : {
                                "lineNumbers" : "A=8+1*5+2+1+2+1*6+2*2+1*8",
                                "columnNumbers" : "A=9*25"
                              }
                            },
                            {
                              "predicate" : "summaryModel",
                              "file" : "/home/oleksii-shemshur/.codeql/packages/codeql/cpp-all/12.0.1/ext/Windows.model.yml",
                              "index" : 1,
                              "firstRowId" : 443,
                              "rowCount" : 15,
                              "predicateHasOrigin" : true,
                              "locations" : {
                                "lineNumbers" : "A=42+1+2*2+1*2+2+1*6+2*2",
                                "columnNumbers" : "A=9*15"
                              }
                            },
                            {
                              "predicate" : "sourceModel",
                              "file" : "/home/oleksii-shemshur/.codeql/packages/codeql/cpp-all/12.0.1/ext/ZMQ.model.yml",
                              "index" : 0,
                              "firstRowId" : 458,
                              "rowCount" : 3,
                              "predicateHasOrigin" : true,
                              "locations" : {
                                "lineNumbers" : "A=7+1*2",
                                "columnNumbers" : "A=9*3"
                              }
                            },
                            {
                              "predicate" : "sinkModel",
                              "file" : "/home/oleksii-shemshur/.codeql/packages/codeql/cpp-all/12.0.1/ext/ZMQ.model.yml",
                              "index" : 1,
                              "firstRowId" : 461,
                              "rowCount" : 3,
                              "predicateHasOrigin" : true,
                              "locations" : {
                                "lineNumbers" : "A=14+1*2",
                                "columnNumbers" : "A=9*3"
                              }
                            },
                            {
                              "predicate" : "summaryModel",
                              "file" : "/home/oleksii-shemshur/.codeql/packages/codeql/cpp-all/12.0.1/ext/ZMQ.model.yml",
                              "index" : 2,
                              "firstRowId" : 464,
                              "rowCount" : 2,
                              "predicateHasOrigin" : true,
                              "locations" : {
                                "lineNumbers" : "A=21+1",
                                "columnNumbers" : "A=9*2"
                              }
                            },
                            {
                              "predicate" : "allocationFunctionModel",
                              "file" : "/home/oleksii-shemshur/.codeql/packages/codeql/cpp-all/12.0.1/ext/allocation/Bsd.allocation.model.yml",
                              "index" : 0,
                              "firstRowId" : 466,
                              "rowCount" : 2,
                              "predicateHasOrigin" : false,
                              "locations" : {
                                "lineNumbers" : "A=6+1",
                                "columnNumbers" : "A=9*2"
                              }
                            },
                            {
                              "predicate" : "allocationFunctionModel",
                              "file" : "/home/oleksii-shemshur/.codeql/packages/codeql/cpp-all/12.0.1/ext/allocation/Glibc.allocation.model.yml",
                              "index" : 0,
                              "firstRowId" : 468,
                              "rowCount" : 2,
                              "predicateHasOrigin" : false,
                              "locations" : {
                                "lineNumbers" : "A=6+1",
                                "columnNumbers" : "A=9*2"
                              }
                            },
                            {
                              "predicate" : "allocationFunctionModel",
                              "file" : "/home/oleksii-shemshur/.codeql/packages/codeql/cpp-all/12.0.1/ext/allocation/OpenSSL.allocation.model.yml",
                              "index" : 0,
                              "firstRowId" : 470,
                              "rowCount" : 4,
                              "predicateHasOrigin" : false,
                              "locations" : {
                                "lineNumbers" : "A=6+1*3",
                                "columnNumbers" : "A=9*4"
                              }
                            },
                            {
                              "predicate" : "allocationFunctionModel",
                              "file" : "/home/oleksii-shemshur/.codeql/packages/codeql/cpp-all/12.0.1/ext/allocation/Std.allocation.model.yml",
                              "index" : 0,
                              "firstRowId" : 474,
                              "rowCount" : 13,
                              "predicateHasOrigin" : false,
                              "locations" : {
                                "lineNumbers" : "A=6+1*12",
                                "columnNumbers" : "A=9*13"
                              }
                            },
                            {
                              "predicate" : "allocationFunctionModel",
                              "file" : "/home/oleksii-shemshur/.codeql/packages/codeql/cpp-all/12.0.1/ext/allocation/Windows.allocation.model.yml",
                              "index" : 0,
                              "firstRowId" : 487,
                              "rowCount" : 24,
                              "predicateHasOrigin" : false,
                              "locations" : {
                                "lineNumbers" : "A=6+1*23",
                                "columnNumbers" : "A=9*24"
                              }
                            },
                            {
                              "predicate" : "allocationFunctionModel",
                              "file" : "/home/oleksii-shemshur/.codeql/packages/codeql/cpp-all/12.0.1/ext/allocation/empty.allocation.model.yml",
                              "index" : 0,
                              "firstRowId" : 511,
                              "rowCount" : 0,
                              "predicateHasOrigin" : false,
                              "locations" : {
                                "lineNumbers" : "A",
                                "columnNumbers" : "A"
                              }
                            },
                            {
                              "predicate" : "sourceModel",
                              "file" : "/home/oleksii-shemshur/.codeql/packages/codeql/cpp-all/12.0.1/ext/azure.core.model.yml",
                              "index" : 0,
                              "firstRowId" : 511,
                              "rowCount" : 6,
                              "predicateHasOrigin" : true,
                              "locations" : {
                                "lineNumbers" : "A=6+1*5",
                                "columnNumbers" : "A=9*6"
                              }
                            },
                            {
                              "predicate" : "summaryModel",
                              "file" : "/home/oleksii-shemshur/.codeql/packages/codeql/cpp-all/12.0.1/ext/azure.core.model.yml",
                              "index" : 1,
                              "firstRowId" : 517,
                              "rowCount" : 25,
                              "predicateHasOrigin" : true,
                              "locations" : {
                                "lineNumbers" : "A=17+1*24",
                                "columnNumbers" : "A=9*25"
                              }
                            },
                            {
                              "predicate" : "summaryModel",
                              "file" : "/home/oleksii-shemshur/.codeql/packages/codeql/cpp-all/12.0.1/ext/bsl.array.model.yml",
                              "index" : 0,
                              "firstRowId" : 542,
                              "rowCount" : 9,
                              "predicateHasOrigin" : true,
                              "locations" : {
                                "lineNumbers" : "A=6+1*8",
                                "columnNumbers" : "A=9*9"
                              }
                            },
                            {
                              "predicate" : "summaryModel",
                              "file" : "/home/oleksii-shemshur/.codeql/packages/codeql/cpp-all/12.0.1/ext/bsl.deque.model.yml",
                              "index" : 0,
                              "firstRowId" : 551,
                              "rowCount" : 69,
                              "predicateHasOrigin" : true,
                              "locations" : {
                                "lineNumbers" : "A=6+1*68",
                                "columnNumbers" : "A=9*69"
                              }
                            },
                            {
                              "predicate" : "summaryModel",
                              "file" : "/home/oleksii-shemshur/.codeql/packages/codeql/cpp-all/12.0.1/ext/bsl.forward_list.model.yml",
                              "index" : 0,
                              "firstRowId" : 620,
                              "rowCount" : 52,
                              "predicateHasOrigin" : true,
                              "locations" : {
                                "lineNumbers" : "A=6+1*51",
                                "columnNumbers" : "A=9*52"
                              }
                            },
                            {
                              "predicate" : "summaryModel",
                              "file" : "/home/oleksii-shemshur/.codeql/packages/codeql/cpp-all/12.0.1/ext/bsl.list.model.yml",
                              "index" : 0,
                              "firstRowId" : 672,
                              "rowCount" : 67,
                              "predicateHasOrigin" : true,
                              "locations" : {
                                "lineNumbers" : "A=6+1*66",
                                "columnNumbers" : "A=9*67"
                              }
                            },
                            {
                              "predicate" : "summaryModel",
                              "file" : "/home/oleksii-shemshur/.codeql/packages/codeql/cpp-all/12.0.1/ext/bsl.vector.model.yml",
                              "index" : 0,
                              "firstRowId" : 739,
                              "rowCount" : 56,
                              "predicateHasOrigin" : true,
                              "locations" : {
                                "lineNumbers" : "A=6+1*55",
                                "columnNumbers" : "A=9*56"
                              }
                            },
                            {
                              "predicate" : "summaryModel",
                              "file" : "/home/oleksii-shemshur/.codeql/packages/codeql/cpp-all/12.0.1/ext/cctype.model.yml",
                              "index" : 0,
                              "firstRowId" : 795,
                              "rowCount" : 4,
                              "predicateHasOrigin" : true,
                              "locations" : {
                                "lineNumbers" : "A=6+1*3",
                                "columnNumbers" : "A=9*4"
                              }
                            },
                            {
                              "predicate" : "deallocationFunctionModel",
                              "file" : "/home/oleksii-shemshur/.codeql/packages/codeql/cpp-all/12.0.1/ext/deallocation/Bsd.deallocation.model.yml",
                              "index" : 0,
                              "firstRowId" : 799,
                              "rowCount" : 3,
                              "predicateHasOrigin" : false,
                              "locations" : {
                                "lineNumbers" : "A=6+1*2",
                                "columnNumbers" : "A=9*3"
                              }
                            },
                            {
                              "predicate" : "deallocationFunctionModel",
                              "file" : "/home/oleksii-shemshur/.codeql/packages/codeql/cpp-all/12.0.1/ext/deallocation/Std.deallocation.model.yml",
                              "index" : 0,
                              "firstRowId" : 802,
                              "rowCount" : 37,
                              "predicateHasOrigin" : false,
                              "locations" : {
                                "lineNumbers" : "A=6+1*36",
                                "columnNumbers" : "A=9*37"
                              }
                            },
                            {
                              "predicate" : "deallocationFunctionModel",
                              "file" : "/home/oleksii-shemshur/.codeql/packages/codeql/cpp-all/12.0.1/ext/deallocation/Windows.deallocation.model.yml",
                              "index" : 0,
                              "firstRowId" : 839,
                              "rowCount" : 36,
                              "predicateHasOrigin" : false,
                              "locations" : {
                                "lineNumbers" : "A=6+1*35",
                                "columnNumbers" : "A=9*36"
                              }
                            },
                            {
                              "predicate" : "deallocationFunctionModel",
                              "file" : "/home/oleksii-shemshur/.codeql/packages/codeql/cpp-all/12.0.1/ext/deallocation/empty.deallocation.model.yml",
                              "index" : 0,
                              "firstRowId" : 875,
                              "rowCount" : 0,
                              "predicateHasOrigin" : false,
                              "locations" : {
                                "lineNumbers" : "A",
                                "columnNumbers" : "A"
                              }
                            },
                            {
                              "predicate" : "sourceModel",
                              "file" : "/home/oleksii-shemshur/.codeql/packages/codeql/cpp-all/12.0.1/ext/empty.model.yml",
                              "index" : 0,
                              "firstRowId" : 875,
                              "rowCount" : 0,
                              "predicateHasOrigin" : true,
                              "locations" : {
                                "lineNumbers" : "A",
                                "columnNumbers" : "A"
                              }
                            },
                            {
                              "predicate" : "sinkModel",
                              "file" : "/home/oleksii-shemshur/.codeql/packages/codeql/cpp-all/12.0.1/ext/empty.model.yml",
                              "index" : 1,
                              "firstRowId" : 875,
                              "rowCount" : 0,
                              "predicateHasOrigin" : true,
                              "locations" : {
                                "lineNumbers" : "A",
                                "columnNumbers" : "A"
                              }
                            },
                            {
                              "predicate" : "barrierModel",
                              "file" : "/home/oleksii-shemshur/.codeql/packages/codeql/cpp-all/12.0.1/ext/empty.model.yml",
                              "index" : 2,
                              "firstRowId" : 875,
                              "rowCount" : 0,
                              "predicateHasOrigin" : true,
                              "locations" : {
                                "lineNumbers" : "A",
                                "columnNumbers" : "A"
                              }
                            },
                            {
                              "predicate" : "barrierGuardModel",
                              "file" : "/home/oleksii-shemshur/.codeql/packages/codeql/cpp-all/12.0.1/ext/empty.model.yml",
                              "index" : 3,
                              "firstRowId" : 875,
                              "rowCount" : 0,
                              "predicateHasOrigin" : true,
                              "locations" : {
                                "lineNumbers" : "A",
                                "columnNumbers" : "A"
                              }
                            },
                            {
                              "predicate" : "summaryModel",
                              "file" : "/home/oleksii-shemshur/.codeql/packages/codeql/cpp-all/12.0.1/ext/empty.model.yml",
                              "index" : 4,
                              "firstRowId" : 875,
                              "rowCount" : 0,
                              "predicateHasOrigin" : true,
                              "locations" : {
                                "lineNumbers" : "A",
                                "columnNumbers" : "A"
                              }
                            },
                            {
                              "predicate" : "summaryModel",
                              "file" : "/home/oleksii-shemshur/.codeql/packages/codeql/cpp-all/12.0.1/ext/generated/empty.model.yml",
                              "index" : 0,
                              "firstRowId" : 875,
                              "rowCount" : 0,
                              "predicateHasOrigin" : true,
                              "locations" : {
                                "lineNumbers" : "A",
                                "columnNumbers" : "A"
                              }
                            },
                            {
                              "predicate" : "summaryModel",
                              "file" : "/home/oleksii-shemshur/.codeql/packages/codeql/cpp-all/12.0.1/ext/generated/modelgenerator/brotli/brotli.model.yml",
                              "index" : 0,
                              "firstRowId" : 875,
                              "rowCount" : 474,
                              "predicateHasOrigin" : true,
                              "locations" : {
                                "lineNumbers" : "A=7+1*473",
                                "columnNumbers" : "A=9*474"
                              }
                            },
                            {
                              "predicate" : "summaryModel",
                              "file" : "/home/oleksii-shemshur/.codeql/packages/codeql/cpp-all/12.0.1/ext/generated/modelgenerator/curl/curl.model.yml",
                              "index" : 0,
                              "firstRowId" : 1349,
                              "rowCount" : 953,
                              "predicateHasOrigin" : true,
                              "locations" : {
                                "lineNumbers" : "A=7+1*952",
                                "columnNumbers" : "A=9*953"
                              }
                            },
                            {
                              "predicate" : "summaryModel",
                              "file" : "/home/oleksii-shemshur/.codeql/packages/codeql/cpp-all/12.0.1/ext/generated/modelgenerator/glibc/glibc.model.yml",
                              "index" : 0,
                              "firstRowId" : 2302,
                              "rowCount" : 5488,
                              "predicateHasOrigin" : true,
                              "locations" : {
                                "lineNumbers" : "A=7+1*5487",
                                "columnNumbers" : "A=9*5488"
                              }
                            },
                            {
                              "predicate" : "summaryModel",
                              "file" : "/home/oleksii-shemshur/.codeql/packages/codeql/cpp-all/12.0.1/ext/generated/modelgenerator/libidn2/libidn2.model.yml",
                              "index" : 0,
                              "firstRowId" : 7790,
                              "rowCount" : 142,
                              "predicateHasOrigin" : true,
                              "locations" : {
                                "lineNumbers" : "A=7+1*141",
                                "columnNumbers" : "A=9*142"
                              }
                            },
                            {
                              "predicate" : "summaryModel",
                              "file" : "/home/oleksii-shemshur/.codeql/packages/codeql/cpp-all/12.0.1/ext/generated/modelgenerator/libssh2/libssh2.model.yml",
                              "index" : 0,
                              "firstRowId" : 7932,
                              "rowCount" : 511,
                              "predicateHasOrigin" : true,
                              "locations" : {
                                "lineNumbers" : "A=7+1*510",
                                "columnNumbers" : "A=9*511"
                              }
                            },
                            {
                              "predicate" : "summaryModel",
                              "file" : "/home/oleksii-shemshur/.codeql/packages/codeql/cpp-all/12.0.1/ext/generated/modelgenerator/libuv/libuv.model.yml",
                              "index" : 0,
                              "firstRowId" : 8443,
                              "rowCount" : 640,
                              "predicateHasOrigin" : true,
                              "locations" : {
                                "lineNumbers" : "A=7+1*639",
                                "columnNumbers" : "A=9*640"
                              }
                            },
                            {
                              "predicate" : "summaryModel",
                              "file" : "/home/oleksii-shemshur/.codeql/packages/codeql/cpp-all/12.0.1/ext/generated/modelgenerator/nghttp2/nghttp2.model.yml",
                              "index" : 0,
                              "firstRowId" : 9083,
                              "rowCount" : 565,
                              "predicateHasOrigin" : true,
                              "locations" : {
                                "lineNumbers" : "A=7+1*564",
                                "columnNumbers" : "A=9*565"
                              }
                            },
                            {
                              "predicate" : "summaryModel",
                              "file" : "/home/oleksii-shemshur/.codeql/packages/codeql/cpp-all/12.0.1/ext/generated/modelgenerator/openssl/openssl.model.yml",
                              "index" : 0,
                              "firstRowId" : 9648,
                              "rowCount" : 21578,
                              "predicateHasOrigin" : true,
                              "locations" : {
                                "lineNumbers" : "A=7+1*21577",
                                "columnNumbers" : "A=9*21578"
                              }
                            },
                            {
                              "predicate" : "summaryModel",
                              "file" : "/home/oleksii-shemshur/.codeql/packages/codeql/cpp-all/12.0.1/ext/generated/modelgenerator/sqlite/sqlite.model.yml",
                              "index" : 0,
                              "firstRowId" : 31226,
                              "rowCount" : 942,
                              "predicateHasOrigin" : true,
                              "locations" : {
                                "lineNumbers" : "A=7+1*941",
                                "columnNumbers" : "A=9*942"
                              }
                            },
                            {
                              "predicate" : "summaryModel",
                              "file" : "/home/oleksii-shemshur/.codeql/packages/codeql/cpp-all/12.0.1/ext/generated/modelgenerator/zlib/zlib.model.yml",
                              "index" : 0,
                              "firstRowId" : 32168,
                              "rowCount" : 162,
                              "predicateHasOrigin" : true,
                              "locations" : {
                                "lineNumbers" : "A=7+1*161",
                                "columnNumbers" : "A=9*162"
                              }
                            },
                            {
                              "predicate" : "sourceModel",
                              "file" : "/home/oleksii-shemshur/.codeql/packages/codeql/cpp-all/12.0.1/ext/getc.model.yml",
                              "index" : 0,
                              "firstRowId" : 32330,
                              "rowCount" : 13,
                              "predicateHasOrigin" : true,
                              "locations" : {
                                "lineNumbers" : "A=7+1*12",
                                "columnNumbers" : "A=9*13"
                              }
                            },
                            {
                              "predicate" : "summaryModel",
                              "file" : "/home/oleksii-shemshur/.codeql/packages/codeql/cpp-all/12.0.1/ext/iconv.model.yml",
                              "index" : 0,
                              "firstRowId" : 32343,
                              "rowCount" : 1,
                              "predicateHasOrigin" : true,
                              "locations" : {
                                "lineNumbers" : "A=6",
                                "columnNumbers" : "A=9"
                              }
                            },
                            {
                              "predicate" : "summaryModel",
                              "file" : "/home/oleksii-shemshur/.codeql/packages/codeql/cpp-all/12.0.1/ext/oleauto.model.yml",
                              "index" : 0,
                              "firstRowId" : 32344,
                              "rowCount" : 3,
                              "predicateHasOrigin" : true,
                              "locations" : {
                                "lineNumbers" : "A=6+1*2",
                                "columnNumbers" : "A=9*3"
                              }
                            },
                            {
                              "predicate" : "summaryModel",
                              "file" : "/home/oleksii-shemshur/.codeql/packages/codeql/cpp-all/12.0.1/ext/pthread.model.yml",
                              "index" : 0,
                              "firstRowId" : 32347,
                              "rowCount" : 1,
                              "predicateHasOrigin" : true,
                              "locations" : {
                                "lineNumbers" : "A=6",
                                "columnNumbers" : "A=9"
                              }
                            },
                            {
                              "predicate" : "summaryModel",
                              "file" : "/home/oleksii-shemshur/.codeql/packages/codeql/cpp-all/12.0.1/ext/std.array.model.yml",
                              "index" : 0,
                              "firstRowId" : 32348,
                              "rowCount" : 9,
                              "predicateHasOrigin" : true,
                              "locations" : {
                                "lineNumbers" : "A=6+1*8",
                                "columnNumbers" : "A=9*9"
                              }
                            },
                            {
                              "predicate" : "summaryModel",
                              "file" : "/home/oleksii-shemshur/.codeql/packages/codeql/cpp-all/12.0.1/ext/std.deque.model.yml",
                              "index" : 0,
                              "firstRowId" : 32357,
                              "rowCount" : 69,
                              "predicateHasOrigin" : true,
                              "locations" : {
                                "lineNumbers" : "A=6+1*68",
                                "columnNumbers" : "A=9*69"
                              }
                            },
                            {
                              "predicate" : "summaryModel",
                              "file" : "/home/oleksii-shemshur/.codeql/packages/codeql/cpp-all/12.0.1/ext/std.format.model.yml",
                              "index" : 0,
                              "firstRowId" : 32426,
                              "rowCount" : 9,
                              "predicateHasOrigin" : true,
                              "locations" : {
                                "lineNumbers" : "A=6+1*8",
                                "columnNumbers" : "A=9*9"
                              }
                            },
                            {
                              "predicate" : "summaryModel",
                              "file" : "/home/oleksii-shemshur/.codeql/packages/codeql/cpp-all/12.0.1/ext/std.forward_list.model.yml",
                              "index" : 0,
                              "firstRowId" : 32435,
                              "rowCount" : 52,
                              "predicateHasOrigin" : true,
                              "locations" : {
                                "lineNumbers" : "A=6+1*51",
                                "columnNumbers" : "A=9*52"
                              }
                            },
                            {
                              "predicate" : "summaryModel",
                              "file" : "/home/oleksii-shemshur/.codeql/packages/codeql/cpp-all/12.0.1/ext/std.iterator.model.yml",
                              "index" : 0,
                              "firstRowId" : 32487,
                              "rowCount" : 6,
                              "predicateHasOrigin" : true,
                              "locations" : {
                                "lineNumbers" : "A=6+1*5",
                                "columnNumbers" : "A=9*6"
                              }
                            },
                            {
                              "predicate" : "summaryModel",
                              "file" : "/home/oleksii-shemshur/.codeql/packages/codeql/cpp-all/12.0.1/ext/std.list.model.yml",
                              "index" : 0,
                              "firstRowId" : 32493,
                              "rowCount" : 67,
                              "predicateHasOrigin" : true,
                              "locations" : {
                                "lineNumbers" : "A=6+1*66",
                                "columnNumbers" : "A=9*67"
                              }
                            },
                            {
                              "predicate" : "summaryModel",
                              "file" : "/home/oleksii-shemshur/.codeql/packages/codeql/cpp-all/12.0.1/ext/std.thread.model.yml",
                              "index" : 0,
                              "firstRowId" : 32560,
                              "rowCount" : 5,
                              "predicateHasOrigin" : true,
                              "locations" : {
                                "lineNumbers" : "A=6+1*4",
                                "columnNumbers" : "A=9*5"
                              }
                            },
                            {
                              "predicate" : "summaryModel",
                              "file" : "/home/oleksii-shemshur/.codeql/packages/codeql/cpp-all/12.0.1/ext/std.vector.model.yml",
                              "index" : 0,
                              "firstRowId" : 32565,
                              "rowCount" : 56,
                              "predicateHasOrigin" : true,
                              "locations" : {
                                "lineNumbers" : "A=6+1*55",
                                "columnNumbers" : "A=9*56"
                              }
                            },
                            {
                              "predicate" : "restrictAlertsTo",
                              "file" : "/home/oleksii-shemshur/.codeql/packages/codeql/util/2.0.41/ext/default-alert-filter.yml",
                              "index" : 0,
                              "firstRowId" : 32621,
                              "rowCount" : 0,
                              "predicateHasOrigin" : false,
                              "locations" : {
                                "lineNumbers" : "A",
                                "columnNumbers" : "A"
                              }
                            },
                            {
                              "predicate" : "restrictAlertsToExactLocation",
                              "file" : "/home/oleksii-shemshur/.codeql/packages/codeql/util/2.0.41/ext/default-alert-filter.yml",
                              "index" : 1,
                              "firstRowId" : 32621,
                              "rowCount" : 0,
                              "predicateHasOrigin" : false,
                              "locations" : {
                                "lineNumbers" : "A",
                                "columnNumbers" : "A"
                              }
                            }
                          ]
                        },
                        "threatModels" : { },
                        "extensionPacks" : [ ]
                      }
[2026-08-06 09:46:45] [SPAMMY] execute query-server2> Selected JGit Git client for /home/oleksii-shemshur/work/toolchains/tools/queries because the Git OID format could not be determined.
[2026-08-06 09:46:46] Starting evaluation of /home/oleksii-shemshur/work/toolchains/tools/queries/compilation_class.ql
[2026-08-06 09:46:46] (0s) Start query execution
[2026-08-06 09:46:46] (0s) Beginning execution of /home/oleksii-shemshur/work/toolchains/tools/queries/compilation_class.ql
[2026-08-06 09:46:46] (0s)  >>> Created relation files/2@ec93749g with 2915 rows and digest 8b0383q4a477hj6mr7hfp3fn339.
[2026-08-06 09:46:46] (0s)  >>> Created relation attribute_args/5@6b25e07j with 2096 rows and digest 3303a58bhfh12v3lgcsj35teutb.
[2026-08-06 09:46:46] (0s) Starting to evaluate predicate attribute_args_10#join_rhs/2@a8715d5q
[2026-08-06 09:46:46] (0s)  >>> Created relation attribute_args_10#join_rhs/2@a8715d5q with 2096 rows and digest a58ca7ps5kp5n7e9rmrdmq2u0e3.
[2026-08-06 09:46:46] (0s) Starting to evaluate predicate @attribute_arg_constant_expr/1@f27c1a7o
[2026-08-06 09:46:46] (0s)  >>> Created relation @attribute_arg_constant_expr/1@f27c1a7o with 1328 rows and digest ed7a741q1rqpo3c7tpaqdqa51o0.
[2026-08-06 09:46:46] (0s)  >>> Created relation attribute_arg_constant/2@6ab7b0h9 with 1328 rows and digest 8543742a02mvvm4tu1l6quha36f.
[2026-08-06 09:46:46] (0s) Starting to evaluate predicate #attribute_arg_constantMerge_10#join_rhs/2@3bfb3ffu
[2026-08-06 09:46:46] (0s)  >>> Created relation #attribute_arg_constantMerge_10#join_rhs/2@3bfb3ffu with 1328 rows and digest 4e1b73vs9n1vbu51n07ju5k565f.
[2026-08-06 09:46:46] (0s)  >>> Created relation attribute_arg_expr/2@ffeebe73 with 231 rows and digest 0b55c05fism612pdjto9g8da8c8.
[2026-08-06 09:46:46] (0s) Starting to evaluate predicate #attribute_arg_exprMerge_10#join_rhs/2@180beb0t
[2026-08-06 09:46:46] (0s)  >>> Created relation #attribute_arg_exprMerge_10#join_rhs/2@180beb0t with 231 rows and digest 626b9fq5qdnpq2f4keomi96el9d.
[2026-08-06 09:46:46] (0s)  >>> Created relation usings/4@3076faca with 787 rows and digest 1dc824j828u1l4ttlcl4vb7scod.
[2026-08-06 09:46:46] (0s) Starting to evaluate predicate #usingsMerge_10#join_rhs/2@96908cl7
[2026-08-06 09:46:46] (0s)  >>> Created relation #usingsMerge_10#join_rhs/2@96908cl7 with 787 rows and digest c60d24tj002a455hbtfii7bl6g2.
[2026-08-06 09:46:47] (0s)  >>> Created relation exprs/3@3564efhr with 10156860 rows and digest 6a1993ige79brdoq26sepi8qiha.
[2026-08-06 09:46:47] (0s) Starting to evaluate predicate exprs_10#join_rhs/2@0a156eph
[2026-08-06 09:46:48] (1s)  >>> Created relation exprs_10#join_rhs/2@0a156eph with 10156860 rows and digest 1266dfo7g7i5cqohsa4up3l3vc2.
[2026-08-06 09:46:48] (1s) Starting to evaluate predicate @literal/1@ba9002q1
[2026-08-06 09:46:48] (1s)  >>> Created relation @literal/1@ba9002q1 with 1637127 rows and digest c6d0367j785q0tm23fvm8vfq383.
[2026-08-06 09:46:48] (1s) Starting to evaluate predicate @reuseexpr/1@e270fe9p
[2026-08-06 09:46:48] (1s)  >>> Created relation @reuseexpr/1@e270fe9p with 460 rows and digest 735911e3meqii6cvntajomql5u3.
[2026-08-06 09:46:48] (1s)  >>> Created relation expr_reuse/3@d3f339s9 with 460 rows and digest 671237hf475hgt5l2nptgtoci2b.
[2026-08-06 09:46:48] (1s) Starting to evaluate predicate #expr_reuseMerge_10#join_rhs/2@423ac396
[2026-08-06 09:46:48] (1s)  >>> Created relation #expr_reuseMerge_10#join_rhs/2@423ac396 with 460 rows and digest e91b71mmjqkbpl5armkt4bq3qm1.
[2026-08-06 09:46:48] (1s)  >>> Created relation attribute_arg_name/2@1ef811uf with 0 rows and digest THIS-RELATION-HAS-NO-TUPLES.
[2026-08-06 09:46:48] (1s) Inferred that #attribute_arg_nameMerge_0#antijoin_rhs/1@b4215fid is empty, due to attribute_arg_name/2@1ef811uf.
[2026-08-06 09:46:48] (1s)  >>> Created relation type_operators/4@a921eav6 with 0 rows and digest THIS-RELATION-HAS-NO-TUPLES.
[2026-08-06 09:46:48] (1s) Inferred that Type::IntrinsicTransformedType#9604289c#bf/2@768b71gq is empty, due to type_operators/4@a921eav6.
[2026-08-06 09:46:48] (1s) Inferred that #type_operatorsMerge_20#join_rhs/2@a5b30a9b is empty, due to type_operators/4@a921eav6.
[2026-08-06 09:46:48] (1s) Inferred that Type::IntrinsicTransformedType.getBaseType/0#dispred#5daab45e#bf/2@40546bpj is empty, due to Type::IntrinsicTransformedType#9604289c#bf/2@768b71gq.
[2026-08-06 09:46:48] (1s) Inferred that Type::IntrinsicTransformedType#9604289c#bf_0#antijoin_rhs/1@d9b29cl9 is empty, due to Type::IntrinsicTransformedType#9604289c#bf/2@768b71gq.
[2026-08-06 09:46:48] (1s) Inferred that Type::IntrinsicTransformedType#9604289c#fb/2@3072d7qa is empty, due to #type_operatorsMerge_20#join_rhs/2@a5b30a9b.
[2026-08-06 09:46:48] (1s) Inferred that Type::IntrinsicTransformedType.getBaseType/0#dispred#5daab45e#bf_10#join_rhs/2@0d37b886 is empty, due to Type::IntrinsicTransformedType.getBaseType/0#dispred#5daab45e#bf/2@40546bpj.
[2026-08-06 09:46:48] (1s) Inferred that Type::IntrinsicTransformedType#9604289c#fb_10#join_rhs/2@de3a1123 is empty, due to Type::IntrinsicTransformedType#9604289c#fb/2@3072d7qa.
[2026-08-06 09:46:48] (1s) Inferred that Type::IntrinsicTransformedType.getIntrinsicName/0#dispred#8aa79622/2@35b3d2fj is empty, due to Type::IntrinsicTransformedType#9604289c#fb_10#join_rhs/2@de3a1123.
[2026-08-06 09:46:48] (1s)  >>> Created relation builtintypes/6@62550aq7 with 58 rows and digest 3e69e437pkiq1tamrv291n0bc73.
[2026-08-06 09:46:48] (1s)  >>> Created relation derivedtypes/4@f23656lc with 69422 rows and digest fda2071n820ev06boggf3rv5nba.
[2026-08-06 09:46:48] (1s)  >>> Created relation ptrtomembers/3@f75de7pd with 19 rows and digest 5fb16629pd86dgscsuirp7bqhf0.
[2026-08-06 09:46:48] (1s)  >>> Created relation routinetypes/2@2581227m with 30010 rows and digest 67487e6beu1sts27gfo3033rgr0.
[2026-08-06 09:46:48] (1s)  >>> Created relation decltypes/5@b5738apt with 504 rows and digest 4eba51tutqf4cqafmh1v41qt9jc.
[2026-08-06 09:46:48] (1s) Starting to evaluate predicate project#decltypes/1@12946dib
[2026-08-06 09:46:48] (1s)  >>> Created relation project#decltypes/1@12946dib with 105 rows and digest ff63b50muk48ho9pfgm7al814f5.
[2026-08-06 09:46:48] (1s)  >>> Created relation usertypes/3@80f81avc with 24895 rows and digest f5899an5iulpaoup5l4ds9vcgue.
[2026-08-06 09:46:48] (1s) Starting to evaluate predicate @usertype/1@bb08c6gq
[2026-08-06 09:46:48] (1s)  >>> Created relation @usertype/1@bb08c6gq with 24895 rows and digest 1d60fb004r2gh8m88bm3t0geggd.
[2026-08-06 09:46:48] (1s) Starting to evaluate predicate @type/1@ce28bej6
[2026-08-06 09:46:48] (1s)  >>> Created relation @type/1@ce28bej6 with 124498 rows and digest 920468bu8d4t8f8ga82c4s3s493.
[2026-08-06 09:46:48] (1s) Starting to evaluate predicate #usertypesMerge_20#join_rhs/2@7a31e969
[2026-08-06 09:46:48] (1s)  >>> Created relation #usertypesMerge_20#join_rhs/2@7a31e969 with 24895 rows and digest 8db0dcj8qc4jjo2lm1gk5ub01h1.
[2026-08-06 09:46:48] (1s) Starting to evaluate predicate ResolveClass::isClass/1#af2a1ca6/1@26516ac0
[2026-08-06 09:46:48] (1s)  >>> Created relation ResolveClass::isClass/1#af2a1ca6/1@26516ac0 with 10868 rows and digest 1fa0d2c7406asdf7p55ogihl6q3.
[2026-08-06 09:46:48] (1s) Starting to evaluate predicate @attribute_arg_expr/1@2cc69b8h
[2026-08-06 09:46:48] (1s)  >>> Created relation @attribute_arg_expr/1@2cc69b8h with 231 rows and digest 668bd0t9mf5fjbqqtqlulol5oee.
[2026-08-06 09:46:48] (1s) Starting to evaluate predicate @attribute_arg_type/1@eb04073i
[2026-08-06 09:46:48] (1s)  >>> Created relation @attribute_arg_type/1@eb04073i with 0 rows and digest THIS-RELATION-HAS-NO-TUPLES.
[2026-08-06 09:46:48] (1s)  >>> Created relation attribute_arg_value/2@44a936tp with 537 rows and digest 86f56e2lr5abtbv24proun6b9n2.
[2026-08-06 09:46:48] (1s) Starting to evaluate predicate Specifier::AttributeArgument.getValueText/0#dispred#224d939b/2@133e1bke
[2026-08-06 09:46:48] (1s)  >>> Created relation Specifier::AttributeArgument.getValueText/0#dispred#224d939b/2@133e1bke with 537 rows and digest 86f56e2lr5abtbv24proun6b9n2.
[2026-08-06 09:46:48] (1s)  >>> Created relation var_decls/5@89473ckg with 558811 rows and digest ad0a93tfglhimo2sinkqjubnui7.
[2026-08-06 09:46:48] (1s)  >>> Created relation membervariables/3@a109e7ik with 24819 rows and digest a0015de14qupckq505usdn7lon7.
[2026-08-06 09:46:48] (1s)  >>> Created relation localvariables/3@dc5ff1mr with 205108 rows and digest 0d9d26r2idcp1bfpjkpao6e8fmc.
[2026-08-06 09:46:48] (1s)  >>> Created relation params/4@63accdru with 240722 rows and digest 3665811m6qgl0ubs8rradlv66r6.
[2026-08-06 09:46:48] (1s)  >>> Created relation globalvariables/3@056b2d2g with 9231 rows and digest 6278c7cdkf21s6nk3uqdup1p582.
[2026-08-06 09:46:48] (1s) Starting to evaluate predicate @globalvariable/1@6930d730
[2026-08-06 09:46:48] (1s)  >>> Created relation @globalvariable/1@6930d730 with 9177 rows and digest 276595gb1gbfspjporhasfbfhb1.
[2026-08-06 09:46:48] (1s) Starting to evaluate predicate @variable/1@178b987h
[2026-08-06 09:46:48] (1s)  >>> Created relation @variable/1@178b987h with 447482 rows and digest 34e1f4dsvdg1un27pte4jtcjn6d.
[2026-08-06 09:46:48] (1s)  >>> Created relation var_def/1@e9a0db3f with 384155 rows and digest efdf0dcbcfknl3h8skvf7l61tb4.
[2026-08-06 09:46:48] (1s)  >>> Created relation functions/3@3c09047a with 107513 rows and digest 12de682i139om20ejbmpap8fgf0.
[2026-08-06 09:46:48] (1s) Starting to evaluate predicate @function/1@24d7f7aa
[2026-08-06 09:46:48] (1s)  >>> Created relation @function/1@24d7f7aa with 107513 rows and digest 8e4678ein0qeuvjp9udcm6il3n4.
[2026-08-06 09:46:48] (1s)  >>> Created relation fun_decls/5@bed82eip with 150634 rows and digest 21082f7sl05knurv8430n8q04n8.
[2026-08-06 09:46:48] (1s)  >>> Created relation param_decl_bind/3@777ac7l8 with 289867 rows and digest a3bee9tqc3d5vgoo0b8a7emleq5.
[2026-08-06 09:46:48] (1s) Starting to evaluate predicate #param_decl_bindMerge_0#antijoin_rhs/1@81f1b7nn
[2026-08-06 09:46:48] (1s)  >>> Created relation #param_decl_bindMerge_0#antijoin_rhs/1@81f1b7nn with 289867 rows and digest 3143e12quj8599ctvuq7bph58bb.
[2026-08-06 09:46:48] (1s) Starting to evaluate predicate #var_declsMerge_03#join_rhs/2@74f30akj
[2026-08-06 09:46:48] (1s)  >>> Created relation #var_declsMerge_03#join_rhs/2@74f30akj with 530414 rows and digest a9a2ddhtl54dhid6hi9auqdu529.
[2026-08-06 09:46:48] (1s) No need to promote strings for ResolveClass::isClass/1#af2a1ca6/1@26516ac0 as it does not contain computed strings.
[2026-08-06 09:46:48] (1s)  >>> Created relation cached_ResolveClass::isClass/1#af2a1ca6/1@ecb9e6su with 10868 rows and digest 1fa0d2c7406asdf7p55ogihl6q3.
[2026-08-06 09:46:48] (1s) Starting to evaluate predicate _#param_decl_bindMerge_0#antijoin_rhs_#var_defMerge#shared/1@9d36cbdq
[2026-08-06 09:46:48] (1s)  >>> Created relation _#param_decl_bindMerge_0#antijoin_rhs_#var_defMerge#shared/1@9d36cbdq with 136476 rows and digest 52383cqhdctf9768itv3avplvrd.
[2026-08-06 09:46:48] (1s)  >>> Created relation fold/3@22344bqp with 0 rows and digest THIS-RELATION-HAS-NO-TUPLES.
[2026-08-06 09:46:48] (1s) Inferred that Expr::Expr.getNumChild/0#dispred#5d934ca7#bb/2@b2eab9nl is empty, due to fold/3@22344bqp.
[2026-08-06 09:46:48] (1s) Inferred that #foldMerge_02#join_rhs/2@ea45166e is empty, due to fold/3@22344bqp.
[2026-08-06 09:46:48] (1s) Inferred that #foldMerge_20#join_rhs/2@fa96c02o is empty, due to fold/3@22344bqp.
[2026-08-06 09:46:48] (1s) Inferred that Expr::FoldExpr.isUnaryFold/0#dispred#a2f98a3f#b/1@a12d87g6 is empty, due to Expr::Expr.getNumChild/0#dispred#5d934ca7#bb/2@b2eab9nl.
[2026-08-06 09:46:48] (1s) Inferred that _#foldMerge_20#join_rhs#antijoin_rhs/1@d6fafcal is empty, due to #foldMerge_20#join_rhs/2@fa96c02o.
[2026-08-06 09:46:48] (1s) Starting to evaluate predicate #usingsMerge_03#join_rhs/2@7d2ff28i
[2026-08-06 09:46:48] (1s)  >>> Created relation #usingsMerge_03#join_rhs/2@7d2ff28i with 787 rows and digest 6b414fdh5ggnae37a8ahdluvso2.
[2026-08-06 09:46:48] (1s) Starting to evaluate predicate @localvariable/1@526b65nm
[2026-08-06 09:46:48] (1s)  >>> Created relation @localvariable/1@526b65nm with 205066 rows and digest e9dd5ecc5tv750fbavcf490iiv9.
[2026-08-06 09:46:48] (1s) Starting to evaluate predicate @parameter/1@b404ef49
[2026-08-06 09:46:48] (1s)  >>> Created relation @parameter/1@b404ef49 with 209244 rows and digest 8778f16eicattjs0k08gtlfgg42.
[2026-08-06 09:46:48] (1s) Starting to evaluate predicate @localscopevariable/1@6209b1aq
[2026-08-06 09:46:48] (1s)  >>> Created relation @localscopevariable/1@6209b1aq with 414310 rows and digest e80113aafmsttdr7rtmh6ftsa05.
[2026-08-06 09:46:48] (1s) Starting to evaluate predicate @builtinispointerinterconvertiblewithclass/1@859f50rj
[2026-08-06 09:46:48] (1s)  >>> Created relation @builtinispointerinterconvertiblewithclass/1@859f50rj with 0 rows and digest THIS-RELATION-HAS-NO-TUPLES.
[2026-08-06 09:46:48] (1s) Starting to evaluate predicate @membervariable/1@811f08og
[2026-08-06 09:46:48] (1s)  >>> Created relation @membervariable/1@811f08og with 23995 rows and digest 4b65fcjulod9135t3jbcartg5c9.
[2026-08-06 09:46:48] (1s)  >>> Created relation concept_templates/3@d529d6ve with 0 rows and digest THIS-RELATION-HAS-NO-TUPLES.
[2026-08-06 09:46:48] (1s) Starting to evaluate predicate @variable/1@cc901c9e
[2026-08-06 09:46:48] (1s)  >>> Created relation @variable/1@cc901c9e with 447482 rows and digest 34e1f4dsvdg1un27pte4jtcjn6d.
[2026-08-06 09:46:48] (1s)  >>> Created relation enumconstants/6@353b6bq9 with 32088 rows and digest cf6120jqi1asm71c1242fk7q7gf.
[2026-08-06 09:46:48] (1s) Starting to evaluate predicate @enumconstant/1@e5299caj
[2026-08-06 09:46:48] (1s)  >>> Created relation @enumconstant/1@e5299caj with 30127 rows and digest 8f9bfc53u13skeeifs0i6lsainf.
[2026-08-06 09:46:48] (1s)  >>> Created relation frienddecls/4@eed3c16n with 22395 rows and digest 453190jfm62dfdkhfa7bpn22n0c.
[2026-08-06 09:46:48] (1s) Starting to evaluate predicate @frienddecl/1@c3e65fvh
[2026-08-06 09:46:48] (1s)  >>> Created relation @frienddecl/1@c3e65fvh with 22395 rows and digest eb83a1pb2jn3dvf34iltv2p1cl4.
[2026-08-06 09:46:48] (1s) Starting to evaluate predicate @declaration/1@9c680e4c
[2026-08-06 09:46:48] (1s)  >>> Created relation @declaration/1@9c680e4c with 632412 rows and digest 80aae6si6eeriou4qd68f8t3fq4.
[2026-08-06 09:46:48] (1s) Starting to evaluate predicate @reinterpret_cast/1@092fb4a5
[2026-08-06 09:46:48] (1s)  >>> Created relation @reinterpret_cast/1@092fb4a5 with 328 rows and digest 7766c1ok44t5hd913iru4s736t0.
[2026-08-06 09:46:48] (1s)  >>> Created relation namequalifiers/4@4fa592t7 with 25240 rows and digest fedebeb99cjn2njre104tgmb189.
[2026-08-06 09:46:48] (1s) Starting to evaluate predicate @dynamic_cast/1@4f572f4j
[2026-08-06 09:46:48] (1s)  >>> Created relation @dynamic_cast/1@4f572f4j with 0 rows and digest THIS-RELATION-HAS-NO-TUPLES.
[2026-08-06 09:46:48] (1s) Starting to evaluate predicate @static_cast/1@d313d2fh
[2026-08-06 09:46:48] (1s)  >>> Created relation @static_cast/1@d313d2fh with 3024 rows and digest 05c7abjtv56b9gssv71uu98lffa.
[2026-08-06 09:46:48] (1s) Starting to evaluate predicate @ctorfieldinit/1@b28876se
[2026-08-06 09:46:48] (1s)  >>> Created relation @ctorfieldinit/1@b28876se with 4755 rows and digest d7e7b8lfu3s0i2t829drkf37jha.
[2026-08-06 09:46:48] (1s)  >>> Created relation iscall/2@f514bf4e with 592921 rows and digest 2137f1h16fn0jpk1iq69ca7ji62.
[2026-08-06 09:46:48] (1s) Starting to evaluate predicate #iscallMerge_0#antijoin_rhs/1@f08ffd79
[2026-08-06 09:46:48] (1s)  >>> Created relation #iscallMerge_0#antijoin_rhs/1@f08ffd79 with 592921 rows and digest bbe1e8v83lussmgsf85c5p9cri1.
[2026-08-06 09:46:48] (1s) Starting to evaluate predicate @callexpr/1@9c70b6i9
[2026-08-06 09:46:48] (1s)  >>> Created relation @callexpr/1@9c70b6i9 with 10529 rows and digest 3285e9mevpc12act3q4e5sm929e.
[2026-08-06 09:46:48] (1s) Starting to evaluate predicate Call::Call#048c9613/1@8acb25f5
[2026-08-06 09:46:48] (1s)  >>> Created relation Call::Call#048c9613/1@8acb25f5 with 603450 rows and digest 6306aa2r614dtb5vhufqoigm3vd.
[2026-08-06 09:46:48] (1s) Starting to evaluate predicate Call::FunctionCall#2b14a517/1@f5a959lq
[2026-08-06 09:46:48] (1s)  >>> Created relation Call::FunctionCall#2b14a517/1@f5a959lq with 592921 rows and digest bbe1e8v83lussmgsf85c5p9cri1.
[2026-08-06 09:46:48] (1s) Starting to evaluate predicate @const_cast/1@300628e8
[2026-08-06 09:46:48] (1s)  >>> Created relation @const_cast/1@300628e8 with 2065 rows and digest eb4c0eoig0o5vtibhmf2gtl33q6.
[2026-08-06 09:46:48] (1s)  >>> Created relation stmts/3@8dbc4cv2 with 1727224 rows and digest 0d7775omiob6tr3f2cl0265fjj2.
[2026-08-06 09:46:48] (1s) Starting to evaluate predicate stmts_10#join_rhs/2@ff72681f
[2026-08-06 09:46:48] (1s)  >>> Created relation stmts_10#join_rhs/2@ff72681f with 1727224 rows and digest 1db45dcue3v1le54hms3lets3j1.
[2026-08-06 09:46:48] (1s) Starting to evaluate predicate @stmt_microsoft_try/1@765655cb
[2026-08-06 09:46:48] (1s)  >>> Created relation @stmt_microsoft_try/1@765655cb with 0 rows and digest THIS-RELATION-HAS-NO-TUPLES.
[2026-08-06 09:46:48] (1s) Starting to evaluate predicate @ispointerinterconvertiblewithclass/1@795ca5kt
[2026-08-06 09:46:48] (1s)  >>> Created relation @ispointerinterconvertiblewithclass/1@795ca5kt with 0 rows and digest THIS-RELATION-HAS-NO-TUPLES.
[2026-08-06 09:46:48] (1s) Starting to evaluate predicate @datasizeof/1@73ee1a9f
[2026-08-06 09:46:48] (1s)  >>> Created relation @datasizeof/1@73ee1a9f with 0 rows and digest THIS-RELATION-HAS-NO-TUPLES.
[2026-08-06 09:46:48] (1s) Inferred that Cast::DatasizeofTypeOperator#c5ffd0aa/1@bf868fd9 is empty, due to @datasizeof/1@73ee1a9f.
[2026-08-06 09:46:48] (1s) Inferred that Cast::DatasizeofExprOperator#a3c36331/1@20d47ark is empty, due to @datasizeof/1@73ee1a9f.
[2026-08-06 09:46:48] (1s) Inferred that Cast::DatasizeofOperator.getTypeOperand/0#dispred#e16ed781/2@97ccfepq is empty, due to @datasizeof/1@73ee1a9f.
[2026-08-06 09:46:48] (1s) Starting to evaluate predicate @referenceconstructsfromtemporary/1@8d296d7i
[2026-08-06 09:46:48] (1s)  >>> Created relation @referenceconstructsfromtemporary/1@8d296d7i with 6 rows and digest f5e8a3pfb2q4mqjtd1d0n39foob.
[2026-08-06 09:46:48] (1s) Starting to evaluate predicate @ispointerinterconvertiblebaseof/1@e3ce71ga
[2026-08-06 09:46:48] (1s)  >>> Created relation @ispointerinterconvertiblebaseof/1@e3ce71ga with 0 rows and digest THIS-RELATION-HAS-NO-TUPLES.
[2026-08-06 09:46:48] (1s) Starting to evaluate predicate @isassignablenopreconditioncheck/1@fdb21bc1
[2026-08-06 09:46:48] (1s)  >>> Created relation @isassignablenopreconditioncheck/1@fdb21bc1 with 0 rows and digest THIS-RELATION-HAS-NO-TUPLES.
[2026-08-06 09:46:48] (1s) Starting to evaluate predicate @referenceconvertsfromtemporary/1@9c0a2cog
[2026-08-06 09:46:48] (1s)  >>> Created relation @referenceconvertsfromtemporary/1@9c0a2cog with 0 rows and digest THIS-RELATION-HAS-NO-TUPLES.
[2026-08-06 09:46:48] (1s) Starting to evaluate predicate @hasuniqueobjectrepresentations/1@01b96cn3
[2026-08-06 09:46:48] (1s)  >>> Created relation @hasuniqueobjectrepresentations/1@01b96cn3 with 0 rows and digest THIS-RELATION-HAS-NO-TUPLES.
[2026-08-06 09:46:48] (1s) Starting to evaluate predicate @ctorinit/1@c2e5c3il
[2026-08-06 09:46:48] (1s)  >>> Created relation @ctorinit/1@c2e5c3il with 5621 rows and digest 443bf8g1eoo0b5qjll0he5u82k9.
[2026-08-06 09:46:48] (1s) Starting to evaluate predicate @istriviallyequalitycomparable/1@b7cb37aa
[2026-08-06 09:46:48] (1s)  >>> Created relation @istriviallyequalitycomparable/1@b7cb37aa with 0 rows and digest THIS-RELATION-HAS-NO-TUPLES.
[2026-08-06 09:46:48] (1s) Starting to evaluate predicate @runtime_sizeof/1@4d4835d3
[2026-08-06 09:46:48] (1s)  >>> Created relation @runtime_sizeof/1@4d4835d3 with 14367 rows and digest 6e06ebrc0j38plk9ahb6qr8ptqd.
[2026-08-06 09:46:48] (1s)  >>> Created relation sizeof_bind/2@a45d8dh3 with 11065 rows and digest 5178cerfju6oi8h8toul24mpnbd.
[2026-08-06 09:46:48] (1s) Starting to evaluate predicate Cast::SizeofTypeOperator#66749fe2/1@91ed861a
[2026-08-06 09:46:48] (1s)  >>> Created relation Cast::SizeofTypeOperator#66749fe2/1@91ed861a with 11017 rows and digest 2ed323olmo8i81amu4mk4sqstgc.
[2026-08-06 09:46:48] (1s) Starting to evaluate predicate @builtiniscorrespondingmember/1@77eb8589
[2026-08-06 09:46:48] (1s)  >>> Created relation @builtiniscorrespondingmember/1@77eb8589 with 0 rows and digest THIS-RELATION-HAS-NO-TUPLES.
[2026-08-06 09:46:48] (1s)  >>> Created relation static_asserts/5@bb5098rl with 0 rows and digest THIS-RELATION-HAS-NO-TUPLES.
[2026-08-06 09:46:48] (1s) Starting to evaluate predicate @sizeof_pack/1@ea1b5e3i
[2026-08-06 09:46:48] (1s)  >>> Created relation @sizeof_pack/1@ea1b5e3i with 0 rows and digest THIS-RELATION-HAS-NO-TUPLES.
[2026-08-06 09:46:48] (1s) Inferred that Cast::SizeofPackTypeOperator.getTypeOperand/0#dispred#a495d026/2@9f60c04o is empty, due to @sizeof_pack/1@ea1b5e3i.
[2026-08-06 09:46:48] (1s) Starting to evaluate predicate @c_style_cast/1@79d374mo
[2026-08-06 09:46:48] (1s)  >>> Created relation @c_style_cast/1@79d374mo with 1319016 rows and digest 483f39klm4avgb57tg7ipv2gd43.
[2026-08-06 09:46:48] (1s) Starting to evaluate predicate @referencebindstotemporary/1@98b72c3p
[2026-08-06 09:46:48] (1s)  >>> Created relation @referencebindstotemporary/1@98b72c3p with 0 rows and digest THIS-RELATION-HAS-NO-TUPLES.
[2026-08-06 09:46:48] (1s) Starting to evaluate predicate @istriviallycopyassignable/1@046c9cnn
[2026-08-06 09:46:48] (1s)  >>> Created relation @istriviallycopyassignable/1@046c9cnn with 0 rows and digest THIS-RELATION-HAS-NO-TUPLES.
[2026-08-06 09:46:48] (1s) Starting to evaluate predicate @hastrivialmoveconstructorexpr/1@efa79cqo
[2026-08-06 09:46:48] (1s)  >>> Created relation @hastrivialmoveconstructorexpr/1@efa79cqo with 0 rows and digest THIS-RELATION-HAS-NO-TUPLES.
[2026-08-06 09:46:48] (1s) Starting to evaluate predicate @runtime_alignof/1@85f928nj
[2026-08-06 09:46:48] (1s)  >>> Created relation @runtime_alignof/1@85f928nj with 33 rows and digest 55349a7fkhpd11d66d7qfqebq2e.
[2026-08-06 09:46:48] (1s) Starting to evaluate predicate @istriviallyconstructibleexpr/1@74801ekd
[2026-08-06 09:46:48] (1s)  >>> Created relation @istriviallyconstructibleexpr/1@74801ekd with 25 rows and digest ead121jdqg2q8vhegtojs2fvnab.
[2026-08-06 09:46:48] (1s) Starting to evaluate predicate @ismemberfunctionpointer/1@209f1dj4
[2026-08-06 09:46:48] (1s)  >>> Created relation @ismemberfunctionpointer/1@209f1dj4 with 0 rows and digest THIS-RELATION-HAS-NO-TUPLES.
[2026-08-06 09:46:48] (1s) Starting to evaluate predicate @typescompexpr/1@2195bcot
[2026-08-06 09:46:48] (1s)  >>> Created relation @typescompexpr/1@2195bcot with 0 rows and digest THIS-RELATION-HAS-NO-TUPLES.
[2026-08-06 09:46:48] (1s)  >>> Created relation concept_instantiation/2@7e93b4mj with 0 rows and digest THIS-RELATION-HAS-NO-TUPLES.
[2026-08-06 09:46:48] (1s) Inferred that #concept_instantiationMerge_0#antijoin_rhs/1@d30c5atf is empty, due to concept_instantiation/2@7e93b4mj.
[2026-08-06 09:46:48] (1s)  >>> Created relation specialnamequalifyingelements/2@76fb28do with 1 rows and digest e408f2idn124oie2pmbrgkj0os2.
[2026-08-06 09:46:48] (1s)  >>> Created relation namespaces/2@248ff942 with 173 rows and digest 3f88a9olv9kqeorvrf1ei6emjgf.
[2026-08-06 09:46:48] (1s)  >>> Created relation initialisers/4@798acc0s with 358284 rows and digest 002d04ppnblmn613nq60hethuf7.
[2026-08-06 09:46:48] (1s) Starting to evaluate predicate @initialiser/1@0e66e8j7
[2026-08-06 09:46:48] (1s)  >>> Created relation @initialiser/1@0e66e8j7 with 357909 rows and digest 0aecb2i1pq2dsj517s5q85sspq2.
[2026-08-06 09:46:48] (1s) Starting to evaluate predicate @array_to_pointer/1@14abe4o1
[2026-08-06 09:46:48] (1s)  >>> Created relation @array_to_pointer/1@14abe4o1 with 368037 rows and digest c73859h5u8i0g33jlu69b7oo976.
[2026-08-06 09:46:48] (1s) Starting to evaluate predicate @istriviallydestructibleexpr/1@da0cbc2i
[2026-08-06 09:46:48] (1s)  >>> Created relation @istriviallydestructibleexpr/1@da0cbc2i with 0 rows and digest THIS-RELATION-HAS-NO-TUPLES.
[2026-08-06 09:46:48] (1s) Starting to evaluate predicate #namespacesMerge_10#join_rhs/2@dcfae1lh
[2026-08-06 09:46:48] (1s)  >>> Created relation #namespacesMerge_10#join_rhs/2@dcfae1lh with 173 rows and digest 2ba182qe7qr3vsre7gkb2je1ms5.
[2026-08-06 09:46:48] (1s) Starting to evaluate predicate @istriviallyrelocatable/1@c82281fj
[2026-08-06 09:46:48] (1s)  >>> Created relation @istriviallyrelocatable/1@c82281fj with 0 rows and digest THIS-RELATION-HAS-NO-TUPLES.
[2026-08-06 09:46:48] (1s) Starting to evaluate predicate @isnothrowconstructibleexpr/1@b7951648
[2026-08-06 09:46:48] (1s)  >>> Created relation @isnothrowconstructibleexpr/1@b7951648 with 0 rows and digest THIS-RELATION-HAS-NO-TUPLES.
[2026-08-06 09:46:48] (1s) Starting to evaluate predicate @ismemberobjectpointer/1@58fd1481
[2026-08-06 09:46:48] (1s)  >>> Created relation @ismemberobjectpointer/1@58fd1481 with 0 rows and digest THIS-RELATION-HAS-NO-TUPLES.
[2026-08-06 09:46:48] (1s)  >>> Created relation preprocdirects/3@e1d22ci2 with 168998 rows and digest b1b35613kv86ij5os6g0dcgujh0.
[2026-08-06 09:46:48] (1s) Starting to evaluate predicate preprocdirects_10#join_rhs/2@6b2750k4
[2026-08-06 09:46:48] (1s)  >>> Created relation preprocdirects_10#join_rhs/2@6b2750k4 with 166891 rows and digest b7f842dc01k0k3hd0ldtl9i9eb7.
[2026-08-06 09:46:48] (1s) Starting to evaluate predicate @requires_expr/1@f0f4cc38
[2026-08-06 09:46:48] (1s)  >>> Created relation @requires_expr/1@f0f4cc38 with 0 rows and digest THIS-RELATION-HAS-NO-TUPLES.
[2026-08-06 09:46:48] (1s) Inferred that Concept::RequiresExpr.getAParameter/0#dispred#234f0aa4/2@0161e1bh is empty, due to @requires_expr/1@f0f4cc38.
[2026-08-06 09:46:48] (1s) Inferred that Concept::RequirementExpr#8195dbbf#b/1@bdddb1ev is empty, due to @requires_expr/1@f0f4cc38.
[2026-08-06 09:46:48] (1s) Inferred that project#Concept::RequiresExpr.getAParameter/0#dispred#234f0aa4/1@a0f479cv is empty, due to Concept::RequiresExpr.getAParameter/0#dispred#234f0aa4/2@0161e1bh.
[2026-08-06 09:46:48] (1s) Inferred that Concept::CompoundRequirementExpr#7913d554/1@cd097cei is empty, due to Concept::RequirementExpr#8195dbbf#b/1@bdddb1ev.
[2026-08-06 09:46:48] (1s) Inferred that Concept::CompoundRequirementExpr.getReturnTypeRequirement/0#dispred#3c02ea53/2@0b5e887r is empty, due to Concept::CompoundRequirementExpr#7913d554/1@cd097cei.
[2026-08-06 09:46:48] (1s) Inferred that project#Concept::CompoundRequirementExpr.getReturnTypeRequirement/0#dispred#3c02ea53/1@aea7bfof is empty, due to Concept::CompoundRequirementExpr.getReturnTypeRequirement/0#dispred#3c02ea53/2@0b5e887r.
[2026-08-06 09:46:48] (1s) Starting to evaluate predicate @istriviallyassignableexpr/1@890315g1
[2026-08-06 09:46:48] (1s)  >>> Created relation @istriviallyassignableexpr/1@890315g1 with 11 rows and digest 80180f5ro1pv6f3hpquq84rk159.
[2026-08-06 09:46:48] (1s) Starting to evaluate predicate @isnothrowdestructibleexpr/1@3acd05rq
[2026-08-06 09:46:48] (1s)  >>> Created relation @isnothrowdestructibleexpr/1@3acd05rq with 0 rows and digest THIS-RELATION-HAS-NO-TUPLES.
[2026-08-06 09:46:48] (1s) Starting to evaluate predicate @iscorrespondingmember/1@24bc3d1u
[2026-08-06 09:46:48] (1s)  >>> Created relation @iscorrespondingmember/1@24bc3d1u with 0 rows and digest THIS-RELATION-HAS-NO-TUPLES.
[2026-08-06 09:46:48] (1s) Starting to evaluate predicate @hastrivialmoveassignexpr/1@01d9436h
[2026-08-06 09:46:48] (1s)  >>> Created relation @hastrivialmoveassignexpr/1@01d9436h with 0 rows and digest THIS-RELATION-HAS-NO-TUPLES.
[2026-08-06 09:46:48] (1s) Starting to evaluate predicate @hastrivialconstr/1@9de4d4p9
[2026-08-06 09:46:48] (1s)  >>> Created relation @hastrivialconstr/1@9de4d4p9 with 0 rows and digest THIS-RELATION-HAS-NO-TUPLES.
[2026-08-06 09:46:48] (1s) Starting to evaluate predicate @hasnothrowmoveassignexpr/1@55ec9998
[2026-08-06 09:46:48] (1s)  >>> Created relation @hasnothrowmoveassignexpr/1@55ec9998 with 0 rows and digest THIS-RELATION-HAS-NO-TUPLES.
[2026-08-06 09:46:48] (1s) Starting to evaluate predicate @hasnothrowconstr/1@03ea96g5
[2026-08-06 09:46:48] (1s)  >>> Created relation @hasnothrowconstr/1@03ea96g5 with 0 rows and digest THIS-RELATION-HAS-NO-TUPLES.
[2026-08-06 09:46:48] (1s) Starting to evaluate predicate @vacuous_destructor_call/1@e69501mt
[2026-08-06 09:46:48] (1s)  >>> Created relation @vacuous_destructor_call/1@e69501mt with 883 rows and digest 78c35bnp0u4u1ndeelfr0ggol29.
[2026-08-06 09:46:48] (1s) Starting to evaluate predicate @stmt_not_consteval_if/1@0c1dac30
[2026-08-06 09:46:48] (1s)  >>> Created relation @stmt_not_consteval_if/1@0c1dac30 with 0 rows and digest THIS-RELATION-HAS-NO-TUPLES.
[2026-08-06 09:46:48] (1s) Starting to evaluate predicate @stmt_consteval_or_not_consteval_if/1@e71f16l7
[2026-08-06 09:46:48] (1s)  >>> Created relation @stmt_consteval_or_not_consteval_if/1@e71f16l7 with 0 rows and digest THIS-RELATION-HAS-NO-TUPLES.
[2026-08-06 09:46:48] (1s) Starting to evaluate predicate @isnothrowconvertible/1@67c7b45r
[2026-08-06 09:46:48] (1s)  >>> Created relation @isnothrowconvertible/1@67c7b45r with 0 rows and digest THIS-RELATION-HAS-NO-TUPLES.
[2026-08-06 09:46:48] (1s) Starting to evaluate predicate @hasvirtualdestr/1@7242fcci
[2026-08-06 09:46:48] (1s)  >>> Created relation @hasvirtualdestr/1@7242fcci with 0 rows and digest THIS-RELATION-HAS-NO-TUPLES.
[2026-08-06 09:46:48] (1s) Starting to evaluate predicate @hastrivialdestructor/1@26c149pi
[2026-08-06 09:46:48] (1s)  >>> Created relation @hastrivialdestructor/1@26c149pi with 503 rows and digest ff4554tqemlfkb8qd7chf4odmp0.
[2026-08-06 09:46:48] (1s) Starting to evaluate predicate @ppd_include_next/1@0b6af7gr
[2026-08-06 09:46:48] (1s)  >>> Created relation @ppd_include_next/1@0b6af7gr with 6 rows and digest 8f298ekccbk4dgj6h84j81orfs2.
[2026-08-06 09:46:48] (1s) Starting to evaluate predicate @stmt_constexpr_if/1@6ca3cf5f
[2026-08-06 09:46:48] (1s)  >>> Created relation @stmt_constexpr_if/1@6ca3cf5f with 0 rows and digest THIS-RELATION-HAS-NO-TUPLES.
[2026-08-06 09:46:48] (1s) Starting to evaluate predicate @istriviallycopyableexpr/1@41e502vi
[2026-08-06 09:46:48] (1s)  >>> Created relation @istriviallycopyableexpr/1@41e502vi with 20 rows and digest f78839c31ulh3si6lf8c0js3rfd.
[2026-08-06 09:46:48] (1s) Starting to evaluate predicate @issimplevalueclassexpr/1@8ed314r6
[2026-08-06 09:46:48] (1s)  >>> Created relation @issimplevalueclassexpr/1@8ed314r6 with 0 rows and digest THIS-RELATION-HAS-NO-TUPLES.
[2026-08-06 09:46:48] (1s) Starting to evaluate predicate @isnothrowassignableexpr/1@1e760fmh
[2026-08-06 09:46:48] (1s)  >>> Created relation @isnothrowassignableexpr/1@1e760fmh with 0 rows and digest THIS-RELATION-HAS-NO-TUPLES.
[2026-08-06 09:46:48] (1s) Starting to evaluate predicate @builtinshufflevector/1@19d63di9
[2026-08-06 09:46:48] (1s)  >>> Created relation @builtinshufflevector/1@19d63di9 with 0 rows and digest THIS-RELATION-HAS-NO-TUPLES.
[2026-08-06 09:46:48] (1s) Starting to evaluate predicate @builtinhasattribute/1@c6bd61pr
[2026-08-06 09:46:48] (1s)  >>> Created relation @builtinhasattribute/1@c6bd61pr with 0 rows and digest THIS-RELATION-HAS-NO-TUPLES.
[2026-08-06 09:46:48] (1s) Starting to evaluate predicate @builtinconvertvector/1@16ba8f2o
[2026-08-06 09:46:48] (1s)  >>> Created relation @builtinconvertvector/1@16ba8f2o with 0 rows and digest THIS-RELATION-HAS-NO-TUPLES.
[2026-08-06 09:46:48] (1s) Starting to evaluate predicate @ref_indirect/1@1b383djv
[2026-08-06 09:46:48] (1s)  >>> Created relation @ref_indirect/1@1b383djv with 46855 rows and digest cda9f1i4o151bj43s4q2gjsifq8.
[2026-08-06 09:46:48] (1s) Starting to evaluate predicate @concept_id/1@6d23dbj2
[2026-08-06 09:46:48] (1s)  >>> Created relation @concept_id/1@6d23dbj2 with 0 rows and digest THIS-RELATION-HAS-NO-TUPLES.
[2026-08-06 09:46:48] (1s) Starting to evaluate predicate @isnothrowinvocable/1@8b30e5tc
[2026-08-06 09:46:48] (1s)  >>> Created relation @isnothrowinvocable/1@8b30e5tc with 0 rows and digest THIS-RELATION-HAS-NO-TUPLES.
[2026-08-06 09:46:48] (1s) Starting to evaluate predicate @islayoutcompatible/1@9ef1f47r
[2026-08-06 09:46:48] (1s)  >>> Created relation @islayoutcompatible/1@9ef1f47r with 0 rows and digest THIS-RELATION-HAS-NO-TUPLES.
[2026-08-06 09:46:48] (1s) Starting to evaluate predicate @isbitwisecloneable/1@e7c51c4s
[2026-08-06 09:46:48] (1s)  >>> Created relation @isbitwisecloneable/1@e7c51c4s with 0 rows and digest THIS-RELATION-HAS-NO-TUPLES.
[2026-08-06 09:46:48] (1s) Starting to evaluate predicate @expr_stmt/1@fbbf6eq7
[2026-08-06 09:46:48] (1s)  >>> Created relation @expr_stmt/1@fbbf6eq7 with 2659 rows and digest 87f4b3biadbdmlgdhl699tenk27.
[2026-08-06 09:46:48] (1s) Starting to evaluate predicate @spaceshipexpr/1@54992abn
[2026-08-06 09:46:48] (1s)  >>> Created relation @spaceshipexpr/1@54992abn with 0 rows and digest THIS-RELATION-HAS-NO-TUPLES.
[2026-08-06 09:46:48] (1s) Starting to evaluate predicate @orlogicalexpr/1@867e95ib
[2026-08-06 09:46:48] (1s)  >>> Created relation @orlogicalexpr/1@867e95ib with 65660 rows and digest 17710f9grdill67qkqi1njj017e.
[2026-08-06 09:46:48] (1s) Starting to evaluate predicate @andlogicalexpr/1@85f5fb93
[2026-08-06 09:46:48] (1s)  >>> Created relation @andlogicalexpr/1@85f5fb93 with 114886 rows and digest e257bbi9acf635om7gi48boq1qd.
[2026-08-06 09:46:48] (1s) Starting to evaluate predicate @maxexpr/1@3229a2l9
[2026-08-06 09:46:48] (1s)  >>> Created relation @maxexpr/1@3229a2l9 with 0 rows and digest THIS-RELATION-HAS-NO-TUPLES.
[2026-08-06 09:46:48] (1s) Starting to evaluate predicate @minexpr/1@e7550270
[2026-08-06 09:46:48] (1s)  >>> Created relation @minexpr/1@e7550270 with 0 rows and digest THIS-RELATION-HAS-NO-TUPLES.
[2026-08-06 09:46:48] (1s) Starting to evaluate predicate @leexpr/1@995aeeh3
[2026-08-06 09:46:48] (1s)  >>> Created relation @leexpr/1@995aeeh3 with 6720 rows and digest b81ace931nq8aalv6vt8jl7pl2e.
[2026-08-06 09:46:48] (1s) Starting to evaluate predicate @geexpr/1@26650425
[2026-08-06 09:46:48] (1s)  >>> Created relation @geexpr/1@26650425 with 11187 rows and digest 4ee9dc74bt8rmvrmji1uo6nj2v3.
[2026-08-06 09:46:48] (1s) Starting to evaluate predicate @ltexpr/1@706dbf3c
[2026-08-06 09:46:48] (1s)  >>> Created relation @ltexpr/1@706dbf3c with 27142 rows and digest a656bf0logd7m4mkd3p3har2j26.
[2026-08-06 09:46:48] (1s) Starting to evaluate predicate @gtexpr/1@f80144on
[2026-08-06 09:46:48] (1s)  >>> Created relation @gtexpr/1@f80144on with 12257 rows and digest 33cda693qu1vn4aa9f2m8etdun1.
[2026-08-06 09:46:48] (1s) Starting to evaluate predicate @neexpr/1@c0d863pb
[2026-08-06 09:46:48] (1s)  >>> Created relation @neexpr/1@c0d863pb with 75222 rows and digest 4e8125lb2hbiao7m44etrrqkif8.
[2026-08-06 09:46:48] (1s) Starting to evaluate predicate @eqexpr/1@5da78f6e
[2026-08-06 09:46:48] (1s)  >>> Created relation @eqexpr/1@5da78f6e with 140716 rows and digest fa194288o0v87s9u4ptronnssp0.
[2026-08-06 09:46:48] (1s) Starting to evaluate predicate @xorexpr/1@156301oa
[2026-08-06 09:46:48] (1s)  >>> Created relation @xorexpr/1@156301oa with 1402 rows and digest 90b1daq0btscujsta4mej714hi4.
[2026-08-06 09:46:48] (1s) Starting to evaluate predicate @orexpr/1@122428da
[2026-08-06 09:46:48] (1s)  >>> Created relation @orexpr/1@122428da with 12420 rows and digest a853e2h8120a19tjtfq1go0ilbc.
[2026-08-06 09:46:48] (1s) Starting to evaluate predicate @andexpr/1@3f383f90
[2026-08-06 09:46:48] (1s)  >>> Created relation @andexpr/1@3f383f90 with 41716 rows and digest 197b78mptbbbs3pai7j2b95sv3b.
[2026-08-06 09:46:48] (1s) Starting to evaluate predicate @rshiftexpr/1@4be8f504
[2026-08-06 09:46:48] (1s)  >>> Created relation @rshiftexpr/1@4be8f504 with 5370 rows and digest a9f81a5i90d8mmd6oflqhk0c1c2.
[2026-08-06 09:46:48] (1s) Starting to evaluate predicate @lshiftexpr/1@5e9733d3
[2026-08-06 09:46:48] (1s)  >>> Created relation @lshiftexpr/1@5e9733d3 with 53279 rows and digest 0f39148u8i66bqhtsk2qqubc63d.
[2026-08-06 09:46:48] (1s) Starting to evaluate predicate @pdiffexpr/1@0c586duv
[2026-08-06 09:46:48] (1s)  >>> Created relation @pdiffexpr/1@0c586duv with 2385 rows and digest 1e5a44ehrmaeqnj5d8fv61kl0k5.
[2026-08-06 09:46:48] (1s) Starting to evaluate predicate @psubexpr/1@5a48437a
[2026-08-06 09:46:48] (1s)  >>> Created relation @psubexpr/1@5a48437a with 782 rows and digest 7f12dfah24nesnpo60m55t5if06.
[2026-08-06 09:46:48] (1s) Starting to evaluate predicate @paddexpr/1@eab3658h
[2026-08-06 09:46:48] (1s)  >>> Created relation @paddexpr/1@eab3658h with 15949 rows and digest 5e9759ak9dmf828ta3bfgbrrn4e.
[2026-08-06 09:46:48] (1s) Starting to evaluate predicate @jfsubexpr/1@7bfbe9mg
[2026-08-06 09:46:48] (1s)  >>> Created relation @jfsubexpr/1@7bfbe9mg with 0 rows and digest THIS-RELATION-HAS-NO-TUPLES.
[2026-08-06 09:46:48] (1s) Starting to evaluate predicate @fjsubexpr/1@9189d5h3
[2026-08-06 09:46:48] (1s)  >>> Created relation @fjsubexpr/1@9189d5h3 with 0 rows and digest THIS-RELATION-HAS-NO-TUPLES.
[2026-08-06 09:46:48] (1s) Starting to evaluate predicate @jfaddexpr/1@c706e8l8
[2026-08-06 09:46:48] (1s)  >>> Created relation @jfaddexpr/1@c706e8l8 with 0 rows and digest THIS-RELATION-HAS-NO-TUPLES.
[2026-08-06 09:46:48] (1s) Starting to evaluate predicate @fjaddexpr/1@c78bbd30
[2026-08-06 09:46:48] (1s)  >>> Created relation @fjaddexpr/1@c78bbd30 with 0 rows and digest THIS-RELATION-HAS-NO-TUPLES.
[2026-08-06 09:46:48] (1s) Starting to evaluate predicate @jdivexpr/1@29de2529
[2026-08-06 09:46:48] (1s)  >>> Created relation @jdivexpr/1@29de2529 with 0 rows and digest THIS-RELATION-HAS-NO-TUPLES.
[2026-08-06 09:46:48] (1s) Starting to evaluate predicate @jmulexpr/1@29e13c2m
[2026-08-06 09:46:48] (1s)  >>> Created relation @jmulexpr/1@29e13c2m with 0 rows and digest THIS-RELATION-HAS-NO-TUPLES.
[2026-08-06 09:46:48] (1s) Starting to evaluate predicate @remexpr/1@8b8dc32r
[2026-08-06 09:46:48] (1s)  >>> Created relation @remexpr/1@8b8dc32r with 1852 rows and digest 4f862fhqs4hcnf3c0ru4s109lu0.
[2026-08-06 09:46:48] (1s) Starting to evaluate predicate @divexpr/1@2d8d002k
[2026-08-06 09:46:48] (1s)  >>> Created relation @divexpr/1@2d8d002k with 11029 rows and digest 2d75326tsslrun2445hiribk5e5.
[2026-08-06 09:46:48] (1s) Starting to evaluate predicate @mulexpr/1@80f753f0
[2026-08-06 09:46:48] (1s)  >>> Created relation @mulexpr/1@80f753f0 with 26276 rows and digest 4211adg69267keuiuhl5eulgu57.
[2026-08-06 09:46:48] (1s) Starting to evaluate predicate @subexpr/1@45f0eb5q
[2026-08-06 09:46:48] (1s)  >>> Created relation @subexpr/1@45f0eb5q with 32012 rows and digest 81c3cfc7eln67nt3i4ef6mqbci2.
[2026-08-06 09:46:48] (1s) Starting to evaluate predicate @addexpr/1@ef4066f0
[2026-08-06 09:46:48] (1s)  >>> Created relation @addexpr/1@ef4066f0 with 37097 rows and digest a6aa590es35jekgb7pivkaibl78.
[2026-08-06 09:46:48] (1s) Starting to evaluate predicate @bin_op_expr/1@dfce9avr
[2026-08-06 09:46:48] (1s)  >>> Created relation @bin_op_expr/1@dfce9avr with 695359 rows and digest 65bfd60a186svji8gjd6ic2dgp7.
[2026-08-06 09:46:48] (1s) Starting to evaluate predicate @assignpsubexpr/1@78ace0qa
[2026-08-06 09:46:48] (1s)  >>> Created relation @assignpsubexpr/1@78ace0qa with 69 rows and digest fbb42d892tq7kdsfei8acdu4ck5.
[2026-08-06 09:46:48] (1s) Starting to evaluate predicate @assignpaddexpr/1@799af50e
[2026-08-06 09:46:48] (1s)  >>> Created relation @assignpaddexpr/1@799af50e with 1739 rows and digest 0f4bd67u10fh4jvbro112hqg644.
[2026-08-06 09:46:48] (1s) Starting to evaluate predicate @assignxorexpr/1@225164db
[2026-08-06 09:46:48] (1s)  >>> Created relation @assignxorexpr/1@225164db with 301 rows and digest a53121cb996prekan04ht772kb5.
[2026-08-06 09:46:48] (1s) Starting to evaluate predicate @assignorexpr/1@7cd441fv
[2026-08-06 09:46:48] (1s)  >>> Created relation @assignorexpr/1@7cd441fv with 3641 rows and digest a80c02m8delgabu7kanr14h0b66.
[2026-08-06 09:46:48] (1s) Starting to evaluate predicate @assignandexpr/1@3504f9p7
[2026-08-06 09:46:48] (1s)  >>> Created relation @assignandexpr/1@3504f9p7 with 1143 rows and digest 1488e4pblo7ot0vq77495lcos5d.
[2026-08-06 09:46:48] (1s) Starting to evaluate predicate @assignrshiftexpr/1@4c88a6pt
[2026-08-06 09:46:48] (1s)  >>> Created relation @assignrshiftexpr/1@4c88a6pt with 421 rows and digest 929387vpel7iano4dli1iui51vb.
[2026-08-06 09:46:48] (1s) Starting to evaluate predicate @assignlshiftexpr/1@137f05ci
[2026-08-06 09:46:48] (1s)  >>> Created relation @assignlshiftexpr/1@137f05ci with 275 rows and digest f2c279pd049n1bu7ujjhgd1pn63.
[2026-08-06 09:46:48] (1s) Starting to evaluate predicate @assignremexpr/1@e22f8ebs
[2026-08-06 09:46:48] (1s)  >>> Created relation @assignremexpr/1@e22f8ebs with 42 rows and digest e4b177dhbb361qr0alq2fja2tvb.
[2026-08-06 09:46:48] (1s) Starting to evaluate predicate @assigndivexpr/1@897f7fp0
[2026-08-06 09:46:48] (1s)  >>> Created relation @assigndivexpr/1@897f7fp0 with 129 rows and digest 1ecfa8c5vevt9p511pacs2jf776.
[2026-08-06 09:46:48] (1s) Starting to evaluate predicate @assignmulexpr/1@6a0ed9m2
[2026-08-06 09:46:48] (1s)  >>> Created relation @assignmulexpr/1@6a0ed9m2 with 315 rows and digest 6e9a64er2ni61aqq7f7emvklv23.
[2026-08-06 09:46:48] (1s) Starting to evaluate predicate @assignsubexpr/1@acc4c85f
[2026-08-06 09:46:48] (1s)  >>> Created relation @assignsubexpr/1@acc4c85f with 2981 rows and digest cbfef95jarn2fh3dd4ugt3rdtvf.
[2026-08-06 09:46:48] (1s) Starting to evaluate predicate @assignaddexpr/1@d7c386eo
[2026-08-06 09:46:48] (1s)  >>> Created relation @assignaddexpr/1@d7c386eo with 6019 rows and digest e51d590473ecthmqr3rlj84kov4.
[2026-08-06 09:46:48] (1s) Starting to evaluate predicate @assign_op_expr/1@387e13ag
[2026-08-06 09:46:48] (1s)  >>> Created relation @assign_op_expr/1@387e13ag with 17075 rows and digest e184869uan8k2ine4c76s21dema.
[2026-08-06 09:46:48] (1s) Starting to evaluate predicate @isvalidwinrttype/1@2ae16b1m
[2026-08-06 09:46:48] (1s)  >>> Created relation @isvalidwinrttype/1@2ae16b1m with 0 rows and digest THIS-RELATION-HAS-NO-TUPLES.
[2026-08-06 09:46:48] (1s) Starting to evaluate predicate @isrvaluereference/1@498efe13
[2026-08-06 09:46:48] (1s)  >>> Created relation @isrvaluereference/1@498efe13 with 0 rows and digest THIS-RELATION-HAS-NO-TUPLES.
[2026-08-06 09:46:48] (1s) Starting to evaluate predicate @islvaluereference/1@37269c7i
[2026-08-06 09:46:48] (1s)  >>> Created relation @islvaluereference/1@37269c7i with 0 rows and digest THIS-RELATION-HAS-NO-TUPLES.
[2026-08-06 09:46:48] (1s) Starting to evaluate predicate @hasuserdestr/1@9409d2o5
[2026-08-06 09:46:48] (1s)  >>> Created relation @hasuserdestr/1@9409d2o5 with 0 rows and digest THIS-RELATION-HAS-NO-TUPLES.
[2026-08-06 09:46:48] (1s) Starting to evaluate predicate @builtinchooseexpr/1@9b4dafm3
[2026-08-06 09:46:48] (1s)  >>> Created relation @builtinchooseexpr/1@9b4dafm3 with 0 rows and digest THIS-RELATION-HAS-NO-TUPLES.
[2026-08-06 09:46:48] (1s) Starting to evaluate predicate @uuidof/1@d92cb8tj
[2026-08-06 09:46:48] (1s)  >>> Created relation @uuidof/1@d92cb8tj with 0 rows and digest THIS-RELATION-HAS-NO-TUPLES.
[2026-08-06 09:46:48] (1s) Starting to evaluate predicate @stmt_for/1@03e50dbt
[2026-08-06 09:46:48] (1s)  >>> Created relation @stmt_for/1@03e50dbt with 23137 rows and digest e0365bkrjuvlg2t1cuqefvs6u82.
[2026-08-06 09:46:48] (1s) Starting to evaluate predicate @isunboundedarray/1@9660dcc7
[2026-08-06 09:46:48] (1s)  >>> Created relation @isunboundedarray/1@9660dcc7 with 0 rows and digest THIS-RELATION-HAS-NO-TUPLES.
[2026-08-06 09:46:48] (1s) Starting to evaluate predicate @isstandardlayoutexpr/1@12bbaa5a
[2026-08-06 09:46:48] (1s)  >>> Created relation @isstandardlayoutexpr/1@12bbaa5a with 0 rows and digest THIS-RELATION-HAS-NO-TUPLES.
[2026-08-06 09:46:48] (1s) Starting to evaluate predicate @isinterfaceclassexpr/1@150267t9
[2026-08-06 09:46:48] (1s)  >>> Created relation @isinterfaceclassexpr/1@150267t9 with 0 rows and digest THIS-RELATION-HAS-NO-TUPLES.
[2026-08-06 09:46:48] (1s) Starting to evaluate predicate @hastrivialassign/1@9e3eb8bo
[2026-08-06 09:46:48] (1s)  >>> Created relation @hastrivialassign/1@9e3eb8bo with 0 rows and digest THIS-RELATION-HAS-NO-TUPLES.
[2026-08-06 09:46:48] (1s) Starting to evaluate predicate @hasnothrowassign/1@3df0fc29
[2026-08-06 09:46:48] (1s)  >>> Created relation @hasnothrowassign/1@3df0fc29 with 0 rows and digest THIS-RELATION-HAS-NO-TUPLES.
[2026-08-06 09:46:48] (1s) Starting to evaluate predicate @ppd_elifndef/1@c7e4c2ih
[2026-08-06 09:46:48] (1s)  >>> Created relation @ppd_elifndef/1@c7e4c2ih with 0 rows and digest THIS-RELATION-HAS-NO-TUPLES.
[2026-08-06 09:46:48] (1s) Starting to evaluate predicate @ismemberpointer/1@cdac9egf
[2026-08-06 09:46:48] (1s)  >>> Created relation @ismemberpointer/1@cdac9egf with 0 rows and digest THIS-RELATION-HAS-NO-TUPLES.
[2026-08-06 09:46:48] (1s) Starting to evaluate predicate @isfloatingpoint/1@8c18acf8
[2026-08-06 09:46:48] (1s)  >>> Created relation @isfloatingpoint/1@8c18acf8 with 0 rows and digest THIS-RELATION-HAS-NO-TUPLES.
[2026-08-06 09:46:48] (1s) Starting to evaluate predicate @isconvtoexpr/1@cc942518
[2026-08-06 09:46:48] (1s)  >>> Created relation @isconvtoexpr/1@cc942518 with 0 rows and digest THIS-RELATION-HAS-NO-TUPLES.
[2026-08-06 09:46:48] (1s) Starting to evaluate predicate @type_operand/1@38968552
[2026-08-06 09:46:48] (1s)  >>> Created relation @type_operand/1@38968552 with 2548 rows and digest db4e36j0t7svlr3att6rj509gu8.
[2026-08-06 09:46:48] (1s) Starting to evaluate predicate @throw_expr/1@91a4bchn
[2026-08-06 09:46:48] (1s)  >>> Created relation @throw_expr/1@91a4bchn with 0 rows and digest THIS-RELATION-HAS-NO-TUPLES.
[2026-08-06 09:46:48] (1s) Inferred that Expr::ReThrowExpr#1dda5709/1@1a5685q7 is empty, due to @throw_expr/1@91a4bchn.
[2026-08-06 09:46:48] (1s) Starting to evaluate predicate @stmt_switch_case/1@b18756ci
[2026-08-06 09:46:48] (1s)  >>> Created relation @stmt_switch_case/1@b18756ci with 296790 rows and digest aea1ddd0u1mn1v7clckmio7ktkf.
[2026-08-06 09:46:48] (1s) Starting to evaluate predicate @ppd_warning/1@f3f63brl
[2026-08-06 09:46:48] (1s)  >>> Created relation @ppd_warning/1@f3f63brl with 0 rows and digest THIS-RELATION-HAS-NO-TUPLES.
[2026-08-06 09:46:48] (1s) Starting to evaluate predicate @ppd_elifdef/1@be66cf5o
[2026-08-06 09:46:48] (1s)  >>> Created relation @ppd_elifdef/1@be66cf5o with 0 rows and digest THIS-RELATION-HAS-NO-TUPLES.
[2026-08-06 09:46:48] (1s) Starting to evaluate predicate @nested_requirement/1@5dcf3dm7
[2026-08-06 09:46:48] (1s)  >>> Created relation @nested_requirement/1@5dcf3dm7 with 0 rows and digest THIS-RELATION-HAS-NO-TUPLES.
[2026-08-06 09:46:48] (1s) Starting to evaluate predicate @iswininterface/1@3afc6cri
[2026-08-06 09:46:48] (1s)  >>> Created relation @iswininterface/1@3afc6cri with 0 rows and digest THIS-RELATION-HAS-NO-TUPLES.
[2026-08-06 09:46:48] (1s) Starting to evaluate predicate @isreferenceable/1@127e9ef8
[2026-08-06 09:46:48] (1s)  >>> Created relation @isreferenceable/1@127e9ef8 with 0 rows and digest THIS-RELATION-HAS-NO-TUPLES.
[2026-08-06 09:46:48] (1s) Starting to evaluate predicate @isconstructibleexpr/1@6cb1b0f1
[2026-08-06 09:46:48] (1s)  >>> Created relation @isconstructibleexpr/1@6cb1b0f1 with 0 rows and digest THIS-RELATION-HAS-NO-TUPLES.
[2026-08-06 09:46:48] (1s) Starting to evaluate predicate @iscompletetype/1@fa54bbl2
[2026-08-06 09:46:48] (1s)  >>> Created relation @iscompletetype/1@fa54bbl2 with 0 rows and digest THIS-RELATION-HAS-NO-TUPLES.
[2026-08-06 09:46:48] (1s) Starting to evaluate predicate @isboundedarray/1@ee4b5dni
[2026-08-06 09:46:48] (1s)  >>> Created relation @isboundedarray/1@ee4b5dni with 0 rows and digest THIS-RELATION-HAS-NO-TUPLES.
[2026-08-06 09:46:48] (1s) Starting to evaluate predicate @hastrivialcopy/1@939f33hu
[2026-08-06 09:46:48] (1s)  >>> Created relation @hastrivialcopy/1@939f33hu with 0 rows and digest THIS-RELATION-HAS-NO-TUPLES.
[2026-08-06 09:46:48] (1s) Starting to evaluate predicate @hasnothrowcopy/1@4c016fbv
[2026-08-06 09:46:48] (1s)  >>> Created relation @hasnothrowcopy/1@4c016fbv with 0 rows and digest THIS-RELATION-HAS-NO-TUPLES.
[2026-08-06 09:46:48] (1s) Starting to evaluate predicate @vastartexpr/1@a7f75e45
[2026-08-06 09:46:48] (1s)  >>> Created relation @vastartexpr/1@a7f75e45 with 136 rows and digest 7c7410tcbcjbrjr5r5tloeu43ic.
[2026-08-06 09:46:48] (1s) Starting to evaluate predicate @offsetofexpr/1@c801daj0
[2026-08-06 09:46:48] (1s)  >>> Created relation @offsetofexpr/1@c801daj0 with 1851 rows and digest 0bf76edaomsrfhp109s3g2b17d7.
[2026-08-06 09:46:48] (1s) Starting to evaluate predicate @builtinbitcast/1@dc7648jt
[2026-08-06 09:46:48] (1s)  >>> Created relation @builtinbitcast/1@dc7648jt with 0 rows and digest THIS-RELATION-HAS-NO-TUPLES.
[2026-08-06 09:46:48] (1s) Starting to evaluate predicate @stmt_set_vla_size/1@7226407d
[2026-08-06 09:46:48] (1s)  >>> Created relation @stmt_set_vla_size/1@7226407d with 7 rows and digest ce82b4ap1jtmo2ns6mpqj4kbrt6.
[2026-08-06 09:46:48] (1s)  >>> Created relation lambda_capture/7@428e32qn with 0 rows and digest THIS-RELATION-HAS-NO-TUPLES.
[2026-08-06 09:46:48] (1s) Starting to evaluate predicate @ppd_ms_import/1@448667c1
[2026-08-06 09:46:48] (1s)  >>> Created relation @ppd_ms_import/1@448667c1 with 0 rows and digest THIS-RELATION-HAS-NO-TUPLES.
[2026-08-06 09:46:48] (1s) Starting to evaluate predicate @ppd_objc_import/1@ea4035u3
[2026-08-06 09:46:48] (1s)  >>> Created relation @ppd_objc_import/1@ea4035u3 with 0 rows and digest THIS-RELATION-HAS-NO-TUPLES.
[2026-08-06 09:46:48] (1s) Starting to evaluate predicate @ppd_include/1@bb87b9ue
[2026-08-06 09:46:48] (1s)  >>> Created relation @ppd_include/1@bb87b9ue with 17818 rows and digest 4b07b0o1r4ohe9ja133g70dd820.
[2026-08-06 09:46:48] (1s) Starting to evaluate predicate @ppd_embed/1@f5c5dbln
[2026-08-06 09:46:48] (1s)  >>> Created relation @ppd_embed/1@f5c5dbln with 0 rows and digest THIS-RELATION-HAS-NO-TUPLES.
[2026-08-06 09:46:48] (1s) Starting to evaluate predicate @ppd_pragma/1@a3357d8j
[2026-08-06 09:46:48] (1s)  >>> Created relation @ppd_pragma/1@a3357d8j with 182 rows and digest a931e3rsbf4vevam4imvcca2g6f.
[2026-08-06 09:46:48] (1s) Starting to evaluate predicate @ppd_error/1@2e8fd0m2
[2026-08-06 09:46:48] (1s)  >>> Created relation @ppd_error/1@2e8fd0m2 with 2 rows and digest b36426e8b1hb1ou362b8i20v011.
[2026-08-06 09:46:48] (1s) Starting to evaluate predicate @ppd_line/1@9f7b2e50
[2026-08-06 09:46:48] (1s)  >>> Created relation @ppd_line/1@9f7b2e50 with 25982 rows and digest cea2bd0igclcarrqq9ecu5q3u77.
[2026-08-06 09:46:48] (1s) Starting to evaluate predicate @ppd_undef/1@b34ccccr
[2026-08-06 09:46:48] (1s)  >>> Created relation @ppd_undef/1@b34ccccr with 8449 rows and digest 47f6a6haj6rcleb0ge9ik3b7eh0.
[2026-08-06 09:46:48] (1s) Starting to evaluate predicate @ppd_elif/1@fa3a9cg6
[2026-08-06 09:46:48] (1s)  >>> Created relation @ppd_elif/1@fa3a9cg6 with 1023 rows and digest 149845t024cndtf96t1lebonct8.
[2026-08-06 09:46:48] (1s) Starting to evaluate predicate @ppd_ifndef/1@348234tu
[2026-08-06 09:46:48] (1s)  >>> Created relation @ppd_ifndef/1@348234tu with 4320 rows and digest 5d2519t7ef2ssbaao29939dp614.
[2026-08-06 09:46:48] (1s) Starting to evaluate predicate @ppd_ifdef/1@07f3b9rk
[2026-08-06 09:46:48] (1s)  >>> Created relation @ppd_ifdef/1@07f3b9rk with 5666 rows and digest a15b58vifge7e5o1lt82ggj8eo9.
[2026-08-06 09:46:48] (1s) Starting to evaluate predicate @ppd_if/1@7b4e0423
[2026-08-06 09:46:48] (1s)  >>> Created relation @ppd_if/1@7b4e0423 with 18514 rows and digest 3e4597e8qd3hgvcgta35jpkfvu0.
[2026-08-06 09:46:48] (1s) Starting to evaluate predicate @stmt_switch/1@7db4cdks
[2026-08-06 09:46:48] (1s)  >>> Created relation @stmt_switch/1@7db4cdks with 12205 rows and digest 8c2f1bariedkn6839lv9updnsee.
[2026-08-06 09:46:48] (1s) Starting to evaluate predicate @stmt_assigned_goto/1@364d6ecs
[2026-08-06 09:46:48] (1s)  >>> Created relation @stmt_assigned_goto/1@364d6ecs with 0 rows and digest THIS-RELATION-HAS-NO-TUPLES.
[2026-08-06 09:46:48] (1s) Starting to evaluate predicate @isliteraltypeexpr/1@15c27f38
[2026-08-06 09:46:48] (1s)  >>> Created relation @isliteraltypeexpr/1@15c27f38 with 0 rows and digest THIS-RELATION-HAS-NO-TUPLES.
[2026-08-06 09:46:48] (1s) Starting to evaluate predicate @isdestructibleexpr/1@139579hk
[2026-08-06 09:46:48] (1s)  >>> Created relation @isdestructibleexpr/1@139579hk with 0 rows and digest THIS-RELATION-HAS-NO-TUPLES.
[2026-08-06 09:46:48] (1s) Starting to evaluate predicate @vacopyexpr/1@225011nv
[2026-08-06 09:46:48] (1s)  >>> Created relation @vacopyexpr/1@225011nv with 17 rows and digest 2f6ee3k5pd6f5lai5semoidmhde.
[2026-08-06 09:46:48] (1s) Starting to evaluate predicate @builtinshuffle/1@c3fba0n0
[2026-08-06 09:46:48] (1s)  >>> Created relation @builtinshuffle/1@c3fba0n0 with 0 rows and digest THIS-RELATION-HAS-NO-TUPLES.
[2026-08-06 09:46:48] (1s) Starting to evaluate predicate @builtincomplex/1@4f6a22cu
[2026-08-06 09:46:48] (1s)  >>> Created relation @builtincomplex/1@4f6a22cu with 0 rows and digest THIS-RELATION-HAS-NO-TUPLES.
[2026-08-06 09:46:48] (1s) Starting to evaluate predicate @temp_init/1@15b20e6t
[2026-08-06 09:46:48] (1s)  >>> Created relation @temp_init/1@15b20e6t with 39984 rows and digest f753a9k8vr52p54hs712qa1ldn8.
[2026-08-06 09:46:48] (1s) Starting to evaluate predicate @stmt_range_based_for/1@04371e2t
[2026-08-06 09:46:48] (1s)  >>> Created relation @stmt_range_based_for/1@04371e2t with 0 rows and digest THIS-RELATION-HAS-NO-TUPLES.
[2026-08-06 09:46:48] (1s) Starting to evaluate predicate @isvalueclassexpr/1@e72f972q
[2026-08-06 09:46:48] (1s)  >>> Created relation @isvalueclassexpr/1@e72f972q with 0 rows and digest THIS-RELATION-HAS-NO-TUPLES.
[2026-08-06 09:46:48] (1s) Starting to evaluate predicate @isscopedenum/1@17f4b3j6
[2026-08-06 09:46:48] (1s)  >>> Created relation @isscopedenum/1@17f4b3j6 with 0 rows and digest THIS-RELATION-HAS-NO-TUPLES.
[2026-08-06 09:46:48] (1s) Starting to evaluate predicate @ispolyexpr/1@68e2483d
[2026-08-06 09:46:48] (1s)  >>> Created relation @ispolyexpr/1@68e2483d with 0 rows and digest THIS-RELATION-HAS-NO-TUPLES.
[2026-08-06 09:46:48] (1s) Starting to evaluate predicate @isfundamental/1@0a7702et
[2026-08-06 09:46:48] (1s)  >>> Created relation @isfundamental/1@0a7702et with 0 rows and digest THIS-RELATION-HAS-NO-TUPLES.
[2026-08-06 09:46:48] (1s) Starting to evaluate predicate @isconvertible/1@d2e188mc
[2026-08-06 09:46:48] (1s)  >>> Created relation @isconvertible/1@d2e188mc with 0 rows and digest THIS-RELATION-HAS-NO-TUPLES.
[2026-08-06 09:46:48] (1s) Starting to evaluate predicate @vaendexpr/1@1e4bbbt1
[2026-08-06 09:46:48] (1s)  >>> Created relation @vaendexpr/1@1e4bbbt1 with 197 rows and digest dbfefdpcek8imr1u72pbc1f8a8b.
[2026-08-06 09:46:48] (1s) Starting to evaluate predicate @vaargexpr/1@89e87chs
[2026-08-06 09:46:48] (1s)  >>> Created relation @vaargexpr/1@89e87chs with 205 rows and digest 368b962b2pogsgj2af5pha1n831.
[2026-08-06 09:46:48] (1s) Starting to evaluate predicate @condition_decl/1@f45545p7
[2026-08-06 09:46:48] (1s)  >>> Created relation @condition_decl/1@f45545p7 with 3491 rows and digest 32c19dvuuh8k8v3nokr7lksa8le.
[2026-08-06 09:46:48] (1s) Starting to evaluate predicate @stmt_while/1@a82e0cgr
[2026-08-06 09:46:48] (1s)  >>> Created relation @stmt_while/1@a82e0cgr with 4382 rows and digest b14cbfmccp63rek6arln7n6ufue.
[2026-08-06 09:46:48] (1s) Starting to evaluate predicate @subscriptexpr/1@b4d137l8
[2026-08-06 09:46:48] (1s)  >>> Created relation @subscriptexpr/1@b4d137l8 with 254526 rows and digest cfca2bbms78am2t72jvjta2c7ld.
[2026-08-06 09:46:48] (1s) Starting to evaluate predicate @isassignable/1@6647f9dc
[2026-08-06 09:46:48] (1s)  >>> Created relation @isassignable/1@6647f9dc with 0 rows and digest THIS-RELATION-HAS-NO-TUPLES.
[2026-08-06 09:46:48] (1s) Starting to evaluate predicate @isarithmetic/1@800ae45k
[2026-08-06 09:46:48] (1s)  >>> Created relation @isarithmetic/1@800ae45k with 0 rows and digest THIS-RELATION-HAS-NO-TUPLES.
[2026-08-06 09:46:48] (1s) Starting to evaluate predicate @hasfinalizerexpr/1@a8b6d07e
[2026-08-06 09:46:48] (1s)  >>> Created relation @hasfinalizerexpr/1@a8b6d07e with 0 rows and digest THIS-RELATION-HAS-NO-TUPLES.
[2026-08-06 09:46:48] (1s) Starting to evaluate predicate @lambdaexpr/1@069423g5
[2026-08-06 09:46:48] (1s)  >>> Created relation @lambdaexpr/1@069423g5 with 0 rows and digest THIS-RELATION-HAS-NO-TUPLES.
[2026-08-06 09:46:48] (1s) Inferred that Lambda::Closure#cd1055be/1@baad0d5o is empty, due to @lambdaexpr/1@069423g5.
[2026-08-06 09:46:48] (1s) Starting to evaluate predicate @stmt_vla_decl/1@64fa7ala
[2026-08-06 09:46:48] (1s)  >>> Created relation @stmt_vla_decl/1@64fa7ala with 7 rows and digest a89374g6an22ed9ng4rre5sbdh8.
[2026-08-06 09:46:48] (1s) Starting to evaluate predicate @conditionalexpr/1@0f8f95ak
[2026-08-06 09:46:48] (1s)  >>> Created relation @conditionalexpr/1@0f8f95ak with 44710 rows and digest 609db9cpvk55pbedb6vn2genu8e.
[2026-08-06 09:46:48] (1s)  >>> Created relation macroinvocations/4@c9caa299 with 2134953 rows and digest 805520ct9daavv1lk7js9kpra7a.
[2026-08-06 09:46:48] (1s)  >>> Created relation namespace_decls/4@7bcd0ehl with 421 rows and digest c83fbbqb2cl9avlje7lqhvu5lsc.
[2026-08-06 09:46:48] (1s) Starting to evaluate predicate @attribute_arg_empty/1@df60a4ud
[2026-08-06 09:46:48] (1s)  >>> Created relation @attribute_arg_empty/1@df60a4ud with 0 rows and digest THIS-RELATION-HAS-NO-TUPLES.
[2026-08-06 09:46:48] (1s) Starting to evaluate predicate @iswinclass/1@236a00qq
[2026-08-06 09:46:48] (1s)  >>> Created relation @iswinclass/1@236a00qq with 0 rows and digest THIS-RELATION-HAS-NO-TUPLES.
[2026-08-06 09:46:48] (1s) Starting to evaluate predicate @isreference/1@f08f307s
[2026-08-06 09:46:48] (1s)  >>> Created relation @isreference/1@f08f307s with 0 rows and digest THIS-RELATION-HAS-NO-TUPLES.
[2026-08-06 09:46:48] (1s) Starting to evaluate predicate @isrefclassexpr/1@518276eb
[2026-08-06 09:46:48] (1s)  >>> Created relation @isrefclassexpr/1@518276eb with 0 rows and digest THIS-RELATION-HAS-NO-TUPLES.
[2026-08-06 09:46:48] (1s) Starting to evaluate predicate @isrefarrayexpr/1@e0e28bsg
[2026-08-06 09:46:48] (1s)  >>> Created relation @isrefarrayexpr/1@e0e28bsg with 0 rows and digest THIS-RELATION-HAS-NO-TUPLES.
[2026-08-06 09:46:48] (1s) Starting to evaluate predicate @isinvocable/1@6ef077p7
[2026-08-06 09:46:48] (1s)  >>> Created relation @isinvocable/1@6ef077p7 with 0 rows and digest THIS-RELATION-HAS-NO-TUPLES.
[2026-08-06 09:46:48] (1s) Starting to evaluate predicate @isaggregate/1@e840d74j
[2026-08-06 09:46:48] (1s)  >>> Created relation @isaggregate/1@e840d74j with 0 rows and digest THIS-RELATION-HAS-NO-TUPLES.
[2026-08-06 09:46:48] (1s) Starting to evaluate predicate @arrayextent/1@5fdf7dok
[2026-08-06 09:46:48] (1s)  >>> Created relation @arrayextent/1@5fdf7dok with 0 rows and digest THIS-RELATION-HAS-NO-TUPLES.
[2026-08-06 09:46:48] (1s) Starting to evaluate predicate @reference_to/1@6ff7b06h
[2026-08-06 09:46:48] (1s)  >>> Created relation @reference_to/1@6ff7b06h with 51799 rows and digest 45a2e9mrvm3d1k405b6kgtpai18.
[2026-08-06 09:46:48] (1s) Starting to evaluate predicate @builtinaddressof/1@ad981f63
[2026-08-06 09:46:48] (1s)  >>> Created relation @builtinaddressof/1@ad981f63 with 50 rows and digest 9015d5rl2ck8g3posnup47c54s7.
[2026-08-06 09:46:48] (1s) Starting to evaluate predicate @vec_fill/1@773576v6
[2026-08-06 09:46:48] (1s)  >>> Created relation @vec_fill/1@773576v6 with 0 rows and digest THIS-RELATION-HAS-NO-TUPLES.
[2026-08-06 09:46:48] (1s) Starting to evaluate predicate @co_yield/1@468c65k3
[2026-08-06 09:46:48] (1s)  >>> Created relation @co_yield/1@468c65k3 with 0 rows and digest THIS-RELATION-HAS-NO-TUPLES.
[2026-08-06 09:46:48] (1s) Starting to evaluate predicate @co_await/1@5c87fenq
[2026-08-06 09:46:48] (1s)  >>> Created relation @co_await/1@5c87fenq with 0 rows and digest THIS-RELATION-HAS-NO-TUPLES.
[2026-08-06 09:46:48] (1s) Starting to evaluate predicate @realpartexpr/1@569ddcbl
[2026-08-06 09:46:48] (1s)  >>> Created relation @realpartexpr/1@569ddcbl with 0 rows and digest THIS-RELATION-HAS-NO-TUPLES.
[2026-08-06 09:46:48] (1s) Starting to evaluate predicate @imagpartexpr/1@0713ffp8
[2026-08-06 09:46:48] (1s)  >>> Created relation @imagpartexpr/1@0713ffp8 with 0 rows and digest THIS-RELATION-HAS-NO-TUPLES.
[2026-08-06 09:46:48] (1s) Starting to evaluate predicate @predecrexpr/1@4c44bddu
[2026-08-06 09:46:48] (1s)  >>> Created relation @predecrexpr/1@4c44bddu with 2064 rows and digest 5769f792djmcmo3rbkud9o9bove.
[2026-08-06 09:46:48] (1s) Starting to evaluate predicate @preincrexpr/1@6967b1r0
[2026-08-06 09:46:48] (1s)  >>> Created relation @preincrexpr/1@6967b1r0 with 7757 rows and digest 34512d2g6ru87pbha88109ll1t1.
[2026-08-06 09:46:48] (1s) Starting to evaluate predicate @conjugation/1@6af4f8bg
[2026-08-06 09:46:48] (1s)  >>> Created relation @conjugation/1@6af4f8bg with 0 rows and digest THIS-RELATION-HAS-NO-TUPLES.
[2026-08-06 09:46:48] (1s) Starting to evaluate predicate @complementexpr/1@bbacabqu
[2026-08-06 09:46:48] (1s)  >>> Created relation @complementexpr/1@bbacabqu with 3247 rows and digest 2ef7a4l7mjdlia5bi6o3t9d72gb.
[2026-08-06 09:46:48] (1s) Starting to evaluate predicate @arithnegexpr/1@009f65su
[2026-08-06 09:46:48] (1s)  >>> Created relation @arithnegexpr/1@009f65su with 36242 rows and digest b30d0dd4gu7eeqrpsi8iq8gq7db.
[2026-08-06 09:46:48] (1s) Starting to evaluate predicate @unaryplusexpr/1@5b3692q6
[2026-08-06 09:46:48] (1s)  >>> Created relation @unaryplusexpr/1@5b3692q6 with 87 rows and digest 06c0902ndppsqvcop1hid0eji35.
[2026-08-06 09:46:48] (1s) Starting to evaluate predicate @indirect/1@6b9bb94d
[2026-08-06 09:46:48] (1s)  >>> Created relation @indirect/1@6b9bb94d with 53005 rows and digest d3157552ffg66cp7n03iqstcmve.
[2026-08-06 09:46:48] (1s) Starting to evaluate predicate @address_of/1@71cab6bl
[2026-08-06 09:46:48] (1s)  >>> Created relation @address_of/1@71cab6bl with 64743 rows and digest bd21edtnjogmc3n33qtt6d11kvb.
[2026-08-06 09:46:48] (1s) Starting to evaluate predicate @notexpr/1@20e1fept
[2026-08-06 09:46:48] (1s)  >>> Created relation @notexpr/1@20e1fept with 94004 rows and digest 87b95eeatapdj9nrtaqu27ruri0.
[2026-08-06 09:46:48] (1s) Starting to evaluate predicate Expr::Operation.getOperator/0#dispred#0b49161a/2@b0eaa2e5
[2026-08-06 09:46:48] (2s)  >>> Created relation Expr::Operation.getOperator/0#dispred#0b49161a/2@b0eaa2e5 with 973633 rows and digest afd84bggec6uqudvtkj5u73k125.
[2026-08-06 09:46:48] (2s) Starting to evaluate predicate @postdecrexpr/1@5db169l7
[2026-08-06 09:46:48] (2s)  >>> Created relation @postdecrexpr/1@5db169l7 with 3201 rows and digest 189248u1d4rtn01fqd7fohekfc9.
[2026-08-06 09:46:48] (2s) Starting to evaluate predicate @postincrexpr/1@c43056gq
[2026-08-06 09:46:48] (2s)  >>> Created relation @postincrexpr/1@c43056gq with 16318 rows and digest 052799iq35q8qshbtkcs1c8tal4.
[2026-08-06 09:46:48] (2s) Starting to evaluate predicate @un_op_expr/1@9d3c10da
[2026-08-06 09:46:48] (2s)  >>> Created relation @un_op_expr/1@9d3c10da with 280718 rows and digest fa1dc7au6thakj8i947lh4kqgue.
[2026-08-06 09:46:48] (2s) Starting to evaluate predicate @noexceptexpr/1@9b1fbee9
[2026-08-06 09:46:48] (2s)  >>> Created relation @noexceptexpr/1@9b1fbee9 with 0 rows and digest THIS-RELATION-HAS-NO-TUPLES.
[2026-08-06 09:46:48] (2s) Starting to evaluate predicate @stmt_if/1@107c5ded
[2026-08-06 09:46:48] (2s)  >>> Created relation @stmt_if/1@107c5ded with 222120 rows and digest ac4ba2kl7smvddmqae3mav5ii17.
[2026-08-06 09:46:48] (2s) Starting to evaluate predicate @stmt_co_return/1@b974bf9e
[2026-08-06 09:46:48] (2s)  >>> Created relation @stmt_co_return/1@b974bf9e with 0 rows and digest THIS-RELATION-HAS-NO-TUPLES.
[2026-08-06 09:46:48] (2s) Starting to evaluate predicate @stmt_asm/1@779281n2
[2026-08-06 09:46:48] (2s)  >>> Created relation @stmt_asm/1@779281n2 with 22 rows and digest fff535cvc5cv6094b4tqpk38mp8.
[2026-08-06 09:46:48] (2s) Starting to evaluate predicate @isvolatile/1@096cc8eu
[2026-08-06 09:46:48] (2s)  >>> Created relation @isvolatile/1@096cc8eu with 0 rows and digest THIS-RELATION-HAS-NO-TUPLES.
[2026-08-06 09:46:48] (2s) Starting to evaluate predicate @isunsigned/1@61363cdb
[2026-08-06 09:46:48] (2s)  >>> Created relation @isunsigned/1@61363cdb with 0 rows and digest THIS-RELATION-HAS-NO-TUPLES.
[2026-08-06 09:46:48] (2s) Starting to evaluate predicate @isintegral/1@f7e48epc
[2026-08-06 09:46:48] (2s)  >>> Created relation @isintegral/1@f7e48epc with 0 rows and digest THIS-RELATION-HAS-NO-TUPLES.
[2026-08-06 09:46:48] (2s) Starting to evaluate predicate @isfunction/1@73c10f40
[2026-08-06 09:46:48] (2s)  >>> Created relation @isfunction/1@73c10f40 with 0 rows and digest THIS-RELATION-HAS-NO-TUPLES.
[2026-08-06 09:46:48] (2s) Starting to evaluate predicate @isdelegateexpr/1@7b5438l6
[2026-08-06 09:46:48] (2s)  >>> Created relation @isdelegateexpr/1@7b5438l6 with 0 rows and digest THIS-RELATION-HAS-NO-TUPLES.
[2026-08-06 09:46:48] (2s) Starting to evaluate predicate @iscompound/1@dff167q5
[2026-08-06 09:46:48] (2s)  >>> Created relation @iscompound/1@dff167q5 with 0 rows and digest THIS-RELATION-HAS-NO-TUPLES.
[2026-08-06 09:46:48] (2s) Starting to evaluate predicate @isabstractexpr/1@606f22t6
[2026-08-06 09:46:48] (2s)  >>> Created relation @isabstractexpr/1@606f22t6 with 0 rows and digest THIS-RELATION-HAS-NO-TUPLES.
[2026-08-06 09:46:48] (2s) Starting to evaluate predicate @assume/1@f3d88a9k
[2026-08-06 09:46:48] (2s)  >>> Created relation @assume/1@f3d88a9k with 0 rows and digest THIS-RELATION-HAS-NO-TUPLES.
[2026-08-06 09:46:48] (2s)  >>> Created relation attributes/5@7407a7dq with 37635 rows and digest 3358bf02sp4bep6eomk7nlv0167.
[2026-08-06 09:46:48] (2s)  >>> Created relation code_block/2@278416hl with 0 rows and digest THIS-RELATION-HAS-NO-TUPLES.
[2026-08-06 09:46:48] (2s) Inferred that #code_blockMerge_0#antijoin_rhs/1@04133eoq is empty, due to code_block/2@278416hl.
[2026-08-06 09:46:48] (2s)  >>> Created relation type_mentions/4@ac74cbkt with 384247 rows and digest 2fc3bb4rh9hqe5hg417h1uh1f0d.
[2026-08-06 09:46:48] (2s) Starting to evaluate predicate @type_mention/1@beb28fh4
[2026-08-06 09:46:48] (2s)  >>> Created relation @type_mention/1@beb28fh4 with 384247 rows and digest 0442abv2qrk1bjhmk2jpfsamh2c.
[2026-08-06 09:46:48] (2s) Starting to evaluate predicate @param_ref/1@d4fbccat
[2026-08-06 09:46:48] (2s)  >>> Created relation @param_ref/1@d4fbccat with 0 rows and digest THIS-RELATION-HAS-NO-TUPLES.
[2026-08-06 09:46:48] (2s) Starting to evaluate predicate @stmt_end_test_while/1@e1c747q6
[2026-08-06 09:46:48] (2s)  >>> Created relation @stmt_end_test_while/1@e1c747q6 with 16158 rows and digest 701b0chl4evoupp960nnd76j756.
[2026-08-06 09:46:48] (2s) Starting to evaluate predicate attributes_10#join_rhs/2@220ea8ir
[2026-08-06 09:46:48] (2s)  >>> Created relation attributes_10#join_rhs/2@220ea8ir with 37635 rows and digest 0faa31jfguqtqgnd4tfe7er5fk3.
[2026-08-06 09:46:48] (2s) Starting to evaluate predicate @alignas/1@08492eb1
[2026-08-06 09:46:48] (2s)  >>> Created relation @alignas/1@08492eb1 with 0 rows and digest THIS-RELATION-HAS-NO-TUPLES.
[2026-08-06 09:46:48] (2s) Starting to evaluate predicate @istrivialexpr/1@050cdej7
[2026-08-06 09:46:48] (2s)  >>> Created relation @istrivialexpr/1@050cdej7 with 0 rows and digest THIS-RELATION-HAS-NO-TUPLES.
[2026-08-06 09:46:48] (2s) Starting to evaluate predicate @issameas/1@68872aht
[2026-08-06 09:46:48] (2s)  >>> Created relation @issameas/1@68872aht with 0 rows and digest THIS-RELATION-HAS-NO-TUPLES.
[2026-08-06 09:46:48] (2s) Starting to evaluate predicate @ispointer/1@b4c7527u
[2026-08-06 09:46:48] (2s)  >>> Created relation @ispointer/1@b4c7527u with 0 rows and digest THIS-RELATION-HAS-NO-TUPLES.
[2026-08-06 09:46:48] (2s) Starting to evaluate predicate @isbaseofexpr/1@0f71db9a
[2026-08-06 09:46:48] (2s)  >>> Created relation @isbaseofexpr/1@0f71db9a with 3 rows and digest 103cfa96p92fkmghli7l0urfgt5.
[2026-08-06 09:46:48] (2s) Starting to evaluate predicate @hasassignexpr/1@74556dn0
[2026-08-06 09:46:48] (2s)  >>> Created relation @hasassignexpr/1@74556dn0 with 0 rows and digest THIS-RELATION-HAS-NO-TUPLES.
[2026-08-06 09:46:48] (2s) Starting to evaluate predicate @arrayrank/1@62f05867
[2026-08-06 09:46:48] (2s)  >>> Created relation @arrayrank/1@62f05867 with 0 rows and digest THIS-RELATION-HAS-NO-TUPLES.
[2026-08-06 09:46:48] (2s) Starting to evaluate predicate @errorexpr/1@c3b5dcol
[2026-08-06 09:46:48] (2s)  >>> Created relation @errorexpr/1@c3b5dcol with 2252 rows and digest 23636akl55l2e74f8gvocvskrp1.
[2026-08-06 09:46:48] (2s) Starting to evaluate predicate @c11_generic/1@401428vi
[2026-08-06 09:46:48] (2s)  >>> Created relation @c11_generic/1@401428vi with 37 rows and digest 71641dv9r2jg0ehu8p2g4tvkk7f.
[2026-08-06 09:46:48] (2s) Starting to evaluate predicate @stmt_try_block/1@5934603h
[2026-08-06 09:46:48] (2s)  >>> Created relation @stmt_try_block/1@5934603h with 0 rows and digest THIS-RELATION-HAS-NO-TUPLES.
[2026-08-06 09:46:48] (2s) Starting to evaluate predicate @stmt_decl/1@ae67ef12
[2026-08-06 09:46:48] (2s)  >>> Created relation @stmt_decl/1@ae67ef12 with 172664 rows and digest ccb531kjthkb34p6ftv4grpvl27.
[2026-08-06 09:46:48] (2s) Starting to evaluate predicate @issigned/1@f2d6e24e
[2026-08-06 09:46:48] (2s)  >>> Created relation @issigned/1@f2d6e24e with 0 rows and digest THIS-RELATION-HAS-NO-TUPLES.
[2026-08-06 09:46:48] (2s) Starting to evaluate predicate @issealedexpr/1@8c8d3be8
[2026-08-06 09:46:48] (2s)  >>> Created relation @issealedexpr/1@8c8d3be8 with 0 rows and digest THIS-RELATION-HAS-NO-TUPLES.
[2026-08-06 09:46:48] (2s) Starting to evaluate predicate @isscalar/1@ee0d8asl
[2026-08-06 09:46:48] (2s)  >>> Created relation @isscalar/1@ee0d8asl with 0 rows and digest THIS-RELATION-HAS-NO-TUPLES.
[2026-08-06 09:46:48] (2s) Starting to evaluate predicate @isobject/1@81c6a15e
[2026-08-06 09:46:48] (2s)  >>> Created relation @isobject/1@81c6a15e with 0 rows and digest THIS-RELATION-HAS-NO-TUPLES.
[2026-08-06 09:46:48] (2s) Starting to evaluate predicate @intaddrexpr/1@0fa6b51f
[2026-08-06 09:46:48] (2s)  >>> Created relation @intaddrexpr/1@0fa6b51f with 0 rows and digest THIS-RELATION-HAS-NO-TUPLES.
[2026-08-06 09:46:48] (2s) Starting to evaluate predicate @type_id/1@0f3277m4
[2026-08-06 09:46:48] (2s)  >>> Created relation @type_id/1@0f3277m4 with 0 rows and digest THIS-RELATION-HAS-NO-TUPLES.
[2026-08-06 09:46:48] (2s) Starting to evaluate predicate @stmt_return/1@b0b7089m
[2026-08-06 09:46:48] (2s)  >>> Created relation @stmt_return/1@b0b7089m with 187677 rows and digest 017be33qa4skluo2d1je13r1f8a.
[2026-08-06 09:46:48] (2s) Starting to evaluate predicate @stmt_label/1@abcd63r1
[2026-08-06 09:46:48] (2s)  >>> Created relation @stmt_label/1@abcd63r1 with 18508 rows and digest 3467c2p01f27dm7sssd2a7hgt48.
[2026-08-06 09:46:48] (2s)  >>> Created relation derivations/5@92bc817i with 1706 rows and digest 0365120o58av08clei2sfkdndu0.
[2026-08-06 09:46:48] (2s) Starting to evaluate predicate @derivation/1@315f26kr
[2026-08-06 09:46:48] (2s)  >>> Created relation @derivation/1@315f26kr with 1706 rows and digest 84195506rct05jbd3g1c52c2it2.
[2026-08-06 09:46:48] (2s) Starting to evaluate predicate @isunionexpr/1@68035fuk
[2026-08-06 09:46:48] (2s)  >>> Created relation @isunionexpr/1@68035fuk with 0 rows and digest THIS-RELATION-HAS-NO-TUPLES.
[2026-08-06 09:46:48] (2s) Starting to evaluate predicate @isfinalexpr/1@03ddfdh3
[2026-08-06 09:46:48] (2s)  >>> Created relation @isfinalexpr/1@03ddfdh3 with 0 rows and digest THIS-RELATION-HAS-NO-TUPLES.
[2026-08-06 09:46:48] (2s) Starting to evaluate predicate @isemptyexpr/1@d1a988hl
[2026-08-06 09:46:48] (2s)  >>> Created relation @isemptyexpr/1@d1a988hl with 0 rows and digest THIS-RELATION-HAS-NO-TUPLES.
[2026-08-06 09:46:48] (2s) Starting to evaluate predicate @isconst/1@9d3371o8
[2026-08-06 09:46:48] (2s)  >>> Created relation @isconst/1@9d3371o8 with 0 rows and digest THIS-RELATION-HAS-NO-TUPLES.
[2026-08-06 09:46:48] (2s) Starting to evaluate predicate @isclassexpr/1@14832ag9
[2026-08-06 09:46:48] (2s)  >>> Created relation @isclassexpr/1@14832ag9 with 0 rows and digest THIS-RELATION-HAS-NO-TUPLES.
[2026-08-06 09:46:48] (2s) Starting to evaluate predicate @isarray/1@268292up
[2026-08-06 09:46:48] (2s)  >>> Created relation @isarray/1@268292up with 0 rows and digest THIS-RELATION-HAS-NO-TUPLES.
[2026-08-06 09:46:48] (2s) Starting to evaluate predicate @hascopyexpr/1@cb24d1se
[2026-08-06 09:46:48] (2s)  >>> Created relation @hascopyexpr/1@cb24d1se with 0 rows and digest THIS-RELATION-HAS-NO-TUPLES.
[2026-08-06 09:46:48] (2s) Starting to evaluate predicate @stmt_continue/1@b76f0d28
[2026-08-06 09:46:48] (2s)  >>> Created relation @stmt_continue/1@b76f0d28 with 5180 rows and digest c11bd3eeuh3iou995933ppcepj9.
[2026-08-06 09:46:48] (2s) Starting to evaluate predicate @isvoid/1@d5a6199j
[2026-08-06 09:46:48] (2s)  >>> Created relation @isvoid/1@d5a6199j with 0 rows and digest THIS-RELATION-HAS-NO-TUPLES.
[2026-08-06 09:46:48] (2s) Starting to evaluate predicate @issame/1@08263fi9
[2026-08-06 09:46:48] (2s)  >>> Created relation @issame/1@08263fi9 with 0 rows and digest THIS-RELATION-HAS-NO-TUPLES.
[2026-08-06 09:46:48] (2s) Starting to evaluate predicate @isenumexpr/1@a18a1dtf
[2026-08-06 09:46:48] (2s)  >>> Created relation @isenumexpr/1@a18a1dtf with 0 rows and digest THIS-RELATION-HAS-NO-TUPLES.
[2026-08-06 09:46:49] (2s) Starting to evaluate predicate @stmt_handler/1@7da5b89c
[2026-08-06 09:46:49] (2s)  >>> Created relation @stmt_handler/1@7da5b89c with 0 rows and digest THIS-RELATION-HAS-NO-TUPLES.
[2026-08-06 09:46:49] (2s) Starting to evaluate predicate @blockassignexpr/1@7545e5hg
[2026-08-06 09:46:49] (2s)  >>> Created relation @blockassignexpr/1@7545e5hg with 0 rows and digest THIS-RELATION-HAS-NO-TUPLES.
[2026-08-06 09:46:49] (2s) Starting to evaluate predicate @assignexpr/1@47ab48qd
[2026-08-06 09:46:49] (2s)  >>> Created relation @assignexpr/1@47ab48qd with 286557 rows and digest 96c5f2k7tjoke2b1gd13qrdo6u2.
[2026-08-06 09:46:49] (2s) Starting to evaluate predicate @commaexpr/1@518c25fu
[2026-08-06 09:46:49] (2s)  >>> Created relation @commaexpr/1@518c25fu with 47741 rows and digest 2b9966fakocf36c6cl4gr2a2u93.
[2026-08-06 09:46:49] (2s) Starting to evaluate predicate @stmt_goto/1@5fc6464d
[2026-08-06 09:46:49] (2s)  >>> Created relation @stmt_goto/1@5fc6464d with 7306 rows and digest f3e812or0fbgkkur2u5iecblvr7.
[2026-08-06 09:46:49] (2s) Starting to evaluate predicate @delete_array_expr/1@56cdc45i
[2026-08-06 09:46:49] (2s)  >>> Created relation @delete_array_expr/1@56cdc45i with 17 rows and digest dee961c86lqs5ugfj9r11rqvv22.
[2026-08-06 09:46:49] (2s) Starting to evaluate predicate @stmt_leave/1@562fb9m1
[2026-08-06 09:46:49] (2s)  >>> Created relation @stmt_leave/1@562fb9m1 with 0 rows and digest THIS-RELATION-HAS-NO-TUPLES.
[2026-08-06 09:46:49] (2s) Starting to evaluate predicate @ispodexpr/1@67cfd0pr
[2026-08-06 09:46:49] (2s)  >>> Created relation @ispodexpr/1@67cfd0pr with 10 rows and digest 28d7539kea10gmt61efj40sfn0d.
[2026-08-06 09:46:49] (2s) Starting to evaluate predicate @stmt_expr/1@267f3bep
[2026-08-06 09:46:49] (2s)  >>> Created relation @stmt_expr/1@267f3bep with 483776 rows and digest ad1aa1od3p0b8tns8oqds3q6rc9.
[2026-08-06 09:46:49] (2s) Starting to evaluate predicate @stmt_block/1@5f540fhb
[2026-08-06 09:46:49] (2s)  >>> Created relation @stmt_block/1@5f540fhb with 237565 rows and digest 309b3463gte7ik0o6ceu7h8pnf8.
[2026-08-06 09:46:49] (2s) Starting to evaluate predicate @braced_init_list/1@f4cda9j2
[2026-08-06 09:46:49] (2s)  >>> Created relation @braced_init_list/1@f4cda9j2 with 0 rows and digest THIS-RELATION-HAS-NO-TUPLES.
[2026-08-06 09:46:49] (2s) Starting to evaluate predicate Include::Include_not_Include::Import_Include::IncludeNext_Include::TypeLibraryImport#b988c862/1@227a9627
[2026-08-06 09:46:49] (2s)  >>> Created relation Include::Include_not_Include::Import_Include::IncludeNext_Include::TypeLibraryImport#b988c862/1@227a9627 with 17812 rows and digest aa495234pmp18gf83fl4rjanc80.
[2026-08-06 09:46:49] (2s) Starting to evaluate predicate @delete_expr/1@687673nn
[2026-08-06 09:46:49] (2s)  >>> Created relation @delete_expr/1@687673nn with 424 rows and digest 41bcdeffhl967b6j9rk27toi4i5.
[2026-08-06 09:46:49] (2s) Starting to evaluate predicate @stmt_break/1@27b223g3
[2026-08-06 09:46:49] (2s)  >>> Created relation @stmt_break/1@27b223g3 with 30498 rows and digest 974f83gb9mf798k1h677l99cg6c.
[2026-08-06 09:46:49] (2s) Starting to evaluate predicate @noopexpr/1@06bd7d64
[2026-08-06 09:46:49] (2s)  >>> Created relation @noopexpr/1@06bd7d64 with 0 rows and digest THIS-RELATION-HAS-NO-TUPLES.
[2026-08-06 09:46:49] (2s) Starting to evaluate predicate @ppd_endif/1@d60816iu
[2026-08-06 09:46:49] (2s)  >>> Created relation @ppd_endif/1@d60816iu with 27905 rows and digest cb2799nlc4m92ksc6moarfqb1pb.
[2026-08-06 09:46:49] (2s) Starting to evaluate predicate @aggregateliteral/1@1d6029he
[2026-08-06 09:46:49] (2s)  >>> Created relation @aggregateliteral/1@1d6029he with 67461 rows and digest 08490706n4q79g6nc5lle8jp071.
[2026-08-06 09:46:49] (2s) Starting to evaluate predicate @new_array_expr/1@5555bcsd
[2026-08-06 09:46:49] (2s)  >>> Created relation @new_array_expr/1@5555bcsd with 13 rows and digest b58b2a65jg8pq6o23in5s6uav50.
[2026-08-06 09:46:49] (2s) Starting to evaluate predicate @parexpr/1@6cddf4i7
[2026-08-06 09:46:49] (2s)  >>> Created relation @parexpr/1@6cddf4i7 with 1195013 rows and digest af32391v1k1l200leh35vi7b5s1.
[2026-08-06 09:46:49] (2s) Starting to evaluate predicate @ppd_else/1@b4a0cc68
[2026-08-06 09:46:49] (2s)  >>> Created relation @ppd_else/1@b4a0cc68 with 16175 rows and digest 8c5d75uq79tjkb9lto7bu1k40od.
[2026-08-06 09:46:49] (2s)  >>> Created relation diagnostics/6@788bc33t with 312 rows and digest 1b5770i327481quhu84fresj9qc.
[2026-08-06 09:46:49] (2s) Starting to evaluate predicate @thisaccess/1@d029fdc9
[2026-08-06 09:46:49] (2s)  >>> Created relation @thisaccess/1@d029fdc9 with 60783 rows and digest db620ac7s2feh7af2g2ubi1vs29.
[2026-08-06 09:46:49] (2s)  >>> Created relation comments/3@1e4f9637 with 423067 rows and digest 07b57dq40qli2t1cgo09fcvtn24.
[2026-08-06 09:46:49] (2s) Starting to evaluate predicate @new_expr/1@bd20dd3h
[2026-08-06 09:46:49] (2s)  >>> Created relation @new_expr/1@bd20dd3h with 2285 rows and digest 70a6fdop3t1564e353r1q87hio6.
[2026-08-06 09:46:49] (2s) Starting to evaluate predicate @stmt_empty/1@fba7542n
[2026-08-06 09:46:49] (2s)  >>> Created relation @stmt_empty/1@fba7542n with 9222 rows and digest 586309m7ivpdodge8naik127pg1.
[2026-08-06 09:46:49] (2s) Starting to evaluate predicate @namespace/1@fd80f4tk
[2026-08-06 09:46:49] (2s)  >>> Created relation @namespace/1@fd80f4tk with 173 rows and digest f99ff0bsqh6nlucaumd3c99ok3b.
[2026-08-06 09:46:49] (2s) Starting to evaluate predicate Namespace::Namespace_not_Namespace::GlobalNamespace#051b2a64/1@9514ce6l
[2026-08-06 09:46:49] (2s)  >>> Created relation Namespace::Namespace_not_Namespace::GlobalNamespace#051b2a64/1@9514ce6l with 172 rows and digest 84d1a5vli6mnn9ap2kb8hd05ok4.
[2026-08-06 09:46:49] (2s)  >>> Created relation namespacembrs/2@a8a460rp with 5655 rows and digest ddcbf0t6mv1kje137um1l14if3f.
[2026-08-06 09:46:49] (2s) Starting to evaluate predicate #namespacembrsMerge_10#join_rhs/2@b85d0a2p
[2026-08-06 09:46:49] (2s)  >>> Created relation #namespacembrsMerge_10#join_rhs/2@b85d0a2p with 5655 rows and digest 878d0cmejv0rgdv6bcj3p9jica1.
[2026-08-06 09:46:49] (2s) Starting to evaluate predicate #namespacembrsMerge_1#antijoin_rhs/1@29795bh8
[2026-08-06 09:46:49] (2s)  >>> Created relation #namespacembrsMerge_1#antijoin_rhs/1@29795bh8 with 5655 rows and digest 4db8f0drcsun2243956roj0iqv0.
[2026-08-06 09:46:49] (2s) Starting to evaluate predicate Namespace::Namespace.getParentNamespace/0#a71f8d17/2@feced2iu
[2026-08-06 09:46:49] (2s)  >>> Created relation Namespace::Namespace.getParentNamespace/0#a71f8d17/2@feced2iu with 173 rows and digest 78fc3f3i57289vv1sp0bldu8k41.
[2026-08-06 09:46:49] (2s) Starting to evaluate predicate Namespace::Namespace.getParentNamespace/0#dispred#b00ff625/2@df173b7t
[2026-08-06 09:46:49] (2s)  >>> Created relation Namespace::Namespace.getParentNamespace/0#dispred#b00ff625/2@df173b7t with 172 rows and digest 6cb195or5tsuchp7en77l75ak4d.
[2026-08-06 09:46:49] (2s) Starting to evaluate predicate Namespace::Namespace.getParentNamespace/0#dispred#b00ff625_10#join_rhs/2@e2f76ajf
[2026-08-06 09:46:49] (2s)  >>> Created relation Namespace::Namespace.getParentNamespace/0#dispred#b00ff625_10#join_rhs/2@e2f76ajf with 172 rows and digest 8355412sh03lgl4ebjs5fmlmfg6.
[2026-08-06 09:46:49] (2s) Starting to evaluate predicate Namespace::Namespace.getParentName/0#dispred#2f3b38ed/2@45218b5c
[2026-08-06 09:46:49] (2s)  >>> Created relation Namespace::Namespace.getParentName/0#dispred#2f3b38ed/2@45218b5c with 10 rows and digest 8daefcr4cvgm2ouq2cf33uibpk6.
[2026-08-06 09:46:49] (2s) Starting to evaluate predicate project#Namespace::Namespace.getParentName/0#dispred#2f3b38ed/1@5317d7m4
[2026-08-06 09:46:49] (2s)  >>> Created relation project#Namespace::Namespace.getParentName/0#dispred#2f3b38ed/1@5317d7m4 with 10 rows and digest f3215fpl3b11lqbde6sv229bb27.
[2026-08-06 09:46:49] (2s) Starting to evaluate predicate Namespace::Namespace.getQualifiedName/0#e8a002f9/2@i1#4a8e8wv2 (iteration 1)
[2026-08-06 09:46:49] (2s) 			 - Namespace::Namespace.getQualifiedName/0#e8a002f9_delta has 163 rows (order for disjuncts: delta=<standard>).
[2026-08-06 09:46:49] (2s) Starting to evaluate predicate Namespace::Namespace.getQualifiedName/0#e8a002f9/2@i2#4a8e8wv2 (iteration 2)
[2026-08-06 09:46:49] (2s) 			 - Namespace::Namespace.getQualifiedName/0#e8a002f9_delta has 10 rows (order for disjuncts: delta=<standard>).
[2026-08-06 09:46:49] (2s) Starting to evaluate predicate Namespace::Namespace.getQualifiedName/0#e8a002f9/2@i3#4a8e8wv2 (iteration 3)
[2026-08-06 09:46:49] (2s) Empty delta for Namespace::Namespace.getQualifiedName/0#e8a002f9_delta (order for disjuncts: delta=<standard>).
[2026-08-06 09:46:49] (2s) Accumulating deltas
[2026-08-06 09:46:49] (2s)  >>> Created relation Namespace::Namespace.getQualifiedName/0#e8a002f9/2@4a8e8wv2 with 173 rows and digest 2e3482p7hgpori40jssailq4g5f.
[2026-08-06 09:46:49] (2s) Starting to evaluate predicate Namespace::Namespace.getFriendlyName/0#dispred#c96b3da4/2@f2f7cf5t
[2026-08-06 09:46:49] (2s)  >>> Created relation Namespace::Namespace.getFriendlyName/0#dispred#c96b3da4/2@f2f7cf5t with 173 rows and digest fb685ajcihi0qs03lo502um85s6.
[2026-08-06 09:46:49] (2s)  >>> Created relation specifiers/2@41996fvv with 62 rows and digest cf80f12te1eqvm1v9jb01hrqk4d.
[2026-08-06 09:46:49] (2s)  >>> Created relation folders/2@bad7d9u0 with 130 rows and digest 6e4e52887tl6us53jgm251n4d4d.
[2026-08-06 09:46:49] (2s)  >>> Created relation compilation_compiling_files/3@a12cf10f with 3383 rows and digest e9d769tec1p266kmu70dfmjsoe8.
[2026-08-06 09:46:49] (2s)  >>> Created relation compilation_args/3@0dc839ar with 162235 rows and digest 48db71n4edpl2tqtngmsh5t3qjd.
[2026-08-06 09:46:49] (2s) Starting to evaluate predicate project##compilation_argsMerge/2@7504f8er
[2026-08-06 09:46:49] (2s)  >>> Created relation project##compilation_argsMerge/2@7504f8er with 133137 rows and digest eb93ff4i91c4rslqg27836vm1u1.
[2026-08-06 09:46:49] (2s) Starting to evaluate predicate #select/2@5aee23mi
[2026-08-06 09:46:49] (2s)  >>> Created relation #select/2@5aee23mi with 11545 rows and digest 1f4c9f39fh3eum2el0ak7pm579a.
[2026-08-06 09:46:49] (2s) Starting to evaluate predicate project##select/1@c9637fqh
[2026-08-06 09:46:49] (2s)  >>> Created relation project##select/1@c9637fqh with 1615 rows and digest 6609e2cg9ssuuj8qj0ncg34acjd.
[2026-08-06 09:46:49] (2s) Starting to evaluate predicate File::Impl::Container.getAbsolutePath/0#dispred#c9ca212d#bf/2@b8d067jo
[2026-08-06 09:46:49] (2s)  >>> Created relation File::Impl::Container.getAbsolutePath/0#dispred#c9ca212d#bf/2@b8d067jo with 1615 rows and digest 0807aec0gofcjg39ifsb09o86gf.
[2026-08-06 09:46:49] (2s) Starting to evaluate predicate File::Impl::File.getURL/0#dispred#2f739b0d#bf/2@130fffjo
[2026-08-06 09:46:49] (2s)  >>> Created relation File::Impl::File.getURL/0#dispred#2f739b0d#bf/2@130fffjo with 1615 rows and digest 84a885l6n0c6u3l4schsvcde10a.
[2026-08-06 09:46:49] (2s) Starting to evaluate predicate File::Impl::File.getURL/0#dispred#2f739b0d#bf_0#antijoin_rhs/1@94160at8
[2026-08-06 09:46:49] (2s)  >>> Created relation File::Impl::File.getURL/0#dispred#2f739b0d#bf_0#antijoin_rhs/1@94160at8 with 1615 rows and digest 6609e2cg9ssuuj8qj0ncg34acjd.
[2026-08-06 09:46:49] (2s) Starting to evaluate predicate _#select_File::Impl::File.getURL/0#dispred#2f739b0d#bf_File::Impl::File.getURL/0#dispred#2f739b0d#bf__#shared/3@da1fe452
[2026-08-06 09:46:49] (2s)  >>> Created relation _#select_File::Impl::File.getURL/0#dispred#2f739b0d#bf_File::Impl::File.getURL/0#dispred#2f739b0d#bf__#shared/3@da1fe452 with 11545 rows and digest 666054bq5sv41ge7t7as77merod.
[2026-08-06 09:46:49] (2s)  >>> Created relation is_complete/1@c06c842h with 9583 rows and digest df92e0pqrf50uv39goobjlcssv9.
[2026-08-06 09:46:49] (2s)  >>> Created relation mangled_name/3@cfc464uc with 110888 rows and digest 8c9589ejvs8230l55kpvk9e2lc5.
[2026-08-06 09:46:49] (2s) Starting to evaluate predicate ResolveClass::getClassMangledName/1#454368bd/2@d55eadld
[2026-08-06 09:46:49] (2s)  >>> Created relation ResolveClass::getClassMangledName/1#454368bd/2@d55eadld with 10406 rows and digest 3b4fc6hak8h6eu8gesv39nbv51f.
[2026-08-06 09:46:49] (2s) Starting to evaluate predicate _#is_completeMerge_ResolveClass::getClassMangledName/1#454368bd#count_range/2@ec2d4fv8
[2026-08-06 09:46:49] (2s)  >>> Created relation _#is_completeMerge_ResolveClass::getClassMangledName/1#454368bd#count_range/2@ec2d4fv8 with 8950 rows and digest e20e0fnon7s9jhtkp3m4an53j80.
[2026-08-06 09:46:49] (2s) Starting to evaluate predicate __#is_completeMerge_ResolveClass::getClassMangledName/1#454368bd#count_range#join_rhs/2@e7237ab7
[2026-08-06 09:46:49] (2s)  >>> Created relation __#is_completeMerge_ResolveClass::getClassMangledName/1#454368bd#count_range#join_rhs/2@e7237ab7 with 7505 rows and digest 65822c9j1dae9n9aa7opq8kqe6b.
[2026-08-06 09:46:49] (2s) Starting to evaluate predicate ResolveClass::onlyOneCompleteClassExistsWithMangledName/1#9ce48a7b/1@26ec07r9
[2026-08-06 09:46:49] (2s)  >>> Created relation ResolveClass::onlyOneCompleteClassExistsWithMangledName/1#9ce48a7b/1@26ec07r9 with 7200 rows and digest e1605elo7s7mmsn3h0et6mmb5u1.
[2026-08-06 09:46:49] (2s) Starting to evaluate predicate ResolveClass::existsCompleteWithMangledName/2#9bbdade6/2@6e1f03le
[2026-08-06 09:46:49] (2s)  >>> Created relation ResolveClass::existsCompleteWithMangledName/2#9bbdade6/2@6e1f03le with 7200 rows and digest 54cfc1u35dj8o9ilr4fuucud72a.
[2026-08-06 09:46:49] (2s) Starting to evaluate predicate ResolveClass::existsIncompleteWithMangledName/2#8e4ba970/2@932e9esk
[2026-08-06 09:46:49] (2s)  >>> Created relation ResolveClass::existsIncompleteWithMangledName/2#8e4ba970/2@932e9esk with 1456 rows and digest a41267i2qukoiee3jg79j3csl41.
[2026-08-06 09:46:49] (2s) Starting to evaluate predicate ResolveClass::hasCompleteTwin/2#864d2b28/2@b363d8u1
[2026-08-06 09:46:49] (2s)  >>> Created relation ResolveClass::hasCompleteTwin/2#864d2b28/2@b363d8u1 with 649 rows and digest cebd74tr4tr8qddd4okl7sq31m6.
[2026-08-06 09:46:49] (2s) Starting to evaluate predicate project#ResolveClass::hasCompleteTwin/2#864d2b28/1@f73f78oo
[2026-08-06 09:46:49] (2s)  >>> Created relation project#ResolveClass::hasCompleteTwin/2#864d2b28/1@f73f78oo with 649 rows and digest 523087rqpr27e0l9bq5e68aob82.
[2026-08-06 09:46:49] (2s) Starting to evaluate predicate ResolveClass::resolveClass/1#ea47deee/2@1be1b4ft
[2026-08-06 09:46:49] (2s)  >>> Created relation ResolveClass::resolveClass/1#ea47deee/2@1be1b4ft with 24895 rows and digest 70711dvmaor323eimjo3stdkd3e.
[2026-08-06 09:46:49] (2s) Starting to evaluate predicate project#ResolveClass::resolveClass/1#ea47deee/1@58353751
[2026-08-06 09:46:49] (2s)  >>> Created relation project#ResolveClass::resolveClass/1#ea47deee/1@58353751 with 24246 rows and digest 064364qavrgokb7k2rt89s8dhn4.
[2026-08-06 09:46:49] (2s) Starting to evaluate predicate ResolveClass::isType/1#eabb9878/1@cdf88cq8
[2026-08-06 09:46:49] (2s)  >>> Created relation ResolveClass::isType/1#eabb9878/1@cdf88cq8 with 123849 rows and digest ad8b59i0rjk679rlo7j44pb0t5e.
[2026-08-06 09:46:49] (2s) No need to promote strings for ResolveClass::isType/1#eabb9878/1@cdf88cq8 as it does not contain computed strings.
[2026-08-06 09:46:49] (2s)  >>> Created relation cached_ResolveClass::isType/1#eabb9878/1@82ca1924 with 123849 rows and digest ad8b59i0rjk679rlo7j44pb0t5e.
[2026-08-06 09:46:49] (2s)  >>> Created relation attribute_arg_type/2@e1f5018l with 0 rows and digest THIS-RELATION-HAS-NO-TUPLES.
[2026-08-06 09:46:49] (2s) Inferred that Specifier::AttributeArgument.getValueType/0#dispred#0d1251e2/2@d7e07ens is empty, due to attribute_arg_type/2@e1f5018l.
[2026-08-06 09:46:49] (2s) No need to promote strings for ResolveClass::resolveClass/1#ea47deee/2@1be1b4ft as it does not contain computed strings.
[2026-08-06 09:46:49] (2s)  >>> Created relation cached_ResolveClass::resolveClass/1#ea47deee/2@a66798km with 24895 rows and digest 70711dvmaor323eimjo3stdkd3e.
[2026-08-06 09:46:49] (2s) Starting to evaluate predicate @builtintype/1@866a42q2
[2026-08-06 09:46:49] (2s)  >>> Created relation @builtintype/1@866a42q2 with 58 rows and digest 459a347jajhsjaktmprn2c6i8cd.
[2026-08-06 09:46:49] (2s) Starting to evaluate predicate Type::BuiltInType#ece36b7e/1@0288b8e1
[2026-08-06 09:46:49] (2s)  >>> Created relation Type::BuiltInType#ece36b7e/1@0288b8e1 with 58 rows and digest 459a347jajhsjaktmprn2c6i8cd.
[2026-08-06 09:46:49] (2s) Starting to evaluate predicate #decltypesMerge_20#join_rhs/2@e0e9c00l
[2026-08-06 09:46:49] (2s)  >>> Created relation #decltypesMerge_20#join_rhs/2@e0e9c00l with 105 rows and digest 9a0948n0ajl8dq2t4vn2sqkj7ue.
[2026-08-06 09:46:49] (2s) Starting to evaluate predicate project##decltypesMerge/1@7915a3vs
[2026-08-06 09:46:49] (2s)  >>> Created relation project##decltypesMerge/1@7915a3vs with 49 rows and digest 7fe0c2art4lqhgobv30j4khpjg0.
[2026-08-06 09:46:49] (2s) Starting to evaluate predicate Type::Decltype#2a58cb8b/1@170a944k
[2026-08-06 09:46:49] (2s)  >>> Created relation Type::Decltype#2a58cb8b/1@170a944k with 49 rows and digest 7fe0c2art4lqhgobv30j4khpjg0.
[2026-08-06 09:46:49] (2s) Starting to evaluate predicate project##decltypesMerge#3/1@c572c0n2
[2026-08-06 09:46:49] (2s)  >>> Created relation project##decltypesMerge#3/1@c572c0n2 with 56 rows and digest 52f74d2f02db4ebhad965pqit6a.
[2026-08-06 09:46:49] (2s) Starting to evaluate predicate Type::TypeofType#5988d37d/1@8c3f27ub
[2026-08-06 09:46:49] (2s)  >>> Created relation Type::TypeofType#5988d37d/1@8c3f27ub with 56 rows and digest 52f74d2f02db4ebhad965pqit6a.
[2026-08-06 09:46:49] (2s) Starting to evaluate predicate @routinetype/1@234f4050
[2026-08-06 09:46:49] (2s)  >>> Created relation @routinetype/1@234f4050 with 30010 rows and digest af037a1nirifhm58pju746aerp5.
[2026-08-06 09:46:49] (2s) Starting to evaluate predicate Type::RoutineType#f930d39b/1@4c85b4r0
[2026-08-06 09:46:49] (2s)  >>> Created relation Type::RoutineType#f930d39b/1@4c85b4r0 with 30010 rows and digest af037a1nirifhm58pju746aerp5.
[2026-08-06 09:46:49] (2s) Starting to evaluate predicate @ptrtomember/1@cee8b0ao
[2026-08-06 09:46:49] (2s)  >>> Created relation @ptrtomember/1@cee8b0ao with 19 rows and digest 29c0ae23hoo9p9o8hbcsmj9qka2.
[2026-08-06 09:46:49] (2s) Starting to evaluate predicate Type::PointerToMemberType#032948a0/1@2578dc1a
[2026-08-06 09:46:49] (2s)  >>> Created relation Type::PointerToMemberType#032948a0/1@2578dc1a with 19 rows and digest 29c0ae23hoo9p9o8hbcsmj9qka2.
[2026-08-06 09:46:49] (2s) Starting to evaluate predicate @derivedtype/1@50396e2r
[2026-08-06 09:46:49] (2s)  >>> Created relation @derivedtype/1@50396e2r with 69411 rows and digest d6198dp4adh01itlmc23t9m1fof.
[2026-08-06 09:46:49] (2s) Starting to evaluate predicate Type::DerivedType#476c8991#b/1@98fb184h
[2026-08-06 09:46:49] (2s)  >>> Created relation Type::DerivedType#476c8991#b/1@98fb184h with 69411 rows and digest d6198dp4adh01itlmc23t9m1fof.
[2026-08-06 09:46:49] (2s) Starting to evaluate predicate Type::DerivedType.getName/0#dispred#7959fa80/2@53ade964
[2026-08-06 09:46:49] (2s)  >>> Created relation Type::DerivedType.getName/0#dispred#7959fa80/2@53ade964 with 69422 rows and digest 334a7470554kkl6rajjacsunm1c.
[2026-08-06 09:46:49] (2s) Starting to evaluate predicate UserType::UserType#21e9e463/1@a3a094rk
[2026-08-06 09:46:49] (2s)  >>> Created relation UserType::UserType#21e9e463/1@a3a094rk with 24246 rows and digest 064364qavrgokb7k2rt89s8dhn4.
[2026-08-06 09:46:49] (2s) Starting to evaluate predicate UserType::UserType.getName/0#dispred#68e0aaf0/2@c6c4e3bl
[2026-08-06 09:46:49] (2s)  >>> Created relation UserType::UserType.getName/0#dispred#68e0aaf0/2@c6c4e3bl with 24246 rows and digest 3cbbc005o7c33m9ful7o33kp3a4.
[2026-08-06 09:46:49] (2s) Starting to evaluate predicate Type::Type.getName/0#dispred#77a04a0a/2@3c1289b9
[2026-08-06 09:46:49] (2s)  >>> Created relation Type::Type.getName/0#dispred#77a04a0a/2@3c1289b9 with 123860 rows and digest 719536plqae0glnafdhkt7fcj9d.
[2026-08-06 09:46:49] (2s)  >>> Created relation type_decls/3@8b2e3e64 with 14898 rows and digest 68e527n8qsgbfs9guih3fq7h8a1.
[2026-08-06 09:46:49] (2s) Starting to evaluate predicate #type_declsMerge_10#join_rhs/2@9fdcfaca
[2026-08-06 09:46:49] (2s)  >>> Created relation #type_declsMerge_10#join_rhs/2@9fdcfaca with 14898 rows and digest 1d2cb5ptoggvhktq6q4ivmn07df.
[2026-08-06 09:46:49] (2s) Starting to evaluate predicate UserType::TypeDeclarationEntry.getType/0#dispred#67363c61/2@c02a8ela
[2026-08-06 09:46:49] (2s)  >>> Created relation UserType::TypeDeclarationEntry.getType/0#dispred#67363c61/2@c02a8ela with 14898 rows and digest 1f1ce3bf6tho95n08430hete7oe.
[2026-08-06 09:46:49] (2s) Starting to evaluate predicate Class::Class#9afdbffd/1@65d7f1bo
[2026-08-06 09:46:49] (2s)  >>> Created relation Class::Class#9afdbffd/1@65d7f1bo with 10219 rows and digest 8b39057h78sabuh1us37qu8ppp4.
[2026-08-06 09:46:49] (2s) Starting to evaluate predicate Type::RoutineType.getReturnType/0#dispred#e445c092/2@3634fank
[2026-08-06 09:46:49] (2s)  >>> Created relation Type::RoutineType.getReturnType/0#dispred#e445c092/2@3634fank with 29993 rows and digest 0ce713qhnnsv6h3njj396hi2h4f.
[2026-08-06 09:46:49] (2s)  >>> Created relation expr_types/3@ac9546gm with 10158822 rows and digest 0906c4o21vg0o9jgnot0jt93jb0.
[2026-08-06 09:46:49] (2s) Starting to evaluate predicate Expr::Expr.getType/0#1bba7540/2@99d98b30
[2026-08-06 09:46:51] (4s)  >>> Created relation Expr::Expr.getType/0#1bba7540/2@99d98b30 with 10158822 rows and digest 7ef2bbnbmvocil0tcumhjuchnb0.
[2026-08-06 09:46:51] (4s) Starting to evaluate predicate Call::Call#048c9613/1@f1468bg5
[2026-08-06 09:46:51] (4s)  >>> Created relation Call::Call#048c9613/1@f1468bg5 with 603450 rows and digest 6306aa2r614dtb5vhufqoigm3vd.
[2026-08-06 09:46:51] (4s) Starting to evaluate predicate Call::FunctionCall#2b14a517/1@8c98dend
[2026-08-06 09:46:51] (4s)  >>> Created relation Call::FunctionCall#2b14a517/1@8c98dend with 592921 rows and digest bbe1e8v83lussmgsf85c5p9cri1.
[2026-08-06 09:46:51] (4s) Starting to evaluate predicate project##decltypesMerge#2/2@7d4bd1qf
[2026-08-06 09:46:51] (4s)  >>> Created relation project##decltypesMerge#2/2@7d4bd1qf with 105 rows and digest bc3a2ajma6b8ri7l3cnfcphoqjf.
[2026-08-06 09:46:51] (4s) Starting to evaluate predicate Type::TypeofType.getBaseType/0#dispred#0d5513d4#bf/2@d3954e07
[2026-08-06 09:46:51] (4s)  >>> Created relation Type::TypeofType.getBaseType/0#dispred#0d5513d4#bf/2@d3954e07 with 56 rows and digest 0785f76ln272t2coqe2c49mp2rd.
[2026-08-06 09:46:51] (4s) Starting to evaluate predicate Type::DerivedType.getBaseType/0#dispred#b08b94f7#bf/2@91b2ddtc
[2026-08-06 09:46:51] (4s)  >>> Created relation Type::DerivedType.getBaseType/0#dispred#b08b94f7#bf/2@91b2ddtc with 69334 rows and digest 73fecaa9956teebvldeibonak06.
[2026-08-06 09:46:51] (4s) Starting to evaluate predicate Type::Decltype.getBaseType/0#dispred#f3b613af#bf/2@9a977225
[2026-08-06 09:46:51] (4s)  >>> Created relation Type::Decltype.getBaseType/0#dispred#f3b613af#bf/2@9a977225 with 49 rows and digest 636772l7pmk7g4toldn7fo009o1.
[2026-08-06 09:46:51] (4s)  >>> Created relation uuidof_bind/2@f98f761j with 0 rows and digest THIS-RELATION-HAS-NO-TUPLES.
[2026-08-06 09:46:51] (4s) Inferred that Cast::UuidofOperator.getTypeOperand/0#dispred#d120e31b/2@9ed7b8r1 is empty, due to uuidof_bind/2@f98f761j.
[2026-08-06 09:46:51] (4s) Inferred that project#Cast::UuidofOperator.getTypeOperand/0#dispred#d120e31b/1@400345ti is empty, due to Cast::UuidofOperator.getTypeOperand/0#dispred#d120e31b/2@9ed7b8r1.
[2026-08-06 09:46:51] (4s) Starting to evaluate predicate Cast::AlignofTypeOperator.getTypeOperand/0#dispred#a15edd56/2@46d6e645
[2026-08-06 09:46:51] (4s)  >>> Created relation Cast::AlignofTypeOperator.getTypeOperand/0#dispred#a15edd56/2@46d6e645 with 33 rows and digest 05e20ccbubr93tsfk5e3p1hpj38.
[2026-08-06 09:46:51] (4s) Starting to evaluate predicate NameQualifiers::NameQualifyingElement.getName/0#dispred#6b6b1f7a/2@31c877gf
[2026-08-06 09:46:51] (4s)  >>> Created relation NameQualifiers::NameQualifyingElement.getName/0#dispred#6b6b1f7a/2@31c877gf with 93891 rows and digest 9f1aa4l2frv8i2iptcijqmnscob.
[2026-08-06 09:46:51] (4s) Starting to evaluate predicate Type::IntegralOrEnumType#39f31122/1@d74fdalo
[2026-08-06 09:46:51] (4s)  >>> Created relation Type::IntegralOrEnumType#39f31122/1@d74fdalo with 921 rows and digest 7344e9tjlerdelhpm4j2nera3n0.
[2026-08-06 09:46:51] (4s) Starting to evaluate predicate Namespace::UsingEnumDeclarationEntry.getEnum/0#dispred#a784e49b/2@facb45df
[2026-08-06 09:46:51] (4s)  >>> Created relation Namespace::UsingEnumDeclarationEntry.getEnum/0#dispred#a784e49b/2@facb45df with 0 rows and digest THIS-RELATION-HAS-NO-TUPLES.
[2026-08-06 09:46:51] (4s) Starting to evaluate predicate ResolveGlobalVariable::hasDefinition/1#b8c2d296/1@dc2afaks
[2026-08-06 09:46:51] (4s)  >>> Created relation ResolveGlobalVariable::hasDefinition/1#b8c2d296/1@dc2afaks with 7686 rows and digest f50cd16qropnv67j5n7glv6blr5.
[2026-08-06 09:46:51] (4s) Starting to evaluate predicate _#mangled_nameMerge_ResolveGlobalVariable::hasDefinition/1#b8c2d296#count_range/2@2c4fa0j9
[2026-08-06 09:46:51] (4s)  >>> Created relation _#mangled_nameMerge_ResolveGlobalVariable::hasDefinition/1#b8c2d296#count_range/2@2c4fa0j9 with 1306 rows and digest 6cb970ir0p9a04abv06hq8fcok7.
[2026-08-06 09:46:51] (4s) Starting to evaluate predicate __#mangled_nameMerge_ResolveGlobalVariable::hasDefinition/1#b8c2d296#count_range#join_rhs/2@99721bdq
[2026-08-06 09:46:51] (4s)  >>> Created relation __#mangled_nameMerge_ResolveGlobalVariable::hasDefinition/1#b8c2d296#count_range#join_rhs/2@99721bdq with 1269 rows and digest 9b6651b9uuv3cql67ujptlponfe.
[2026-08-06 09:46:51] (4s) Starting to evaluate predicate ResolveGlobalVariable::onlyOneCompleteGlobalVariableExistsWithMangledName/1#75fdafa8/1@8ed895ha
[2026-08-06 09:46:51] (4s)  >>> Created relation ResolveGlobalVariable::onlyOneCompleteGlobalVariableExistsWithMangledName/1#75fdafa8/1@8ed895ha with 1238 rows and digest 178d62569ri6ju5kh3hi6spm8p1.
[2026-08-06 09:46:51] (4s) Starting to evaluate predicate #mangled_nameMerge_10#join_rhs/2@688d7149
[2026-08-06 09:46:51] (4s)  >>> Created relation #mangled_nameMerge_10#join_rhs/2@688d7149 with 110888 rows and digest e5bc42pcqr7lvpghhikuct04it7.
[2026-08-06 09:46:51] (4s)  >>> Created relation variable_instantiation/2@1e9626ek with 651 rows and digest 0f26cephl7n9c1ikdb0qgqk5lga.
[2026-08-06 09:46:51] (4s) Starting to evaluate predicate ResolveGlobalVariable::hasTwinWithDefinition/2#b8884456/2@f77e53h1
[2026-08-06 09:46:51] (4s)  >>> Created relation ResolveGlobalVariable::hasTwinWithDefinition/2#b8884456/2@f77e53h1 with 497 rows and digest baad357tkjbrv6uabf4atdh7va6.
[2026-08-06 09:46:51] (4s) Starting to evaluate predicate project#ResolveGlobalVariable::hasTwinWithDefinition/2#b8884456/1@236ad34r
[2026-08-06 09:46:51] (4s)  >>> Created relation project#ResolveGlobalVariable::hasTwinWithDefinition/2#b8884456/1@236ad34r with 497 rows and digest e169d6hqcv7pd5ken4en2me9281.
[2026-08-06 09:46:51] (4s) Starting to evaluate predicate ResolveGlobalVariable::resolveGlobalVariable/1#17c3b74f/2@cb59116u
[2026-08-06 09:46:51] (4s)  >>> Created relation ResolveGlobalVariable::resolveGlobalVariable/1#17c3b74f/2@cb59116u with 447482 rows and digest 0a435bcnqfcgl7v26ek37lvt057.
[2026-08-06 09:46:51] (4s) Starting to evaluate predicate project#ResolveGlobalVariable::resolveGlobalVariable/1#17c3b74f/1@a8aeaevl
[2026-08-06 09:46:51] (4s)  >>> Created relation project#ResolveGlobalVariable::resolveGlobalVariable/1#17c3b74f/1@a8aeaevl with 446985 rows and digest e30202t02m9of0bfg2r1oggfe11.
[2026-08-06 09:46:51] (4s) Starting to evaluate predicate ResolveGlobalVariable::isVariable/1#6e051315/1@04bae4am
[2026-08-06 09:46:51] (4s)  >>> Created relation ResolveGlobalVariable::isVariable/1#6e051315/1@04bae4am with 446985 rows and digest e30202t02m9of0bfg2r1oggfe11.
[2026-08-06 09:46:51] (4s) No need to promote strings for ResolveGlobalVariable::isVariable/1#6e051315/1@04bae4am as it does not contain computed strings.
[2026-08-06 09:46:51] (4s)  >>> Created relation cached_ResolveGlobalVariable::isVariable/1#6e051315/1@90738ahc with 446985 rows and digest e30202t02m9of0bfg2r1oggfe11.
[2026-08-06 09:46:51] (4s) No need to promote strings for ResolveGlobalVariable::resolveGlobalVariable/1#17c3b74f/2@cb59116u as it does not contain computed strings.
[2026-08-06 09:46:51] (4s)  >>> Created relation cached_ResolveGlobalVariable::resolveGlobalVariable/1#17c3b74f/2@d04f11u9 with 447482 rows and digest 0a435bcnqfcgl7v26ek37lvt057.
[2026-08-06 09:46:51] (4s) Starting to evaluate predicate #var_declsMerge_10#join_rhs/2@d57798gt
[2026-08-06 09:46:52] (5s)  >>> Created relation #var_declsMerge_10#join_rhs/2@d57798gt with 530414 rows and digest 5755444ecv9r0pub5kejiheovd4.
[2026-08-06 09:46:52] (5s) Starting to evaluate predicate Variable::VariableDeclarationEntry.getVariable/0#dispred#a634d70c/2@a529892r
[2026-08-06 09:46:52] (5s)  >>> Created relation Variable::VariableDeclarationEntry.getVariable/0#dispred#a634d70c/2@a529892r with 530414 rows and digest d9821dbs0hpj59fem0bmufkg029.
[2026-08-06 09:46:52] (5s) Starting to evaluate predicate Variable::VariableDeclarationEntry.getVariable/0#dispred#a634d70c_10#join_rhs/2@d9cba47a
[2026-08-06 09:46:52] (5s)  >>> Created relation Variable::VariableDeclarationEntry.getVariable/0#dispred#a634d70c_10#join_rhs/2@d9cba47a with 530414 rows and digest 64382bl6vkunh4jnq2a4a857h73.
[2026-08-06 09:46:52] (5s) Starting to evaluate predicate Variable::LocalScopeVariable#3aae4a09/1@f207e3e9
[2026-08-06 09:46:52] (5s)  >>> Created relation Variable::LocalScopeVariable#3aae4a09/1@f207e3e9 with 414310 rows and digest e80113aafmsttdr7rtmh6ftsa05.
[2026-08-06 09:46:52] (5s) Starting to evaluate predicate Parameter::Parameter#623bc78d/1@1076e85j
[2026-08-06 09:46:52] (5s)  >>> Created relation Parameter::Parameter#623bc78d/1@1076e85j with 209244 rows and digest 8778f16eicattjs0k08gtlfgg42.
[2026-08-06 09:46:52] (5s) Starting to evaluate predicate Parameter::Parameter.getIndex/0#dispred#66f59d90/2@007a97a5
[2026-08-06 09:46:52] (5s)  >>> Created relation Parameter::Parameter.getIndex/0#dispred#66f59d90/2@007a97a5 with 209244 rows and digest 022a16npp340v3rk3alu91v9no8.
[2026-08-06 09:46:52] (5s) Starting to evaluate predicate Variable::LocalVariable.getName/0#dispred#fe44a180/2@14e6e6f1
[2026-08-06 09:46:52] (5s)  >>> Created relation Variable::LocalVariable.getName/0#dispred#fe44a180/2@14e6e6f1 with 205066 rows and digest 4a5620gubaveu2d9r92ctpb3oq0.
[2026-08-06 09:46:52] (5s)  >>> Created relation member/3@d2f9a19s with 63258 rows and digest 2ba2089cmjdmfdjdc2d7dl0n86b.
[2026-08-06 09:46:52] (5s)  >>> Created relation fun_def/1@c9efd5an with 81299 rows and digest f6eae5urebnvjlk2ie5s0vtv1ne.
[2026-08-06 09:46:52] (5s) Starting to evaluate predicate ResolveFunction::hasDefinition/1#c360eac3/1@3603759v
[2026-08-06 09:46:52] (5s)  >>> Created relation ResolveFunction::hasDefinition/1#c360eac3/1@3603759v with 80045 rows and digest 81a05bsg7r6cclsco2canqq6nc7.
[2026-08-06 09:46:52] (5s) Starting to evaluate predicate #mangled_nameMerge_021#join_rhs/3@b70e9bv6
[2026-08-06 09:46:52] (6s)  >>> Created relation #mangled_nameMerge_021#join_rhs/3@b70e9bv6 with 110888 rows and digest 013258ksrnm2sh2b6qjr1f7sgvf.
[2026-08-06 09:46:52] (6s) Starting to evaluate predicate _#mangled_nameMerge_021#join_rhs_ResolveFunction::hasDefinition/1#c360eac3#count_range/2@2673b7ru
[2026-08-06 09:46:53] (6s)  >>> Created relation _#mangled_nameMerge_021#join_rhs_ResolveFunction::hasDefinition/1#c360eac3#count_range/2@2673b7ru with 56160 rows and digest 327856r9gqj3996317o1ssflrrf.
[2026-08-06 09:46:53] (6s) Starting to evaluate predicate __#mangled_nameMerge_021#join_rhs_ResolveFunction::hasDefinition/1#c360eac3#count_range#join_rhs/2@e71bb16g
[2026-08-06 09:46:53] (6s)  >>> Created relation __#mangled_nameMerge_021#join_rhs_ResolveFunction::hasDefinition/1#c360eac3#count_range#join_rhs/2@e71bb16g with 55001 rows and digest ebe49b59hthqn0o7o039rc9ikc6.
[2026-08-06 09:46:53] (6s) Starting to evaluate predicate ResolveFunction::onlyOneCompleteFunctionExistsWithMangledName/1#26ed2028/1@a51d8dsc
[2026-08-06 09:46:53] (6s)  >>> Created relation ResolveFunction::onlyOneCompleteFunctionExistsWithMangledName/1#26ed2028/1@a51d8dsc with 53965 rows and digest 3ae12d9evmsi2knflh3fdd3k1b0.
[2026-08-06 09:46:53] (6s) Starting to evaluate predicate ResolveFunction::isFunctionWithMangledNameAndWithDefinition/2#2ef3d594/2@587076m2
[2026-08-06 09:46:53] (6s)  >>> Created relation ResolveFunction::isFunctionWithMangledNameAndWithDefinition/2#2ef3d594/2@587076m2 with 53965 rows and digest dac8e3psh22stdd4ts5brmraumf.
[2026-08-06 09:46:53] (7s)  >>> Created relation compgenerated/1@2dd63941 with 1609828 rows and digest 49d1e3l36pscfb98l6mha7u2hq6.
[2026-08-06 09:46:53] (7s)  >>> Created relation function_instantiation/2@5ba009cf with 25837 rows and digest eddf361p2dk79a2k9iv9o1s7sr5.
[2026-08-06 09:46:54] (7s) Starting to evaluate predicate ResolveFunction::hasTwinWithDefinition/2#7797163b/2@4075d28g
[2026-08-06 09:46:54] (7s)  >>> Created relation ResolveFunction::hasTwinWithDefinition/2#7797163b/2@4075d28g with 15828 rows and digest 9f4120hfrnu384v4t69gdu7olr4.
[2026-08-06 09:46:54] (7s) Starting to evaluate predicate project#ResolveFunction::hasTwinWithDefinition/2#7797163b/1@ccf503b7
[2026-08-06 09:46:54] (7s)  >>> Created relation project#ResolveFunction::hasTwinWithDefinition/2#7797163b/1@ccf503b7 with 15828 rows and digest 46db2f4ftdcl6vbg9bmmdafti56.
[2026-08-06 09:46:54] (7s) Starting to evaluate predicate ResolveFunction::resolveFunction/1#576ba5ee/2@356388rk
[2026-08-06 09:46:54] (7s)  >>> Created relation ResolveFunction::resolveFunction/1#576ba5ee/2@356388rk with 107513 rows and digest d18da02akie3eih7c0nlsm38gs8.
[2026-08-06 09:46:54] (7s) Starting to evaluate predicate ResolveFunction::isFunction/1#9226b83f/1@0a64af9c
[2026-08-06 09:46:54] (7s)  >>> Created relation ResolveFunction::isFunction/1#9226b83f/1@0a64af9c with 91685 rows and digest 313143810mls3pav5g7p48cacd0.
[2026-08-06 09:46:54] (7s) No need to promote strings for ResolveFunction::isFunction/1#9226b83f/1@0a64af9c as it does not contain computed strings.
[2026-08-06 09:46:54] (7s)  >>> Created relation cached_ResolveFunction::isFunction/1#9226b83f/1@f98098d9 with 91685 rows and digest 313143810mls3pav5g7p48cacd0.
[2026-08-06 09:46:54] (7s) Starting to evaluate predicate Function::Function.getParameter/1#8e6a5a5b/3@5bc694lo
[2026-08-06 09:46:54] (7s)  >>> Created relation Function::Function.getParameter/1#8e6a5a5b/3@5bc694lo with 168216 rows and digest c311ea06ftctjoln60311ivs60f.
[2026-08-06 09:46:54] (7s) No need to promote strings for ResolveFunction::resolveFunction/1#576ba5ee/2@356388rk as it does not contain computed strings.
[2026-08-06 09:46:54] (7s)  >>> Created relation cached_ResolveFunction::resolveFunction/1#576ba5ee/2@d186d880 with 107513 rows and digest d18da02akie3eih7c0nlsm38gs8.
[2026-08-06 09:46:54] (7s) Starting to evaluate predicate Function::Function.isConstructedFrom/1#dispred#2edd856f/2@9d2620dd
[2026-08-06 09:46:54] (7s)  >>> Created relation Function::Function.isConstructedFrom/1#dispred#2edd856f/2@9d2620dd with 25835 rows and digest a86a73dmfomhqkbq9qv7qocn0n4.
[2026-08-06 09:46:54] (7s) Starting to evaluate predicate project#Function::Function.isConstructedFrom/1#dispred#2edd856f/1@61dc762r
[2026-08-06 09:46:54] (7s)  >>> Created relation project#Function::Function.isConstructedFrom/1#dispred#2edd856f/1@61dc762r with 25835 rows and digest 656d8b1nnr7u5kcde1ep21349q0.
[2026-08-06 09:46:54] (7s) Starting to evaluate predicate Class::Class.getCanonicalMember/1#dispred#e1747079/3@08088dq3
[2026-08-06 09:46:54] (7s)  >>> Created relation Class::Class.getCanonicalMember/1#dispred#e1747079/3@08088dq3 with 55766 rows and digest 516d0acirn6l2r4nhkor0p4f8k3.
[2026-08-06 09:46:54] (7s) Starting to evaluate predicate project#Class::Class.getCanonicalMember/1#dispred#e1747079/1@bd28ea1r
[2026-08-06 09:46:54] (7s)  >>> Created relation project#Class::Class.getCanonicalMember/1#dispred#e1747079/1@bd28ea1r with 55764 rows and digest 40799fmt9uip0lon8ceib6d8upd.
[2026-08-06 09:46:54] (7s) Starting to evaluate predicate m#Declaration::Declaration.isMember/0#dispred#de845e36#b/1@966fac3p
[2026-08-06 09:46:54] (7s)  >>> Created relation m#Declaration::Declaration.isMember/0#dispred#de845e36#b/1@966fac3p with 115680 rows and digest 5fbf537g2brmgreogoa6708ip1d.
[2026-08-06 09:46:56] (9s)  >>> Created relation funbind/2@a07059qu with 624663 rows and digest 3ec356ef06mmei23nstlulnqhjf.
[2026-08-06 09:46:56] (9s) Starting to evaluate predicate Call::FunctionCall.getTarget/0#45745a57/2@8400fe8a
[2026-08-06 09:46:57] (11s)  >>> Created relation Call::FunctionCall.getTarget/0#45745a57/2@8400fe8a with 593574 rows and digest 7bac20hrlobagi2g27il1ajvk22.
[2026-08-06 09:46:58] (11s)  >>> Created relation function_return_type/2@f97629ud with 115942 rows and digest 789e8cg6jqd0fbifh710a1c4239.
[2026-08-06 09:46:58] (11s) Starting to evaluate predicate Function::Function.getType/0#dispred#e26ffc1e/2@1f0ed13t
[2026-08-06 09:46:58] (11s) Sequence stamp origin is -5883048605751062002
[2026-08-06 09:46:58] (11s) Pausing evaluation to evict 32.61MiB ARRAYS at sequence stamp o+0
[2026-08-06 09:46:58] (11s) Unpausing evaluation: 292.55MiB forgotten: 292.55MiB UNREACHABLE (385 items up to o+-46)
[2026-08-06 09:46:58] (11s)  >>> Created relation Function::Function.getType/0#dispred#e26ffc1e/2@1f0ed13t with 100006 rows and digest bc3bd9cm28ogpkcib03d301av38.
[2026-08-06 09:46:58] (11s)  >>> Created relation Call::FunctionCall.getTarget/0#45745a57/2@22144f3h with 593574 rows and digest 7bac20hrlobagi2g27il1ajvk22.
[2026-08-06 09:46:58] (11s) Starting to evaluate predicate Function::Function.getName/0#dispred#b6c7beb4/2@2971b6sf
[2026-08-06 09:46:58] (11s)  >>> Created relation Function::Function.getName/0#dispred#b6c7beb4/2@2971b6sf with 91685 rows and digest b9ff5822gp6ir95u0gvamup4uef.
[2026-08-06 09:46:58] (11s) Starting to evaluate predicate Initializer::Initializer.getDeclaration/0#dispred#67bc0d09/2@d1534303
[2026-08-06 09:46:58] (11s)  >>> Created relation Initializer::Initializer.getDeclaration/0#dispred#67bc0d09/2@d1534303 with 358284 rows and digest 5e5359p92b9psm5382r5tdbl1t3.
[2026-08-06 09:46:58] (11s) Starting to evaluate predicate project#Initializer::Initializer.getDeclaration/0#dispred#67bc0d09/1@50cf9av3
[2026-08-06 09:46:58] (11s)  >>> Created relation project#Initializer::Initializer.getDeclaration/0#dispred#67bc0d09/1@50cf9av3 with 357909 rows and digest 0aecb2i1pq2dsj517s5q85sspq2.
[2026-08-06 09:46:58] (11s) Starting to evaluate predicate _#@initialiserMergeTypeCall_project#Initializer::Initializer.getDeclaration/0#dispred#67bc0d09#shared/1@b58e0007
[2026-08-06 09:46:58] (11s)  >>> Created relation _#@initialiserMergeTypeCall_project#Initializer::Initializer.getDeclaration/0#dispred#67bc0d09#shared/1@b58e0007 with 357909 rows and digest 0aecb2i1pq2dsj517s5q85sspq2.
[2026-08-06 09:46:58] (11s) Starting to evaluate predicate Namespace::UsingDeclarationEntry.getDeclaration/0#dispred#4a7ed8c3/2@34f980ha
[2026-08-06 09:46:58] (11s)  >>> Created relation Namespace::UsingDeclarationEntry.getDeclaration/0#dispred#4a7ed8c3/2@34f980ha with 541 rows and digest a9a8616s0jhsblfv6g4hn4um1b6.
[2026-08-06 09:46:58] (11s) Starting to evaluate predicate ResolveFunction::resolveFunction/1#576ba5ee_10#join_rhs/2@b480816g
[2026-08-06 09:46:58] (11s)  >>> Created relation ResolveFunction::resolveFunction/1#576ba5ee_10#join_rhs/2@b480816g with 107513 rows and digest d48193kpgjeh2cn538e7v1m9fc9.
[2026-08-06 09:46:58] (11s) Starting to evaluate predicate #paramsMerge_10#join_rhs/2@9c3670tr
[2026-08-06 09:46:58] (11s)  >>> Created relation #paramsMerge_10#join_rhs/2@9c3670tr with 209244 rows and digest 6d192b02449c5bqo3p6qm04dst1.
[2026-08-06 09:46:58] (11s) Starting to evaluate predicate Parameter::Parameter.getFunction/0#dispred#803faca2#fb/2@49c5f17f
[2026-08-06 09:46:58] (11s)  >>> Created relation Parameter::Parameter.getFunction/0#dispred#803faca2#fb/2@49c5f17f with 29352 rows and digest 22f7batvok7j2855vfvo458qhub.
[2026-08-06 09:46:58] (11s) Starting to evaluate predicate _Parameter::Parameter#623bc78d_Parameter::Parameter.getFunction/0#dispred#803faca2#fb_project#Functi__#antijoin_rhs/1@570cb4ia
[2026-08-06 09:46:58] (11s)  >>> Created relation _Parameter::Parameter#623bc78d_Parameter::Parameter.getFunction/0#dispred#803faca2#fb_project#Functi__#antijoin_rhs/1@570cb4ia with 29352 rows and digest 0410d146euur6s7626juurle3k7.
[2026-08-06 09:46:58] (11s) Starting to evaluate predicate Parameter::Parameter.getAnEffectiveDeclarationEntry/0#dispred#03397d60/2@c73787fc
[2026-08-06 09:46:58] (11s)  >>> Created relation Parameter::Parameter.getAnEffectiveDeclarationEntry/0#dispred#03397d60/2@c73787fc with 331485 rows and digest 2d7b25d664vp769pidkts5cvgnd.
[2026-08-06 09:46:58] (11s) Starting to evaluate predicate Parameter::Parameter.getAnEffectiveDeclarationEntry/0#dispred#03397d60_10#join_rhs/2@d57dfel1
[2026-08-06 09:46:58] (11s)  >>> Created relation Parameter::Parameter.getAnEffectiveDeclarationEntry/0#dispred#03397d60_10#join_rhs/2@d57dfel1 with 331485 rows and digest 9e0c65l0a6khc32fj1sihsirmkf.
[2026-08-06 09:46:58] (11s) Starting to evaluate predicate Parameter::Parameter.getANamedDeclarationEntry/0#dispred#ee3743d5/2@193988f8
[2026-08-06 09:46:59] (12s)  >>> Created relation Parameter::Parameter.getANamedDeclarationEntry/0#dispred#ee3743d5/2@193988f8 with 217684 rows and digest 4df00f32igcpl4skid671rgkck1.
[2026-08-06 09:46:59] (12s) Starting to evaluate predicate project#Parameter::Parameter.getANamedDeclarationEntry/0#dispred#ee3743d5/1@ad25ba05
[2026-08-06 09:46:59] (12s)  >>> Created relation project#Parameter::Parameter.getANamedDeclarationEntry/0#dispred#ee3743d5/1@ad25ba05 with 165219 rows and digest 62ab8325cutqp83olpaocoap1sa.
[2026-08-06 09:46:59] (12s) Starting to evaluate predicate Parameter::Parameter.getANamedDeclarationEntry/0#dispred#ee3743d5_10#join_rhs/2@76fbc80s
[2026-08-06 09:46:59] (13s)  >>> Created relation Parameter::Parameter.getANamedDeclarationEntry/0#dispred#ee3743d5_10#join_rhs/2@76fbc80s with 217684 rows and digest 6cc14amkj7p9eem0c6e50er48kb.
[2026-08-06 09:47:13] (26s) Starting to evaluate predicate Variable::VariableDeclarationEntry.getName/0#58a358d6/2@i1#cf07bxjh (iteration 1)
[2026-08-06 09:47:13] (27s) 			 - Variable::VariableDeclarationEntry.getName/0#58a358d6_delta has 413783 rows (order for disjuncts: delta=<standard>).
[2026-08-06 09:47:13] (27s) Starting to evaluate predicate Parameter::Parameter.getName/0#dispred#60f9ae8a/2@i1#cf07bwjh (iteration 1)
[2026-08-06 09:47:15] (28s) 			 - Parameter::Parameter.getName/0#dispred#60f9ae8a_delta has 44025 rows (order for disjuncts: delta=<standard>).
[2026-08-06 09:47:15] (28s) Starting to evaluate predicate Variable::VariableDeclarationEntry.getName/0#58a358d6/2@i2#cf07bxjh (iteration 2)
[2026-08-06 09:47:16] (29s) Empty delta for Variable::VariableDeclarationEntry.getName/0#58a358d6_delta (order for disjuncts: delta=<standard>).
[2026-08-06 09:47:16] (29s) Starting to evaluate predicate _#var_defMerge_Parameter::Parameter.getANamedDeclarationEntry/0#dispred#ee3743d5_Parameter::Paramete__#antijoin_rhs/3@i2#L0#cf07bwjh (iteration 2)
[2026-08-06 09:47:18] (31s) Starting to evaluate predicate Parameter::Parameter.getName/0#dispred#60f9ae8a/2@i2#cf07bwjh (iteration 2)
[2026-08-06 09:47:19] (32s) 			 - Parameter::Parameter.getName/0#dispred#60f9ae8a_delta has 165235 rows (order for disjuncts: delta=<standard>).
[2026-08-06 09:47:19] (32s) Starting to evaluate predicate Variable::VariableDeclarationEntry.getName/0#58a358d6/2@i3#cf07bxjh (iteration 3)
[2026-08-06 09:47:19] (32s) Empty delta for Variable::VariableDeclarationEntry.getName/0#58a358d6_delta (order for disjuncts: delta=<standard>).
[2026-08-06 09:47:19] (32s) Accumulating deltas
[2026-08-06 09:47:19] (32s)  >>> Created relation Parameter::Parameter.getName/0#dispred#60f9ae8a/2@cf07bwjh with 209260 rows and digest a50f8clf8rbf2dsfc7l18j9f2l0.
[2026-08-06 09:47:19] (32s)  >>> Created relation Variable::VariableDeclarationEntry.getName/0#58a358d6/2@cf07bxjh with 413783 rows and digest d9842emh0te1o92252le8vlvel6.
[2026-08-06 09:47:19] (32s) Starting to evaluate predicate Declaration::DeclarationEntry.getName/0#dispred#e0bc1903/2@520739v5
[2026-08-06 09:47:19] (32s)  >>> Created relation Declaration::DeclarationEntry.getName/0#dispred#e0bc1903/2@520739v5 with 571749 rows and digest 8f4e04p3g7gp1qfvhvfhid4fuoe.
[2026-08-06 09:47:19] (33s)  >>> Created relation type_def/1@9304a93d with 9505 rows and digest b50a356hffn4e29h4h60vpq7r71.
[2026-08-06 09:47:19] (33s) Starting to evaluate predicate UserType::UserType.getADeclarationEntryBase/0#dc3623a8/2@26b5d1fq
[2026-08-06 09:47:20] (33s)  >>> Created relation UserType::UserType.getADeclarationEntryBase/0#dc3623a8/2@26b5d1fq with 14898 rows and digest 297299f14vuk4768i9d1b584r24.
[2026-08-06 09:47:20] (33s) Starting to evaluate predicate project#UserType::UserType.getADeclarationEntryBase/0#dispred#d07c0e9a/1@440e7dcu
[2026-08-06 09:47:20] (33s)  >>> Created relation project#UserType::UserType.getADeclarationEntryBase/0#dispred#d07c0e9a/1@440e7dcu with 13472 rows and digest 75a5314gb4osuk782ntug8klfbd.
[2026-08-06 09:47:20] (33s)  >>> Created relation template_template_instantiation/2@6cdf0180 with 1 rows and digest a8c4608bdh18tdc4ckf0ctj4koc.
[2026-08-06 09:47:20] (33s)  >>> Created relation class_instantiation/2@4f9111rl with 6193 rows and digest 792f44bie0iejf7p5j9pt9i0h08.
[2026-08-06 09:47:20] (33s) Starting to evaluate predicate Class::Class.isConstructedFrom/1#dispred#390e01c8/2@775e5382
[2026-08-06 09:47:20] (33s)  >>> Created relation Class::Class.isConstructedFrom/1#dispred#390e01c8/2@775e5382 with 5893 rows and digest 14b66620gehpo7ojb4gcmoqjfh5.
[2026-08-06 09:47:20] (33s) Starting to evaluate predicate Class::Class.isConstructedFrom/1#dispred#390e01c8_10#join_rhs/2@9a26c75u
[2026-08-06 09:47:20] (33s)  >>> Created relation Class::Class.isConstructedFrom/1#dispred#390e01c8_10#join_rhs/2@9a26c75u with 5893 rows and digest 0a3916alhkon54rol81bv5qaue6.
[2026-08-06 09:47:20] (33s) Starting to evaluate predicate UserType::UserType.getADeclarationEntry/0#cea44e2f#fb/2@i1#0c0d2w6e (iteration 1)
[2026-08-06 09:47:20] (33s) 			 - UserType::UserType.getADeclarationEntry/0#cea44e2f#fb_delta has 9505 rows (order for disjuncts: delta=<standard>).
[2026-08-06 09:47:20] (33s) Starting to evaluate predicate UserType::UserType.getADeclarationEntry/0#cea44e2f#fb/2@i2#0c0d2w6e (iteration 2)
[2026-08-06 09:47:20] (33s) 			 - UserType::UserType.getADeclarationEntry/0#cea44e2f#fb_delta has 4914 rows (order for disjuncts: delta=<standard>).
[2026-08-06 09:47:20] (33s) Starting to evaluate predicate UserType::UserType.getADeclarationEntry/0#cea44e2f#fb/2@i3#0c0d2w6e (iteration 3)
[2026-08-06 09:47:20] (33s) Empty delta for UserType::UserType.getADeclarationEntry/0#cea44e2f#fb_delta (order for disjuncts: delta=<standard>).
[2026-08-06 09:47:20] (33s) Accumulating deltas
[2026-08-06 09:47:20] (33s)  >>> Created relation UserType::UserType.getADeclarationEntry/0#cea44e2f#fb/2@0c0d2w6e with 14419 rows and digest 078c275kmdi4or6g5fpet39b7jf.
[2026-08-06 09:47:20] (33s) Starting to evaluate predicate #fun_declsMerge_10#join_rhs/2@ef921723
[2026-08-06 09:47:20] (33s)  >>> Created relation #fun_declsMerge_10#join_rhs/2@ef921723 with 143068 rows and digest 5ac95amj9qmkm9pvm7u8pdov09e.
[2026-08-06 09:47:20] (33s)  >>> Created relation fun_specialized/1@88105f7c with 147 rows and digest 7f21e8migc9k3vtmt86o6saveld.
[2026-08-06 09:47:20] (33s) Starting to evaluate predicate Function::Function.isSpecialization/0#dispred#e3ca2d98/1@6b06416a
[2026-08-06 09:47:20] (33s)  >>> Created relation Function::Function.isSpecialization/0#dispred#e3ca2d98/1@6b06416a with 147 rows and digest 043516lgglkdhti59feb7diun97.
[2026-08-06 09:47:20] (33s) Starting to evaluate predicate Function::Function.declEntry/1#dispred#ac5fff8a/2@17c0dalu
[2026-08-06 09:47:20] (33s)  >>> Created relation Function::Function.declEntry/1#dispred#ac5fff8a/2@17c0dalu with 126292 rows and digest 0e8d82asj9of4mjk85gdaubr80b.
[2026-08-06 09:47:20] (33s) Starting to evaluate predicate #fun_declsMerge_1#antijoin_rhs/1@a42d46sa
[2026-08-06 09:47:20] (33s)  >>> Created relation #fun_declsMerge_1#antijoin_rhs/1@a42d46sa with 107316 rows and digest fa211f04dbkupdut9juconlhgc7.
[2026-08-06 09:47:20] (33s) Starting to evaluate predicate Function::Function.getADeclarationEntry/0#dispred#c4df8642/2@193fab19
[2026-08-06 09:47:20] (33s)  >>> Created relation Function::Function.getADeclarationEntry/0#dispred#c4df8642/2@193fab19 with 126342 rows and digest 351fe8pioa9nb9tp2rtooodo429.
[2026-08-06 09:47:20] (33s) Starting to evaluate predicate Declaration::Declaration.getDefinition/0#dispred#c15931b2/2@4842c0is
[2026-08-06 09:47:20] (33s)  >>> Created relation Declaration::Declaration.getDefinition/0#dispred#c15931b2/2@4842c0is with 479883 rows and digest 6174abgn3bttk3rdf9ftuvms338.
[2026-08-06 09:47:20] (33s) Starting to evaluate predicate project#Declaration::Declaration.getDefinition/0#dispred#c15931b2/1@d70ceb4n
[2026-08-06 09:47:20] (33s)  >>> Created relation project#Declaration::Declaration.getDefinition/0#dispred#c15931b2/1@d70ceb4n with 476204 rows and digest f711b884cma1b8365o55nr9p8n2.
[2026-08-06 09:47:20] (33s) Starting to evaluate predicate Declaration::DeclarationEntry.getDeclaration/0#dispred#1b743ecb/2@0a4c833c
[2026-08-06 09:47:20] (33s)  >>> Created relation Declaration::DeclarationEntry.getDeclaration/0#dispred#1b743ecb/2@0a4c833c with 688380 rows and digest f16bb3u4953rm1gnrqnk89eg2i3.
[2026-08-06 09:47:20] (33s) Starting to evaluate predicate _Declaration::DeclarationEntry.getDeclaration/0#dispred#1b743ecb_Declaration::DeclarationEntry.getNa__#antijoin_rhs/2@5b1590jo
[2026-08-06 09:47:21] (34s)  >>> Created relation _Declaration::DeclarationEntry.getDeclaration/0#dispred#1b743ecb_Declaration::DeclarationEntry.getNa__#antijoin_rhs/2@5b1590jo with 530129 rows and digest 4d751f6s6mv0dii60fhvc19mcia.
[2026-08-06 09:47:21] (34s) Starting to evaluate predicate Declaration::DeclarationEntry.getCanonicalName/0#dispred#95e5b913/2@8d93eee8
[2026-08-06 09:47:22] (35s)  >>> Created relation Declaration::DeclarationEntry.getCanonicalName/0#dispred#95e5b913/2@8d93eee8 with 630930 rows and digest 06c3ad46i82vhavrqbhhd86erd2.
[2026-08-06 09:47:22] (35s) Starting to evaluate predicate _Declaration::DeclarationEntry.getCanonicalName/0#dispred#95e5b913_Variable::VariableDeclarationEntr__#antijoin_rhs/1@3858096p
[2026-08-06 09:47:22] (35s)  >>> Created relation _Declaration::DeclarationEntry.getCanonicalName/0#dispred#95e5b913_Variable::VariableDeclarationEntr__#antijoin_rhs/1@3858096p with 32192 rows and digest b426aa6hp256vvgvtdvgjmfh7qe.
[2026-08-06 09:47:22] (35s) Starting to evaluate predicate project#Declaration::DeclarationEntry.getCanonicalName/0#dispred#95e5b913/1@dd368bo0
[2026-08-06 09:47:22] (35s)  >>> Created relation project#Declaration::DeclarationEntry.getCanonicalName/0#dispred#95e5b913/1@dd368bo0 with 630862 rows and digest b0671flg605h8h49ast867q7vj4.
[2026-08-06 09:47:22] (35s) Starting to evaluate predicate project#Variable::VariableDeclarationEntry.getName/0#58a358d6/1@c2f45e33
[2026-08-06 09:47:22] (35s)  >>> Created relation project#Variable::VariableDeclarationEntry.getName/0#58a358d6/1@c2f45e33 with 413783 rows and digest f4f9fdop0ahngi45bs7iao50669.
[2026-08-06 09:47:22] (35s) Starting to evaluate predicate Variable::ParameterDeclarationEntry.getAnonymousParameterDescription/0#dispred#5b7a8f77/2@f5e495mk
[2026-08-06 09:47:22] (35s)  >>> Created relation Variable::ParameterDeclarationEntry.getAnonymousParameterDescription/0#dispred#5b7a8f77/2@f5e495mk with 116661 rows and digest dadfdc916379n0qcjvu7fobr89e.
[2026-08-06 09:47:22] (35s) Starting to evaluate predicate Declaration::DeclarationEntry.isDefinition/0#dispred#1f4bfbc6/1@2cb2f6fr
[2026-08-06 09:47:22] (35s)  >>> Created relation Declaration::DeclarationEntry.isDefinition/0#dispred#1f4bfbc6/1@2cb2f6fr with 474959 rows and digest 0289e392n52vd40oot8rb41a0s3.
[2026-08-06 09:47:22] (35s) Starting to evaluate predicate _Declaration::DeclarationEntry.getName/0#dispred#e0bc1903_Declaration::DeclarationEntry.isDefinition__#shared/2@9dc854eg
[2026-08-06 09:47:22] (35s)  >>> Created relation _Declaration::DeclarationEntry.getName/0#dispred#e0bc1903_Declaration::DeclarationEntry.isDefinition__#shared/2@9dc854eg with 110241 rows and digest 88dcb2ncsfd094lop3s1831h0h3.
[2026-08-06 09:47:22] (35s) Starting to evaluate predicate _Declaration::DeclarationEntry.getCanonicalName/0#dispred#95e5b913_Declaration::DeclarationEntry.get__#antijoin_rhs/2@ddcad0hu
[2026-08-06 09:47:22] (35s)  >>> Created relation _Declaration::DeclarationEntry.getCanonicalName/0#dispred#95e5b913_Declaration::DeclarationEntry.get__#antijoin_rhs/2@ddcad0hu with 109137 rows and digest 4a35a12k3aggu0brvb11kk80jsd.
[2026-08-06 09:47:22] (35s) Starting to evaluate predicate Declaration::DeclarationEntry.toString/0#97065b6a/2@be63eafs
[2026-08-06 09:47:22] (35s)  >>> Created relation Declaration::DeclarationEntry.toString/0#97065b6a/2@be63eafs with 571718 rows and digest 0d6425giecdosd8m8ron73tc1i1.
[2026-08-06 09:47:22] (35s)  >>> Created relation exprparents/3@a736a38n with 7036472 rows and digest e1cb8bov4duiojitdsl94mvd77e.
[2026-08-06 09:47:22] (35s) Starting to evaluate predicate @expr/1@b7207dfi
[2026-08-06 09:47:22] (35s)  >>> Created relation @expr/1@b7207dfi with 10156860 rows and digest dc8b37vfu22pf26qslk6k3fc7v3.
[2026-08-06 09:47:22] (35s) Starting to evaluate predicate Expr::Expr.getChild/1#dispred#e5374b3c#bff/3@ff14f9er
[2026-08-06 09:47:23] (36s) Pausing evaluation to evict 31.84MiB ARRAYS at sequence stamp o+17034
[2026-08-06 09:47:23] (36s) Unpausing evaluation: 43.70MiB forgotten: 43.70MiB UNREACHABLE (48 items up to o+15823)
[2026-08-06 09:47:23] (36s) Pausing evaluation to evict 31.85MiB ARRAYS at sequence stamp o+17573
[2026-08-06 09:47:23] (36s) Unpausing evaluation: 32.61MiB forgotten: 25.52MiB UNREACHABLE (22 items up to o+17572) 7.08MiB UNIMPORTANT (75 items up to o+-16097)
[2026-08-06 09:47:23] (36s) Pausing evaluation to evict 31.81MiB ARRAYS at sequence stamp o+17623
[2026-08-06 09:47:23] (36s) Unpausing evaluation: 32.41MiB forgotten: 28.62MiB UNREACHABLE (25 items up to o+17622) 3.79MiB UNIMPORTANT (20 items up to o+-15832)
[2026-08-06 09:47:23] (36s)  >>> Created relation Expr::Expr.getChild/1#dispred#e5374b3c#bff/3@ff14f9er with 5456086 rows and digest 895ea0ui0evhrfc4u1k0hc1c7ib.
[2026-08-06 09:47:23] (36s) Starting to evaluate predicate @stmt/1@49a5754k
[2026-08-06 09:47:23] (36s)  >>> Created relation @stmt/1@49a5754k with 1727224 rows and digest 484b91nffog49bh5pi9pjv9thm1.
[2026-08-06 09:47:23] (36s) Starting to evaluate predicate Stmt::Stmt.getChild/1#dispred#3a1e5070/3@25f16aj7
[2026-08-06 09:47:23] (36s) Pausing evaluation to evict 31.82MiB ARRAYS at sequence stamp o+17790
[2026-08-06 09:47:23] (36s) Unpausing evaluation: 32.06MiB forgotten: 21.32MiB UNREACHABLE (24 items up to o+17789) 10.74MiB UNIMPORTANT (71 items up to o+-797)
[2026-08-06 09:47:23] (36s)  >>> Created relation Stmt::Stmt.getChild/1#dispred#3a1e5070/3@25f16aj7 with 1222359 rows and digest 6ee7d7pvicfm0cn04fcvp8cs1b0.
[2026-08-06 09:47:23] (36s) Starting to evaluate predicate Stmt::Stmt.getChild/1#dispred#3a1e5070_10#join_rhs/2@6352dbeu
[2026-08-06 09:47:23] (36s) Pausing evaluation to evict 31.02MiB ARRAYS at sequence stamp o+17864
[2026-08-06 09:47:23] (36s) Unpausing evaluation: 31.32MiB forgotten: 23.98MiB UNREACHABLE (23 items up to o+17862) 7.35MiB UNIMPORTANT (9 items up to o+-765)
[2026-08-06 09:47:23] (36s)  >>> Created relation Stmt::Stmt.getChild/1#dispred#3a1e5070_10#join_rhs/2@6352dbeu with 1222359 rows and digest 04e49f4i22li5v0r8dsa1gobjef.
[2026-08-06 09:47:23] (36s) Starting to evaluate predicate project#Stmt::Stmt.getChild/1#dispred#3a1e5070#2/1@9308bbjh
[2026-08-06 09:47:23] (36s)  >>> Created relation project#Stmt::Stmt.getChild/1#dispred#3a1e5070#2/1@9308bbjh with 256254 rows and digest 6d61dcerd2ieeqp0rvpujhop4j0.
[2026-08-06 09:47:23] (36s) Starting to evaluate predicate Cast::SizeofExprOperator#7a1cf94c/1@85860eqf
[2026-08-06 09:47:23] (36s)  >>> Created relation Cast::SizeofExprOperator#7a1cf94c/1@85860eqf with 3350 rows and digest 7e9bda208cedn54vsi6bi62c9l4.
[2026-08-06 09:47:23] (36s) Starting to evaluate predicate m#Expr::Expr.getAChild/0#dispred#90427aa9#bf/1@1cb79e13
[2026-08-06 09:47:23] (36s)  >>> Created relation m#Expr::Expr.getAChild/0#dispred#90427aa9#bf/1@1cb79e13 with 37 rows and digest 71641dv9r2jg0ehu8p2g4tvkk7f.
[2026-08-06 09:47:23] (36s) Starting to evaluate predicate Expr::Expr.getAChild/0#dispred#90427aa9#bf/2@5ca0471s
[2026-08-06 09:47:23] (36s)  >>> Created relation Expr::Expr.getAChild/0#dispred#90427aa9#bf/2@5ca0471s with 185 rows and digest a13b707b5jiu640pqq0h2aakkj7.
[2026-08-06 09:47:23] (36s) Starting to evaluate predicate project#Expr::Expr.getAChild/0#dispred#90427aa9#bf/1@c98387ta
[2026-08-06 09:47:23] (36s)  >>> Created relation project#Expr::Expr.getAChild/0#dispred#90427aa9#bf/1@c98387ta with 37 rows and digest 71641dv9r2jg0ehu8p2g4tvkk7f.
[2026-08-06 09:47:23] (36s) Starting to evaluate predicate Expr::C11GenericExpr#3cb88473/2@9497ccqr
[2026-08-06 09:47:23] (36s)  >>> Created relation Expr::C11GenericExpr#3cb88473/2@9497ccqr with 37 rows and digest b66e9fug6bls55k2vhh7kob00h6.
[2026-08-06 09:47:23] (36s) Starting to evaluate predicate project#Stmt::Stmt.getChild/1#dispred#3a1e5070/1@054720bi
[2026-08-06 09:47:23] (36s)  >>> Created relation project#Stmt::Stmt.getChild/1#dispred#3a1e5070/1@054720bi with 944437 rows and digest 0a5a58u5l6q9lkn89pr68mmbj15.
[2026-08-06 09:47:23] (36s) Starting to evaluate predicate _#@stmt_switch_caseMergeTypeCall_project#Stmt::Stmt.getChild/1#dispred#3a1e5070#antijoin_rhs/1@66f24cpa
[2026-08-06 09:47:23] (36s)  >>> Created relation _#@stmt_switch_caseMergeTypeCall_project#Stmt::Stmt.getChild/1#dispred#3a1e5070#antijoin_rhs/1@66f24cpa with 284943 rows and digest 4e46fankmtlfvtqdb755gqavie0.
[2026-08-06 09:47:23] (36s) Starting to evaluate predicate Stmt::DefaultCase#9dcb4b64/1@b19deeh8
[2026-08-06 09:47:23] (36s)  >>> Created relation Stmt::DefaultCase#9dcb4b64/1@b19deeh8 with 11847 rows and digest 4071c52eto1tt7cjsh0sbr6lv7c.
[2026-08-06 09:47:23] (36s) Starting to evaluate predicate Variable::Variable.isConstructedFrom/1#dispred#fbdd4275#bf/2@fbce7ag3
[2026-08-06 09:47:23] (36s)  >>> Created relation Variable::Variable.isConstructedFrom/1#dispred#fbdd4275#bf/2@fbce7ag3 with 651 rows and digest 0f26cephl7n9c1ikdb0qgqk5lga.
[2026-08-06 09:47:23] (36s)  >>> Created relation is_variable_template/1@ebc81e79 with 52 rows and digest 41c20dkkmg75436vi5t76bncj92.
[2026-08-06 09:47:23] (36s)  >>> Created relation var_specialized/1@04c3a139 with 0 rows and digest THIS-RELATION-HAS-NO-TUPLES.
[2026-08-06 09:47:23] (36s) Inferred that _#is_variable_templateMerge_#var_declsMerge_10#join_rhs_#var_specializedMerge_ResolveGlobalVariable:__#antijoin_rhs/2@6cb732vo is empty, due to var_specialized/1@04c3a139.
[2026-08-06 09:47:23] (36s) Inferred that _#is_variable_templateMerge_#var_declsMerge_10#join_rhs_#var_specializedMerge_ResolveGlobalVariable:__#antijoin_rhs/2@ef8534d8 is empty, due to var_specialized/1@04c3a139.
[2026-08-06 09:47:23] (36s) Starting to evaluate predicate Variable::TemplateVariable.getAnInstantiation/0#dispred#f6b531ee#fb/2@895cd0sd
[2026-08-06 09:47:23] (36s)  >>> Created relation Variable::TemplateVariable.getAnInstantiation/0#dispred#f6b531ee#fb/2@895cd0sd with 651 rows and digest 88b5farfd8h4m6r6sodesnk0sdd.
[2026-08-06 09:47:23] (36s)  >>> Created relation variable_template_argument_value/3@a90e6blo with 0 rows and digest THIS-RELATION-HAS-NO-TUPLES.
[2026-08-06 09:47:23] (36s)  >>> Created relation template_template_argument_value/3@4043602e with 0 rows and digest THIS-RELATION-HAS-NO-TUPLES.
[2026-08-06 09:47:23] (36s)  >>> Created relation function_template_argument_value/3@1ba8dba6 with 18226 rows and digest cf5efc76ia1816hcs7j47brtea2.
[2026-08-06 09:47:23] (36s)  >>> Created relation concept_template_argument_value/3@51f53cok with 0 rows and digest THIS-RELATION-HAS-NO-TUPLES.
[2026-08-06 09:47:23] (36s)  >>> Created relation class_template_argument_value/3@ce2ad0n8 with 8539 rows and digest 999bd297a9j90blbq1pj825f6i5.
[2026-08-06 09:47:23] (36s)  >>> Created relation alias_template_argument_value/3@4de9capf with 0 rows and digest THIS-RELATION-HAS-NO-TUPLES.
[2026-08-06 09:47:23] (36s) Starting to evaluate predicate Declaration::Declaration.getTemplateArgumentValue/1#dispred#3eef4b7f/3@c012edc8
[2026-08-06 09:47:23] (36s)  >>> Created relation Declaration::Declaration.getTemplateArgumentValue/1#dispred#3eef4b7f/3@c012edc8 with 26765 rows and digest 6e2d0d6j781o1bh1rv8sonve6f3.
[2026-08-06 09:47:23] (36s) Starting to evaluate predicate project#Declaration::Declaration.getTemplateArgumentValue/1#dispred#3eef4b7f#2/2@a2950fg9
[2026-08-06 09:47:23] (36s)  >>> Created relation project#Declaration::Declaration.getTemplateArgumentValue/1#dispred#3eef4b7f#2/2@a2950fg9 with 3304 rows and digest 1f6f98f736mnj9u5kms3or6ouf8.
[2026-08-06 09:47:23] (36s)  >>> Created relation function_template_argument/3@1172b2jl with 19156 rows and digest 707a4aco2km7fde6ngj1sica8ke.
[2026-08-06 09:47:23] (36s) Starting to evaluate predicate Declaration::Declaration.getTemplateArgumentType/1#dispred#b0efb79c/3@b4b14eq1
[2026-08-06 09:47:23] (36s)  >>> Created relation Declaration::Declaration.getTemplateArgumentType/1#dispred#b0efb79c/3@b4b14eq1 with 19071 rows and digest 2225068jo1pglhjvhpjegj50561.
[2026-08-06 09:47:23] (36s) Starting to evaluate predicate project#Declaration::Declaration.getTemplateArgumentValue/1#dispred#3eef4b7f/2@d133a7d8
[2026-08-06 09:47:23] (36s)  >>> Created relation project#Declaration::Declaration.getTemplateArgumentValue/1#dispred#3eef4b7f/2@d133a7d8 with 26765 rows and digest 6804bdr1q0t399ooos9gqk1d6gc.
[2026-08-06 09:47:23] (36s) Starting to evaluate predicate Declaration::Declaration.getATemplateArgument/0#dispred#260b9dcc/2@fe9a09n8
[2026-08-06 09:47:23] (36s)  >>> Created relation Declaration::Declaration.getATemplateArgument/0#dispred#260b9dcc/2@fe9a09n8 with 43325 rows and digest 37cb881esuc5n802o8uts1fl5r7.
[2026-08-06 09:47:23] (36s) Starting to evaluate predicate project#Declaration::Declaration.getATemplateArgument/0#dispred#260b9dcc/1@6f2978qd
[2026-08-06 09:47:23] (36s)  >>> Created relation project#Declaration::Declaration.getATemplateArgument/0#dispred#260b9dcc/1@6f2978qd with 13959 rows and digest 75d3e0jmkjpapsu5kdasfma2l1d.
[2026-08-06 09:47:23] (36s)  >>> Created relation is_function_template/1@7d32268e with 6698 rows and digest 80106bpf2jb7h9abn10bcs7mfa0.
[2026-08-06 09:47:23] (36s) Starting to evaluate predicate Function::Function.isConstructedFrom/1#dispred#2edd856f_10#join_rhs/2@ae44c42q
[2026-08-06 09:47:23] (36s)  >>> Created relation Function::Function.isConstructedFrom/1#dispred#2edd856f_10#join_rhs/2@ae44c42q with 25835 rows and digest 4e05499n60b1ot8meuao7grnoma.
[2026-08-06 09:47:23] (36s) Starting to evaluate predicate Function::TemplateFunction.getAnInstantiation/0#dispred#578175e9#fb/2@cb5e541q
[2026-08-06 09:47:23] (36s)  >>> Created relation Function::TemplateFunction.getAnInstantiation/0#dispred#578175e9#fb/2@cb5e541q with 7648 rows and digest b04eb126oo7difbp2tf9lfppjma.
[2026-08-06 09:47:23] (36s) Starting to evaluate predicate Declaration::Declaration.isMember/0#dispred#de845e36#b/1@8480e8tk
[2026-08-06 09:47:23] (36s)  >>> Created relation Declaration::Declaration.isMember/0#dispred#de845e36#b/1@8480e8tk with 58605 rows and digest b7d8f9epm8igpe6sfo3956tubfd.
[2026-08-06 09:47:23] (36s) Starting to evaluate predicate Variable::MemberVariable#03cd19f4/1@334d0afr
[2026-08-06 09:47:23] (36s)  >>> Created relation Variable::MemberVariable#03cd19f4/1@334d0afr with 23995 rows and digest 4b65fcjulod9135t3jbcartg5c9.
[2026-08-06 09:47:23] (36s) Starting to evaluate predicate Variable::MemberVariable.getName/0#dispred#91f1491c/2@134406fj
[2026-08-06 09:47:23] (36s)  >>> Created relation Variable::MemberVariable.getName/0#dispred#91f1491c/2@134406fj with 23995 rows and digest 7e2b7bo8bm1vcuqqrds3i3mcfa6.
[2026-08-06 09:47:23] (36s) Starting to evaluate predicate Variable::Variable.getName/0#dispred#1b4a78c5/2@174163fa
[2026-08-06 09:47:23] (36s)  >>> Created relation Variable::Variable.getName/0#dispred#1b4a78c5/2@174163fa with 447001 rows and digest 98627ek9ebvqhi1vqsh6ucmt18f.
[2026-08-06 09:47:23] (36s) Starting to evaluate predicate Declaration::Declaration.getName/0#dispred#939ccea0/2@8273d9r9
[2026-08-06 09:47:23] (36s)  >>> Created relation Declaration::Declaration.getName/0#dispred#939ccea0/2@8273d9r9 with 615454 rows and digest 138971hs6vjcp1n5u17felpnk94.
[2026-08-06 09:47:23] (36s) Starting to evaluate predicate Declaration::Declaration.getDescription/0#dispred#f6f5733d/2@01e0051p
[2026-08-06 09:47:23] (36s)  >>> Created relation Declaration::Declaration.getDescription/0#dispred#f6f5733d/2@01e0051p with 615454 rows and digest 138971hs6vjcp1n5u17felpnk94.
[2026-08-06 09:47:23] (36s) Starting to evaluate predicate @dtorfielddestruct/1@1c2fc90f
[2026-08-06 09:47:23] (36s)  >>> Created relation @dtorfielddestruct/1@1c2fc90f with 381 rows and digest 3205ealtfd77ibtjo1r3om6f5p9.
[2026-08-06 09:47:23] (36s) Pausing evaluation to evict 31.02MiB ARRAYS at sequence stamp o+18203
[2026-08-06 09:47:23] (36s) Unpausing evaluation: 31.13MiB forgotten: 9.28MiB UNREACHABLE (10 items up to o+18176) 21.85MiB UNIMPORTANT (64 items up to o+5149)
[2026-08-06 09:47:23] (36s)  >>> Created relation varbind/2@0ef4ddtb with 3073448 rows and digest 8bbf2049shi3m67um61p63vmq9c.
[2026-08-06 09:47:23] (36s)  >>> Created relation fieldoffsets/3@baec5f83 with 23207 rows and digest 4d66e4ju4bup9b2jh0fmmmkp6n6.
[2026-08-06 09:47:23] (36s) Starting to evaluate predicate Field::Field#3a3ce059/1@8492884n
[2026-08-06 09:47:23] (36s)  >>> Created relation Field::Field#3a3ce059/1@8492884n with 23207 rows and digest 531ecepapli7cdju35ml2a8c89a.
[2026-08-06 09:47:23] (36s) Starting to evaluate predicate Call::DestructorFieldDestruction.getTarget/0#dispred#b02a0374/2@92a09ae3
[2026-08-06 09:47:23] (36s)  >>> Created relation Call::DestructorFieldDestruction.getTarget/0#dispred#b02a0374/2@92a09ae3 with 381 rows and digest c93a97q248lh6t44c3kaok5c9o5.
[2026-08-06 09:47:23] (36s) Starting to evaluate predicate Call::ConstructorFieldInit.getTarget/0#dispred#3f6166e2/2@e63654dh
[2026-08-06 09:47:23] (36s)  >>> Created relation Call::ConstructorFieldInit.getTarget/0#dispred#3f6166e2/2@e63654dh with 4755 rows and digest 0f948a81dcjf16k47a8ll1nil68.
[2026-08-06 09:47:23] (36s) Starting to evaluate predicate @routineexpr/1@79fb1f0f
[2026-08-06 09:47:23] (36s)  >>> Created relation @routineexpr/1@79fb1f0f with 622322 rows and digest 6c680446ahv0b70aasr1hecr1v5.
[2026-08-06 09:47:23] (36s) Starting to evaluate predicate @varaccess/1@d70b2a2g
[2026-08-06 09:47:23] (36s) Pausing evaluation to evict 30.29MiB ARRAYS at sequence stamp o+18363
[2026-08-06 09:47:23] (36s) Unpausing evaluation: 30.51MiB forgotten: 7.30MiB UNREACHABLE (16 items up to o+18151) 23.20MiB UNIMPORTANT (41 items up to o+15715)
[2026-08-06 09:47:23] (36s)  >>> Created relation @varaccess/1@d70b2a2g with 3066929 rows and digest a6dd50md0p7m1qnkcm3r92hp1b5.
[2026-08-06 09:47:23] (36s) Starting to evaluate predicate @access/1@9ed01dvv
[2026-08-06 09:47:23] (36s)  >>> Created relation @access/1@9ed01dvv with 3689251 rows and digest 5b017bu6a3q8fs3cak6bqk1d6ld.
[2026-08-06 09:47:23] (36s) Starting to evaluate predicate Access::Access#bfafc000/1@878a70jn
[2026-08-06 09:47:23] (36s) Pausing evaluation to evict 30.30MiB ARRAYS at sequence stamp o+18596
[2026-08-06 09:47:23] (36s) Unpausing evaluation: 30.55MiB forgotten: 4.25MiB UNREACHABLE (9 items up to o+18541) 26.30MiB UNIMPORTANT (59 items up to o+17532)
[2026-08-06 09:47:23] (37s)  >>> Created relation Access::Access#bfafc000/1@878a70jn with 3097610 rows and digest d00f5ehk38q6n8lvcgs3s0let60.
[2026-08-06 09:47:23] (37s) Starting to evaluate predicate Access::EnumConstantAccess#1a02ff75/1@c87ae2qr
[2026-08-06 09:47:24] (37s)  >>> Created relation Access::EnumConstantAccess#1a02ff75/1@c87ae2qr with 457550 rows and digest 9a66b1bkso01ou2edm29u1ftaoc.
[2026-08-06 09:47:24] (37s) Starting to evaluate predicate _#@varaccessMergeTypeCall_Access::Access#bfafc000#shared/1@0d803cj4
[2026-08-06 09:47:24] (37s)  >>> Created relation _#@varaccessMergeTypeCall_Access::Access#bfafc000#shared/1@0d803cj4 with 3066929 rows and digest a6dd50md0p7m1qnkcm3r92hp1b5.
[2026-08-06 09:47:24] (37s) Starting to evaluate predicate _#@functionMergeTypeCall_#@variableMergeTypeCall_#varbindMerge__#@varaccessMergeTypeCall_Access::Acc__#antijoin_rhs/1@e2dfd2de
[2026-08-06 09:47:24] (37s)  >>> Created relation _#@functionMergeTypeCall_#@variableMergeTypeCall_#varbindMerge__#@varaccessMergeTypeCall_Access::Acc__#antijoin_rhs/1@e2dfd2de with 457550 rows and digest 9a66b1bkso01ou2edm29u1ftaoc.
[2026-08-06 09:47:24] (37s) Starting to evaluate predicate Access::VariableAccess#27163138/1@60d1071f
[2026-08-06 09:47:24] (37s)  >>> Created relation Access::VariableAccess#27163138/1@60d1071f with 2609379 rows and digest 0ff280v005fknlcov1eo3utli45.
[2026-08-06 09:47:24] (37s) Starting to evaluate predicate #varbindMerge_10#join_rhs/2@e0817ads
[2026-08-06 09:47:24] (37s) Pausing evaluation to evict 31.06MiB ARRAYS at sequence stamp o+51930
[2026-08-06 09:47:24] (37s) Unpausing evaluation: 33.26MiB forgotten: 33.26MiB UNREACHABLE (84 items up to o+51847)
[2026-08-06 09:47:24] (37s) Pausing evaluation to evict 31.06MiB ARRAYS at sequence stamp o+52028
[2026-08-06 09:47:24] (37s) Unpausing evaluation: 32.10MiB forgotten: 22.43MiB UNREACHABLE (28 items up to o+52026) 9.67MiB UNIMPORTANT (22 items up to o+17840)
[2026-08-06 09:47:24] (37s)  >>> Created relation #varbindMerge_10#join_rhs/2@e0817ads with 3073448 rows and digest ccc22c6da1bimjq6ouj03t8uhb7.
[2026-08-06 09:47:24] (37s) Starting to evaluate predicate Access::FieldAccess#d1ccd326/1@480b84hv
[2026-08-06 09:47:24] (37s)  >>> Created relation Access::FieldAccess#d1ccd326/1@480b84hv with 801425 rows and digest 1cdd35p8rstulgqi9fn08fk1g78.
[2026-08-06 09:47:24] (37s) Starting to evaluate predicate Access::VariableAccess.getTarget/0#238a7818/2@6f5aa8sk
[2026-08-06 09:47:25] (38s) Pausing evaluation to evict 31.07MiB ARRAYS at sequence stamp o+80245
[2026-08-06 09:47:25] (38s) Unpausing evaluation: 31.45MiB forgotten: 17.47MiB UNREACHABLE (22 items up to o+58098) 13.98MiB UNIMPORTANT (31 items up to o+17991)
[2026-08-06 09:47:25] (38s)  >>> Created relation Access::VariableAccess.getTarget/0#238a7818/2@6f5aa8sk with 2610633 rows and digest 21e929jt9mke5s47nb7f35615if.
[2026-08-06 09:47:25] (38s) Starting to evaluate predicate Access::Access.getTarget/0#dispred#cf25c8aa/2@21585482
[2026-08-06 09:47:25] (38s) Pausing evaluation to evict 31.05MiB ARRAYS at sequence stamp o+87115
[2026-08-06 09:47:25] (38s) Unpausing evaluation: 31.14MiB forgotten: 19.72MiB UNREACHABLE (26 items up to o+87083) 11.42MiB UNIMPORTANT (43 items up to o+18627)
[2026-08-06 09:47:25] (38s) Pausing evaluation to evict 31.05MiB ARRAYS at sequence stamp o+87930
[2026-08-06 09:47:25] (38s) Unpausing evaluation: 31.13MiB forgotten: 21.08MiB UNREACHABLE (33 items up to o+87927) 10.05MiB UNIMPORTANT (27 items up to o+51917)
[2026-08-06 09:47:25] (38s)  >>> Created relation Access::Access.getTarget/0#dispred#cf25c8aa/2@21585482 with 3068185 rows and digest 6c50f0jg577k6hciq2hr1h62ob7.
[2026-08-06 09:47:25] (38s) Starting to evaluate predicate _Access::Access.getTarget/0#dispred#cf25c8aa_Access::VariableAccess#27163138_ResolveGlobalVariable::__#antijoin_rhs/1@d4e683l4
[2026-08-06 09:47:26] (39s)  >>> Created relation _Access::Access.getTarget/0#dispred#cf25c8aa_Access::VariableAccess#27163138_ResolveGlobalVariable::__#antijoin_rhs/1@d4e683l4 with 2609378 rows and digest fe721a3fkqgvr2f6l3cesvgacv9.
[2026-08-06 09:47:26] (39s) Starting to evaluate predicate Access::FunctionAccess#7ca2680b/1@6cbc6csd
[2026-08-06 09:47:26] (39s)  >>> Created relation Access::FunctionAccess#7ca2680b/1@6cbc6csd with 30681 rows and digest 871e148059491j6chkl57fk5i04.
[2026-08-06 09:47:26] (39s) Starting to evaluate predicate Access::FunctionAccess.getTarget/0#dispred#ed92ca6f/2@79f840vk
[2026-08-06 09:47:26] (39s)  >>> Created relation Access::FunctionAccess.getTarget/0#dispred#ed92ca6f/2@79f840vk with 30704 rows and digest b9fa40s2lbt3bnsq3201s6sdis9.
[2026-08-06 09:47:26] (39s) Starting to evaluate predicate project#Access::FunctionAccess.getTarget/0#dispred#ed92ca6f/1@390363s3
[2026-08-06 09:47:26] (39s)  >>> Created relation project#Access::FunctionAccess.getTarget/0#dispred#ed92ca6f/1@390363s3 with 30681 rows and digest 871e148059491j6chkl57fk5i04.
[2026-08-06 09:47:26] (39s) Starting to evaluate predicate Access::Access.getTarget/0#dispred#cf25c8aa_10#join_rhs/2@e563c43r
[2026-08-06 09:47:26] (39s) Pausing evaluation to evict 31.05MiB ARRAYS at sequence stamp o+102636
[2026-08-06 09:47:26] (39s) Unpausing evaluation: 31.32MiB forgotten: 18.18MiB UNREACHABLE (34 items up to o+102530) 13.15MiB UNIMPORTANT (20 items up to o+58079)
[2026-08-06 09:47:26] (39s) Pausing evaluation to evict 31.03MiB ARRAYS at sequence stamp o+102728
[2026-08-06 09:47:26] (39s) Unpausing evaluation: 47.95MiB forgotten: 47.95MiB UNREACHABLE (80 items up to o+102726)
[2026-08-06 09:47:26] (39s)  >>> Created relation Access::Access.getTarget/0#dispred#cf25c8aa_10#join_rhs/2@e563c43r with 3068185 rows and digest c0045eal0kkg55u5dvnbajgg712.
[2026-08-06 09:47:26] (39s) Starting to evaluate predicate #functionsMerge_20#join_rhs/2@7f9bb8be
[2026-08-06 09:47:26] (39s)  >>> Created relation #functionsMerge_20#join_rhs/2@7f9bb8be with 107513 rows and digest b36a53ftpb4682nmhp4kdib94od.
[2026-08-06 09:47:26] (39s) Starting to evaluate predicate MemberFunction::MemberFunction#8965af43/1@1a604d6b
[2026-08-06 09:47:26] (39s)  >>> Created relation MemberFunction::MemberFunction#8965af43/1@1a604d6b with 34610 rows and digest 75ae7b3ms5k38gtkr4gf1i54nf1.
[2026-08-06 09:47:26] (39s) Starting to evaluate predicate MemberFunction::Constructor#3a697e8a/1@6b30c8vs
[2026-08-06 09:47:26] (39s)  >>> Created relation MemberFunction::Constructor#3a697e8a/1@6b30c8vs with 4379 rows and digest 5a2727s5jfuiki2h9ambtj7qje8.
[2026-08-06 09:47:26] (39s) Starting to evaluate predicate MemberFunction::Destructor#3b34c0ea/1@69ddeeem
[2026-08-06 09:47:26] (39s)  >>> Created relation MemberFunction::Destructor#3b34c0ea/1@69ddeeem with 1439 rows and digest 4dab8320vhs7il5bctprmjcr6ad.
[2026-08-06 09:47:26] (39s) Starting to evaluate predicate Call::DestructorCall#43f8f365/1@f6c1c1t3
[2026-08-06 09:47:26] (39s)  >>> Created relation Call::DestructorCall#43f8f365/1@f6c1c1t3 with 4799 rows and digest a653ddpko6trpisshojjqdg1pl0.
[2026-08-06 09:47:26] (39s) Starting to evaluate predicate Call::ConstructorCall#c4f8b4c6/1@8fe9das1
[2026-08-06 09:47:26] (39s)  >>> Created relation Call::ConstructorCall#c4f8b4c6/1@8fe9das1 with 35099 rows and digest 625ce5s71s5pga6dh8hu5n1khp2.
[2026-08-06 09:47:26] (39s) Starting to evaluate predicate Call::FunctionCall.getTarget/0#dispred#935da4c5/2@bcc4f81u
[2026-08-06 09:47:26] (39s)  >>> Created relation Call::FunctionCall.getTarget/0#dispred#935da4c5/2@bcc4f81u with 593574 rows and digest 7bac20hrlobagi2g27il1ajvk22.
[2026-08-06 09:47:26] (39s) Starting to evaluate predicate Class::Class.getCanonicalMember/1#dispred#e1747079/3@ad37dcec
[2026-08-06 09:47:26] (39s)  >>> Created relation Class::Class.getCanonicalMember/1#dispred#e1747079/3@ad37dcec with 32421 rows and digest bdf2c43290v38035gqle76pve7b.
[2026-08-06 09:47:26] (39s) Starting to evaluate predicate project#Class::Class.getCanonicalMember/1#dispred#e1747079/1@ff8348lg
[2026-08-06 09:47:26] (39s)  >>> Created relation project#Class::Class.getCanonicalMember/1#dispred#e1747079/1@ff8348lg with 32420 rows and digest 911ecbk8a89ts64lelblvt90kg7.
[2026-08-06 09:47:26] (39s) Starting to evaluate predicate @declaration/1@6be770lr
[2026-08-06 09:47:26] (39s)  >>> Created relation @declaration/1@6be770lr with 632412 rows and digest 80aae6si6eeriou4qd68f8t3fq4.
[2026-08-06 09:47:26] Cachaca dict loading failed for Declaration::Declaration.getTemplateArgumentValue/1#dispred#3eef4b7f/3@bcff8aa2 = 6e2d0d6j781o1bh1rv8sonve6f3.
[2026-08-06 09:47:26] (39s) Starting to evaluate predicate Declaration::Declaration.getTemplateArgumentValue/1#dispred#3eef4b7f/3@bcff8aa2
[2026-08-06 09:47:26] (39s)  >>> Created relation Declaration::Declaration.getTemplateArgumentValue/1#dispred#3eef4b7f/3@bcff8aa2 with 26765 rows and digest 6e2d0d6j781o1bh1rv8sonve6f3.
[2026-08-06 09:47:26] Cachaca dict loading failed for project#Declaration::Declaration.getTemplateArgumentValue/1#dispred#3eef4b7f#2/2@dc6793ls = 1f6f98f736mnj9u5kms3or6ouf8.
[2026-08-06 09:47:26] (39s) Starting to evaluate predicate project#Declaration::Declaration.getTemplateArgumentValue/1#dispred#3eef4b7f#2/2@dc6793ls
[2026-08-06 09:47:26] (39s)  >>> Created relation project#Declaration::Declaration.getTemplateArgumentValue/1#dispred#3eef4b7f#2/2@dc6793ls with 3304 rows and digest 1f6f98f736mnj9u5kms3or6ouf8.
[2026-08-06 09:47:26] Cachaca dict loading failed for project#Declaration::Declaration.getTemplateArgumentValue/1#dispred#3eef4b7f/2@e772e11i = 6804bdr1q0t399ooos9gqk1d6gc.
[2026-08-06 09:47:26] (39s) Starting to evaluate predicate project#Declaration::Declaration.getTemplateArgumentValue/1#dispred#3eef4b7f/2@e772e11i
[2026-08-06 09:47:26] (39s)  >>> Created relation project#Declaration::Declaration.getTemplateArgumentValue/1#dispred#3eef4b7f/2@e772e11i with 26765 rows and digest 6804bdr1q0t399ooos9gqk1d6gc.
[2026-08-06 09:47:26] Cachaca dict loading failed for Declaration::Declaration.getATemplateArgument/0#dispred#260b9dcc/2@65fc97j7 = 37cb881esuc5n802o8uts1fl5r7.
[2026-08-06 09:47:26] (39s) Starting to evaluate predicate Declaration::Declaration.getATemplateArgument/0#dispred#260b9dcc/2@65fc97j7
[2026-08-06 09:47:26] (39s)  >>> Created relation Declaration::Declaration.getATemplateArgument/0#dispred#260b9dcc/2@65fc97j7 with 43325 rows and digest 37cb881esuc5n802o8uts1fl5r7.
[2026-08-06 09:47:26] Cachaca dict loading failed for project#Declaration::Declaration.getATemplateArgument/0#dispred#260b9dcc/1@00c2cf0v = 75d3e0jmkjpapsu5kdasfma2l1d.
[2026-08-06 09:47:26] (39s) Starting to evaluate predicate project#Declaration::Declaration.getATemplateArgument/0#dispred#260b9dcc/1@00c2cf0v
[2026-08-06 09:47:26] (39s)  >>> Created relation project#Declaration::Declaration.getATemplateArgument/0#dispred#260b9dcc/1@00c2cf0v with 13959 rows and digest 75d3e0jmkjpapsu5kdasfma2l1d.
[2026-08-06 09:47:26] (39s) Starting to evaluate predicate _#is_function_templateMerge_project#Declaration::Declaration.getATemplateArgument/0#dispred#260b9dcc#shared/1@8a4839fi
[2026-08-06 09:47:26] (39s)  >>> Created relation _#is_function_templateMerge_project#Declaration::Declaration.getATemplateArgument/0#dispred#260b9dcc#shared/1@8a4839fi with 4869 rows and digest fcd1d2pttpkcjj4ihv268pafi71.
[2026-08-06 09:47:26] (39s) Starting to evaluate predicate _#fun_declsMerge_10#join_rhs_#fun_specializedMerge_Function::Function.isConstructedFrom/1#dispred#2e__#antijoin_rhs/2@444c602e
[2026-08-06 09:47:26] (39s)  >>> Created relation _#fun_declsMerge_10#join_rhs_#fun_specializedMerge_Function::Function.isConstructedFrom/1#dispred#2e__#antijoin_rhs/2@444c602e with 143 rows and digest a3d6a1p4ao59hs060mnom0pilfb.
[2026-08-06 09:47:26] (39s) Starting to evaluate predicate Function::TemplateFunction.getAnInstantiation/0#dispred#578175e9/2@b9a863ep
[2026-08-06 09:47:26] (39s)  >>> Created relation Function::TemplateFunction.getAnInstantiation/0#dispred#578175e9/2@b9a863ep with 7648 rows and digest b04eb126oo7difbp2tf9lfppjma.
[2026-08-06 09:47:26] (39s) Starting to evaluate predicate Declaration::Declaration.isMember/0#dispred#de845e36/1@72c531vt
[2026-08-06 09:47:26] (39s)  >>> Created relation Declaration::Declaration.isMember/0#dispred#de845e36/1@72c531vt with 34610 rows and digest 75ae7b3ms5k38gtkr4gf1i54nf1.
[2026-08-06 09:47:26] (39s) Starting to evaluate predicate MemberFunction::MemberFunction#8965af43/1@65cbda8o
[2026-08-06 09:47:26] (39s)  >>> Created relation MemberFunction::MemberFunction#8965af43/1@65cbda8o with 34610 rows and digest 75ae7b3ms5k38gtkr4gf1i54nf1.
[2026-08-06 09:47:26] (39s)  >>> Created relation MemberFunction::Destructor#3b34c0ea/1@ad40a7vq with 1439 rows and digest 4dab8320vhs7il5bctprmjcr6ad.
[2026-08-06 09:47:26] (39s)  >>> Created relation MemberFunction::Constructor#3a697e8a/1@c23681jt with 4379 rows and digest 5a2727s5jfuiki2h9ambtj7qje8.
[2026-08-06 09:47:26] (39s)  >>> Created relation Call::DestructorCall#43f8f365/1@f2237ekj with 4799 rows and digest a653ddpko6trpisshojjqdg1pl0.
[2026-08-06 09:47:26] (39s)  >>> Created relation Call::ConstructorCall#c4f8b4c6/1@5d32dfcl with 35099 rows and digest 625ce5s71s5pga6dh8hu5n1khp2.
[2026-08-06 09:47:26] (39s)  >>> Created relation Call::FunctionCall.getTarget/0#dispred#935da4c5/2@42cc7acr with 593574 rows and digest 7bac20hrlobagi2g27il1ajvk22.
[2026-08-06 09:47:26] (39s) Starting to evaluate predicate Call::ConstructorBaseInit#b169b8ca/1@4fa8ae2j
[2026-08-06 09:47:26] (39s)  >>> Created relation Call::ConstructorBaseInit#b169b8ca/1@4fa8ae2j with 833 rows and digest ca173e0pimilvheu7cdakocv8lf.
[2026-08-06 09:47:26] (39s) Starting to evaluate predicate project#Call::FunctionCall.getTarget/0#dispred#935da4c5/1@1aaa69kr
[2026-08-06 09:47:26] (39s)  >>> Created relation project#Call::FunctionCall.getTarget/0#dispred#935da4c5/1@1aaa69kr with 592613 rows and digest da330ab61uf7v6ijjt7gnmeo4l7.
[2026-08-06 09:47:26] (39s) Starting to evaluate predicate Call::FunctionCall.toString/0#cdcd800d/2@2262988c
[2026-08-06 09:47:26] (39s)  >>> Created relation Call::FunctionCall.toString/0#cdcd800d/2@2262988c with 592921 rows and digest fae4d6caa4i57nuahschspuitoa.
[2026-08-06 09:47:26] (39s)  >>> Created relation typedefbase/2@050ca62i with 8613 rows and digest b10194q0hanansj3vq9h3t64fv4.
[2026-08-06 09:47:26] (39s) Starting to evaluate predicate #usertypesMerge_02#join_rhs/2@f614acb9
[2026-08-06 09:47:26] (39s)  >>> Created relation #usertypesMerge_02#join_rhs/2@f614acb9 with 24895 rows and digest 0950b0ddb551ip6iqgjeecb2gbe.
[2026-08-06 09:47:26] (39s) Starting to evaluate predicate TypedefType::TypedefType#64088755#b/1@941df5v8
[2026-08-06 09:47:26] (39s)  >>> Created relation TypedefType::TypedefType#64088755#b/1@941df5v8 with 8613 rows and digest 07d8d586mbujoi0bnmatg2v0rhd.
[2026-08-06 09:47:26] (39s) Starting to evaluate predicate TypedefType::TypedefType.getBaseType/0#dispred#671605ef#bf/2@4eb41ctn
[2026-08-06 09:47:26] (39s)  >>> Created relation TypedefType::TypedefType.getBaseType/0#dispred#671605ef#bf/2@4eb41ctn with 8613 rows and digest 0bd2a1rum7tjchtdhv3b5aung06.
[2026-08-06 09:47:26] (39s) Starting to evaluate predicate m#Type::Type.stripType/0#dispred#e1299c1e#bf/1@i1#3a87dwme (iteration 1)
[2026-08-06 09:47:26] (39s) 			 - m#Type::Type.stripType/0#dispred#e1299c1e#bf_delta has 30084 rows (order for disjuncts: delta=<standard>).
[2026-08-06 09:47:26] (39s) Starting to evaluate predicate m#Type::Type.stripType/0#dispred#e1299c1e#bf/1@i2#3a87dwme (iteration 2)
[2026-08-06 09:47:26] (39s) 			 - m#Type::Type.stripType/0#dispred#e1299c1e#bf_delta has 27851 rows (order for disjuncts: delta=<standard>).
[2026-08-06 09:47:26] (39s) Starting to evaluate predicate m#Type::Type.stripType/0#dispred#e1299c1e#bf/1@i3#3a87dwme (iteration 3)
[2026-08-06 09:47:26] (39s) 			 - m#Type::Type.stripType/0#dispred#e1299c1e#bf_delta has 1316 rows (order for disjuncts: delta=<standard>).
[2026-08-06 09:47:26] (39s) Starting to evaluate predicate m#Type::Type.stripType/0#dispred#e1299c1e#bf/1@i4#3a87dwme (iteration 4)
[2026-08-06 09:47:26] (39s) 			 - m#Type::Type.stripType/0#dispred#e1299c1e#bf_delta has 3 rows (order for disjuncts: delta=<standard>).
[2026-08-06 09:47:26] (39s) Starting to evaluate predicate m#Type::Type.stripType/0#dispred#e1299c1e#bf/1@i5#3a87dwme (iteration 5)
[2026-08-06 09:47:26] (39s) Empty delta for m#Type::Type.stripType/0#dispred#e1299c1e#bf_delta (order for disjuncts: delta=<standard>).
[2026-08-06 09:47:26] (39s) Accumulating deltas
[2026-08-06 09:47:26] (39s)  >>> Created relation m#Type::Type.stripType/0#dispred#e1299c1e#bf/1@3a87dwme with 59184 rows and digest f3ff4bql3bn9jut8ah7s36umbe8.
[2026-08-06 09:47:26] (39s) Starting to evaluate predicate Type::Type_not_Type::Decltype_Type::DerivedType_Type::IntrinsicTransformedType_TypedefType::TypedefType_Type::TypeofType#42fd722b#b/1@6af8356p
[2026-08-06 09:47:26] (39s)  >>> Created relation Type::Type_not_Type::Decltype_Type::DerivedType_Type::IntrinsicTransformedType_TypedefType::TypedefType_Type::TypeofType#42fd722b#b/1@6af8356p with 29763 rows and digest 39b4bf0ofcibpu1pvib8nlldefe.
[2026-08-06 09:47:26] (39s) Starting to evaluate predicate Type::TypeofType.getBaseType/0#dispred#0d5513d4#bf_10#join_rhs/2@9b6d11iu
[2026-08-06 09:47:26] (39s)  >>> Created relation Type::TypeofType.getBaseType/0#dispred#0d5513d4#bf_10#join_rhs/2@9b6d11iu with 56 rows and digest f75030fhv1j9fsng3kitgcnoma0.
[2026-08-06 09:47:26] (39s) Starting to evaluate predicate Type::DerivedType.getBaseType/0#dispred#b08b94f7#bf_10#join_rhs/2@678bde49
[2026-08-06 09:47:26] (39s)  >>> Created relation Type::DerivedType.getBaseType/0#dispred#b08b94f7#bf_10#join_rhs/2@678bde49 with 69334 rows and digest 76c2cc8h5kf8kqd5dhq4jktaoqa.
[2026-08-06 09:47:26] (39s) Starting to evaluate predicate TypedefType::TypedefType.getBaseType/0#dispred#671605ef#bf_10#join_rhs/2@ab26a5fg
[2026-08-06 09:47:26] (39s)  >>> Created relation TypedefType::TypedefType.getBaseType/0#dispred#671605ef#bf_10#join_rhs/2@ab26a5fg with 8613 rows and digest 425e4d4to3ns0upslr0vjr2tp51.
[2026-08-06 09:47:26] (39s) Starting to evaluate predicate Type::Decltype.getBaseType/0#dispred#f3b613af#bf_10#join_rhs/2@cbab4fap
[2026-08-06 09:47:26] (39s)  >>> Created relation Type::Decltype.getBaseType/0#dispred#f3b613af#bf_10#join_rhs/2@cbab4fap with 49 rows and digest 4a479ekd902g69js0eajcs4nhob.
[2026-08-06 09:47:26] (39s) Starting to evaluate predicate Type::Type.stripType/0#dispred#e1299c1e#bf/2@i1#7ce5ew0u (iteration 1)
[2026-08-06 09:47:26] (39s) 			 - Type::Type.stripType/0#dispred#e1299c1e#bf_delta has 29763 rows (order for disjuncts: delta=<standard>).
[2026-08-06 09:47:26] (39s) Starting to evaluate predicate Type::Type.stripType/0#dispred#e1299c1e#bf/2@i2#7ce5ew0u (iteration 2)
[2026-08-06 09:47:26] (39s) 			 - Type::Type.stripType/0#dispred#e1299c1e#bf_delta has 27956 rows (order for disjuncts: delta=<standard>).
[2026-08-06 09:47:26] (39s) Starting to evaluate predicate Type::Type.stripType/0#dispred#e1299c1e#bf/2@i3#7ce5ew0u (iteration 3)
[2026-08-06 09:47:26] (39s) 			 - Type::Type.stripType/0#dispred#e1299c1e#bf_delta has 1448 rows (order for disjuncts: delta=<standard>).
[2026-08-06 09:47:26] (39s) Starting to evaluate predicate Type::Type.stripType/0#dispred#e1299c1e#bf/2@i4#7ce5ew0u (iteration 4)
[2026-08-06 09:47:26] (39s) 			 - Type::Type.stripType/0#dispred#e1299c1e#bf_delta has 12 rows (order for disjuncts: delta=<standard>).
[2026-08-06 09:47:26] (39s) Starting to evaluate predicate Type::Type.stripType/0#dispred#e1299c1e#bf/2@i5#7ce5ew0u (iteration 5)
[2026-08-06 09:47:26] (39s) 			 - Type::Type.stripType/0#dispred#e1299c1e#bf_delta has 5 rows (order for disjuncts: delta=<standard>).
[2026-08-06 09:47:26] (39s) Starting to evaluate predicate Type::Type.stripType/0#dispred#e1299c1e#bf/2@i6#7ce5ew0u (iteration 6)
[2026-08-06 09:47:26] (39s) Empty delta for Type::Type.stripType/0#dispred#e1299c1e#bf_delta (order for disjuncts: delta=<standard>).
[2026-08-06 09:47:26] (39s) Accumulating deltas
[2026-08-06 09:47:26] (39s)  >>> Created relation Type::Type.stripType/0#dispred#e1299c1e#bf/2@7ce5ew0u with 59184 rows and digest db98cbng59rq8p2boilkicnub9c.
[2026-08-06 09:47:26] (39s) Starting to evaluate predicate Call::FunctionCall.getTargetType/0#dispred#ddad45e3/2@273f5738
[2026-08-06 09:47:26] (39s) Pausing evaluation to evict 31.08MiB ARRAYS at sequence stamp o+103437
[2026-08-06 09:47:26] (39s) Unpausing evaluation: 31.13MiB forgotten: 16.24MiB UNREACHABLE (24 items up to o+103435) 14.89MiB UNIMPORTANT (34 items up to o+87189)
[2026-08-06 09:47:26] (39s)  >>> Created relation Call::FunctionCall.getTargetType/0#dispred#ddad45e3/2@273f5738 with 593345 rows and digest 873304m4o3bgdkqr8nim0c2eoj7.
[2026-08-06 09:47:26] (39s) Starting to evaluate predicate _Call::FunctionCall.getTarget/0#dispred#935da4c5_Call::FunctionCall.getTargetType/0#dispred#ddad45e3__#antijoin_rhs/2@219ecfc6
[2026-08-06 09:47:26] (40s)  >>> Created relation _Call::FunctionCall.getTarget/0#dispred#935da4c5_Call::FunctionCall.getTargetType/0#dispred#ddad45e3__#antijoin_rhs/2@219ecfc6 with 554525 rows and digest 5dcb498h848k93fkqqfr2gu6e1b.
[2026-08-06 09:47:26] (40s) Starting to evaluate predicate Expr::Expr.getType/0#dispred#444cc5af/2@i1#1f8d2w08 (iteration 1)
[2026-08-06 09:47:26] (40s) Pausing evaluation to evict 31.07MiB ARRAYS at sequence stamp o+103527
[2026-08-06 09:47:26] (40s) Unpausing evaluation: 2.38MiB in memory written to disk, 32.06MiB forgotten: 12.97MiB UNREACHABLE (18 items up to o+103281) 16.71MiB UNIMPORTANT (68 items up to o+103322) 2.38MiB NORMAL (10 items up to o+-16691)
[2026-08-06 09:47:27] (40s) Pausing evaluation to evict 31.04MiB ARRAYS at sequence stamp o+103614
[2026-08-06 09:47:27] (40s) Will trim disk cache to check for obsolete items before writing 38.40MiB (currently using 466.18kiB).
[2026-08-06 09:47:27] (40s) After trimming, disk cache uses 466.18kiB.
[2026-08-06 09:47:27] (40s) Unpausing evaluation: 32.04MiB in memory written to disk, 32.04MiB forgotten: 32.04MiB NORMAL (41 items up to o+-12975)
[2026-08-06 09:47:27] (40s) 			 - Expr::Expr.getType/0#dispred#444cc5af_delta has 10158104 rows (order for disjuncts: delta=<standard>).
[2026-08-06 09:47:27] (40s) Starting to evaluate predicate Expr::Expr.getType/0#dispred#444cc5af/2@i2#1f8d2w08 (iteration 2)
[2026-08-06 09:47:27] (40s) 			 - Expr::Expr.getType/0#dispred#444cc5af_delta has 460 rows (order for disjuncts: delta=<standard>).
[2026-08-06 09:47:27] (40s) Starting to evaluate predicate Expr::Expr.getType/0#dispred#444cc5af/2@i3#1f8d2w08 (iteration 3)
[2026-08-06 09:47:27] (40s) Empty delta for Expr::Expr.getType/0#dispred#444cc5af_delta (order for disjuncts: delta=<standard>).
[2026-08-06 09:47:27] (40s) Accumulating deltas
[2026-08-06 09:47:27] (40s) Pausing evaluation to evict 31.04MiB ARRAYS at sequence stamp o+103861
[2026-08-06 09:47:27] (40s) Will trim disk cache to check for obsolete items before writing 22.49MiB (currently using 8.86MiB).
[2026-08-06 09:47:27] (40s) After trimming, disk cache uses 8.86MiB.
[2026-08-06 09:47:27] (40s) Unpausing evaluation: 18.56MiB in memory written to disk, 31.32MiB forgotten: 12.76MiB UNREACHABLE (17 items up to o+103859) 18.56MiB NORMAL (16 items up to o+-12945)
[2026-08-06 09:47:27] (40s) Pausing evaluation to evict 31.04MiB ARRAYS at sequence stamp o+103940
[2026-08-06 09:47:27] (40s) Unpausing evaluation: 1.16MiB in memory written to disk, 31.32MiB forgotten: 30.16MiB UNREACHABLE (39 items up to o+103938) 1.16MiB NORMAL (1 items up to o+-12942)
[2026-08-06 09:47:27] (40s) Pausing evaluation to evict 31.03MiB ARRAYS at sequence stamp o+104020
[2026-08-06 09:47:27] (40s) Unpausing evaluation: 1.16MiB in memory written to disk, 31.32MiB forgotten: 30.16MiB UNREACHABLE (39 items up to o+104017) 1.16MiB NORMAL (1 items up to o+-12941)
[2026-08-06 09:47:27] (40s)  >>> Created relation Expr::Expr.getType/0#dispred#444cc5af/2@1f8d2w08 with 10158564 rows and digest 5a71bebamr43pcf296e74rr23da.
[2026-08-06 09:47:27] (40s) No need to promote strings for Expr::Expr.getType/0#dispred#444cc5af/2@1f8d2w08 as it does not contain computed strings.
[2026-08-06 09:47:27] (40s)  >>> Created relation cached_Expr::Expr.getType/0#dispred#444cc5af/2@6044b650 with 10158564 rows and digest 5a71bebamr43pcf296e74rr23da.
[2026-08-06 09:47:27] (40s) Starting to evaluate predicate Cast::SizeofOperator.getTypeOperand/0#dispred#6329109d/2@3c2085pl
[2026-08-06 09:47:27] (40s)  >>> Created relation Cast::SizeofOperator.getTypeOperand/0#dispred#6329109d/2@3c2085pl with 14384 rows and digest cb4ba2c6u1s749hm264htcdave8.
[2026-08-06 09:47:27] (40s) Starting to evaluate predicate _Initializer::Initializer.getDeclaration/0#dispred#67bc0d09__#@initialiserMergeTypeCall_project#Init__#shared/2@7d7987s4
[2026-08-06 09:47:27] (40s)  >>> Created relation _Initializer::Initializer.getDeclaration/0#dispred#67bc0d09__#@initialiserMergeTypeCall_project#Init__#shared/2@7d7987s4 with 358284 rows and digest f6dddb9vkhknlav7n3tqub06oka.
[2026-08-06 09:47:27] (40s) Starting to evaluate predicate _Declaration::Declaration.getName/0#dispred#939ccea0__Initializer::Initializer.getDeclaration/0#disp__#max_range/2@9aff9a1e
[2026-08-06 09:47:27] (40s)  >>> Created relation _Declaration::Declaration.getName/0#dispred#939ccea0__Initializer::Initializer.getDeclaration/0#disp__#max_range/2@9aff9a1e with 358043 rows and digest 9d7082paa6u61bukmq5m7n9212b.
[2026-08-06 09:47:27] (40s) Starting to evaluate predicate _Declaration::Declaration.getName/0#dispred#939ccea0__Initializer::Initializer.getDeclaration/0#disp__#max_term/3@74060er1
[2026-08-06 09:47:27] (40s) Pausing evaluation to evict 30.72MiB ARRAYS at sequence stamp o+104264
[2026-08-06 09:47:27] (40s) Unpausing evaluation: 30.94MiB forgotten: 20.50MiB UNREACHABLE (21 items up to o+104262) 10.44MiB UNIMPORTANT (19 items up to o+103668)
[2026-08-06 09:47:27] (40s)  >>> Created relation _Declaration::Declaration.getName/0#dispred#939ccea0__Initializer::Initializer.getDeclaration/0#disp__#max_term/3@74060er1 with 358043 rows and digest a75d627evve6s26kfq6e1glenj8.
[2026-08-06 09:47:27] (40s) Starting to evaluate predicate __Declaration::Declaration.getName/0#dispred#939ccea0__Initializer::Initializer.getDeclaration/0#dis__#join_rhs/2@fca7cc8m
[2026-08-06 09:47:27] (40s)  >>> Created relation __Declaration::Declaration.getName/0#dispred#939ccea0__Initializer::Initializer.getDeclaration/0#dis__#join_rhs/2@fca7cc8m with 357909 rows and digest 6362f3vmfjerilbsvd2riltqkvb.
[2026-08-06 09:47:27] (40s)  >>> Created relation class_template_argument/3@890847o1 with 11710 rows and digest abd2d2v88de0ochm13ghigkl6a6.
[2026-08-06 09:47:27] (40s) Starting to evaluate predicate project##class_template_argumentMerge/1@3fb95fhb
[2026-08-06 09:47:27] (40s)  >>> Created relation project##class_template_argumentMerge/1@3fb95fhb with 5998 rows and digest 029956q76dur9jhdrpbn0fidbr1.
[2026-08-06 09:47:27] (40s) Starting to evaluate predicate #class_instantiationMerge_10#join_rhs/2@c2e3b4lh
[2026-08-06 09:47:27] (40s)  >>> Created relation #class_instantiationMerge_10#join_rhs/2@c2e3b4lh with 6193 rows and digest 2dadc207hni66h2laceiidu33b3.
[2026-08-06 09:47:27] (40s) Starting to evaluate predicate project##class_instantiationMerge/1@893f4c4r
[2026-08-06 09:47:27] (40s)  >>> Created relation project##class_instantiationMerge/1@893f4c4r with 270 rows and digest 1cd9c5pp8krebn47il0shge7dld.
[2026-08-06 09:47:27] (40s) Starting to evaluate predicate QualifiedName::TemplateClass#7897d0bf#b/1@ef0c70k5
[2026-08-06 09:47:27] (40s)  >>> Created relation QualifiedName::TemplateClass#7897d0bf#b/1@ef0c70k5 with 270 rows and digest 1cd9c5pp8krebn47il0shge7dld.
[2026-08-06 09:47:27] (40s) Starting to evaluate predicate #variable_instantiationMerge_10#join_rhs/2@6cecb6il
[2026-08-06 09:47:27] (40s)  >>> Created relation #variable_instantiationMerge_10#join_rhs/2@6cecb6il with 651 rows and digest 88b5farfd8h4m6r6sodesnk0sdd.
[2026-08-06 09:47:27] (40s) Starting to evaluate predicate project##function_template_argumentMerge/1@a38832gb
[2026-08-06 09:47:27] (40s)  >>> Created relation project##function_template_argumentMerge/1@a38832gb with 12660 rows and digest 6b93bb26ll1ghhv5eeiuj5k7u84.
[2026-08-06 09:47:27] (40s) Starting to evaluate predicate _#is_function_templateMerge_project##function_template_argumentMerge#shared/1@4a15abee
[2026-08-06 09:47:27] (40s)  >>> Created relation _#is_function_templateMerge_project##function_template_argumentMerge#shared/1@4a15abee with 4869 rows and digest fcd1d2pttpkcjj4ihv268pafi71.
[2026-08-06 09:47:27] (40s) Starting to evaluate predicate #function_instantiationMerge_10#join_rhs/2@f9ba679d
[2026-08-06 09:47:27] (40s)  >>> Created relation #function_instantiationMerge_10#join_rhs/2@f9ba679d with 25837 rows and digest 2b3046hi0hp4nd8lp5et4hn2vv7.
[2026-08-06 09:47:27] (40s) Starting to evaluate predicate _#fun_declsMerge_10#join_rhs_#fun_specializedMerge__#is_function_templateMerge_project##function_tem__#antijoin_rhs/1@5b0b52f0
[2026-08-06 09:47:27] (40s)  >>> Created relation _#fun_declsMerge_10#join_rhs_#fun_specializedMerge__#is_function_templateMerge_project##function_tem__#antijoin_rhs/1@5b0b52f0 with 0 rows and digest THIS-RELATION-HAS-NO-TUPLES.
[2026-08-06 09:47:27] (40s) Starting to evaluate predicate QualifiedName::TemplateFunction.getAnInstantiation/0#dispred#1cbe8684/2@fd97279v
[2026-08-06 09:47:27] (40s)  >>> Created relation QualifiedName::TemplateFunction.getAnInstantiation/0#dispred#1cbe8684/2@fd97279v with 7793 rows and digest de79c7i75kbc1aj06hbl378nr05.
[2026-08-06 09:47:27] (40s) Starting to evaluate predicate QualifiedName::Declaration.getDeclaringType/0#dispred#f9937496/2@4d6640jj
[2026-08-06 09:47:27] (40s)  >>> Created relation QualifiedName::Declaration.getDeclaringType/0#dispred#f9937496/2@4d6640jj with 66195 rows and digest d16c991o1odvt4b9rkf1cdvv588.
[2026-08-06 09:47:27] (40s) Starting to evaluate predicate QualifiedName::Declaration.canHaveQualifiedName/0#dispred#f90eb6bf/1@b44c8ea8
[2026-08-06 09:47:27] (40s)  >>> Created relation QualifiedName::Declaration.canHaveQualifiedName/0#dispred#f90eb6bf/1@b44c8ea8 with 84380 rows and digest cebd08d4ljooa7rvfpj14f961m6.
[2026-08-06 09:47:27] (40s) Starting to evaluate predicate m#QualifiedName::Declaration.getNamespace/0#a6f64dfa#bf/1@i1#34451w8a (iteration 1)
[2026-08-06 09:47:27] (40s) 			 - m#QualifiedName::Declaration.getNamespace/0#a6f64dfa#bf_delta has 84380 rows (order for disjuncts: delta=<standard>).
[2026-08-06 09:47:27] (40s) Starting to evaluate predicate m#QualifiedName::Declaration.getNamespace/0#a6f64dfa#bf/1@i2#34451w8a (iteration 2)
[2026-08-06 09:47:27] (40s) Empty delta for m#QualifiedName::Declaration.getNamespace/0#a6f64dfa#bf_delta (order for disjuncts: delta=<standard>).
[2026-08-06 09:47:27] (40s) Accumulating deltas
[2026-08-06 09:47:27] (40s)  >>> Created relation m#QualifiedName::Declaration.getNamespace/0#a6f64dfa#bf/1@34451w8a with 84380 rows and digest cebd08d4ljooa7rvfpj14f961m6.
[2026-08-06 09:47:27] (40s) Starting to evaluate predicate QualifiedName::Declaration.getDeclaringType/0#dispred#f9937496_10#join_rhs/2@ede0e6n0
[2026-08-06 09:47:27] (40s)  >>> Created relation QualifiedName::Declaration.getDeclaringType/0#dispred#f9937496_10#join_rhs/2@ede0e6n0 with 66195 rows and digest aa3cc5ap1537c6gecit3lmr3g59.
[2026-08-06 09:47:27] (40s)  >>> Created relation enclosingfunction/2@6284a7uu with 1506 rows and digest 1c7539f50todnug9mv0kpe4vg4b.
[2026-08-06 09:47:27] (40s) Starting to evaluate predicate QualifiedName::TypeTemplateParameter#a7fe9400#b/1@a817079q
[2026-08-06 09:47:27] (40s)  >>> Created relation QualifiedName::TypeTemplateParameter#a7fe9400#b/1@a817079q with 4322 rows and digest efd85df1l02amsa1lro048m14g2.
[2026-08-06 09:47:27] (40s) Starting to evaluate predicate _#@enumconstantMergeTypeCall_#@frienddeclMergeTypeCall_#@localvariableMergeTypeCall_#@parameterMerge__#antijoin_rhs/1@a9a352qm
[2026-08-06 09:47:27] (40s)  >>> Created relation _#@enumconstantMergeTypeCall_#@frienddeclMergeTypeCall_#@localvariableMergeTypeCall_#@parameterMerge__#antijoin_rhs/1@a9a352qm with 72194 rows and digest f6e94e6tpsmjk0a7fokjojcege5.
[2026-08-06 09:47:27] (40s) Starting to evaluate predicate QualifiedName::Declaration.isTopLevel/0#dispred#3b456a20#b/1@100b37hf
[2026-08-06 09:47:27] (40s)  >>> Created relation QualifiedName::Declaration.isTopLevel/0#dispred#3b456a20#b/1@100b37hf with 12186 rows and digest 380417aofsgdm9dlp3ne3ov5jfb.
[2026-08-06 09:47:27] (40s) Starting to evaluate predicate QualifiedName::Declaration.getNamespace/0#a6f64dfa#bf/2@i1#7166aw5b (iteration 1)
[2026-08-06 09:47:27] (40s) 			 - QualifiedName::Declaration.getNamespace/0#a6f64dfa#bf_delta has 12186 rows (order for disjuncts: delta=<standard>).
[2026-08-06 09:47:27] (40s) Starting to evaluate predicate QualifiedName::Declaration.getNamespace/0#a6f64dfa#bf/2@i2#7166aw5b (iteration 2)
[2026-08-06 09:47:27] (40s) 			 - QualifiedName::Declaration.getNamespace/0#a6f64dfa#bf_delta has 61891 rows (order for disjuncts: delta=<standard>).
[2026-08-06 09:47:27] (40s) Starting to evaluate predicate QualifiedName::Declaration.getNamespace/0#a6f64dfa#bf/2@i3#7166aw5b (iteration 3)
[2026-08-06 09:47:27] (40s) 			 - QualifiedName::Declaration.getNamespace/0#a6f64dfa#bf_delta has 3694 rows (order for disjuncts: delta=<standard>).
[2026-08-06 09:47:27] (40s) Starting to evaluate predicate QualifiedName::Declaration.getNamespace/0#a6f64dfa#bf/2@i4#7166aw5b (iteration 4)
[2026-08-06 09:47:27] (40s) 			 - QualifiedName::Declaration.getNamespace/0#a6f64dfa#bf_delta has 343 rows (order for disjuncts: delta=<standard>).
[2026-08-06 09:47:27] (40s) Starting to evaluate predicate QualifiedName::Declaration.getNamespace/0#a6f64dfa#bf/2@i5#7166aw5b (iteration 5)
[2026-08-06 09:47:27] (40s) 			 - QualifiedName::Declaration.getNamespace/0#a6f64dfa#bf_delta has 7 rows (order for disjuncts: delta=<standard>).
[2026-08-06 09:47:27] (40s) Starting to evaluate predicate QualifiedName::Declaration.getNamespace/0#a6f64dfa#bf/2@i6#7166aw5b (iteration 6)
[2026-08-06 09:47:27] (40s) 			 - QualifiedName::Declaration.getNamespace/0#a6f64dfa#bf_delta has 3 rows (order for disjuncts: delta=<standard>).
[2026-08-06 09:47:27] (40s) Starting to evaluate predicate QualifiedName::Declaration.getNamespace/0#a6f64dfa#bf/2@i7#7166aw5b (iteration 7)
[2026-08-06 09:47:27] (40s) Empty delta for QualifiedName::Declaration.getNamespace/0#a6f64dfa#bf_delta (order for disjuncts: delta=<standard>).
[2026-08-06 09:47:27] (40s) Accumulating deltas
[2026-08-06 09:47:27] (40s)  >>> Created relation QualifiedName::Declaration.getNamespace/0#a6f64dfa#bf/2@7166aw5b with 78124 rows and digest 9fbbcd07mral8b2gnfda0e64192.
[2026-08-06 09:47:27] (40s) Starting to evaluate predicate _#namespacembrsMerge_1#antijoin_rhs_#namespacembrsMerge_10#join_rhs_#namespacesMerge#join_rhs/3@113b27a6
[2026-08-06 09:47:27] (40s)  >>> Created relation _#namespacembrsMerge_1#antijoin_rhs_#namespacembrsMerge_10#join_rhs_#namespacesMerge#join_rhs/3@113b27a6 with 10 rows and digest bf50611d1b8cotk90t2heovmf7d.
[2026-08-06 09:47:27] (40s) Starting to evaluate predicate QualifiedName::Namespace.getQualifiedName/0#cbc0648a/2@i1#91677w3f (iteration 1)
[2026-08-06 09:47:27] (40s) 			 - QualifiedName::Namespace.getQualifiedName/0#cbc0648a_delta has 163 rows (order for disjuncts: delta=<standard>).
[2026-08-06 09:47:27] (40s) Starting to evaluate predicate QualifiedName::Namespace.getQualifiedName/0#cbc0648a/2@i2#91677w3f (iteration 2)
[2026-08-06 09:47:27] (40s) 			 - QualifiedName::Namespace.getQualifiedName/0#cbc0648a_delta has 10 rows (order for disjuncts: delta=<standard>).
[2026-08-06 09:47:27] (40s) Starting to evaluate predicate QualifiedName::Namespace.getQualifiedName/0#cbc0648a/2@i3#91677w3f (iteration 3)
[2026-08-06 09:47:27] (40s) Empty delta for QualifiedName::Namespace.getQualifiedName/0#cbc0648a_delta (order for disjuncts: delta=<standard>).
[2026-08-06 09:47:27] (40s) Accumulating deltas
[2026-08-06 09:47:27] (40s)  >>> Created relation QualifiedName::Namespace.getQualifiedName/0#cbc0648a/2@91677w3f with 173 rows and digest 2e3482p7hgpori40jssailq4g5f.
[2026-08-06 09:47:27] (40s) Starting to evaluate predicate project#QualifiedName::Declaration.getDeclaringType/0#dispred#f9937496/1@b6d393ks
[2026-08-06 09:47:27] (40s)  >>> Created relation project#QualifiedName::Declaration.getDeclaringType/0#dispred#f9937496/1@b6d393ks with 7690 rows and digest 01e678i15qr2tsbo8vgmpt4v5ra.
[2026-08-06 09:47:27] (40s) Starting to evaluate predicate QualifiedName::hasTypeQualifier/1#dbed585d/1@91ea4ds8
[2026-08-06 09:47:27] (40s)  >>> Created relation QualifiedName::hasTypeQualifier/1#dbed585d/1@91ea4ds8 with 96322 rows and digest f2cf19qishb0tm8ir023nahf0h1.
[2026-08-06 09:47:27] (40s) Starting to evaluate predicate QualifiedName::Declaration.getTypeQualifierWithArgs/0#3480a5ef/2@i1#621eexkh (iteration 1)
[2026-08-06 09:47:27] (40s) Empty delta for QualifiedName::Declaration.getTypeQualifierWithArgs/0#3480a5ef_delta (order for disjuncts: delta=<standard>).
[2026-08-06 09:47:27] (40s) Starting to evaluate predicate QualifiedName::getTypeQualifierForMembersWithArgs/1#2a20cdb0#bf/2@i1#621eewkh (iteration 1)
[2026-08-06 09:47:27] (40s) 			 - QualifiedName::getTypeQualifierForMembersWithArgs/1#2a20cdb0#bf_delta has 7042 rows (order for disjuncts: delta=<standard>).
[2026-08-06 09:47:27] (40s) Starting to evaluate predicate QualifiedName::Declaration.getTypeQualifierWithArgs/0#3480a5ef/2@i2#621eexkh (iteration 2)
[2026-08-06 09:47:27] (40s) 			 - QualifiedName::Declaration.getTypeQualifierWithArgs/0#3480a5ef_delta has 62148 rows (order for disjuncts: delta=<standard>).
[2026-08-06 09:47:27] (40s) Starting to evaluate predicate QualifiedName::getTypeQualifierForMembersWithArgs/1#2a20cdb0#bf/2@i3#621eewkh (iteration 3)
[2026-08-06 09:47:27] (40s) 			 - QualifiedName::getTypeQualifierForMembersWithArgs/1#2a20cdb0#bf_delta has 556 rows (order for disjuncts: delta=<standard>).
[2026-08-06 09:47:27] (40s) Starting to evaluate predicate QualifiedName::Declaration.getTypeQualifierWithArgs/0#3480a5ef/2@i4#621eexkh (iteration 4)
[2026-08-06 09:47:27] (40s) 			 - QualifiedName::Declaration.getTypeQualifierWithArgs/0#3480a5ef_delta has 3694 rows (order for disjuncts: delta=<standard>).
[2026-08-06 09:47:27] (40s) Starting to evaluate predicate QualifiedName::getTypeQualifierForMembersWithArgs/1#2a20cdb0#bf/2@i5#621eewkh (iteration 5)
[2026-08-06 09:47:27] (40s) 			 - QualifiedName::getTypeQualifierForMembersWithArgs/1#2a20cdb0#bf_delta has 89 rows (order for disjuncts: delta=<standard>).
[2026-08-06 09:47:27] (40s) Starting to evaluate predicate QualifiedName::Declaration.getTypeQualifierWithArgs/0#3480a5ef/2@i6#621eexkh (iteration 6)
[2026-08-06 09:47:27] (40s) 			 - QualifiedName::Declaration.getTypeQualifierWithArgs/0#3480a5ef_delta has 343 rows (order for disjuncts: delta=<standard>).
[2026-08-06 09:47:27] (40s) Starting to evaluate predicate QualifiedName::getTypeQualifierForMembersWithArgs/1#2a20cdb0#bf/2@i7#621eewkh (iteration 7)
[2026-08-06 09:47:27] (40s) 			 - QualifiedName::getTypeQualifierForMembersWithArgs/1#2a20cdb0#bf_delta has 2 rows (order for disjuncts: delta=<standard>).
[2026-08-06 09:47:27] (40s) Starting to evaluate predicate QualifiedName::Declaration.getTypeQualifierWithArgs/0#3480a5ef/2@i8#621eexkh (iteration 8)
[2026-08-06 09:47:27] (40s) 			 - QualifiedName::Declaration.getTypeQualifierWithArgs/0#3480a5ef_delta has 7 rows (order for disjuncts: delta=<standard>).
[2026-08-06 09:47:27] (40s) Starting to evaluate predicate QualifiedName::getTypeQualifierForMembersWithArgs/1#2a20cdb0#bf/2@i9#621eewkh (iteration 9)
[2026-08-06 09:47:27] (40s) 			 - QualifiedName::getTypeQualifierForMembersWithArgs/1#2a20cdb0#bf_delta has 1 rows (order for disjuncts: delta=<standard>).
[2026-08-06 09:47:27] (40s) Starting to evaluate predicate QualifiedName::Declaration.getTypeQualifierWithArgs/0#3480a5ef/2@i10#621eexkh (iteration 10)
[2026-08-06 09:47:27] (40s) 			 - QualifiedName::Declaration.getTypeQualifierWithArgs/0#3480a5ef_delta has 3 rows (order for disjuncts: delta=<standard>).
[2026-08-06 09:47:27] (40s) Starting to evaluate predicate QualifiedName::getTypeQualifierForMembersWithArgs/1#2a20cdb0#bf/2@i11#621eewkh (iteration 11)
[2026-08-06 09:47:27] (40s) Empty delta for QualifiedName::getTypeQualifierForMembersWithArgs/1#2a20cdb0#bf_delta (order for disjuncts: delta=<standard>).
[2026-08-06 09:47:27] (40s) Accumulating deltas
[2026-08-06 09:47:27] (40s)  >>> Created relation QualifiedName::getTypeQualifierForMembersWithArgs/1#2a20cdb0#bf/2@621eewkh with 7690 rows and digest df0a07j7fmi027oil6b4onqa9p0.
[2026-08-06 09:47:27] (40s)  >>> Created relation QualifiedName::Declaration.getTypeQualifierWithArgs/0#3480a5ef/2@621eexkh with 66195 rows and digest 0505b0et8si01lrrlplqh9a5s61.
[2026-08-06 09:47:27] (40s) Starting to evaluate predicate Declaration::Declaration.getQualifiedName/0#dispred#4508fade/2@959fbd00
[2026-08-06 09:47:27] (40s)  >>> Created relation Declaration::Declaration.getQualifiedName/0#dispred#4508fade/2@959fbd00 with 76595 rows and digest fb874776ivdq47jq7rjuar8t53e.
[2026-08-06 09:47:27] (40s) Starting to evaluate predicate @ppd_define/1@6a2d37b7
[2026-08-06 09:47:27] (40s)  >>> Created relation @ppd_define/1@6a2d37b7 with 40855 rows and digest 946ba6p79t0aiii1g5utlb0m5s4.
[2026-08-06 09:47:27] (40s)  >>> Created relation preproctext/3@989e8bm3 with 125981 rows and digest ed48501a61vd9bv0i63g0o97r95.
[2026-08-06 09:47:27] (40s) Starting to evaluate predicate Macro::Macro.getBody/0#dispred#b6d1da5d/2@a730bd3n
[2026-08-06 09:47:27] (40s)  >>> Created relation Macro::Macro.getBody/0#dispred#b6d1da5d/2@a730bd3n with 40855 rows and digest dce1b75hqo0csg1ood4sika3uke.
[2026-08-06 09:47:27] (40s) Starting to evaluate predicate m#Preprocessor::PreprocessorDirective.getHead/0#dispred#e8d2f93c#bf/1@9126f2hi
[2026-08-06 09:47:27] (40s)  >>> Created relation m#Preprocessor::PreprocessorDirective.getHead/0#dispred#e8d2f93c#bf/1@9126f2hi with 81348 rows and digest 31ec23uifa9or9givel73t0iql9.
[2026-08-06 09:47:27] (40s) Starting to evaluate predicate Preprocessor::PreprocessorDirective.getHead/0#dispred#e8d2f93c#bf/2@fcaa29pn
[2026-08-06 09:47:27] (40s)  >>> Created relation Preprocessor::PreprocessorDirective.getHead/0#dispred#e8d2f93c#bf/2@fcaa29pn with 83807 rows and digest a0746dh8kmo3ph3h7lrvrf0gnfa.
[2026-08-06 09:47:27] (40s) Starting to evaluate predicate Include::Include.getIncludeText/0#dispred#9201a973/2@f7390cn7
[2026-08-06 09:47:27] (40s)  >>> Created relation Include::Include.getIncludeText/0#dispred#9201a973/2@f7390cn7 with 17820 rows and digest 118cf02agegi61e11865amsjvv1.
[2026-08-06 09:47:27] (40s) Starting to evaluate predicate Preprocessor::PreprocessorDirective.getHead/0#dispred#e8d2f93c#bf_0#antijoin_rhs/1@8a72b67o
[2026-08-06 09:47:27] (40s)  >>> Created relation Preprocessor::PreprocessorDirective.getHead/0#dispred#e8d2f93c#bf_0#antijoin_rhs/1@8a72b67o with 81347 rows and digest 09ca14shtqinns0n4lm52vcbhpc.
[2026-08-06 09:47:27] (40s) Starting to evaluate predicate Macro::Macro.getHead/0#dispred#53cc8975/2@199a4be7
[2026-08-06 09:47:27] (40s)  >>> Created relation Macro::Macro.getHead/0#dispred#53cc8975/2@199a4be7 with 40855 rows and digest 845a5crie397ihrsl9a11af2ddc.
[2026-08-06 09:47:27] (40s) Starting to evaluate predicate Include::Include.toString/0#5b8e06a5/2@924070cd
[2026-08-06 09:47:27] (40s)  >>> Created relation Include::Include.toString/0#5b8e06a5/2@924070cd with 17820 rows and digest f87bbfi4v4pu291900dvs9csdq1.
[2026-08-06 09:47:27] (40s) Pausing evaluation to evict 31.01MiB ARRAYS at sequence stamp o+104498
[2026-08-06 09:47:27] (41s) Unpausing evaluation: 71.35MiB forgotten: 71.35MiB UNREACHABLE (93 items up to o+104205)
[2026-08-06 09:47:27] (41s)  >>> Created relation valuebind/2@ebd5643n with 2996450 rows and digest b78d49jgol04ro9hltplh6f4a82.
[2026-08-06 09:47:27] (41s)  >>> Created relation values/2@c77130p4 with 3100952 rows and digest 0392ecupr2u5j7a9g0htg3st5g6.
[2026-08-06 09:47:27] (41s) Starting to evaluate predicate Expr::Expr.getValue/0#dispred#5f237cff#bf/2@964abfpb
[2026-08-06 09:47:28] (41s)  >>> Created relation Expr::Expr.getValue/0#dispred#5f237cff#bf/2@964abfpb with 1636194 rows and digest 28e608dbfhcdfc66gpp2qkcb02a.
[2026-08-06 09:47:28] (41s) Starting to evaluate predicate Expr::Expr.getValue/0#dispred#5f237cff#bf_0#antijoin_rhs/1@4f4041s2
[2026-08-06 09:47:28] (41s)  >>> Created relation Expr::Expr.getValue/0#dispred#5f237cff#bf_0#antijoin_rhs/1@4f4041s2 with 1636194 rows and digest a38550a3q0tbq271gq27lveg9j5.
[2026-08-06 09:47:28] (41s) Starting to evaluate predicate Literal::Literal.toString/0#d6094bf9/2@6341eci5
[2026-08-06 09:47:28] (41s)  >>> Created relation Literal::Literal.toString/0#d6094bf9/2@6341eci5 with 1637127 rows and digest be24a4ua67qc4b7vbjtnqq4akrb.
[2026-08-06 09:47:28] (41s) Starting to evaluate predicate Element::ElementBase.toString/0#dispred#6e016f86/2@i1#6f63fwv0 (iteration 1)
[2026-08-06 09:47:28] (41s) Pausing evaluation to evict 31.07MiB ARRAYS at sequence stamp o+104815
[2026-08-06 09:47:28] (41s) Unpausing evaluation: 31.15MiB forgotten: 1.55MiB UNREACHABLE (1 items up to o+104769) 29.60MiB UNIMPORTANT (66 items up to o+104432)
[2026-08-06 09:47:28] (41s) Pausing evaluation to evict 31.04MiB ARRAYS at sequence stamp o+104905
[2026-08-06 09:47:28] (41s) Will trim disk cache to check for obsolete items before writing 12.65MiB (currently using 15.14MiB).
[2026-08-06 09:47:28] (41s) After trimming, disk cache uses 15.14MiB.
[2026-08-06 09:47:28] (41s) Unpausing evaluation: 10.44MiB in memory written to disk, 31.72MiB forgotten: 21.28MiB UNIMPORTANT (41 items up to o+104800) 10.44MiB NORMAL (9 items up to o+-12922)
[2026-08-06 09:47:28] (41s) Pausing evaluation to evict 31.04MiB ARRAYS at sequence stamp o+105059
[2026-08-06 09:47:28] (41s) Will trim disk cache to check for obsolete items before writing 37.95MiB (currently using 18.39MiB).
[2026-08-06 09:47:28] (41s) After trimming, disk cache uses 18.39MiB.
[2026-08-06 09:47:28] (41s) Unpausing evaluation: 31.32MiB in memory written to disk, 31.32MiB forgotten: 31.32MiB NORMAL (27 items up to o+-11135)
[2026-08-06 09:47:28] (41s) Pausing evaluation to evict 31.03MiB ARRAYS at sequence stamp o+110594
[2026-08-06 09:47:28] (41s) Will trim disk cache to check for obsolete items before writing 37.95MiB (currently using 28.13MiB).
[2026-08-06 09:47:28] (41s) After trimming, disk cache uses 28.13MiB.
[2026-08-06 09:47:28] (41s) Unpausing evaluation: 31.32MiB in memory written to disk, 31.32MiB forgotten: 31.32MiB NORMAL (27 items up to o+-1775)
[2026-08-06 09:47:29] (42s) Pausing evaluation to evict 31.04MiB ARRAYS at sequence stamp o+135328
[2026-08-06 09:47:29] (42s) Will trim disk cache to check for obsolete items before writing 37.22MiB (currently using 37.11MiB).
[2026-08-06 09:47:29] (42s) After trimming, disk cache uses 37.11MiB.
[2026-08-06 09:47:29] (42s) Unpausing evaluation: 31.77MiB in memory written to disk, 31.77MiB forgotten: 31.77MiB NORMAL (58 items up to o+15905)
[2026-08-06 09:47:29] (42s) Pausing evaluation to evict 31.03MiB ARRAYS at sequence stamp o+135623
[2026-08-06 09:47:29] (42s) Unpausing evaluation: 35.58MiB forgotten: 35.58MiB UNREACHABLE (46 items up to o+135620)
[2026-08-06 09:47:29] (43s) Pausing evaluation to evict 31.03MiB ARRAYS at sequence stamp o+135710
[2026-08-06 09:47:29] (43s) Unpausing evaluation: 1.16MiB in memory written to disk, 32.10MiB forgotten: 30.94MiB UNREACHABLE (40 items up to o+135707) 1.16MiB NORMAL (1 items up to o+15906)
[2026-08-06 09:47:30] (43s) Pausing evaluation to evict 31.02MiB ARRAYS at sequence stamp o+135800
[2026-08-06 09:47:30] (43s) Unpausing evaluation: 37.12MiB forgotten: 37.12MiB UNREACHABLE (48 items up to o+135798)
[2026-08-06 09:47:30] (43s) Pausing evaluation to evict 31.02MiB ARRAYS at sequence stamp o+135883
[2026-08-06 09:47:30] (43s) Unpausing evaluation: 2.32MiB in memory written to disk, 31.71MiB forgotten: 29.39MiB UNREACHABLE (38 items up to o+135880) 2.32MiB NORMAL (2 items up to o+15910)
[2026-08-06 09:47:30] (43s) Pausing evaluation to evict 31.02MiB ARRAYS at sequence stamp o+135972
[2026-08-06 09:47:30] (43s) Unpausing evaluation: 33.26MiB forgotten: 33.26MiB UNREACHABLE (43 items up to o+135970)
[2026-08-06 09:47:30] (43s) Pausing evaluation to evict 31.02MiB ARRAYS at sequence stamp o+136059
[2026-08-06 09:47:30] (43s) Unpausing evaluation: 33.26MiB forgotten: 33.26MiB UNREACHABLE (43 items up to o+136057)
[2026-08-06 09:47:30] (43s) Pausing evaluation to evict 31.02MiB ARRAYS at sequence stamp o+136146
[2026-08-06 09:47:30] (43s) Unpausing evaluation: 33.26MiB forgotten: 33.26MiB UNREACHABLE (43 items up to o+136144)
[2026-08-06 09:47:30] (43s) Pausing evaluation to evict 31.02MiB ARRAYS at sequence stamp o+136233
[2026-08-06 09:47:30] (43s) Unpausing evaluation: 33.26MiB forgotten: 33.26MiB UNREACHABLE (43 items up to o+136231)
[2026-08-06 09:47:30] (43s) 			 - Element::ElementBase.toString/0#dispred#6e016f86_delta has 16828123 rows (order for disjuncts: delta=<standard>).
[2026-08-06 09:47:30] (43s) Starting to evaluate predicate Element::ElementBase.toString/0#dispred#6e016f86/2@i2#6f63fwv0 (iteration 2)
[2026-08-06 09:47:30] (44s) 			 - Element::ElementBase.toString/0#dispred#6e016f86_delta has 2106 rows (order for disjuncts: delta=<standard>).
[2026-08-06 09:47:30] (44s) Starting to evaluate predicate Element::ElementBase.toString/0#dispred#6e016f86/2@i3#6f63fwv0 (iteration 3)
[2026-08-06 09:47:30] (44s) Empty delta for Element::ElementBase.toString/0#dispred#6e016f86_delta (order for disjuncts: delta=<standard>).
[2026-08-06 09:47:30] (44s) Accumulating deltas
[2026-08-06 09:47:30] (44s) Pausing evaluation to evict 31.02MiB ARRAYS at sequence stamp o+136805
[2026-08-06 09:47:30] (44s) Unpausing evaluation: 34.83MiB forgotten: 34.83MiB UNREACHABLE (46 items up to o+136803)
[2026-08-06 09:47:30] (44s) Pausing evaluation to evict 31.02MiB ARRAYS at sequence stamp o+136894
[2026-08-06 09:47:30] (44s) Unpausing evaluation: 34.03MiB forgotten: 34.03MiB UNREACHABLE (44 items up to o+136892)
[2026-08-06 09:47:31] (44s) Pausing evaluation to evict 31.02MiB ARRAYS at sequence stamp o+136983
[2026-08-06 09:47:31] (44s) Unpausing evaluation: 34.03MiB forgotten: 34.03MiB UNREACHABLE (44 items up to o+136981)
[2026-08-06 09:47:31] (44s)  >>> Created relation Element::ElementBase.toString/0#dispred#6e016f86/2@6f63fwv0 with 16830229 rows and digest 0edf170bfidfcstt9rmdku6baj5.
[2026-08-06 09:47:31] (44s) Promoting strings for Element::ElementBase.toString/0#dispred#6e016f86/2@6f63fwv0
[2026-08-06 09:47:31] (44s) Promoted strings for Element::ElementBase.toString/0#dispred#6e016f86/2@6f63fwv0, took 685ms
[2026-08-06 09:47:31] (44s) Saved stringpool to save strings from Element::ElementBase.toString/0#dispred#6e016f86/2@6f63fwv0, took 0ms
[2026-08-06 09:47:31] (44s)  >>> Created relation cached_Element::ElementBase.toString/0#dispred#6e016f86/2@b58a23s4 with 16830229 rows and digest 0edf170bfidfcstt9rmdku6baj5.
[2026-08-06 09:47:31] (44s) Starting to evaluate predicate project#Element::ElementBase.toString/0#dispred#6e016f86/1@00b52b64
[2026-08-06 09:47:31] (44s) Pausing evaluation to evict 30.26MiB ARRAYS at sequence stamp o+137283
[2026-08-06 09:47:31] (44s) Unpausing evaluation: 30.94MiB forgotten: 18.56MiB UNREACHABLE (24 items up to o+137030) 12.37MiB UNIMPORTANT (19 items up to o+18392)
[2026-08-06 09:47:31] (44s) Pausing evaluation to evict 30.26MiB ARRAYS at sequence stamp o+137444
[2026-08-06 09:47:31] (44s) Unpausing evaluation: 69.80MiB forgotten: 69.80MiB UNREACHABLE (91 items up to o+18390)
[2026-08-06 09:47:31] (44s)  >>> Created relation project#Element::ElementBase.toString/0#dispred#6e016f86/1@00b52b64 with 16823598 rows and digest edd07d10id7t3hb0lrir8s0mva8.
[2026-08-06 09:47:31] (44s) Starting to evaluate predicate _File::Impl::Container.getAbsolutePath/0#dispred#c9ca212d#bf__#select_File::Impl::File.getURL/0#disp__#antijoin_rhs/3@fbf7b9oo
[2026-08-06 09:47:31] (44s)  >>> Created relation _File::Impl::Container.getAbsolutePath/0#dispred#c9ca212d#bf__#select_File::Impl::File.getURL/0#disp__#antijoin_rhs/3@fbf7b9oo with 11545 rows and digest 666054bq5sv41ge7t7as77merod.
[2026-08-06 09:47:31] (44s) Starting to evaluate predicate #select#query/4@9718b27o
[2026-08-06 09:47:31] (44s)  >>> Created relation #select#query/4@9718b27o with 11545 rows and digest 3577712g0hq3oioolkgoo0qamrd.
[2026-08-06 09:47:31] (44s) Starting to evaluate predicate QualifiedName::Declaration.canHaveQualifiedName/0#dispred#f90eb6bf/1@7381cfhj
[2026-08-06 09:47:31] (44s)  >>> Created relation QualifiedName::Declaration.canHaveQualifiedName/0#dispred#f90eb6bf/1@7381cfhj with 195712 rows and digest 72a8a6afebhp3h040b5q8cheqi5.
[2026-08-06 09:47:31] (44s) Starting to evaluate predicate @declaration/1@295922ll
[2026-08-06 09:47:31] (44s)  >>> Created relation @declaration/1@295922ll with 632412 rows and digest 80aae6si6eeriou4qd68f8t3fq4.
[2026-08-06 09:47:31] (44s) Starting to evaluate predicate #enumconstantsMerge_10#join_rhs/2@c6b4272q
[2026-08-06 09:47:31] (44s)  >>> Created relation #enumconstantsMerge_10#join_rhs/2@c6b4272q with 30127 rows and digest 8cbcden3eomitqn4qrh1nfcvm73.
[2026-08-06 09:47:31] (44s) Starting to evaluate predicate QualifiedName::TypeTemplateParameter#a7fe9400/1@8038ddl2
[2026-08-06 09:47:31] (44s)  >>> Created relation QualifiedName::TypeTemplateParameter#a7fe9400/1@8038ddl2 with 4322 rows and digest efd85df1l02amsa1lro048m14g2.
[2026-08-06 09:47:31] (44s) Starting to evaluate predicate _#@declarationMergeTypeCall_#@enumconstantMergeTypeCall_#@frienddeclMergeTypeCall_#@localvariableMer__#antijoin_rhs/1@ba5637i6
[2026-08-06 09:47:31] (44s)  >>> Created relation _#@declarationMergeTypeCall_#@enumconstantMergeTypeCall_#@frienddeclMergeTypeCall_#@localvariableMer__#antijoin_rhs/1@ba5637i6 with 539021 rows and digest 47978ellchf6n19o1c9ul69t432.
[2026-08-06 09:47:31] (44s) Starting to evaluate predicate QualifiedName::Declaration.isTopLevel/0#dispred#3b456a20/1@f8da134i
[2026-08-06 09:47:31] (44s)  >>> Created relation QualifiedName::Declaration.isTopLevel/0#dispred#3b456a20/1@f8da134i with 93391 rows and digest 7ff0aapkre4fdmcmsucqluaiqq5.
[2026-08-06 09:47:31] (44s) Starting to evaluate predicate QualifiedName::Declaration.getNamespace/0#a6f64dfa/2@i1#f1db4wti (iteration 1)
[2026-08-06 09:47:31] (44s) 			 - QualifiedName::Declaration.getNamespace/0#a6f64dfa_delta has 93391 rows (order for disjuncts: delta=<standard>).
[2026-08-06 09:47:31] (44s) Starting to evaluate predicate QualifiedName::Declaration.getNamespace/0#a6f64dfa/2@i2#f1db4wti (iteration 2)
[2026-08-06 09:47:31] (44s) 			 - QualifiedName::Declaration.getNamespace/0#a6f64dfa_delta has 91742 rows (order for disjuncts: delta=<standard>).
[2026-08-06 09:47:31] (44s) Starting to evaluate predicate QualifiedName::Declaration.getNamespace/0#a6f64dfa/2@i3#f1db4wti (iteration 3)
[2026-08-06 09:47:31] (44s) 			 - QualifiedName::Declaration.getNamespace/0#a6f64dfa_delta has 3896 rows (order for disjuncts: delta=<standard>).
[2026-08-06 09:47:31] (44s) Starting to evaluate predicate QualifiedName::Declaration.getNamespace/0#a6f64dfa/2@i4#f1db4wti (iteration 4)
[2026-08-06 09:47:31] (44s) 			 - QualifiedName::Declaration.getNamespace/0#a6f64dfa_delta has 343 rows (order for disjuncts: delta=<standard>).
[2026-08-06 09:47:31] (44s) Starting to evaluate predicate QualifiedName::Declaration.getNamespace/0#a6f64dfa/2@i5#f1db4wti (iteration 5)
[2026-08-06 09:47:31] (44s) 			 - QualifiedName::Declaration.getNamespace/0#a6f64dfa_delta has 7 rows (order for disjuncts: delta=<standard>).
[2026-08-06 09:47:31] (44s) Starting to evaluate predicate QualifiedName::Declaration.getNamespace/0#a6f64dfa/2@i6#f1db4wti (iteration 6)
[2026-08-06 09:47:31] (44s) 			 - QualifiedName::Declaration.getNamespace/0#a6f64dfa_delta has 3 rows (order for disjuncts: delta=<standard>).
[2026-08-06 09:47:31] (44s) Starting to evaluate predicate QualifiedName::Declaration.getNamespace/0#a6f64dfa/2@i7#f1db4wti (iteration 7)
[2026-08-06 09:47:31] (44s) Empty delta for QualifiedName::Declaration.getNamespace/0#a6f64dfa_delta (order for disjuncts: delta=<standard>).
[2026-08-06 09:47:31] (44s) Accumulating deltas
[2026-08-06 09:47:31] (44s)  >>> Created relation QualifiedName::Declaration.getNamespace/0#a6f64dfa/2@f1db4wti with 189382 rows and digest 25f98037rb29btbdi7i84m1fp0a.
[2026-08-06 09:47:31] (44s) Starting to evaluate predicate _#namespacembrsMerge_#namespacembrsMerge_10#join_rhs#shared/2@2c3bbcbm
[2026-08-06 09:47:31] (44s)  >>> Created relation _#namespacembrsMerge_#namespacembrsMerge_10#join_rhs#shared/2@2c3bbcbm with 5655 rows and digest 878d0cmejv0rgdv6bcj3p9jica1.
[2026-08-06 09:47:31] (44s) Starting to evaluate predicate _#namespacembrsMerge_1#antijoin_rhs_#namespacesMerge__#namespacembrsMerge_#namespacembrsMerge_10#joi__#join_rhs/3@c3eea5hh
[2026-08-06 09:47:31] (44s)  >>> Created relation _#namespacembrsMerge_1#antijoin_rhs_#namespacesMerge__#namespacembrsMerge_#namespacembrsMerge_10#joi__#join_rhs/3@c3eea5hh with 10 rows and digest bf50611d1b8cotk90t2heovmf7d.
[2026-08-06 09:47:31] (44s)  >>> Created relation namespace_inline/1@6f29dcr5 with 3 rows and digest 0cb8a3ce2uflt7ravqb9ie9sl98.
[2026-08-06 09:47:31] (44s) Starting to evaluate predicate _#namespace_inlineMerge_#namespacembrsMerge_1#antijoin_rhs__#namespacembrsMerge_#namespacembrsMerge___#join_rhs/2@ff508cip
[2026-08-06 09:47:31] (44s)  >>> Created relation _#namespace_inlineMerge_#namespacembrsMerge_1#antijoin_rhs__#namespacembrsMerge_#namespacembrsMerge___#join_rhs/2@ff508cip with 3 rows and digest 9b2a0djg5uvd8j9sjal9cmqojp9.
[2026-08-06 09:47:31] (44s) Starting to evaluate predicate QualifiedName::Namespace.getAQualifierForMembers/0#132b16e1/2@i1#3bbc9wmb (iteration 1)
[2026-08-06 09:47:31] (44s) 			 - QualifiedName::Namespace.getAQualifierForMembers/0#132b16e1_delta has 163 rows (order for disjuncts: delta=<standard>).
[2026-08-06 09:47:31] (44s) Starting to evaluate predicate QualifiedName::Namespace.getAQualifierForMembers/0#132b16e1/2@i2#3bbc9wmb (iteration 2)
[2026-08-06 09:47:31] (44s) 			 - QualifiedName::Namespace.getAQualifierForMembers/0#132b16e1_delta has 13 rows (order for disjuncts: delta=<standard>).
[2026-08-06 09:47:31] (44s) Starting to evaluate predicate QualifiedName::Namespace.getAQualifierForMembers/0#132b16e1/2@i3#3bbc9wmb (iteration 3)
[2026-08-06 09:47:31] (44s) Empty delta for QualifiedName::Namespace.getAQualifierForMembers/0#132b16e1_delta (order for disjuncts: delta=<standard>).
[2026-08-06 09:47:31] (44s) Accumulating deltas
[2026-08-06 09:47:31] (44s)  >>> Created relation QualifiedName::Namespace.getAQualifierForMembers/0#132b16e1/2@3bbc9wmb with 176 rows and digest bd7555pgaurqjroj52p1glj09b5.
[2026-08-06 09:47:31] (44s) Starting to evaluate predicate QualifiedName::getUserTypeNameWithoutArgs/1#8cfc98e9/2@13e3a6f7
[2026-08-06 09:47:31] (45s)  >>> Created relation QualifiedName::getUserTypeNameWithoutArgs/1#8cfc98e9/2@13e3a6f7 with 24895 rows and digest 1c5643bgcj7kt5e8mroslh8ve94.
[2026-08-06 09:47:31] (45s) Starting to evaluate predicate project##enumconstantsMerge/1@5de070ea
[2026-08-06 09:47:31] (45s)  >>> Created relation project##enumconstantsMerge/1@5de070ea with 921 rows and digest 7344e9tjlerdelhpm4j2nera3n0.
[2026-08-06 09:47:31] (45s) Starting to evaluate predicate m#QualifiedName::getTypeQualifierForMembersWithoutArgs/1#d2d78e53#bf/1@61f47bfs
[2026-08-06 09:47:31] (45s)  >>> Created relation m#QualifiedName::getTypeQualifierForMembersWithoutArgs/1#d2d78e53#bf/1@61f47bfs with 8611 rows and digest ccb9f6282s0utlh8po214otmkm1.
[2026-08-06 09:47:31] (45s) Starting to evaluate predicate QualifiedName::Declaration.getTypeQualifierWithoutArgs/0#03b8b93a/2@i1#d5852xlo (iteration 1)
[2026-08-06 09:47:31] (45s) Empty delta for QualifiedName::Declaration.getTypeQualifierWithoutArgs/0#03b8b93a_delta (order for disjuncts: delta=<standard>).
[2026-08-06 09:47:31] (45s) Starting to evaluate predicate QualifiedName::getTypeQualifierForMembersWithoutArgs/1#d2d78e53#bf/2@i1#d5852wlo (iteration 1)
[2026-08-06 09:47:31] (45s) 			 - QualifiedName::getTypeQualifierForMembersWithoutArgs/1#d2d78e53#bf_delta has 7817 rows (order for disjuncts: delta=<standard>).
[2026-08-06 09:47:31] (45s) Starting to evaluate predicate QualifiedName::Declaration.getTypeQualifierWithoutArgs/0#03b8b93a/2@i2#d5852xlo (iteration 2)
[2026-08-06 09:47:31] (45s) 			 - QualifiedName::Declaration.getTypeQualifierWithoutArgs/0#03b8b93a_delta has 92073 rows (order for disjuncts: delta=<standard>).
[2026-08-06 09:47:31] (45s) Starting to evaluate predicate QualifiedName::getTypeQualifierForMembersWithoutArgs/1#d2d78e53#bf/2@i3#d5852wlo (iteration 3)
[2026-08-06 09:47:31] (45s) 			 - QualifiedName::getTypeQualifierForMembersWithoutArgs/1#d2d78e53#bf_delta has 702 rows (order for disjuncts: delta=<standard>).
[2026-08-06 09:47:31] (45s) Starting to evaluate predicate QualifiedName::Declaration.getTypeQualifierWithoutArgs/0#03b8b93a/2@i4#d5852xlo (iteration 4)
[2026-08-06 09:47:31] (45s) 			 - QualifiedName::Declaration.getTypeQualifierWithoutArgs/0#03b8b93a_delta has 3896 rows (order for disjuncts: delta=<standard>).
[2026-08-06 09:47:31] (45s) Starting to evaluate predicate QualifiedName::getTypeQualifierForMembersWithoutArgs/1#d2d78e53#bf/2@i5#d5852wlo (iteration 5)
[2026-08-06 09:47:31] (45s) 			 - QualifiedName::getTypeQualifierForMembersWithoutArgs/1#d2d78e53#bf_delta has 89 rows (order for disjuncts: delta=<standard>).
[2026-08-06 09:47:31] (45s) Starting to evaluate predicate QualifiedName::Declaration.getTypeQualifierWithoutArgs/0#03b8b93a/2@i6#d5852xlo (iteration 6)
[2026-08-06 09:47:31] (45s) 			 - QualifiedName::Declaration.getTypeQualifierWithoutArgs/0#03b8b93a_delta has 343 rows (order for disjuncts: delta=<standard>).
[2026-08-06 09:47:31] (45s) Starting to evaluate predicate QualifiedName::getTypeQualifierForMembersWithoutArgs/1#d2d78e53#bf/2@i7#d5852wlo (iteration 7)
[2026-08-06 09:47:31] (45s) 			 - QualifiedName::getTypeQualifierForMembersWithoutArgs/1#d2d78e53#bf_delta has 2 rows (order for disjuncts: delta=<standard>).
[2026-08-06 09:47:31] (45s) Starting to evaluate predicate QualifiedName::Declaration.getTypeQualifierWithoutArgs/0#03b8b93a/2@i8#d5852xlo (iteration 8)
[2026-08-06 09:47:31] (45s) 			 - QualifiedName::Declaration.getTypeQualifierWithoutArgs/0#03b8b93a_delta has 7 rows (order for disjuncts: delta=<standard>).
[2026-08-06 09:47:31] (45s) Starting to evaluate predicate QualifiedName::getTypeQualifierForMembersWithoutArgs/1#d2d78e53#bf/2@i9#d5852wlo (iteration 9)
[2026-08-06 09:47:31] (45s) 			 - QualifiedName::getTypeQualifierForMembersWithoutArgs/1#d2d78e53#bf_delta has 1 rows (order for disjuncts: delta=<standard>).
[2026-08-06 09:47:31] (45s) Starting to evaluate predicate QualifiedName::Declaration.getTypeQualifierWithoutArgs/0#03b8b93a/2@i10#d5852xlo (iteration 10)
[2026-08-06 09:47:31] (45s) 			 - QualifiedName::Declaration.getTypeQualifierWithoutArgs/0#03b8b93a_delta has 3 rows (order for disjuncts: delta=<standard>).
[2026-08-06 09:47:31] (45s) Starting to evaluate predicate QualifiedName::getTypeQualifierForMembersWithoutArgs/1#d2d78e53#bf/2@i11#d5852wlo (iteration 11)
[2026-08-06 09:47:31] (45s) Empty delta for QualifiedName::getTypeQualifierForMembersWithoutArgs/1#d2d78e53#bf_delta (order for disjuncts: delta=<standard>).
[2026-08-06 09:47:31] (45s) Accumulating deltas
[2026-08-06 09:47:31] (45s)  >>> Created relation QualifiedName::getTypeQualifierForMembersWithoutArgs/1#d2d78e53#bf/2@d5852wlo with 8611 rows and digest 78b49dkrl03ncs8s47aaj0bfmfd.
[2026-08-06 09:47:31] (45s)  >>> Created relation QualifiedName::Declaration.getTypeQualifierWithoutArgs/0#03b8b93a/2@d5852xlo with 96322 rows and digest 13849cbtrbkjnuv4atj77c2keu0.
[2026-08-06 09:47:31] (45s) Starting to evaluate predicate Variable::Variable.isConstructedFrom/1#dispred#fbdd4275#bf/2@ecdbd3du
[2026-08-06 09:47:31] (45s)  >>> Created relation Variable::Variable.isConstructedFrom/1#dispred#fbdd4275#bf/2@ecdbd3du with 651 rows and digest 0f26cephl7n9c1ikdb0qgqk5lga.
[2026-08-06 09:47:31] Cachaca dict loading failed for Variable::TemplateVariable.getAnInstantiation/0#dispred#f6b531ee#fb/2@9621437p = 88b5farfd8h4m6r6sodesnk0sdd.
[2026-08-06 09:47:31] (45s) Starting to evaluate predicate Variable::TemplateVariable.getAnInstantiation/0#dispred#f6b531ee#fb/2@9621437p
[2026-08-06 09:47:31] (45s)  >>> Created relation Variable::TemplateVariable.getAnInstantiation/0#dispred#f6b531ee#fb/2@9621437p with 651 rows and digest 88b5farfd8h4m6r6sodesnk0sdd.
[2026-08-06 09:47:31] (45s) Starting to evaluate predicate project#Variable::TemplateVariable.getAnInstantiation/0#dispred#f6b531ee#fb/1@daa082g5
[2026-08-06 09:47:31] (45s)  >>> Created relation project#Variable::TemplateVariable.getAnInstantiation/0#dispred#f6b531ee#fb/1@daa082g5 with 48 rows and digest 6afff2qtrbuo6v1mrnn5c95cr1f.
[2026-08-06 09:47:31] (45s) Starting to evaluate predicate m#Class::Class.getCanonicalMember/1#dispred#e1747079#ffb/1@29bd327p
[2026-08-06 09:47:31] (45s)  >>> Created relation m#Class::Class.getCanonicalMember/1#dispred#e1747079#ffb/1@29bd327p with 23995 rows and digest 4b65fcjulod9135t3jbcartg5c9.
[2026-08-06 09:47:31] (45s) Starting to evaluate predicate Class::Class.getCanonicalMember/1#dispred#e1747079#ffb/3@e994d0pm
[2026-08-06 09:47:31] (45s)  >>> Created relation Class::Class.getCanonicalMember/1#dispred#e1747079#ffb/3@e994d0pm with 23345 rows and digest 67d715q7de727m8v5vsjldr0m56.
[2026-08-06 09:47:31] (45s) Starting to evaluate predicate project#Class::Class.getCanonicalMember/1#dispred#e1747079#ffb/1@ef05a421
[2026-08-06 09:47:31] (45s)  >>> Created relation project#Class::Class.getCanonicalMember/1#dispred#e1747079#ffb/1@ef05a421 with 23344 rows and digest 2f7a93krh0f4hrmr5fa2vv2goua.
[2026-08-06 09:47:31] (45s) Starting to evaluate predicate Declaration::Declaration.isMember/0#dispred#de845e36#b/1@1856c5kr
[2026-08-06 09:47:31] (45s)  >>> Created relation Declaration::Declaration.isMember/0#dispred#de845e36#b/1@1856c5kr with 23995 rows and digest 4b65fcjulod9135t3jbcartg5c9.
[2026-08-06 09:47:31] (45s) Starting to evaluate predicate Parameter::Parameter.getFunction/0#dispred#803faca2#fb/2@5aaca7tj
[2026-08-06 09:47:31] (45s)  >>> Created relation Parameter::Parameter.getFunction/0#dispred#803faca2#fb/2@5aaca7tj with 29352 rows and digest 22f7batvok7j2855vfvo458qhub.
[2026-08-06 09:47:31] Cachaca dict loading failed for _Parameter::Parameter#623bc78d_Parameter::Parameter.getFunction/0#dispred#803faca2#fb_project#Functi__#antijoin_rhs/1@b81d55nm = 0410d146euur6s7626juurle3k7.
[2026-08-06 09:47:31] (45s) Starting to evaluate predicate _Parameter::Parameter#623bc78d_Parameter::Parameter.getFunction/0#dispred#803faca2#fb_project#Functi__#antijoin_rhs/1@b81d55nm
[2026-08-06 09:47:31] (45s)  >>> Created relation _Parameter::Parameter#623bc78d_Parameter::Parameter.getFunction/0#dispred#803faca2#fb_project#Functi__#antijoin_rhs/1@b81d55nm with 29352 rows and digest 0410d146euur6s7626juurle3k7.
[2026-08-06 09:47:31] Cachaca dict loading failed for Parameter::Parameter.getAnEffectiveDeclarationEntry/0#dispred#03397d60/2@3433ddsl = 2d7b25d664vp769pidkts5cvgnd.
[2026-08-06 09:47:31] (45s) Starting to evaluate predicate Parameter::Parameter.getAnEffectiveDeclarationEntry/0#dispred#03397d60/2@3433ddsl
[2026-08-06 09:47:31] (45s)  >>> Created relation Parameter::Parameter.getAnEffectiveDeclarationEntry/0#dispred#03397d60/2@3433ddsl with 331485 rows and digest 2d7b25d664vp769pidkts5cvgnd.
[2026-08-06 09:47:31] Cachaca dict loading failed for Parameter::Parameter.getAnEffectiveDeclarationEntry/0#dispred#03397d60_10#join_rhs/2@5cb5d6us = 9e0c65l0a6khc32fj1sihsirmkf.
[2026-08-06 09:47:31] (45s) Starting to evaluate predicate Parameter::Parameter.getAnEffectiveDeclarationEntry/0#dispred#03397d60_10#join_rhs/2@5cb5d6us
[2026-08-06 09:47:32] (45s)  >>> Created relation Parameter::Parameter.getAnEffectiveDeclarationEntry/0#dispred#03397d60_10#join_rhs/2@5cb5d6us with 331485 rows and digest 9e0c65l0a6khc32fj1sihsirmkf.
[2026-08-06 09:47:32] Cachaca dict loading failed for Parameter::Parameter.getANamedDeclarationEntry/0#dispred#ee3743d5/2@353288vf = 4df00f32igcpl4skid671rgkck1.
[2026-08-06 09:47:32] (45s) Starting to evaluate predicate Parameter::Parameter.getANamedDeclarationEntry/0#dispred#ee3743d5/2@353288vf
[2026-08-06 09:47:32] (45s)  >>> Created relation Parameter::Parameter.getANamedDeclarationEntry/0#dispred#ee3743d5/2@353288vf with 217684 rows and digest 4df00f32igcpl4skid671rgkck1.
[2026-08-06 09:47:32] Cachaca dict loading failed for project#Parameter::Parameter.getANamedDeclarationEntry/0#dispred#ee3743d5/1@065e27ps = 62ab8325cutqp83olpaocoap1sa.
[2026-08-06 09:47:32] (45s) Starting to evaluate predicate project#Parameter::Parameter.getANamedDeclarationEntry/0#dispred#ee3743d5/1@065e27ps
[2026-08-06 09:47:32] (45s)  >>> Created relation project#Parameter::Parameter.getANamedDeclarationEntry/0#dispred#ee3743d5/1@065e27ps with 165219 rows and digest 62ab8325cutqp83olpaocoap1sa.
[2026-08-06 09:47:32] Cachaca dict loading failed for Parameter::Parameter.getANamedDeclarationEntry/0#dispred#ee3743d5_10#join_rhs/2@ceb331ul = 6cc14amkj7p9eem0c6e50er48kb.
[2026-08-06 09:47:32] (45s) Starting to evaluate predicate Parameter::Parameter.getANamedDeclarationEntry/0#dispred#ee3743d5_10#join_rhs/2@ceb331ul
[2026-08-06 09:47:32] (45s)  >>> Created relation Parameter::Parameter.getANamedDeclarationEntry/0#dispred#ee3743d5_10#join_rhs/2@ceb331ul with 217684 rows and digest 6cc14amkj7p9eem0c6e50er48kb.
[2026-08-06 09:47:32] Cachaca dict loading failed for Parameter::Parameter.getName/0#dispred#60f9ae8a/2@69aadwqj = a50f8clf8rbf2dsfc7l18j9f2l0.
[2026-08-06 09:47:32] (45s) Starting to evaluate predicate Variable::VariableDeclarationEntry.getName/0#58a358d6/2@i1#69aadxqj (iteration 1)
[2026-08-06 09:47:32] (45s) 			 - Variable::VariableDeclarationEntry.getName/0#58a358d6_delta has 413783 rows (order for disjuncts: delta=<standard>).
[2026-08-06 09:47:32] (45s) Starting to evaluate predicate Parameter::Parameter.getName/0#dispred#60f9ae8a/2@i1#69aadwqj (iteration 1)
[2026-08-06 09:47:32] (45s) 			 - Parameter::Parameter.getName/0#dispred#60f9ae8a_delta has 44025 rows (order for disjuncts: delta=<standard>).
[2026-08-06 09:47:32] (45s) Starting to evaluate predicate Variable::VariableDeclarationEntry.getName/0#58a358d6/2@i2#69aadxqj (iteration 2)
[2026-08-06 09:47:32] (45s) Empty delta for Variable::VariableDeclarationEntry.getName/0#58a358d6_delta (order for disjuncts: delta=<standard>).
[2026-08-06 09:47:32] (45s) Starting to evaluate predicate _#var_defMerge_Parameter::Parameter.getANamedDeclarationEntry/0#dispred#ee3743d5_Parameter::Paramete__#antijoin_rhs/3@i2#L0#69aadwqj (iteration 2)
[2026-08-06 09:47:32] (45s) Starting to evaluate predicate Parameter::Parameter.getName/0#dispred#60f9ae8a/2@i2#69aadwqj (iteration 2)
[2026-08-06 09:47:32] (45s) 			 - Parameter::Parameter.getName/0#dispred#60f9ae8a_delta has 165235 rows (order for disjuncts: delta=<standard>).
[2026-08-06 09:47:32] (45s) Starting to evaluate predicate Variable::VariableDeclarationEntry.getName/0#58a358d6/2@i3#69aadxqj (iteration 3)
[2026-08-06 09:47:32] (45s) Empty delta for Variable::VariableDeclarationEntry.getName/0#58a358d6_delta (order for disjuncts: delta=<standard>).
[2026-08-06 09:47:32] (45s) Accumulating deltas
[2026-08-06 09:47:32] (45s)  >>> Created relation Parameter::Parameter.getName/0#dispred#60f9ae8a/2@69aadwqj with 209260 rows and digest a50f8clf8rbf2dsfc7l18j9f2l0.
[2026-08-06 09:47:32] (45s)  >>> Created relation Variable::VariableDeclarationEntry.getName/0#58a358d6/2@69aadxqj with 413783 rows and digest d9842emh0te1o92252le8vlvel6.
[2026-08-06 09:47:32] (45s) Starting to evaluate predicate QualifiedName::Declaration.getName/0#dispred#0dfa3697/2@996a8311
[2026-08-06 09:47:32] (45s) Pausing evaluation to evict 31.07MiB ARRAYS at sequence stamp o+140751
[2026-08-06 09:47:32] (45s) Unpausing evaluation: 31.58MiB forgotten: 24.36MiB UNREACHABLE (27 items up to o+140749) 7.21MiB UNIMPORTANT (39 items up to o+104836)
[2026-08-06 09:47:32] (45s)  >>> Created relation QualifiedName::Declaration.getName/0#dispred#0dfa3697/2@996a8311 with 568813 rows and digest 6470f2vht8q5hic0rsf6htrft92.
[2026-08-06 09:47:32] (45s) Starting to evaluate predicate QualifiedName::declarationHasQualifiedName/4#749d7d29/4@9ed65645
[2026-08-06 09:47:32] (45s)  >>> Created relation QualifiedName::declarationHasQualifiedName/4#749d7d29/4@9ed65645 with 173869 rows and digest df73a524j4257hosbtc51rcmjo9.
[2026-08-06 09:47:32] (45s) Promoting strings for QualifiedName::declarationHasQualifiedName/4#749d7d29/4@9ed65645
[2026-08-06 09:47:32] (45s) Promoted strings for QualifiedName::declarationHasQualifiedName/4#749d7d29/4@9ed65645, took 3ms
[2026-08-06 09:47:32] (45s) Saved stringpool to save strings from QualifiedName::declarationHasQualifiedName/4#749d7d29/4@9ed65645, took 0ms
[2026-08-06 09:47:32] (45s)  >>> Created relation cached_QualifiedName::declarationHasQualifiedName/4#749d7d29/4@bad017oq with 173869 rows and digest df73a524j4257hosbtc51rcmjo9.
[2026-08-06 09:47:32] (45s) Query done
[2026-08-06 09:47:32] (45s) Pausing evaluation to sync to disk at sequence stamp o+140778
[2026-08-06 09:47:32] (45s) Will trim disk cache to check for obsolete items before writing 269.46MiB (currently using 45.77MiB).
[2026-08-06 09:47:32] (45s) After trimming, disk cache uses 45.77MiB.
[2026-08-06 09:47:32] (45s) Unpausing evaluation
[2026-08-06 09:47:32] Evaluation of /home/oleksii-shemshur/work/toolchains/tools/queries/compilation_class.ql produced BQRS results.
 --- Evaluator Log Summary --- 
Completed evaluation of query compilation_class.ql.
Most expensive predicates for stage 0 of completed query compilation_class.ql:
        time | predicate
        -----|----------
        11ms | __#is_completeMerge_ResolveClass::getClassMangledName/1#454368bd#count_range#join_rhs@e7237ab7
         6ms | @type@ce28bej6
         3ms | ResolveClass::isType/1#eabb9878@cdf88cq8
         2ms | #usertypesMerge_20#join_rhs@7a31e969
         1ms | ResolveClass::isClass/1#af2a1ca6@26516ac0
         1ms | project#decltypes@12946dib
         1ms | ResolveClass::getClassMangledName/1#454368bd@d55eadld
         1ms | _#is_completeMerge_ResolveClass::getClassMangledName/1#454368bd#count_range@ec2d4fv8
         1ms | ResolveClass::resolveClass/1#ea47deee@1be1b4ft
         0ms | @usertype@bb08c6gq
         0ms | ResolveClass::existsCompleteWithMangledName/2#9bbdade6@6e1f03le
         0ms | ResolveClass::hasCompleteTwin/2#864d2b28@b363d8u1
         0ms | ResolveClass::existsIncompleteWithMangledName/2#8e4ba970@932e9esk
         0ms | project#ResolveClass::hasCompleteTwin/2#864d2b28@f73f78oo
         0ms | project#ResolveClass::resolveClass/1#ea47deee@58353751
         0ms | ResolveClass::onlyOneCompleteClassExistsWithMangledName/1#9ce48a7b@26ec07r9

Most expensive predicates for stage 1 of completed query compilation_class.ql:
        time  | predicate
        ------|----------
        260ms | ResolveFunction::isFunction/1#9226b83f@0a64af9c
        110ms | _#mangled_nameMerge_021#join_rhs_ResolveFunction::hasDefinition/1#c360eac3#count_range@2673b7ru
         56ms | ResolveFunction::hasTwinWithDefinition/2#7797163b@4075d28g
         51ms | __#mangled_nameMerge_021#join_rhs_ResolveFunction::hasDefinition/1#c360eac3#count_range#join_rhs@e71bb16g
         48ms | #mangled_nameMerge_021#join_rhs@b70e9bv6
          7ms | ResolveFunction::resolveFunction/1#576ba5ee@356388rk
          6ms | ResolveFunction::hasDefinition/1#c360eac3@3603759v
          5ms | ResolveFunction::isFunctionWithMangledNameAndWithDefinition/2#2ef3d594@587076m2
          1ms | @function@24d7f7aa
          0ms | ResolveFunction::onlyOneCompleteFunctionExistsWithMangledName/1#26ed2028@a51d8dsc
          0ms | project#ResolveFunction::hasTwinWithDefinition/2#7797163b@ccf503b7

Most expensive predicates for stage 2 of completed query compilation_class.ql:
        time  | predicate
        ------|----------
        109ms | ResolveGlobalVariable::resolveGlobalVariable/1#17c3b74f@cb59116u
         43ms | ResolveGlobalVariable::isVariable/1#6e051315@04bae4am
         38ms | ResolveGlobalVariable::hasDefinition/1#b8c2d296@dc2afaks
         16ms | @variable@178b987h
          6ms | #mangled_nameMerge_10#join_rhs@688d7149
          5ms | project#ResolveGlobalVariable::resolveGlobalVariable/1#17c3b74f@a8aeaevl
          1ms | @globalvariable@6930d730
          1ms | ResolveGlobalVariable::hasTwinWithDefinition/2#b8884456@f77e53h1
          0ms | ResolveGlobalVariable::onlyOneCompleteGlobalVariableExistsWithMangledName/1#75fdafa8@8ed895ha
          0ms | __#mangled_nameMerge_ResolveGlobalVariable::hasDefinition/1#b8c2d296#count_range#join_rhs@99721bdq
          0ms | _#mangled_nameMerge_ResolveGlobalVariable::hasDefinition/1#b8c2d296#count_range@2c4fa0j9
          0ms | project#ResolveGlobalVariable::hasTwinWithDefinition/2#b8884456@236ad34r

Most expensive predicates for stage 3 of completed query compilation_class.ql:
        time  | evals |  max @ iter | predicate
        ------|-------|-------------|----------
        423ms |       |             | Function::Function.getParameter/1#8e6a5a5b@5bc694lo
        225ms |       |             | Variable::VariableDeclarationEntry.getVariable/0#dispred#a634d70c@a529892r
        113ms |       |             | Variable::VariableDeclarationEntry.getVariable/0#dispred#a634d70c_10#join_rhs@d9cba47a
        105ms |       |             | Variable::LocalScopeVariable#3aae4a09@f207e3e9
        104ms |       |             | Parameter::Parameter.getIndex/0#dispred#66f59d90@007a97a5
        102ms |       |             | #var_declsMerge_10#join_rhs@d57798gt
         62ms |       |             | Variable::LocalVariable.getName/0#dispred#fe44a180@14e6e6f1
         57ms |       |             | QualifiedName::getUserTypeNameWithoutArgs/1#8cfc98e9@13e3a6f7
         36ms |     2 | 36ms @ 2    | _#var_defMerge_Parameter::Parameter.getANamedDeclarationEntry/0#dispred#ee3743d5_Parameter::Paramete__#antijoin_rhs@L0#69aad
         31ms |       |             | QualifiedName::declarationHasQualifiedName/4#749d7d29@9ed65645
         30ms |     2 | 20ms @ 2    | Parameter::Parameter.getName/0#dispred#60f9ae8a@69aadwqj
         22ms |     2 | 17ms @ 1    | Variable::VariableDeclarationEntry.getName/0#58a358d6@69aadxqj
         20ms |       |             | Parameter::Parameter.getAnEffectiveDeclarationEntry/0#dispred#03397d60@3433ddsl
         18ms |       |             | Parameter::Parameter.getANamedDeclarationEntry/0#dispred#ee3743d5@353288vf
         16ms |       |             | Parameter::Parameter.getAnEffectiveDeclarationEntry/0#dispred#03397d60_10#join_rhs@5cb5d6us
         14ms |       |             | #var_declsMerge_03#join_rhs@74f30akj
         11ms |     6 |  6ms @ 2    | QualifiedName::Declaration.getNamespace/0#a6f64dfa@f1db4wti
         10ms |       |             | Parameter::Parameter.getANamedDeclarationEntry/0#dispred#ee3743d5_10#join_rhs@ceb331ul
          9ms |       |             | QualifiedName::Declaration.getDeclaringType/0#dispred#f9937496@4d6640jj
          9ms |       |             | _#@declarationMergeTypeCall_#@enumconstantMergeTypeCall_#@frienddeclMergeTypeCall_#@localvariableMer__#antijoin_rhs@ba5637i6
          8ms |       |             | #paramsMerge_10#join_rhs@9c3670tr
          7ms |       |             | #fun_declsMerge_10#join_rhs@ef921723
          7ms |       |             | Class::Class.getCanonicalMember/1#dispred#e1747079#ffb@e994d0pm
          6ms |       |             | QualifiedName::Declaration.getName/0#dispred#0dfa3697@996a8311
          6ms |       |             | Function::Function.isConstructedFrom/1#dispred#2edd856f@9d2620dd
          5ms |       |             | @parameter@b404ef49
          5ms |    10 |  4ms @ 2    | QualifiedName::Declaration.getTypeQualifierWithoutArgs/0#03b8b93a@d5852xlo
          5ms |       |             | QualifiedName::Declaration.isTopLevel/0#dispred#3b456a20@f8da134i
          4ms |       |             | Parameter::Parameter.getFunction/0#dispred#803faca2#fb@5aaca7tj
          4ms |       |             | #param_decl_bindMerge_0#antijoin_rhs@81f1b7nn
          4ms |       |             | @declaration@295922ll
          3ms |       |             | #function_instantiationMerge_10#join_rhs@f9ba679d
          3ms |       |             | @localvariable@526b65nm
          3ms |       |             | Parameter::Parameter#623bc78d@1076e85j
          3ms |       |             | QualifiedName::Declaration.canHaveQualifiedName/0#dispred#f90eb6bf@7381cfhj
          3ms |       |             | QualifiedName::Declaration.getDeclaringType/0#dispred#f9937496_10#join_rhs@ede0e6n0
          2ms |       |             | #usertypesMerge_20#join_rhs@7a31e969
          2ms |       |             | @localscopevariable@6209b1aq
          2ms |       |             | _Parameter::Parameter#623bc78d_Parameter::Parameter.getFunction/0#dispred#803faca2#fb_project#Functi__#antijoin_rhs@b81d55nm
          1ms |       |             | @function@24d7f7aa
          1ms |       |             | project#QualifiedName::Declaration.getDeclaringType/0#dispred#f9937496@b6d393ks
          1ms |     9 |  1ms @ 3    | QualifiedName::getTypeQualifierForMembersWithoutArgs/1#d2d78e53#bf@d5852wlo
          1ms |       |             | project#Parameter::Parameter.getANamedDeclarationEntry/0#dispred#ee3743d5@065e27ps
          1ms |       |             | @globalvariable@6930d730
          1ms |       |             | project#Class::Class.getCanonicalMember/1#dispred#e1747079#ffb@ef05a421
          0ms |       |             | project##class_template_argumentMerge@3fb95fhb
          0ms |       |             | project##function_template_argumentMerge@a38832gb
          0ms |       |             | project##enumconstantsMerge@5de070ea
          0ms |       |             | project#Function::Function.isConstructedFrom/1#dispred#2edd856f@61dc762r
          0ms |       |             | project#Variable::TemplateVariable.getAnInstantiation/0#dispred#f6b531ee#fb@daa082g5

Most expensive predicates for stage 4 of completed query compilation_class.ql:
        time  | evals |   max @ iter | predicate
        ------|-------|--------------|----------
         1.5s |       |              | Expr::Expr.getType/0#1bba7540@99d98b30
        775ms |       |              | exprs_10#join_rhs@0a156eph
        394ms |     2 | 393ms @ 1    | Expr::Expr.getType/0#dispred#444cc5af@1f8d2w08
         94ms |       |              | Call::FunctionCall.getTargetType/0#dispred#ddad45e3@273f5738
         94ms |       |              | Function::Function.getType/0#dispred#e26ffc1e@1f0ed13t
         82ms |       |              | _Call::FunctionCall.getTarget/0#dispred#935da4c5_Call::FunctionCall.getTargetType/0#dispred#ddad45e3__#antijoin_rhs@219ecfc6
         64ms |       |              | Type::DerivedType.getBaseType/0#dispred#b08b94f7#bf@91b2ddtc
         47ms |     4 |  44ms @ 1    | m#Type::Type.stripType/0#dispred#e1299c1e#bf@3a87dwme
         11ms |       |              | Type::RoutineType.getReturnType/0#dispred#e445c092@3634fank
          7ms |       |              | #fun_declsMerge_10#join_rhs@ef921723
          7ms |       |              | Class::Class.getCanonicalMember/1#dispred#e1747079@ad37dcec
          6ms |       |              | @declaration@6be770lr
          6ms |       |              | Call::FunctionCall#2b14a517@8c98dend
          6ms |       |              | Function::Function.isConstructedFrom/1#dispred#2edd856f@9d2620dd
          5ms |       |              | Call::Call#048c9613@f1468bg5
          5ms |     5 |   3ms @ 2    | Type::Type.stripType/0#dispred#e1299c1e#bf@7ce5ew0u
          4ms |       |              | Declaration::Declaration.getTemplateArgumentType/1#dispred#b0efb79c@b4b14eq1
          3ms |       |              | Type::DerivedType.getBaseType/0#dispred#b08b94f7#bf_10#join_rhs@678bde49
          3ms |       |              | Function::Function.isConstructedFrom/1#dispred#2edd856f_10#join_rhs@ae44c42q
          3ms |       |              | TypedefType::TypedefType.getBaseType/0#dispred#671605ef#bf@4eb41ctn
          2ms |       |              | #functionsMerge_20#join_rhs@7f9bb8be
          2ms |       |              | project#Class::Class.getCanonicalMember/1#dispred#e1747079@ff8348lg
          1ms |       |              | Type::RoutineType#f930d39b@4c85b4r0
          1ms |       |              | Type::DerivedType#476c8991#b@98fb184h
          1ms |       |              | UserType::UserType#21e9e463@a3a094rk
          1ms |       |              | TypedefType::TypedefType#64088755#b@941df5v8
          1ms |       |              | Type::Type_not_Type::Decltype_Type::DerivedType_Type::IntrinsicTransformedType_TypedefType::TypedefType_Type::TypeofType#42fd722b#b@6af8356p
          1ms |       |              | Declaration::Declaration.getTemplateArgumentValue/1#dispred#3eef4b7f@bcff8aa2
          1ms |       |              | _#fun_declsMerge_10#join_rhs_#fun_specializedMerge_Function::Function.isConstructedFrom/1#dispred#2e__#antijoin_rhs@444c602e
          1ms |       |              | Type::TypeofType.getBaseType/0#dispred#0d5513d4#bf@d3954e07
          0ms |       |              | @reuseexpr@e270fe9p
          0ms |       |              | @routinetype@234f4050
          0ms |       |              | Type::Decltype.getBaseType/0#dispred#f3b613af#bf_10#join_rhs@cbab4fap
          0ms |       |              | Declaration::Declaration.getATemplateArgument/0#dispred#260b9dcc@65fc97j7
          0ms |       |              | @usertype@bb08c6gq
          0ms |       |              | Type::TypeofType.getBaseType/0#dispred#0d5513d4#bf_10#join_rhs@9b6d11iu
          0ms |       |              | project##decltypesMerge@7915a3vs
          0ms |       |              | project#Declaration::Declaration.getTemplateArgumentValue/1#dispred#3eef4b7f@e772e11i
          0ms |       |              | Type::Decltype#2a58cb8b@170a944k
          0ms |       |              | Declaration::Declaration.isMember/0#dispred#de845e36@72c531vt
          0ms |       |              | Type::Decltype.getBaseType/0#dispred#f3b613af#bf@9a977225
          0ms |       |              | TypedefType::TypedefType.getBaseType/0#dispred#671605ef#bf_10#join_rhs@ab26a5fg
          0ms |       |              | project#Declaration::Declaration.getTemplateArgumentValue/1#dispred#3eef4b7f#2@dc6793ls
          0ms |       |              | project##decltypesMerge#3@c572c0n2
          0ms |       |              | _#is_function_templateMerge_project#Declaration::Declaration.getATemplateArgument/0#dispred#260b9dcc#shared@8a4839fi
          0ms |       |              | Function::TemplateFunction.getAnInstantiation/0#dispred#578175e9@b9a863ep
          0ms |       |              | MemberFunction::MemberFunction#8965af43@65cbda8o
          0ms |       |              | project#Declaration::Declaration.getATemplateArgument/0#dispred#260b9dcc@00c2cf0v
          0ms |       |              | project##decltypesMerge#2@7d4bd1qf
          0ms |       |              | Type::TypeofType#5988d37d@8c3f27ub

Most expensive predicates for stage 5 of completed query compilation_class.ql:
        time  | evals |   max @ iter | predicate
        ------|-------|--------------|----------
         2.9s |     2 |  2.5s @ 1    | Element::ElementBase.toString/0#dispred#6e016f86@6f63fwv0
         2.2s |     2 |  1.9s @ 1    | Parameter::Parameter.getName/0#dispred#60f9ae8a@cf07bwjh
         1.7s |     2 | 888ms @ 2    | Variable::VariableDeclarationEntry.getName/0#58a358d6@cf07bxjh
         1.2s |     2 |  1.2s @ 2    | _#var_defMerge_Parameter::Parameter.getANamedDeclarationEntry/0#dispred#ee3743d5_Parameter::Paramete__#antijoin_rhs@L0#cf07b
           1s |       |              | Parameter::Parameter.getANamedDeclarationEntry/0#dispred#ee3743d5@193988f8
        961ms |       |              | Call::FunctionCall.getTarget/0#45745a57@8400fe8a
        775ms |       |              | exprs_10#join_rhs@0a156eph
        763ms |       |              | Declaration::DeclarationEntry.getCanonicalName/0#dispred#95e5b913@8d93eee8
        452ms |       |              | _Declaration::DeclarationEntry.getDeclaration/0#dispred#1b743ecb_Declaration::DeclarationEntry.getNa__#antijoin_rhs@5b1590jo
        423ms |       |              | Function::Function.getParameter/1#8e6a5a5b@5bc694lo
        392ms |       |              | Access::VariableAccess.getTarget/0#238a7818@6f5aa8sk
        345ms |       |              | _Access::Access.getTarget/0#dispred#cf25c8aa_Access::VariableAccess#27163138_ResolveGlobalVariable::__#antijoin_rhs@d4e683l4
        343ms |       |              | Expr::Expr.getChild/1#dispred#e5374b3c#bff@ff14f9er
        323ms |       |              | Access::Access.getTarget/0#dispred#cf25c8aa@21585482
        311ms |       |              | Declaration::DeclarationEntry.toString/0#97065b6a@be63eafs
        268ms |       |              | _#@functionMergeTypeCall_#@variableMergeTypeCall_#varbindMerge__#@varaccessMergeTypeCall_Access::Acc__#antijoin_rhs@e2dfd2de
        262ms |       |              | Variable::ParameterDeclarationEntry.getAnonymousParameterDescription/0#dispred#5b7a8f77@f5e495mk
        246ms |       |              | Access::EnumConstantAccess#1a02ff75@c87ae2qr
        244ms |       |              | #varbindMerge_10#join_rhs@e0817ads
        243ms |       |              | Access::Access.getTarget/0#dispred#cf25c8aa_10#join_rhs@e563c43r
        225ms |       |              | Variable::VariableDeclarationEntry.getVariable/0#dispred#a634d70c@a529892r
        224ms |       |              | Stmt::Stmt.getChild/1#dispred#3a1e5070@25f16aj7
        211ms |       |              | Call::FunctionCall.toString/0#cdcd800d@2262988c
        177ms |       |              | project#Parameter::Parameter.getANamedDeclarationEntry/0#dispred#ee3743d5@ad25ba05
        166ms |       |              | __Declaration::Declaration.getName/0#dispred#939ccea0__Initializer::Initializer.getDeclaration/0#dis__#join_rhs@fca7cc8m
        118ms |       |              | Access::Access#bfafc000@878a70jn
        113ms |       |              | Variable::VariableDeclarationEntry.getVariable/0#dispred#a634d70c_10#join_rhs@d9cba47a
        109ms |       |              | NameQualifiers::NameQualifyingElement.getName/0#dispred#6b6b1f7a@31c877gf
        105ms |       |              | Variable::LocalScopeVariable#3aae4a09@f207e3e9
        104ms |       |              | Parameter::Parameter.getIndex/0#dispred#66f59d90@007a97a5
        102ms |       |              | #var_declsMerge_10#join_rhs@d57798gt
        102ms |       |              | project#UserType::UserType.getADeclarationEntryBase/0#dispred#d07c0e9a@440e7dcu
         97ms |       |              | stmts_10#join_rhs@ff72681f
         87ms |       |              | Expr::Expr.getValue/0#dispred#5f237cff#bf@964abfpb
         78ms |       |              | Declaration::Declaration.getQualifiedName/0#dispred#4508fade@959fbd00
         73ms |       |              | @expr@b7207dfi
         69ms |       |              | Parameter::Parameter.getANamedDeclarationEntry/0#dispred#ee3743d5_10#join_rhs@76fbc80s
         66ms |       |              | Access::FieldAccess#d1ccd326@480b84hv
         62ms |       |              | Variable::LocalVariable.getName/0#dispred#fe44a180@14e6e6f1
         57ms |       |              | UserType::UserType.getADeclarationEntryBase/0#dc3623a8@26b5d1fq
         52ms |       |              | Call::FunctionCall.getTarget/0#dispred#935da4c5@bcc4f81u
         49ms |       |              | Declaration::DeclarationEntry.getDeclaration/0#dispred#1b743ecb@0a4c833c
         40ms |       |              | Expr::Operation.getOperator/0#dispred#0b49161a@b0eaa2e5
         37ms |       |              | Declaration::Declaration.getDefinition/0#dispred#c15931b2@4842c0is
         37ms |       |              | Call::ConstructorCall#c4f8b4c6@8fe9das1
         36ms |       |              | Stmt::Stmt.getChild/1#dispred#3a1e5070_10#join_rhs@6352dbeu
         35ms |       |              | Call::DestructorCall#43f8f365@f6c1c1t3
         31ms |       |              | Namespace::UsingDeclarationEntry.getDeclaration/0#dispred#4a7ed8c3@34f980ha
         31ms |       |              | project#Declaration::Declaration.getDefinition/0#dispred#c15931b2@d70ceb4n
         31ms |       |              | _#@varaccessMergeTypeCall_Access::Access#bfafc000#shared@0d803cj4

Most expensive predicates for stage 6 of completed query compilation_class.ql:
        time | predicate
        -----|----------
        96ms | #select@5aee23mi
        90ms | project#Element::ElementBase.toString/0#dispred#6e016f86@00b52b64
        21ms | File::Impl::File.getURL/0#dispred#2f739b0d#bf@130fffjo
         8ms | project##compilation_argsMerge@7504f8er
         1ms | #select#query@9718b27o
         0ms | File::Impl::Container.getAbsolutePath/0#dispred#c9ca212d#bf@b8d067jo
         0ms | _File::Impl::Container.getAbsolutePath/0#dispred#c9ca212d#bf__#select_File::Impl::File.getURL/0#disp__#antijoin_rhs@fbf7b9oo
         0ms | File::Impl::File.getURL/0#dispred#2f739b0d#bf_0#antijoin_rhs@94160at8
         0ms | project##select@c9637fqh
         0ms | _#select_File::Impl::File.getURL/0#dispred#2f739b0d#bf_File::Impl::File.getURL/0#dispred#2f739b0d#bf__#shared@da1fe452

Most expensive predicates for completed query compilation_class.ql:
        time  | evals |   max @ iter | predicate
        ------|-------|--------------|----------
         2.9s |     2 |  2.5s @ 1    | Element::ElementBase.toString/0#dispred#6e016f86@6f63fwv0
         2.2s |     2 |  1.9s @ 1    | Parameter::Parameter.getName/0#dispred#60f9ae8a@cf07bwjh
         1.7s |     2 | 888ms @ 2    | Variable::VariableDeclarationEntry.getName/0#58a358d6@cf07bxjh
         1.5s |       |              | Expr::Expr.getType/0#1bba7540@99d98b30
         1.2s |     2 |  1.2s @ 2    | _#var_defMerge_Parameter::Parameter.getANamedDeclarationEntry/0#dispred#ee3743d5_Parameter::Paramete__#antijoin_rhs@L0#cf07b
           1s |       |              | Parameter::Parameter.getANamedDeclarationEntry/0#dispred#ee3743d5@193988f8
        961ms |       |              | Call::FunctionCall.getTarget/0#45745a57@8400fe8a
        775ms |       |              | exprs_10#join_rhs@0a156eph
        763ms |       |              | Declaration::DeclarationEntry.getCanonicalName/0#dispred#95e5b913@8d93eee8
        452ms |       |              | _Declaration::DeclarationEntry.getDeclaration/0#dispred#1b743ecb_Declaration::DeclarationEntry.getNa__#antijoin_rhs@5b1590jo
        423ms |       |              | Function::Function.getParameter/1#8e6a5a5b@5bc694lo
        394ms |     2 | 393ms @ 1    | Expr::Expr.getType/0#dispred#444cc5af@1f8d2w08
        392ms |       |              | Access::VariableAccess.getTarget/0#238a7818@6f5aa8sk
        345ms |       |              | _Access::Access.getTarget/0#dispred#cf25c8aa_Access::VariableAccess#27163138_ResolveGlobalVariable::__#antijoin_rhs@d4e683l4
        343ms |       |              | Expr::Expr.getChild/1#dispred#e5374b3c#bff@ff14f9er
        323ms |       |              | Access::Access.getTarget/0#dispred#cf25c8aa@21585482
        311ms |       |              | Declaration::DeclarationEntry.toString/0#97065b6a@be63eafs
        268ms |       |              | _#@functionMergeTypeCall_#@variableMergeTypeCall_#varbindMerge__#@varaccessMergeTypeCall_Access::Acc__#antijoin_rhs@e2dfd2de
        262ms |       |              | Variable::ParameterDeclarationEntry.getAnonymousParameterDescription/0#dispred#5b7a8f77@f5e495mk
        260ms |       |              | ResolveFunction::isFunction/1#9226b83f@0a64af9c
        246ms |       |              | Access::EnumConstantAccess#1a02ff75@c87ae2qr
        244ms |       |              | #varbindMerge_10#join_rhs@e0817ads
        243ms |       |              | Access::Access.getTarget/0#dispred#cf25c8aa_10#join_rhs@e563c43r
        225ms |       |              | Variable::VariableDeclarationEntry.getVariable/0#dispred#a634d70c@a529892r
        224ms |       |              | Stmt::Stmt.getChild/1#dispred#3a1e5070@25f16aj7
        211ms |       |              | Call::FunctionCall.toString/0#cdcd800d@2262988c
        177ms |       |              | project#Parameter::Parameter.getANamedDeclarationEntry/0#dispred#ee3743d5@ad25ba05
        166ms |       |              | __Declaration::Declaration.getName/0#dispred#939ccea0__Initializer::Initializer.getDeclaration/0#dis__#join_rhs@fca7cc8m
        118ms |       |              | Access::Access#bfafc000@878a70jn
        113ms |       |              | Variable::VariableDeclarationEntry.getVariable/0#dispred#a634d70c_10#join_rhs@d9cba47a
        110ms |       |              | _#mangled_nameMerge_021#join_rhs_ResolveFunction::hasDefinition/1#c360eac3#count_range@2673b7ru
        109ms |       |              | NameQualifiers::NameQualifyingElement.getName/0#dispred#6b6b1f7a@31c877gf
        109ms |       |              | ResolveGlobalVariable::resolveGlobalVariable/1#17c3b74f@cb59116u
        105ms |       |              | Variable::LocalScopeVariable#3aae4a09@f207e3e9
        104ms |       |              | Parameter::Parameter.getIndex/0#dispred#66f59d90@007a97a5
        102ms |       |              | #var_declsMerge_10#join_rhs@d57798gt
        102ms |       |              | project#UserType::UserType.getADeclarationEntryBase/0#dispred#d07c0e9a@440e7dcu
         97ms |       |              | stmts_10#join_rhs@ff72681f
         96ms |       |              | #select@5aee23mi
         94ms |       |              | Call::FunctionCall.getTargetType/0#dispred#ddad45e3@273f5738
         94ms |       |              | Function::Function.getType/0#dispred#e26ffc1e@1f0ed13t
         90ms |       |              | project#Element::ElementBase.toString/0#dispred#6e016f86@00b52b64
         87ms |       |              | Expr::Expr.getValue/0#dispred#5f237cff#bf@964abfpb
         82ms |       |              | _Call::FunctionCall.getTarget/0#dispred#935da4c5_Call::FunctionCall.getTargetType/0#dispred#ddad45e3__#antijoin_rhs@219ecfc6
         78ms |       |              | Declaration::Declaration.getQualifiedName/0#dispred#4508fade@959fbd00
         73ms |       |              | @expr@b7207dfi
         69ms |       |              | Parameter::Parameter.getANamedDeclarationEntry/0#dispred#ee3743d5_10#join_rhs@76fbc80s
         66ms |       |              | Access::FieldAccess#d1ccd326@480b84hv
         64ms |       |              | Type::DerivedType.getBaseType/0#dispred#b08b94f7#bf@91b2ddtc
         62ms |       |              | Variable::LocalVariable.getName/0#dispred#fe44a180@14e6e6f1

[2026-08-06 09:47:32] Total evaluation times for this run:
        * Wall-clock duration of evaluation run: 45.8 seconds
        * Total time spent evaluating predicates: 38.0 seconds
