[2026-08-06 12:55:42] [SPAMMY] execute query-server2> runQuery called with /home/oleksii-shemshur/work/toolchains/tools/queries/01_preliminary_groups.ql
[2026-08-06 12:55:42] Calling plumbing command: codeql resolve library-path --additional-packs=/home/oleksii-shemshur/work/toolchains/tools/queries --query=/home/oleksii-shemshur/work/toolchains/tools/queries/01_preliminary_groups.ql --format=json
[2026-08-06 12:55:42] [DETAILS] resolve library-path> Resolving query at normalized path /home/oleksii-shemshur/work/toolchains/tools/queries/01_preliminary_groups.ql.
[2026-08-06 12:55:42] [DETAILS] resolve library-path> Found enclosing pack 'flags/gcc-queries' at /home/oleksii-shemshur/work/toolchains/tools/queries.
[2026-08-06 12:55:42] [DETAILS] resolve library-path> Adding compilation cache at /home/oleksii-shemshur/.codeql/compile-cache.
[2026-08-06 12:55:42] [DETAILS] resolve library-path> QL pack dependencies for /home/oleksii-shemshur/work/toolchains/tools/queries found in cache.
[2026-08-06 12:55:42] [DETAILS] resolve library-path> Found dbscheme through QL packs: /home/oleksii-shemshur/.codeql/packages/codeql/cpp-all/12.0.1/semmlecode.cpp.dbscheme.
[2026-08-06 12:55:42] Plumbing command codeql resolve library-path completed:
                      {
                        "libraryPath" : [
                          "/home/oleksii-shemshur/work/toolchains/tools/queries",
                          "/home/oleksii-shemshur/.codeql/packages/codeql/cpp-all/12.0.1",
                          "/home/oleksii-shemshur/.codeql/packages/codeql/dataflow/2.1.10",
                          "/home/oleksii-shemshur/.codeql/packages/codeql/controlflow/2.0.38",
                          "/home/oleksii-shemshur/.codeql/packages/codeql/mad/1.0.54",
                          "/home/oleksii-shemshur/.codeql/packages/codeql/quantum/0.0.32",
                          "/home/oleksii-shemshur/.codeql/packages/codeql/rangeanalysis/1.0.54",
                          "/home/oleksii-shemshur/.codeql/packages/codeql/ssa/2.0.30",
                          "/home/oleksii-shemshur/.codeql/packages/codeql/tutorial/1.0.54",
                          "/home/oleksii-shemshur/.codeql/packages/codeql/typeflow/1.0.54",
                          "/home/oleksii-shemshur/.codeql/packages/codeql/typetracking/2.0.38",
                          "/home/oleksii-shemshur/.codeql/packages/codeql/util/2.0.41",
                          "/home/oleksii-shemshur/.codeql/packages/codeql/xml/1.0.54"
                        ],
                        "dbscheme" : "/home/oleksii-shemshur/.codeql/packages/codeql/cpp-all/12.0.1/semmlecode.cpp.dbscheme",
                        "compilationCache" : [
                          "/home/oleksii-shemshur/.codeql/compile-cache"
                        ],
                        "relativeName" : "flags/gcc-queries/01_preliminary_groups.ql",
                        "qlPackName" : "flags/gcc-queries"
                      }
[2026-08-06 12:55:42] [PROGRESS] execute query-server2> Compiling query plan for /home/oleksii-shemshur/work/toolchains/tools/queries/01_preliminary_groups.ql.
[2026-08-06 12:55:42] [DETAILS] execute query-server2> Resolving imports for /home/oleksii-shemshur/work/toolchains/tools/queries/01_preliminary_groups.ql.
[2026-08-06 12:55:43] Resolved file set for /home/oleksii-shemshur/work/toolchains/tools/queries/01_preliminary_groups.ql hashes to fa9100bbc421e353931690e924f5ffdb.
[2026-08-06 12:55:43] [DETAILS] execute query-server2> Checking QL for /home/oleksii-shemshur/work/toolchains/tools/queries/01_preliminary_groups.ql.
[2026-08-06 12:55:43] Stale frontend caches are invalidated based on import graph reachability.
[2026-08-06 12:55:44] ExternalModuleBindingPass ...
[2026-08-06 12:55:46] ExternalModuleBindingPass time: 00:02.472
[2026-08-06 12:55:46] CollectInstantiationsPass ...
[2026-08-06 12:55:46] CollectInstantiationsPass time: 00:00.264
[2026-08-06 12:55:46] Ql checks ...
[2026-08-06 12:55:50] Ql checks time: 00:03.522
[2026-08-06 12:56:25] Compilation pipeline
[2026-08-06 12:56:26] Type Inference ...
[2026-08-06 12:56:26] CSV_TYPE_HIERARCHY: Best number of iterations,Maximum number of runs,Number of BDD variables,Size of BDD for typefacts
[2026-08-06 12:56:26] CSV_TYPE_HIERARCHY: 0,0,14,14
[2026-08-06 12:56:26] CSV_TYPE_HIERARCHY: 0,0,0,0
[2026-08-06 12:56:26] CSV_TYPE_HIERARCHY: 0,0,0,0
[2026-08-06 12:56:26] CSV_TYPE_HIERARCHY: 0,0,22,22
[2026-08-06 12:56:26] CSV_TYPE_HIERARCHY: 0,0,1,1
[2026-08-06 12:56:26] CSV_TYPE_HIERARCHY: 0,0,0,0
[2026-08-06 12:56:26] CSV_TYPE_HIERARCHY: 0,0,1074,3935
[2026-08-06 12:56:26] CSV_TYPE_HIERARCHY: 0,0,0,0
[2026-08-06 12:56:26] CSV_TYPE_HIERARCHY: 0,0,3,3
[2026-08-06 12:56:26] CSV_TYPE_HIERARCHY: 0,0,3,3
[2026-08-06 12:56:26] CSV_TYPE_HIERARCHY: 0,0,77,435
[2026-08-06 12:56:26] CSV_TYPE_HIERARCHY: 0,0,3,3
[2026-08-06 12:56:26] CSV_TYPE_HIERARCHY: 0,0,10,15
[2026-08-06 12:56:26] CSV_TYPE_HIERARCHY: 0,0,385,1184
[2026-08-06 12:56:26] CSV_TYPE_HIERARCHY: 0,0,89,90
[2026-08-06 12:56:26] CSV_TYPE_HIERARCHY: 0,0,205,480
[2026-08-06 12:56:26] CSV_TYPE_HIERARCHY: 0,0,99,99
[2026-08-06 12:56:26] CSV_TYPE_HIERARCHY: 0,0,8,9
[2026-08-06 12:56:26] CSV_TYPE_HIERARCHY: 0,0,2,2
[2026-08-06 12:56:26] CSV_TYPE_HIERARCHY: 0,0,6,8
[2026-08-06 12:56:26] CSV_TYPE_HIERARCHY: 0,0,8,8
[2026-08-06 12:56:26] CSV_TYPE_HIERARCHY: 0,0,16,27
[2026-08-06 12:56:26] CSV_TYPE_HIERARCHY: 0,0,4,4
[2026-08-06 12:56:26] CSV_TYPE_HIERARCHY: 0,0,9,10
[2026-08-06 12:56:26] CSV_TYPE_HIERARCHY: 0,0,44,95
[2026-08-06 12:56:26] CSV_TYPE_HIERARCHY: 0,0,8,8
[2026-08-06 12:56:26] CSV_TYPE_HIERARCHY: 0,0,4,4
[2026-08-06 12:56:26] CSV_TYPE_HIERARCHY: 0,0,4,4
[2026-08-06 12:56:26] CSV_TYPE_HIERARCHY: 0,0,4,4
[2026-08-06 12:56:26] CSV_TYPE_HIERARCHY: 0,0,74,132
[2026-08-06 12:56:26] CSV_TYPE_HIERARCHY: 0,0,19,22
[2026-08-06 12:56:26] CSV_TYPE_HIERARCHY: 0,0,4,4
[2026-08-06 12:56:26] CSV_TYPE_HIERARCHY: 0,0,5,5
[2026-08-06 12:56:26] CSV_TYPE_HIERARCHY: 0,0,11,11
[2026-08-06 12:56:26] CSV_TYPE_HIERARCHY: 0,0,7,7
[2026-08-06 12:56:26] CSV_TYPE_HIERARCHY: 0,0,2,2
[2026-08-06 12:56:26] CSV_TYPE_HIERARCHY: 0,0,4,4
[2026-08-06 12:56:26] CSV_TYPE_HIERARCHY: 0,0,19,32
[2026-08-06 12:56:26] CSV_TYPE_HIERARCHY: 0,0,7,9
[2026-08-06 12:56:26] CSV_TYPE_HIERARCHY: 0,0,1,1
[2026-08-06 12:56:26] CSV_TYPE_HIERARCHY: 0,0,2,2
[2026-08-06 12:56:26] CSV_TYPE_HIERARCHY: 0,0,3,3
[2026-08-06 12:56:26] CSV_TYPE_HIERARCHY: 0,0,15,21
[2026-08-06 12:56:26] CSV_TYPE_HIERARCHY: 0,0,12,16
[2026-08-06 12:56:26] CSV_TYPE_HIERARCHY: 0,0,7,10
[2026-08-06 12:56:26] CSV_TYPE_HIERARCHY: 0,0,12,16
[2026-08-06 12:56:26] CSV_TYPE_HIERARCHY: 0,0,5,6
[2026-08-06 12:56:26] CSV_TYPE_HIERARCHY: 0,0,4,4
[2026-08-06 12:56:26] CSV_TYPE_HIERARCHY: 0,0,5,6
[2026-08-06 12:56:26] CSV_TYPE_HIERARCHY: 0,0,4,4
[2026-08-06 12:56:26] CSV_TYPE_HIERARCHY: 0,0,1,1
[2026-08-06 12:56:26] CSV_TYPE_HIERARCHY: 0,0,4,5
[2026-08-06 12:56:26] CSV_TYPE_HIERARCHY: 0,0,2,2
[2026-08-06 12:56:26] CSV_TYPE_HIERARCHY: 0,0,10,14
[2026-08-06 12:56:26] CSV_TYPE_HIERARCHY: 0,0,2,2
[2026-08-06 12:56:26] CSV_TYPE_HIERARCHY: 0,0,2,2
[2026-08-06 12:56:26] CSV_TYPE_HIERARCHY: 0,0,6,6
[2026-08-06 12:56:26] CSV_TYPE_HIERARCHY: 0,0,5,5
[2026-08-06 12:56:26] CSV_TYPE_HIERARCHY: 0,0,10,10
[2026-08-06 12:56:26] CSV_TYPE_HIERARCHY: 0,0,15,21
[2026-08-06 12:56:26] CSV_TYPE_HIERARCHY: 0,0,7,9
[2026-08-06 12:56:26] CSV_TYPE_HIERARCHY: 0,0,4,5
[2026-08-06 12:56:26] CSV_TYPE_HIERARCHY: 0,0,2,2
[2026-08-06 12:56:26] CSV_TYPE_HIERARCHY: 0,0,2,2
[2026-08-06 12:56:26] CSV_TYPE_HIERARCHY: 0,0,2,2
[2026-08-06 12:56:26] CSV_TYPE_HIERARCHY: 0,0,11,15
[2026-08-06 12:56:26] CSV_TYPE_HIERARCHY: 0,0,5,5
[2026-08-06 12:56:26] CSV_TYPE_HIERARCHY: 0,0,3,3
[2026-08-06 12:56:26] CSV_TYPE_HIERARCHY: 0,0,8,8
[2026-08-06 12:56:26] CSV_TYPE_HIERARCHY: 0,0,30,47
[2026-08-06 12:56:26] CSV_TYPE_HIERARCHY: 0,0,7,9
[2026-08-06 12:56:26] CSV_TYPE_HIERARCHY: 0,0,5,5
[2026-08-06 12:56:26] CSV_TYPE_HIERARCHY: 0,0,5,5
[2026-08-06 12:56:26] CSV_TYPE_HIERARCHY: 0,0,5,5
[2026-08-06 12:56:26] CSV_TYPE_HIERARCHY: 0,0,5,6
[2026-08-06 12:56:26] CSV_TYPE_HIERARCHY: 0,0,2,3
[2026-08-06 12:56:26] CSV_TYPE_HIERARCHY: 0,0,22,22
[2026-08-06 12:56:26] CSV_TYPE_HIERARCHY: 0,0,14,15
[2026-08-06 12:56:26] CSV_TYPE_HIERARCHY: 0,0,2,3
[2026-08-06 12:56:26] CSV_TYPE_HIERARCHY: 0,0,2,3
[2026-08-06 12:56:26] CSV_TYPE_HIERARCHY: 0,0,2,3
[2026-08-06 12:56:26] CSV_TYPE_HIERARCHY: 0,0,6,7
[2026-08-06 12:56:26] CSV_TYPE_HIERARCHY: 0,0,4,4
[2026-08-06 12:56:26] CSV_TYPE_HIERARCHY: 0,0,3,3
[2026-08-06 12:56:26] CSV_TYPE_HIERARCHY: 0,0,3,3
[2026-08-06 12:56:26] CSV_TYPE_HIERARCHY: 0,0,10,10
[2026-08-06 12:56:26] CSV_TYPE_HIERARCHY: 0,0,4,4
[2026-08-06 12:56:26] CSV_TYPE_HIERARCHY: 0,0,3,3
[2026-08-06 12:56:26] CSV_TYPE_HIERARCHY: 0,0,3,3
[2026-08-06 12:56:26] CSV_TYPE_HIERARCHY: 0,0,10,10
[2026-08-06 12:56:26] CSV_TYPE_HIERARCHY: 0,0,4,4
[2026-08-06 12:56:26] CSV_TYPE_HIERARCHY: 0,0,3,3
[2026-08-06 12:56:26] CSV_TYPE_HIERARCHY: 0,0,3,3
[2026-08-06 12:56:26] CSV_TYPE_HIERARCHY: 0,0,10,10
[2026-08-06 12:56:26] CSV_TYPE_HIERARCHY: 0,0,4,4
[2026-08-06 12:56:26] CSV_TYPE_HIERARCHY: 0,0,3,3
[2026-08-06 12:56:26] CSV_TYPE_HIERARCHY: 0,0,3,3
[2026-08-06 12:56:26] CSV_TYPE_HIERARCHY: 0,0,10,10
[2026-08-06 12:56:26] CSV_TYPE_HIERARCHY: 0,0,4,4
[2026-08-06 12:56:26] CSV_TYPE_HIERARCHY: 0,0,3,3
[2026-08-06 12:56:26] CSV_TYPE_HIERARCHY: 0,0,3,3
[2026-08-06 12:56:26] CSV_TYPE_HIERARCHY: 0,0,10,10
[2026-08-06 12:56:26] CSV_TYPE_HIERARCHY: 0,0,4,4
[2026-08-06 12:56:26] CSV_TYPE_HIERARCHY: 0,0,3,3
[2026-08-06 12:56:26] CSV_TYPE_HIERARCHY: 0,0,3,3
[2026-08-06 12:56:26] CSV_TYPE_HIERARCHY: 0,0,10,10
[2026-08-06 12:56:26] CSV_TYPE_HIERARCHY: 0,0,3,3
[2026-08-06 12:56:26] CSV_TYPE_HIERARCHY: 0,0,3,3
[2026-08-06 12:56:26] CSV_TYPE_HIERARCHY: 0,0,2,2
[2026-08-06 12:56:26] CSV_TYPE_HIERARCHY: 0,0,3,3
[2026-08-06 12:56:26] CSV_TYPE_HIERARCHY: 0,0,5,5
[2026-08-06 12:56:26] CSV_TYPE_HIERARCHY: 0,0,3,3
[2026-08-06 12:56:26] CSV_TYPE_HIERARCHY: 0,0,3,3
[2026-08-06 12:56:26] CSV_TYPE_HIERARCHY: 0,0,3,3
[2026-08-06 12:56:26] CSV_TYPE_HIERARCHY: 0,0,2,2
[2026-08-06 12:56:26] CSV_TYPE_HIERARCHY: 0,0,1,1
[2026-08-06 12:56:26] CSV_TYPE_HIERARCHY: 0,0,1,1
[2026-08-06 12:56:26] CSV_TYPE_HIERARCHY: 0,0,1,1
[2026-08-06 12:56:26] CSV_TYPE_HIERARCHY: 0,0,3,3
[2026-08-06 12:56:26] CSV_TYPE_HIERARCHY: 0,0,9,15
[2026-08-06 12:56:26] CSV_TYPE_HIERARCHY: 0,0,3,3
[2026-08-06 12:56:26] CSV_TYPE_HIERARCHY: 0,0,4,5
[2026-08-06 12:56:26] CSV_TYPE_HIERARCHY: 0,0,3,4
[2026-08-06 12:56:26] CSV_TYPE_HIERARCHY: 0,0,4,5
[2026-08-06 12:56:26] CSV_TYPE_HIERARCHY: 0,0,3,4
[2026-08-06 12:56:26] CSV_TYPE_HIERARCHY: 0,0,3,4
[2026-08-06 12:56:26] CSV_TYPE_HIERARCHY: 0,0,4,5
[2026-08-06 12:56:26] CSV_TYPE_HIERARCHY: 0,0,3,4
[2026-08-06 12:56:26] CSV_TYPE_HIERARCHY: 0,0,4,5
[2026-08-06 12:56:26] CSV_TYPE_HIERARCHY: 0,0,1,1
[2026-08-06 12:56:26] CSV_TYPE_HIERARCHY: 0,0,3,4
[2026-08-06 12:56:26] CSV_TYPE_HIERARCHY: 0,0,3,4
[2026-08-06 12:56:26] CSV_TYPE_HIERARCHY: 0,0,3,4
[2026-08-06 12:56:26] CSV_TYPE_HIERARCHY: 0,0,3,4
[2026-08-06 12:56:26] CSV_TYPE_HIERARCHY: 0,0,3,4
[2026-08-06 12:56:26] CSV_TYPE_HIERARCHY: 0,0,3,4
[2026-08-06 12:56:26] CSV_TYPE_HIERARCHY: 0,0,3,3
[2026-08-06 12:56:26] CSV_TYPE_HIERARCHY: 0,0,3,4
[2026-08-06 12:56:26] CSV_TYPE_HIERARCHY: 0,0,3,4
[2026-08-06 12:56:26] CSV_TYPE_HIERARCHY: 0,0,10,11
[2026-08-06 12:56:26] CSV_TYPE_HIERARCHY: 0,0,5,5
[2026-08-06 12:56:26] CSV_TYPE_HIERARCHY: 0,0,2,2
[2026-08-06 12:56:26] CSV_TYPE_HIERARCHY: 0,0,2,2
[2026-08-06 12:56:26] CSV_TYPE_HIERARCHY: 0,0,5,5
[2026-08-06 12:56:26] CSV_TYPE_HIERARCHY: 0,0,2,2
[2026-08-06 12:56:26] CSV_TYPE_HIERARCHY: 0,0,3,3
[2026-08-06 12:56:26] CSV_TYPE_HIERARCHY: 0,0,3,3
[2026-08-06 12:56:26] CSV_TYPE_HIERARCHY: 0,0,2,2
[2026-08-06 12:56:26] CSV_TYPE_HIERARCHY: 0,0,6,6
[2026-08-06 12:56:26] CSV_TYPE_HIERARCHY: 0,0,4,4
[2026-08-06 12:56:26] CSV_TYPE_HIERARCHY: 0,0,4,4
[2026-08-06 12:56:28] Type Inference time: 00:01.638
[2026-08-06 12:56:28] [DETAILS] execute query-server2> Optimizing /home/oleksii-shemshur/work/toolchains/tools/queries/01_preliminary_groups.ql.
[2026-08-06 12:56:28] Processing compilation pipeline
[2026-08-06 12:56:28] Started compiling a query
[2026-08-06 12:56:28] Initialising compiler...
[2026-08-06 12:56:28] 	 ... compiler initialised
[2026-08-06 12:56:28] About to start query optimisation
[2026-08-06 12:56:28] Compilation cache hit - skipping compilation.
[2026-08-06 12:56:28] Compilation cache hit - skipping compilation.
[2026-08-06 12:56:28] Compilation cache hit - skipping compilation.
[2026-08-06 12:56:28] Compilation cache miss for 819596b0853f7fba765bd723a69e229f.
[2026-08-06 12:56:29] Stored compiled program for 819596b0853f7fba765bd723a69e229f.
[2026-08-06 12:56:29] Compilation cache miss for c7fadb41ad045b370cbdec60fda02bed.
[2026-08-06 12:56:29] Stored compiled program for c7fadb41ad045b370cbdec60fda02bed.
[2026-08-06 12:56:29] Compilation cache miss for ab064a9f421483c1840a3dcf2fca5b6a.
[2026-08-06 12:56:30] Stored compiled program for ab064a9f421483c1840a3dcf2fca5b6a.
[2026-08-06 12:56:30] Compilation cache miss for 238feb3d89a303020f695a0151b66114.
[2026-08-06 12:56:32] Stored compiled program for 238feb3d89a303020f695a0151b66114.
[2026-08-06 12:56:32] Compilation cache miss for 002200c67dff578fe046ce7f08b78a80.
[2026-08-06 12:56:33] Stored compiled program for 002200c67dff578fe046ce7f08b78a80.
[2026-08-06 12:56:33] CSV_COMPILATION: NONE,MISC,RA_TRANSLATION,OPTIMISATIONS
[2026-08-06 12:56:33] CSV_COMPILATION: 296,188,337,3485
[2026-08-06 12:56:33] [PROGRESS] execute query-server2> No database upgrade/downgrade needed for /home/oleksii-shemshur/work/toolchains/tools/queries/01_preliminary_groups.ql
[2026-08-06 12:56:33] Calling plumbing command: codeql resolve extensions-by-pack --additional-packs=/home/oleksii-shemshur/work/toolchains/tools/queries --include-extension-row-locations /home/oleksii-shemshur/work/toolchains/tools/queries
[2026-08-06 12:56:33] [SPAMMY] resolve extensions-by-pack> [INCOMPATIBILITY] flags/gcc-queries: not 0.0.1 {root: flags/gcc-queries@0.0.1}
[2026-08-06 12:56:33] [SPAMMY] resolve extensions-by-pack> [DERIVATION] flags/gcc-queries: 0.0.1 {flags/gcc-queries: not 0.0.1 {root: flags/gcc-queries@0.0.1}}
[2026-08-06 12:56:33] [SPAMMY] resolve extensions-by-pack> [INCOMPATIBILITY] flags/gcc-queries: * [*], codeql/cpp-all: not * [*] {dependency: flags/gcc-queries@* [*] requires codeql/cpp-all@*}
[2026-08-06 12:56:33] [SPAMMY] resolve extensions-by-pack> [DECISION 1] flags/gcc-queries: 0.0.1
[2026-08-06 12:56:33] [SPAMMY] resolve extensions-by-pack> [DERIVATION] codeql/cpp-all: * [*] {flags/gcc-queries: * [*], codeql/cpp-all: not * [*] {dependency: flags/gcc-queries@* [*] requires codeql/cpp-all@*}}
[2026-08-06 12:56:33] [SPAMMY] resolve extensions-by-pack> [INCOMPATIBILITY] codeql/cpp-all: * [*], codeql/dataflow: not * [*] {dependency: codeql/cpp-all@* [*] requires codeql/dataflow@2.1.10}
[2026-08-06 12:56:33] [SPAMMY] resolve extensions-by-pack> [INCOMPATIBILITY] codeql/cpp-all: * [*], codeql/mad: not * [*] {dependency: codeql/cpp-all@* [*] requires codeql/mad@1.0.54}
[2026-08-06 12:56:33] [SPAMMY] resolve extensions-by-pack> [INCOMPATIBILITY] codeql/cpp-all: * [*], codeql/quantum: not * [*] {dependency: codeql/cpp-all@* [*] requires codeql/quantum@0.0.32}
[2026-08-06 12:56:33] [SPAMMY] resolve extensions-by-pack> [INCOMPATIBILITY] codeql/cpp-all: * [*], codeql/rangeanalysis: not * [*] {dependency: codeql/cpp-all@* [*] requires codeql/rangeanalysis@1.0.54}
[2026-08-06 12:56:33] [SPAMMY] resolve extensions-by-pack> [INCOMPATIBILITY] codeql/cpp-all: * [*], codeql/ssa: not * [*] {dependency: codeql/cpp-all@* [*] requires codeql/ssa@2.0.30}
[2026-08-06 12:56:33] [SPAMMY] resolve extensions-by-pack> [INCOMPATIBILITY] codeql/cpp-all: * [*], codeql/tutorial: not * [*] {dependency: codeql/cpp-all@* [*] requires codeql/tutorial@1.0.54}
[2026-08-06 12:56:33] [SPAMMY] resolve extensions-by-pack> [INCOMPATIBILITY] codeql/cpp-all: * [*], codeql/typeflow: not * [*] {dependency: codeql/cpp-all@* [*] requires codeql/typeflow@1.0.54}
[2026-08-06 12:56:33] [SPAMMY] resolve extensions-by-pack> [INCOMPATIBILITY] codeql/cpp-all: * [*], codeql/util: not * [*] {dependency: codeql/cpp-all@* [*] requires codeql/util@2.0.41}
[2026-08-06 12:56:33] [SPAMMY] resolve extensions-by-pack> [INCOMPATIBILITY] codeql/cpp-all: * [*], codeql/xml: not * [*] {dependency: codeql/cpp-all@* [*] requires codeql/xml@1.0.54}
[2026-08-06 12:56:33] [SPAMMY] resolve extensions-by-pack> [DECISION 2] codeql/cpp-all: 12.0.1
[2026-08-06 12:56:33] [SPAMMY] resolve extensions-by-pack> [DERIVATION] codeql/xml: * [*] {codeql/cpp-all: * [*], codeql/xml: not * [*] {dependency: codeql/cpp-all@* [*] requires codeql/xml@1.0.54}}
[2026-08-06 12:56:33] [SPAMMY] resolve extensions-by-pack> [DERIVATION] codeql/util: * [*] {codeql/cpp-all: * [*], codeql/util: not * [*] {dependency: codeql/cpp-all@* [*] requires codeql/util@2.0.41}}
[2026-08-06 12:56:33] [SPAMMY] resolve extensions-by-pack> [DERIVATION] codeql/typeflow: * [*] {codeql/cpp-all: * [*], codeql/typeflow: not * [*] {dependency: codeql/cpp-all@* [*] requires codeql/typeflow@1.0.54}}
[2026-08-06 12:56:33] [SPAMMY] resolve extensions-by-pack> [DERIVATION] codeql/tutorial: * [*] {codeql/cpp-all: * [*], codeql/tutorial: not * [*] {dependency: codeql/cpp-all@* [*] requires codeql/tutorial@1.0.54}}
[2026-08-06 12:56:33] [SPAMMY] resolve extensions-by-pack> [DERIVATION] codeql/ssa: * [*] {codeql/cpp-all: * [*], codeql/ssa: not * [*] {dependency: codeql/cpp-all@* [*] requires codeql/ssa@2.0.30}}
[2026-08-06 12:56:33] [SPAMMY] resolve extensions-by-pack> [DERIVATION] codeql/rangeanalysis: * [*] {codeql/cpp-all: * [*], codeql/rangeanalysis: not * [*] {dependency: codeql/cpp-all@* [*] requires codeql/rangeanalysis@1.0.54}}
[2026-08-06 12:56:33] [SPAMMY] resolve extensions-by-pack> [DERIVATION] codeql/quantum: * [*] {codeql/cpp-all: * [*], codeql/quantum: not * [*] {dependency: codeql/cpp-all@* [*] requires codeql/quantum@0.0.32}}
[2026-08-06 12:56:33] [SPAMMY] resolve extensions-by-pack> [DERIVATION] codeql/mad: * [*] {codeql/cpp-all: * [*], codeql/mad: not * [*] {dependency: codeql/cpp-all@* [*] requires codeql/mad@1.0.54}}
[2026-08-06 12:56:33] [SPAMMY] resolve extensions-by-pack> [DERIVATION] codeql/dataflow: * [*] {codeql/cpp-all: * [*], codeql/dataflow: not * [*] {dependency: codeql/cpp-all@* [*] requires codeql/dataflow@2.1.10}}
[2026-08-06 12:56:33] [SPAMMY] resolve extensions-by-pack> [INCOMPATIBILITY] codeql/dataflow: * [*], codeql/controlflow: not * [*] {dependency: codeql/dataflow@* [*] requires codeql/controlflow@2.0.38}
[2026-08-06 12:56:33] [SPAMMY] resolve extensions-by-pack> [INCOMPATIBILITY] codeql/dataflow: * [*], codeql/ssa: not * [*] {dependency: codeql/dataflow@* [*] requires codeql/ssa@2.0.30}
[2026-08-06 12:56:33] [SPAMMY] resolve extensions-by-pack> [INCOMPATIBILITY] codeql/dataflow: * [*], codeql/typetracking: not * [*] {dependency: codeql/dataflow@* [*] requires codeql/typetracking@2.0.38}
[2026-08-06 12:56:33] [SPAMMY] resolve extensions-by-pack> [INCOMPATIBILITY] codeql/dataflow: * [*], codeql/util: not * [*] {dependency: codeql/dataflow@* [*] requires codeql/util@2.0.41}
[2026-08-06 12:56:33] [SPAMMY] resolve extensions-by-pack> [DECISION 3] codeql/dataflow: 2.1.10
[2026-08-06 12:56:33] [SPAMMY] resolve extensions-by-pack> [DERIVATION] codeql/typetracking: * [*] {codeql/dataflow: * [*], codeql/typetracking: not * [*] {dependency: codeql/dataflow@* [*] requires codeql/typetracking@2.0.38}}
[2026-08-06 12:56:33] [SPAMMY] resolve extensions-by-pack> [DERIVATION] codeql/controlflow: * [*] {codeql/dataflow: * [*], codeql/controlflow: not * [*] {dependency: codeql/dataflow@* [*] requires codeql/controlflow@2.0.38}}
[2026-08-06 12:56:33] [SPAMMY] resolve extensions-by-pack> [INCOMPATIBILITY] codeql/controlflow: * [*], codeql/util: not * [*] {dependency: codeql/controlflow@* [*] requires codeql/util@2.0.41}
[2026-08-06 12:56:33] [SPAMMY] resolve extensions-by-pack> [DECISION 4] codeql/controlflow: 2.0.38
[2026-08-06 12:56:33] [SPAMMY] resolve extensions-by-pack> [INCOMPATIBILITY] codeql/mad: * [*], codeql/dataflow: not * [*] {dependency: codeql/mad@* [*] requires codeql/dataflow@2.1.10}
[2026-08-06 12:56:33] [SPAMMY] resolve extensions-by-pack> [INCOMPATIBILITY] codeql/mad: * [*], codeql/util: not * [*] {dependency: codeql/mad@* [*] requires codeql/util@2.0.41}
[2026-08-06 12:56:33] [SPAMMY] resolve extensions-by-pack> [DECISION 5] codeql/mad: 1.0.54
[2026-08-06 12:56:33] [SPAMMY] resolve extensions-by-pack> [INCOMPATIBILITY] codeql/quantum: * [*], codeql/util: not * [*] {dependency: codeql/quantum@* [*] requires codeql/util@2.0.41}
[2026-08-06 12:56:33] [SPAMMY] resolve extensions-by-pack> [DECISION 6] codeql/quantum: 0.0.32
[2026-08-06 12:56:33] [SPAMMY] resolve extensions-by-pack> [INCOMPATIBILITY] codeql/rangeanalysis: * [*], codeql/util: not * [*] {dependency: codeql/rangeanalysis@* [*] requires codeql/util@2.0.41}
[2026-08-06 12:56:33] [SPAMMY] resolve extensions-by-pack> [DECISION 7] codeql/rangeanalysis: 1.0.54
[2026-08-06 12:56:33] [SPAMMY] resolve extensions-by-pack> [INCOMPATIBILITY] codeql/ssa: * [*], codeql/controlflow: not * [*] {dependency: codeql/ssa@* [*] requires codeql/controlflow@2.0.38}
[2026-08-06 12:56:33] [SPAMMY] resolve extensions-by-pack> [INCOMPATIBILITY] codeql/ssa: * [*], codeql/util: not * [*] {dependency: codeql/ssa@* [*] requires codeql/util@2.0.41}
[2026-08-06 12:56:33] [SPAMMY] resolve extensions-by-pack> [DECISION 8] codeql/ssa: 2.0.30
[2026-08-06 12:56:33] [SPAMMY] resolve extensions-by-pack> [DECISION 9] codeql/tutorial: 1.0.54
[2026-08-06 12:56:33] [SPAMMY] resolve extensions-by-pack> [INCOMPATIBILITY] codeql/typeflow: * [*], codeql/util: not * [*] {dependency: codeql/typeflow@* [*] requires codeql/util@2.0.41}
[2026-08-06 12:56:33] [SPAMMY] resolve extensions-by-pack> [DECISION 10] codeql/typeflow: 1.0.54
[2026-08-06 12:56:33] [SPAMMY] resolve extensions-by-pack> [INCOMPATIBILITY] codeql/typetracking: * [*], codeql/util: not * [*] {dependency: codeql/typetracking@* [*] requires codeql/util@2.0.41}
[2026-08-06 12:56:33] [SPAMMY] resolve extensions-by-pack> [DECISION 11] codeql/typetracking: 2.0.38
[2026-08-06 12:56:33] [SPAMMY] resolve extensions-by-pack> [DECISION 12] codeql/util: 2.0.41
[2026-08-06 12:56:33] [SPAMMY] resolve extensions-by-pack> [INCOMPATIBILITY] codeql/xml: * [*], codeql/util: not * [*] {dependency: codeql/xml@* [*] requires codeql/util@2.0.41}
[2026-08-06 12:56:33] [SPAMMY] resolve extensions-by-pack> [DECISION 13] codeql/xml: 1.0.54
[2026-08-06 12:56:33] [PROGRESS] resolve extensions-by-pack> Loading data extensions in /home/oleksii-shemshur/.codeql/packages/codeql/cpp-all/12.0.1/ext/Boost.Asio.model.yml.
[2026-08-06 12:56:33] [DETAILS] resolve extensions-by-pack>   Found extension targeting codeql/cpp-all:sourceModel: 6 tuples.
[2026-08-06 12:56:33] [DETAILS] resolve extensions-by-pack>   Found extension targeting codeql/cpp-all:sinkModel: 4 tuples.
[2026-08-06 12:56:33] [DETAILS] resolve extensions-by-pack>   Found extension targeting codeql/cpp-all:summaryModel: 1 tuples.
[2026-08-06 12:56:33] [PROGRESS] resolve extensions-by-pack> Loading data extensions in /home/oleksii-shemshur/.codeql/packages/codeql/cpp-all/12.0.1/ext/CA2CAEX.model.yml.
[2026-08-06 12:56:33] [DETAILS] resolve extensions-by-pack>   Found extension targeting codeql/cpp-all:summaryModel: 13 tuples.
[2026-08-06 12:56:33] [PROGRESS] resolve extensions-by-pack> Loading data extensions in /home/oleksii-shemshur/.codeql/packages/codeql/cpp-all/12.0.1/ext/CAtlArray.model.yml.
[2026-08-06 12:56:33] [DETAILS] resolve extensions-by-pack>   Found extension targeting codeql/cpp-all:summaryModel: 10 tuples.
[2026-08-06 12:56:33] [PROGRESS] resolve extensions-by-pack> Loading data extensions in /home/oleksii-shemshur/.codeql/packages/codeql/cpp-all/12.0.1/ext/CAtlFile.model.yml.
[2026-08-06 12:56:33] [DETAILS] resolve extensions-by-pack>   Found extension targeting codeql/cpp-all:summaryModel: 4 tuples.
[2026-08-06 12:56:33] [PROGRESS] resolve extensions-by-pack> Loading data extensions in /home/oleksii-shemshur/.codeql/packages/codeql/cpp-all/12.0.1/ext/CAtlFileMappingBase.model.yml.
[2026-08-06 12:56:33] [DETAILS] resolve extensions-by-pack>   Found extension targeting codeql/cpp-all:summaryModel: 9 tuples.
[2026-08-06 12:56:33] [PROGRESS] resolve extensions-by-pack> Loading data extensions in /home/oleksii-shemshur/.codeql/packages/codeql/cpp-all/12.0.1/ext/CAtlList.model.yml.
[2026-08-06 12:56:33] [DETAILS] resolve extensions-by-pack>   Found extension targeting codeql/cpp-all:summaryModel: 10 tuples.
[2026-08-06 12:56:33] [PROGRESS] resolve extensions-by-pack> Loading data extensions in /home/oleksii-shemshur/.codeql/packages/codeql/cpp-all/12.0.1/ext/CAtlTemporaryFile.model.yml.
[2026-08-06 12:56:33] [DETAILS] resolve extensions-by-pack>   Found extension targeting codeql/cpp-all:summaryModel: 3 tuples.
[2026-08-06 12:56:33] [PROGRESS] resolve extensions-by-pack> Loading data extensions in /home/oleksii-shemshur/.codeql/packages/codeql/cpp-all/12.0.1/ext/CComBSTR.model.yml.
[2026-08-06 12:56:33] [DETAILS] resolve extensions-by-pack>   Found extension targeting codeql/cpp-all:summaryModel: 28 tuples.
[2026-08-06 12:56:33] [PROGRESS] resolve extensions-by-pack> Loading data extensions in /home/oleksii-shemshur/.codeql/packages/codeql/cpp-all/12.0.1/ext/CComSafeArray.model.yml.
[2026-08-06 12:56:33] [DETAILS] resolve extensions-by-pack>   Found extension targeting codeql/cpp-all:summaryModel: 21 tuples.
[2026-08-06 12:56:33] [PROGRESS] resolve extensions-by-pack> Loading data extensions in /home/oleksii-shemshur/.codeql/packages/codeql/cpp-all/12.0.1/ext/CPathT.model.yml.
[2026-08-06 12:56:33] [DETAILS] resolve extensions-by-pack>   Found extension targeting codeql/cpp-all:summaryModel: 15 tuples.
[2026-08-06 12:56:33] [PROGRESS] resolve extensions-by-pack> Loading data extensions in /home/oleksii-shemshur/.codeql/packages/codeql/cpp-all/12.0.1/ext/CRegKey.model.yml.
[2026-08-06 12:56:33] [DETAILS] resolve extensions-by-pack>   Found extension targeting codeql/cpp-all:summaryModel: 15 tuples.
[2026-08-06 12:56:33] [PROGRESS] resolve extensions-by-pack> Loading data extensions in /home/oleksii-shemshur/.codeql/packages/codeql/cpp-all/12.0.1/ext/CSimpleArray.model.yml.
[2026-08-06 12:56:33] [DETAILS] resolve extensions-by-pack>   Found extension targeting codeql/cpp-all:summaryModel: 7 tuples.
[2026-08-06 12:56:33] [PROGRESS] resolve extensions-by-pack> Loading data extensions in /home/oleksii-shemshur/.codeql/packages/codeql/cpp-all/12.0.1/ext/CSimpleMap.model.yml.
[2026-08-06 12:56:33] [DETAILS] resolve extensions-by-pack>   Found extension targeting codeql/cpp-all:summaryModel: 8 tuples.
[2026-08-06 12:56:33] [PROGRESS] resolve extensions-by-pack> Loading data extensions in /home/oleksii-shemshur/.codeql/packages/codeql/cpp-all/12.0.1/ext/CSimpleStringT.model.yml.
[2026-08-06 12:56:33] [DETAILS] resolve extensions-by-pack>   Found extension targeting codeql/cpp-all:summaryModel: 37 tuples.
[2026-08-06 12:56:33] [PROGRESS] resolve extensions-by-pack> Loading data extensions in /home/oleksii-shemshur/.codeql/packages/codeql/cpp-all/12.0.1/ext/CStrBufT.model.yml.
[2026-08-06 12:56:33] [DETAILS] resolve extensions-by-pack>   Found extension targeting codeql/cpp-all:summaryModel: 3 tuples.
[2026-08-06 12:56:33] [PROGRESS] resolve extensions-by-pack> Loading data extensions in /home/oleksii-shemshur/.codeql/packages/codeql/cpp-all/12.0.1/ext/CStringData.model.yml.
[2026-08-06 12:56:33] [DETAILS] resolve extensions-by-pack>   Found extension targeting codeql/cpp-all:summaryModel: 1 tuples.
[2026-08-06 12:56:33] [PROGRESS] resolve extensions-by-pack> Loading data extensions in /home/oleksii-shemshur/.codeql/packages/codeql/cpp-all/12.0.1/ext/CStringT.model.yml.
[2026-08-06 12:56:33] [DETAILS] resolve extensions-by-pack>   Found extension targeting codeql/cpp-all:summaryModel: 113 tuples.
[2026-08-06 12:56:33] [PROGRESS] resolve extensions-by-pack> Loading data extensions in /home/oleksii-shemshur/.codeql/packages/codeql/cpp-all/12.0.1/ext/CUrl.model.yml.
[2026-08-06 12:56:33] [DETAILS] resolve extensions-by-pack>   Found extension targeting codeql/cpp-all:summaryModel: 17 tuples.
[2026-08-06 12:56:33] [PROGRESS] resolve extensions-by-pack> Loading data extensions in /home/oleksii-shemshur/.codeql/packages/codeql/cpp-all/12.0.1/ext/ComPtr.model.yml.
[2026-08-06 12:56:33] [DETAILS] resolve extensions-by-pack>   Found extension targeting codeql/cpp-all:summaryModel: 26 tuples.
[2026-08-06 12:56:33] [PROGRESS] resolve extensions-by-pack> Loading data extensions in /home/oleksii-shemshur/.codeql/packages/codeql/cpp-all/12.0.1/ext/ComPtrRef.model.yml.
[2026-08-06 12:56:33] [DETAILS] resolve extensions-by-pack>   Found extension targeting codeql/cpp-all:summaryModel: 5 tuples.
[2026-08-06 12:56:33] [PROGRESS] resolve extensions-by-pack> Loading data extensions in /home/oleksii-shemshur/.codeql/packages/codeql/cpp-all/12.0.1/ext/MySql.model.yml.
[2026-08-06 12:56:33] [DETAILS] resolve extensions-by-pack>   Found extension targeting codeql/cpp-all:summaryModel: 2 tuples.
[2026-08-06 12:56:33] [DETAILS] resolve extensions-by-pack>   Found extension targeting codeql/cpp-all:barrierModel: 2 tuples.
[2026-08-06 12:56:33] [PROGRESS] resolve extensions-by-pack> Loading data extensions in /home/oleksii-shemshur/.codeql/packages/codeql/cpp-all/12.0.1/ext/Oracle.oci.model.yml.
[2026-08-06 12:56:33] [DETAILS] resolve extensions-by-pack>   Found extension targeting codeql/cpp-all:sinkModel: 2 tuples.
[2026-08-06 12:56:33] [PROGRESS] resolve extensions-by-pack> Loading data extensions in /home/oleksii-shemshur/.codeql/packages/codeql/cpp-all/12.0.1/ext/Strsafe.model.yml.
[2026-08-06 12:56:33] [DETAILS] resolve extensions-by-pack>   Found extension targeting codeql/cpp-all:sourceModel: 8 tuples.
[2026-08-06 12:56:33] [DETAILS] resolve extensions-by-pack>   Found extension targeting codeql/cpp-all:summaryModel: 48 tuples.
[2026-08-06 12:56:33] [PROGRESS] resolve extensions-by-pack> Loading data extensions in /home/oleksii-shemshur/.codeql/packages/codeql/cpp-all/12.0.1/ext/Windows.model.yml.
[2026-08-06 12:56:33] [DETAILS] resolve extensions-by-pack>   Found extension targeting codeql/cpp-all:sourceModel: 25 tuples.
[2026-08-06 12:56:33] [DETAILS] resolve extensions-by-pack>   Found extension targeting codeql/cpp-all:summaryModel: 15 tuples.
[2026-08-06 12:56:33] [PROGRESS] resolve extensions-by-pack> Loading data extensions in /home/oleksii-shemshur/.codeql/packages/codeql/cpp-all/12.0.1/ext/ZMQ.model.yml.
[2026-08-06 12:56:33] [DETAILS] resolve extensions-by-pack>   Found extension targeting codeql/cpp-all:sourceModel: 3 tuples.
[2026-08-06 12:56:33] [DETAILS] resolve extensions-by-pack>   Found extension targeting codeql/cpp-all:sinkModel: 3 tuples.
[2026-08-06 12:56:33] [DETAILS] resolve extensions-by-pack>   Found extension targeting codeql/cpp-all:summaryModel: 2 tuples.
[2026-08-06 12:56:33] [PROGRESS] resolve extensions-by-pack> Loading data extensions in /home/oleksii-shemshur/.codeql/packages/codeql/cpp-all/12.0.1/ext/allocation/Bsd.allocation.model.yml.
[2026-08-06 12:56:33] [DETAILS] resolve extensions-by-pack>   Found extension targeting codeql/cpp-all:allocationFunctionModel: 2 tuples.
[2026-08-06 12:56:33] [PROGRESS] resolve extensions-by-pack> Loading data extensions in /home/oleksii-shemshur/.codeql/packages/codeql/cpp-all/12.0.1/ext/allocation/Glibc.allocation.model.yml.
[2026-08-06 12:56:33] [DETAILS] resolve extensions-by-pack>   Found extension targeting codeql/cpp-all:allocationFunctionModel: 2 tuples.
[2026-08-06 12:56:33] [PROGRESS] resolve extensions-by-pack> Loading data extensions in /home/oleksii-shemshur/.codeql/packages/codeql/cpp-all/12.0.1/ext/allocation/OpenSSL.allocation.model.yml.
[2026-08-06 12:56:33] [DETAILS] resolve extensions-by-pack>   Found extension targeting codeql/cpp-all:allocationFunctionModel: 4 tuples.
[2026-08-06 12:56:33] [PROGRESS] resolve extensions-by-pack> Loading data extensions in /home/oleksii-shemshur/.codeql/packages/codeql/cpp-all/12.0.1/ext/allocation/Std.allocation.model.yml.
[2026-08-06 12:56:33] [DETAILS] resolve extensions-by-pack>   Found extension targeting codeql/cpp-all:allocationFunctionModel: 13 tuples.
[2026-08-06 12:56:33] [PROGRESS] resolve extensions-by-pack> Loading data extensions in /home/oleksii-shemshur/.codeql/packages/codeql/cpp-all/12.0.1/ext/allocation/Windows.allocation.model.yml.
[2026-08-06 12:56:33] [DETAILS] resolve extensions-by-pack>   Found extension targeting codeql/cpp-all:allocationFunctionModel: 24 tuples.
[2026-08-06 12:56:33] [PROGRESS] resolve extensions-by-pack> Loading data extensions in /home/oleksii-shemshur/.codeql/packages/codeql/cpp-all/12.0.1/ext/allocation/empty.allocation.model.yml.
[2026-08-06 12:56:33] [DETAILS] resolve extensions-by-pack>   Found extension targeting codeql/cpp-all:allocationFunctionModel: 0 tuples.
[2026-08-06 12:56:33] [PROGRESS] resolve extensions-by-pack> Loading data extensions in /home/oleksii-shemshur/.codeql/packages/codeql/cpp-all/12.0.1/ext/azure.core.model.yml.
[2026-08-06 12:56:33] [DETAILS] resolve extensions-by-pack>   Found extension targeting codeql/cpp-all:sourceModel: 6 tuples.
[2026-08-06 12:56:33] [DETAILS] resolve extensions-by-pack>   Found extension targeting codeql/cpp-all:summaryModel: 25 tuples.
[2026-08-06 12:56:33] [PROGRESS] resolve extensions-by-pack> Loading data extensions in /home/oleksii-shemshur/.codeql/packages/codeql/cpp-all/12.0.1/ext/bsl.array.model.yml.
[2026-08-06 12:56:33] [DETAILS] resolve extensions-by-pack>   Found extension targeting codeql/cpp-all:summaryModel: 9 tuples.
[2026-08-06 12:56:33] [PROGRESS] resolve extensions-by-pack> Loading data extensions in /home/oleksii-shemshur/.codeql/packages/codeql/cpp-all/12.0.1/ext/bsl.deque.model.yml.
[2026-08-06 12:56:33] [DETAILS] resolve extensions-by-pack>   Found extension targeting codeql/cpp-all:summaryModel: 69 tuples.
[2026-08-06 12:56:33] [PROGRESS] resolve extensions-by-pack> Loading data extensions in /home/oleksii-shemshur/.codeql/packages/codeql/cpp-all/12.0.1/ext/bsl.forward_list.model.yml.
[2026-08-06 12:56:33] [DETAILS] resolve extensions-by-pack>   Found extension targeting codeql/cpp-all:summaryModel: 52 tuples.
[2026-08-06 12:56:33] [PROGRESS] resolve extensions-by-pack> Loading data extensions in /home/oleksii-shemshur/.codeql/packages/codeql/cpp-all/12.0.1/ext/bsl.list.model.yml.
[2026-08-06 12:56:33] [DETAILS] resolve extensions-by-pack>   Found extension targeting codeql/cpp-all:summaryModel: 67 tuples.
[2026-08-06 12:56:33] [PROGRESS] resolve extensions-by-pack> Loading data extensions in /home/oleksii-shemshur/.codeql/packages/codeql/cpp-all/12.0.1/ext/bsl.vector.model.yml.
[2026-08-06 12:56:33] [DETAILS] resolve extensions-by-pack>   Found extension targeting codeql/cpp-all:summaryModel: 56 tuples.
[2026-08-06 12:56:33] [PROGRESS] resolve extensions-by-pack> Loading data extensions in /home/oleksii-shemshur/.codeql/packages/codeql/cpp-all/12.0.1/ext/cctype.model.yml.
[2026-08-06 12:56:33] [DETAILS] resolve extensions-by-pack>   Found extension targeting codeql/cpp-all:summaryModel: 4 tuples.
[2026-08-06 12:56:33] [PROGRESS] resolve extensions-by-pack> Loading data extensions in /home/oleksii-shemshur/.codeql/packages/codeql/cpp-all/12.0.1/ext/deallocation/Bsd.deallocation.model.yml.
[2026-08-06 12:56:33] [DETAILS] resolve extensions-by-pack>   Found extension targeting codeql/cpp-all:deallocationFunctionModel: 3 tuples.
[2026-08-06 12:56:33] [PROGRESS] resolve extensions-by-pack> Loading data extensions in /home/oleksii-shemshur/.codeql/packages/codeql/cpp-all/12.0.1/ext/deallocation/Std.deallocation.model.yml.
[2026-08-06 12:56:33] [DETAILS] resolve extensions-by-pack>   Found extension targeting codeql/cpp-all:deallocationFunctionModel: 37 tuples.
[2026-08-06 12:56:33] [PROGRESS] resolve extensions-by-pack> Loading data extensions in /home/oleksii-shemshur/.codeql/packages/codeql/cpp-all/12.0.1/ext/deallocation/Windows.deallocation.model.yml.
[2026-08-06 12:56:33] [DETAILS] resolve extensions-by-pack>   Found extension targeting codeql/cpp-all:deallocationFunctionModel: 36 tuples.
[2026-08-06 12:56:33] [PROGRESS] resolve extensions-by-pack> Loading data extensions in /home/oleksii-shemshur/.codeql/packages/codeql/cpp-all/12.0.1/ext/deallocation/empty.deallocation.model.yml.
[2026-08-06 12:56:33] [DETAILS] resolve extensions-by-pack>   Found extension targeting codeql/cpp-all:deallocationFunctionModel: 0 tuples.
[2026-08-06 12:56:33] [PROGRESS] resolve extensions-by-pack> Loading data extensions in /home/oleksii-shemshur/.codeql/packages/codeql/cpp-all/12.0.1/ext/empty.model.yml.
[2026-08-06 12:56:33] [DETAILS] resolve extensions-by-pack>   Found extension targeting codeql/cpp-all:sourceModel: 0 tuples.
[2026-08-06 12:56:33] [DETAILS] resolve extensions-by-pack>   Found extension targeting codeql/cpp-all:sinkModel: 0 tuples.
[2026-08-06 12:56:33] [DETAILS] resolve extensions-by-pack>   Found extension targeting codeql/cpp-all:barrierModel: 0 tuples.
[2026-08-06 12:56:33] [DETAILS] resolve extensions-by-pack>   Found extension targeting codeql/cpp-all:barrierGuardModel: 0 tuples.
[2026-08-06 12:56:33] [DETAILS] resolve extensions-by-pack>   Found extension targeting codeql/cpp-all:summaryModel: 0 tuples.
[2026-08-06 12:56:33] [PROGRESS] resolve extensions-by-pack> Loading data extensions in /home/oleksii-shemshur/.codeql/packages/codeql/cpp-all/12.0.1/ext/generated/empty.model.yml.
[2026-08-06 12:56:33] [DETAILS] resolve extensions-by-pack>   Found extension targeting codeql/cpp-all:summaryModel: 0 tuples.
[2026-08-06 12:56:33] [PROGRESS] resolve extensions-by-pack> Loading data extensions in /home/oleksii-shemshur/.codeql/packages/codeql/cpp-all/12.0.1/ext/generated/modelgenerator/brotli/brotli.model.yml.
[2026-08-06 12:56:33] [DETAILS] resolve extensions-by-pack>   Found extension targeting codeql/cpp-all:summaryModel: 474 tuples.
[2026-08-06 12:56:33] [PROGRESS] resolve extensions-by-pack> Loading data extensions in /home/oleksii-shemshur/.codeql/packages/codeql/cpp-all/12.0.1/ext/generated/modelgenerator/curl/curl.model.yml.
[2026-08-06 12:56:33] [DETAILS] resolve extensions-by-pack>   Found extension targeting codeql/cpp-all:summaryModel: 953 tuples.
[2026-08-06 12:56:33] [PROGRESS] resolve extensions-by-pack> Loading data extensions in /home/oleksii-shemshur/.codeql/packages/codeql/cpp-all/12.0.1/ext/generated/modelgenerator/glibc/glibc.model.yml.
[2026-08-06 12:56:33] [DETAILS] resolve extensions-by-pack>   Found extension targeting codeql/cpp-all:summaryModel: 5488 tuples.
[2026-08-06 12:56:33] [PROGRESS] resolve extensions-by-pack> Loading data extensions in /home/oleksii-shemshur/.codeql/packages/codeql/cpp-all/12.0.1/ext/generated/modelgenerator/libidn2/libidn2.model.yml.
[2026-08-06 12:56:33] [DETAILS] resolve extensions-by-pack>   Found extension targeting codeql/cpp-all:summaryModel: 142 tuples.
[2026-08-06 12:56:33] [PROGRESS] resolve extensions-by-pack> Loading data extensions in /home/oleksii-shemshur/.codeql/packages/codeql/cpp-all/12.0.1/ext/generated/modelgenerator/libssh2/libssh2.model.yml.
[2026-08-06 12:56:33] [DETAILS] resolve extensions-by-pack>   Found extension targeting codeql/cpp-all:summaryModel: 511 tuples.
[2026-08-06 12:56:33] [PROGRESS] resolve extensions-by-pack> Loading data extensions in /home/oleksii-shemshur/.codeql/packages/codeql/cpp-all/12.0.1/ext/generated/modelgenerator/libuv/libuv.model.yml.
[2026-08-06 12:56:33] [DETAILS] resolve extensions-by-pack>   Found extension targeting codeql/cpp-all:summaryModel: 640 tuples.
[2026-08-06 12:56:33] [PROGRESS] resolve extensions-by-pack> Loading data extensions in /home/oleksii-shemshur/.codeql/packages/codeql/cpp-all/12.0.1/ext/generated/modelgenerator/nghttp2/nghttp2.model.yml.
[2026-08-06 12:56:33] [DETAILS] resolve extensions-by-pack>   Found extension targeting codeql/cpp-all:summaryModel: 565 tuples.
[2026-08-06 12:56:33] [PROGRESS] resolve extensions-by-pack> Loading data extensions in /home/oleksii-shemshur/.codeql/packages/codeql/cpp-all/12.0.1/ext/generated/modelgenerator/openssl/openssl.model.yml.
[2026-08-06 12:56:33] [DETAILS] resolve extensions-by-pack>   Found extension targeting codeql/cpp-all:summaryModel: 21578 tuples.
[2026-08-06 12:56:33] [PROGRESS] resolve extensions-by-pack> Loading data extensions in /home/oleksii-shemshur/.codeql/packages/codeql/cpp-all/12.0.1/ext/generated/modelgenerator/sqlite/sqlite.model.yml.
[2026-08-06 12:56:33] [DETAILS] resolve extensions-by-pack>   Found extension targeting codeql/cpp-all:summaryModel: 942 tuples.
[2026-08-06 12:56:33] [PROGRESS] resolve extensions-by-pack> Loading data extensions in /home/oleksii-shemshur/.codeql/packages/codeql/cpp-all/12.0.1/ext/generated/modelgenerator/zlib/zlib.model.yml.
[2026-08-06 12:56:33] [DETAILS] resolve extensions-by-pack>   Found extension targeting codeql/cpp-all:summaryModel: 162 tuples.
[2026-08-06 12:56:33] [PROGRESS] resolve extensions-by-pack> Loading data extensions in /home/oleksii-shemshur/.codeql/packages/codeql/cpp-all/12.0.1/ext/getc.model.yml.
[2026-08-06 12:56:33] [DETAILS] resolve extensions-by-pack>   Found extension targeting codeql/cpp-all:sourceModel: 13 tuples.
[2026-08-06 12:56:33] [PROGRESS] resolve extensions-by-pack> Loading data extensions in /home/oleksii-shemshur/.codeql/packages/codeql/cpp-all/12.0.1/ext/iconv.model.yml.
[2026-08-06 12:56:33] [DETAILS] resolve extensions-by-pack>   Found extension targeting codeql/cpp-all:summaryModel: 1 tuples.
[2026-08-06 12:56:33] [PROGRESS] resolve extensions-by-pack> Loading data extensions in /home/oleksii-shemshur/.codeql/packages/codeql/cpp-all/12.0.1/ext/oleauto.model.yml.
[2026-08-06 12:56:33] [DETAILS] resolve extensions-by-pack>   Found extension targeting codeql/cpp-all:summaryModel: 3 tuples.
[2026-08-06 12:56:33] [PROGRESS] resolve extensions-by-pack> Loading data extensions in /home/oleksii-shemshur/.codeql/packages/codeql/cpp-all/12.0.1/ext/pthread.model.yml.
[2026-08-06 12:56:33] [DETAILS] resolve extensions-by-pack>   Found extension targeting codeql/cpp-all:summaryModel: 1 tuples.
[2026-08-06 12:56:33] [PROGRESS] resolve extensions-by-pack> Loading data extensions in /home/oleksii-shemshur/.codeql/packages/codeql/cpp-all/12.0.1/ext/std.array.model.yml.
[2026-08-06 12:56:33] [DETAILS] resolve extensions-by-pack>   Found extension targeting codeql/cpp-all:summaryModel: 9 tuples.
[2026-08-06 12:56:33] [PROGRESS] resolve extensions-by-pack> Loading data extensions in /home/oleksii-shemshur/.codeql/packages/codeql/cpp-all/12.0.1/ext/std.deque.model.yml.
[2026-08-06 12:56:33] [DETAILS] resolve extensions-by-pack>   Found extension targeting codeql/cpp-all:summaryModel: 69 tuples.
[2026-08-06 12:56:33] [PROGRESS] resolve extensions-by-pack> Loading data extensions in /home/oleksii-shemshur/.codeql/packages/codeql/cpp-all/12.0.1/ext/std.format.model.yml.
[2026-08-06 12:56:33] [DETAILS] resolve extensions-by-pack>   Found extension targeting codeql/cpp-all:summaryModel: 9 tuples.
[2026-08-06 12:56:33] [PROGRESS] resolve extensions-by-pack> Loading data extensions in /home/oleksii-shemshur/.codeql/packages/codeql/cpp-all/12.0.1/ext/std.forward_list.model.yml.
[2026-08-06 12:56:33] [DETAILS] resolve extensions-by-pack>   Found extension targeting codeql/cpp-all:summaryModel: 52 tuples.
[2026-08-06 12:56:33] [PROGRESS] resolve extensions-by-pack> Loading data extensions in /home/oleksii-shemshur/.codeql/packages/codeql/cpp-all/12.0.1/ext/std.iterator.model.yml.
[2026-08-06 12:56:33] [DETAILS] resolve extensions-by-pack>   Found extension targeting codeql/cpp-all:summaryModel: 6 tuples.
[2026-08-06 12:56:33] [PROGRESS] resolve extensions-by-pack> Loading data extensions in /home/oleksii-shemshur/.codeql/packages/codeql/cpp-all/12.0.1/ext/std.list.model.yml.
[2026-08-06 12:56:33] [DETAILS] resolve extensions-by-pack>   Found extension targeting codeql/cpp-all:summaryModel: 67 tuples.
[2026-08-06 12:56:33] [PROGRESS] resolve extensions-by-pack> Loading data extensions in /home/oleksii-shemshur/.codeql/packages/codeql/cpp-all/12.0.1/ext/std.thread.model.yml.
[2026-08-06 12:56:33] [DETAILS] resolve extensions-by-pack>   Found extension targeting codeql/cpp-all:summaryModel: 5 tuples.
[2026-08-06 12:56:33] [PROGRESS] resolve extensions-by-pack> Loading data extensions in /home/oleksii-shemshur/.codeql/packages/codeql/cpp-all/12.0.1/ext/std.vector.model.yml.
[2026-08-06 12:56:33] [DETAILS] resolve extensions-by-pack>   Found extension targeting codeql/cpp-all:summaryModel: 56 tuples.
[2026-08-06 12:56:33] [PROGRESS] resolve extensions-by-pack> Loading data extensions in /home/oleksii-shemshur/.codeql/packages/codeql/util/2.0.41/ext/default-alert-filter.yml.
[2026-08-06 12:56:33] [DETAILS] resolve extensions-by-pack>   Found extension targeting codeql/util:restrictAlertsTo: 0 tuples.
[2026-08-06 12:56:33] [DETAILS] resolve extensions-by-pack>   Found extension targeting codeql/util:restrictAlertsToExactLocation: 0 tuples.
[2026-08-06 12:56:33] Plumbing command codeql resolve extensions-by-pack completed:
                      {
                        "models" : [ ],
                        "data" : {
                          "/home/oleksii-shemshur/work/toolchains/tools/queries" : [
                            {
                              "predicate" : "sourceModel",
                              "file" : "/home/oleksii-shemshur/.codeql/packages/codeql/cpp-all/12.0.1/ext/Boost.Asio.model.yml",
                              "index" : 0,
                              "firstRowId" : 0,
                              "rowCount" : 6,
                              "predicateHasOrigin" : true,
                              "locations" : {
                                "lineNumbers" : "A=7+1*5",
                                "columnNumbers" : "A=9*6"
                              }
                            },
                            {
                              "predicate" : "sinkModel",
                              "file" : "/home/oleksii-shemshur/.codeql/packages/codeql/cpp-all/12.0.1/ext/Boost.Asio.model.yml",
                              "index" : 1,
                              "firstRowId" : 6,
                              "rowCount" : 4,
                              "predicateHasOrigin" : true,
                              "locations" : {
                                "lineNumbers" : "A=17+1*3",
                                "columnNumbers" : "A=9*4"
                              }
                            },
                            {
                              "predicate" : "summaryModel",
                              "file" : "/home/oleksii-shemshur/.codeql/packages/codeql/cpp-all/12.0.1/ext/Boost.Asio.model.yml",
                              "index" : 2,
                              "firstRowId" : 10,
                              "rowCount" : 1,
                              "predicateHasOrigin" : true,
                              "locations" : {
                                "lineNumbers" : "A=25",
                                "columnNumbers" : "A=9"
                              }
                            },
                            {
                              "predicate" : "summaryModel",
                              "file" : "/home/oleksii-shemshur/.codeql/packages/codeql/cpp-all/12.0.1/ext/CA2CAEX.model.yml",
                              "index" : 0,
                              "firstRowId" : 11,
                              "rowCount" : 13,
                              "predicateHasOrigin" : true,
                              "locations" : {
                                "lineNumbers" : "A=6+1*12",
                                "columnNumbers" : "A=9*13"
                              }
                            },
                            {
                              "predicate" : "summaryModel",
                              "file" : "/home/oleksii-shemshur/.codeql/packages/codeql/cpp-all/12.0.1/ext/CAtlArray.model.yml",
                              "index" : 0,
                              "firstRowId" : 24,
                              "rowCount" : 10,
                              "predicateHasOrigin" : true,
                              "locations" : {
                                "lineNumbers" : "A=6+1*9",
                                "columnNumbers" : "A=9*10"
                              }
                            },
                            {
                              "predicate" : "summaryModel",
                              "file" : "/home/oleksii-shemshur/.codeql/packages/codeql/cpp-all/12.0.1/ext/CAtlFile.model.yml",
                              "index" : 0,
                              "firstRowId" : 34,
                              "rowCount" : 4,
                              "predicateHasOrigin" : true,
                              "locations" : {
                                "lineNumbers" : "A=6+1*3",
                                "columnNumbers" : "A=9*4"
                              }
                            },
                            {
                              "predicate" : "summaryModel",
                              "file" : "/home/oleksii-shemshur/.codeql/packages/codeql/cpp-all/12.0.1/ext/CAtlFileMappingBase.model.yml",
                              "index" : 0,
                              "firstRowId" : 38,
                              "rowCount" : 9,
                              "predicateHasOrigin" : true,
                              "locations" : {
                                "lineNumbers" : "A=6+1*8",
                                "columnNumbers" : "A=9*9"
                              }
                            },
                            {
                              "predicate" : "summaryModel",
                              "file" : "/home/oleksii-shemshur/.codeql/packages/codeql/cpp-all/12.0.1/ext/CAtlList.model.yml",
                              "index" : 0,
                              "firstRowId" : 47,
                              "rowCount" : 10,
                              "predicateHasOrigin" : true,
                              "locations" : {
                                "lineNumbers" : "A=6+1*9",
                                "columnNumbers" : "A=9*10"
                              }
                            },
                            {
                              "predicate" : "summaryModel",
                              "file" : "/home/oleksii-shemshur/.codeql/packages/codeql/cpp-all/12.0.1/ext/CAtlTemporaryFile.model.yml",
                              "index" : 0,
                              "firstRowId" : 57,
                              "rowCount" : 3,
                              "predicateHasOrigin" : true,
                              "locations" : {
                                "lineNumbers" : "A=6+1*2",
                                "columnNumbers" : "A=9*3"
                              }
                            },
                            {
                              "predicate" : "summaryModel",
                              "file" : "/home/oleksii-shemshur/.codeql/packages/codeql/cpp-all/12.0.1/ext/CComBSTR.model.yml",
                              "index" : 0,
                              "firstRowId" : 60,
                              "rowCount" : 28,
                              "predicateHasOrigin" : true,
                              "locations" : {
                                "lineNumbers" : "A=6+1*27",
                                "columnNumbers" : "A=9*28"
                              }
                            },
                            {
                              "predicate" : "summaryModel",
                              "file" : "/home/oleksii-shemshur/.codeql/packages/codeql/cpp-all/12.0.1/ext/CComSafeArray.model.yml",
                              "index" : 0,
                              "firstRowId" : 88,
                              "rowCount" : 21,
                              "predicateHasOrigin" : true,
                              "locations" : {
                                "lineNumbers" : "A=6+1*20",
                                "columnNumbers" : "A=9*21"
                              }
                            },
                            {
                              "predicate" : "summaryModel",
                              "file" : "/home/oleksii-shemshur/.codeql/packages/codeql/cpp-all/12.0.1/ext/CPathT.model.yml",
                              "index" : 0,
                              "firstRowId" : 109,
                              "rowCount" : 15,
                              "predicateHasOrigin" : true,
                              "locations" : {
                                "lineNumbers" : "A=6+1*10+4+1*3",
                                "columnNumbers" : "A=9*15"
                              }
                            },
                            {
                              "predicate" : "summaryModel",
                              "file" : "/home/oleksii-shemshur/.codeql/packages/codeql/cpp-all/12.0.1/ext/CRegKey.model.yml",
                              "index" : 0,
                              "firstRowId" : 124,
                              "rowCount" : 15,
                              "predicateHasOrigin" : true,
                              "locations" : {
                                "lineNumbers" : "A=6+1*14",
                                "columnNumbers" : "A=9*15"
                              }
                            },
                            {
                              "predicate" : "summaryModel",
                              "file" : "/home/oleksii-shemshur/.codeql/packages/codeql/cpp-all/12.0.1/ext/CSimpleArray.model.yml",
                              "index" : 0,
                              "firstRowId" : 139,
                              "rowCount" : 7,
                              "predicateHasOrigin" : true,
                              "locations" : {
                                "lineNumbers" : "A=6+1*6",
                                "columnNumbers" : "A=9*7"
                              }
                            },
                            {
                              "predicate" : "summaryModel",
                              "file" : "/home/oleksii-shemshur/.codeql/packages/codeql/cpp-all/12.0.1/ext/CSimpleMap.model.yml",
                              "index" : 0,
                              "firstRowId" : 146,
                              "rowCount" : 8,
                              "predicateHasOrigin" : true,
                              "locations" : {
                                "lineNumbers" : "A=6+1*7",
                                "columnNumbers" : "A=9*8"
                              }
                            },
                            {
                              "predicate" : "summaryModel",
                              "file" : "/home/oleksii-shemshur/.codeql/packages/codeql/cpp-all/12.0.1/ext/CSimpleStringT.model.yml",
                              "index" : 0,
                              "firstRowId" : 154,
                              "rowCount" : 37,
                              "predicateHasOrigin" : true,
                              "locations" : {
                                "lineNumbers" : "A=6+1*36",
                                "columnNumbers" : "A=9*37"
                              }
                            },
                            {
                              "predicate" : "summaryModel",
                              "file" : "/home/oleksii-shemshur/.codeql/packages/codeql/cpp-all/12.0.1/ext/CStrBufT.model.yml",
                              "index" : 0,
                              "firstRowId" : 191,
                              "rowCount" : 3,
                              "predicateHasOrigin" : true,
                              "locations" : {
                                "lineNumbers" : "A=6+1*2",
                                "columnNumbers" : "A=9*3"
                              }
                            },
                            {
                              "predicate" : "summaryModel",
                              "file" : "/home/oleksii-shemshur/.codeql/packages/codeql/cpp-all/12.0.1/ext/CStringData.model.yml",
                              "index" : 0,
                              "firstRowId" : 194,
                              "rowCount" : 1,
                              "predicateHasOrigin" : true,
                              "locations" : {
                                "lineNumbers" : "A=6",
                                "columnNumbers" : "A=9"
                              }
                            },
                            {
                              "predicate" : "summaryModel",
                              "file" : "/home/oleksii-shemshur/.codeql/packages/codeql/cpp-all/12.0.1/ext/CStringT.model.yml",
                              "index" : 0,
                              "firstRowId" : 195,
                              "rowCount" : 113,
                              "predicateHasOrigin" : true,
                              "locations" : {
                                "lineNumbers" : "A=6+1*112",
                                "columnNumbers" : "A=9*113"
                              }
                            },
                            {
                              "predicate" : "summaryModel",
                              "file" : "/home/oleksii-shemshur/.codeql/packages/codeql/cpp-all/12.0.1/ext/CUrl.model.yml",
                              "index" : 0,
                              "firstRowId" : 308,
                              "rowCount" : 17,
                              "predicateHasOrigin" : true,
                              "locations" : {
                                "lineNumbers" : "A=6+1*16",
                                "columnNumbers" : "A=9*17"
                              }
                            },
                            {
                              "predicate" : "summaryModel",
                              "file" : "/home/oleksii-shemshur/.codeql/packages/codeql/cpp-all/12.0.1/ext/ComPtr.model.yml",
                              "index" : 0,
                              "firstRowId" : 325,
                              "rowCount" : 26,
                              "predicateHasOrigin" : true,
                              "locations" : {
                                "lineNumbers" : "A=6+1*25",
                                "columnNumbers" : "A=9*26"
                              }
                            },
                            {
                              "predicate" : "summaryModel",
                              "file" : "/home/oleksii-shemshur/.codeql/packages/codeql/cpp-all/12.0.1/ext/ComPtrRef.model.yml",
                              "index" : 0,
                              "firstRowId" : 351,
                              "rowCount" : 5,
                              "predicateHasOrigin" : true,
                              "locations" : {
                                "lineNumbers" : "A=6+1+2*2+1",
                                "columnNumbers" : "A=9*5"
                              }
                            },
                            {
                              "predicate" : "summaryModel",
                              "file" : "/home/oleksii-shemshur/.codeql/packages/codeql/cpp-all/12.0.1/ext/MySql.model.yml",
                              "index" : 0,
                              "firstRowId" : 356,
                              "rowCount" : 2,
                              "predicateHasOrigin" : true,
                              "locations" : {
                                "lineNumbers" : "A=7+1",
                                "columnNumbers" : "A=9*2"
                              }
                            },
                            {
                              "predicate" : "barrierModel",
                              "file" : "/home/oleksii-shemshur/.codeql/packages/codeql/cpp-all/12.0.1/ext/MySql.model.yml",
                              "index" : 1,
                              "firstRowId" : 358,
                              "rowCount" : 2,
                              "predicateHasOrigin" : true,
                              "locations" : {
                                "lineNumbers" : "A=13+1",
                                "columnNumbers" : "A=9*2"
                              }
                            },
                            {
                              "predicate" : "sinkModel",
                              "file" : "/home/oleksii-shemshur/.codeql/packages/codeql/cpp-all/12.0.1/ext/Oracle.oci.model.yml",
                              "index" : 0,
                              "firstRowId" : 360,
                              "rowCount" : 2,
                              "predicateHasOrigin" : true,
                              "locations" : {
                                "lineNumbers" : "A=7+1",
                                "columnNumbers" : "A=9*2"
                              }
                            },
                            {
                              "predicate" : "sourceModel",
                              "file" : "/home/oleksii-shemshur/.codeql/packages/codeql/cpp-all/12.0.1/ext/Strsafe.model.yml",
                              "index" : 0,
                              "firstRowId" : 362,
                              "rowCount" : 8,
                              "predicateHasOrigin" : true,
                              "locations" : {
                                "lineNumbers" : "A=8+1+2+1+2+1+2+1",
                                "columnNumbers" : "A=9*8"
                              }
                            },
                            {
                              "predicate" : "summaryModel",
                              "file" : "/home/oleksii-shemshur/.codeql/packages/codeql/cpp-all/12.0.1/ext/Strsafe.model.yml",
                              "index" : 1,
                              "firstRowId" : 370,
                              "rowCount" : 48,
                              "predicateHasOrigin" : true,
                              "locations" : {
                                "lineNumbers" : "A=24+1+2+1+2+1+2+1+2+1+2+1+2+1+2+1+2+1+2+1+2+1+2+1+2+1+2+1+2+1+2+1+2+1+2+1+2+1+2+1+2+1+2+1+2+1+2+1",
                                "columnNumbers" : "A=9*48"
                              }
                            },
                            {
                              "predicate" : "sourceModel",
                              "file" : "/home/oleksii-shemshur/.codeql/packages/codeql/cpp-all/12.0.1/ext/Windows.model.yml",
                              "index" : 0,
                              "firstRowId" : 418,
                              "rowCount" : 25,
                              "predicateHasOrigin" : true,
                              "locations" : {
                                "lineNumbers" : "A=8+1*5+2+1+2+1*6+2*2+1*8",
                                "columnNumbers" : "A=9*25"
                              }
                            },
                            {
                              "predicate" : "summaryModel",
                              "file" : "/home/oleksii-shemshur/.codeql/packages/codeql/cpp-all/12.0.1/ext/Windows.model.yml",
                              "index" : 1,
                              "firstRowId" : 443,
                              "rowCount" : 15,
                              "predicateHasOrigin" : true,
                              "locations" : {
                                "lineNumbers" : "A=42+1+2*2+1*2+2+1*6+2*2",
                                "columnNumbers" : "A=9*15"
                              }
                            },
                            {
                              "predicate" : "sourceModel",
                              "file" : "/home/oleksii-shemshur/.codeql/packages/codeql/cpp-all/12.0.1/ext/ZMQ.model.yml",
                              "index" : 0,
                              "firstRowId" : 458,
                              "rowCount" : 3,
                              "predicateHasOrigin" : true,
                              "locations" : {
                                "lineNumbers" : "A=7+1*2",
                                "columnNumbers" : "A=9*3"
                              }
                            },
                            {
                              "predicate" : "sinkModel",
                              "file" : "/home/oleksii-shemshur/.codeql/packages/codeql/cpp-all/12.0.1/ext/ZMQ.model.yml",
                              "index" : 1,
                              "firstRowId" : 461,
                              "rowCount" : 3,
                              "predicateHasOrigin" : true,
                              "locations" : {
                                "lineNumbers" : "A=14+1*2",
                                "columnNumbers" : "A=9*3"
                              }
                            },
                            {
                              "predicate" : "summaryModel",
                              "file" : "/home/oleksii-shemshur/.codeql/packages/codeql/cpp-all/12.0.1/ext/ZMQ.model.yml",
                              "index" : 2,
                              "firstRowId" : 464,
                              "rowCount" : 2,
                              "predicateHasOrigin" : true,
                              "locations" : {
                                "lineNumbers" : "A=21+1",
                                "columnNumbers" : "A=9*2"
                              }
                            },
                            {
                              "predicate" : "allocationFunctionModel",
                              "file" : "/home/oleksii-shemshur/.codeql/packages/codeql/cpp-all/12.0.1/ext/allocation/Bsd.allocation.model.yml",
                              "index" : 0,
                              "firstRowId" : 466,
                              "rowCount" : 2,
                              "predicateHasOrigin" : false,
                              "locations" : {
                                "lineNumbers" : "A=6+1",
                                "columnNumbers" : "A=9*2"
                              }
                            },
                            {
                              "predicate" : "allocationFunctionModel",
                              "file" : "/home/oleksii-shemshur/.codeql/packages/codeql/cpp-all/12.0.1/ext/allocation/Glibc.allocation.model.yml",
                              "index" : 0,
                              "firstRowId" : 468,
                              "rowCount" : 2,
                              "predicateHasOrigin" : false,
                              "locations" : {
                                "lineNumbers" : "A=6+1",
                                "columnNumbers" : "A=9*2"
                              }
                            },
                            {
                              "predicate" : "allocationFunctionModel",
                              "file" : "/home/oleksii-shemshur/.codeql/packages/codeql/cpp-all/12.0.1/ext/allocation/OpenSSL.allocation.model.yml",
                              "index" : 0,
                              "firstRowId" : 470,
                              "rowCount" : 4,
                              "predicateHasOrigin" : false,
                              "locations" : {
                                "lineNumbers" : "A=6+1*3",
                                "columnNumbers" : "A=9*4"
                              }
                            },
                            {
                              "predicate" : "allocationFunctionModel",
                              "file" : "/home/oleksii-shemshur/.codeql/packages/codeql/cpp-all/12.0.1/ext/allocation/Std.allocation.model.yml",
                              "index" : 0,
                              "firstRowId" : 474,
                              "rowCount" : 13,
                              "predicateHasOrigin" : false,
                              "locations" : {
                                "lineNumbers" : "A=6+1*12",
                                "columnNumbers" : "A=9*13"
                              }
                            },
                            {
                              "predicate" : "allocationFunctionModel",
                              "file" : "/home/oleksii-shemshur/.codeql/packages/codeql/cpp-all/12.0.1/ext/allocation/Windows.allocation.model.yml",
                              "index" : 0,
                              "firstRowId" : 487,
                              "rowCount" : 24,
                              "predicateHasOrigin" : false,
                              "locations" : {
                                "lineNumbers" : "A=6+1*23",
                                "columnNumbers" : "A=9*24"
                              }
                            },
                            {
                              "predicate" : "allocationFunctionModel",
                              "file" : "/home/oleksii-shemshur/.codeql/packages/codeql/cpp-all/12.0.1/ext/allocation/empty.allocation.model.yml",
                              "index" : 0,
                              "firstRowId" : 511,
                              "rowCount" : 0,
                              "predicateHasOrigin" : false,
                              "locations" : {
                                "lineNumbers" : "A",
                                "columnNumbers" : "A"
                              }
                            },
                            {
                              "predicate" : "sourceModel",
                              "file" : "/home/oleksii-shemshur/.codeql/packages/codeql/cpp-all/12.0.1/ext/azure.core.model.yml",
                              "index" : 0,
                              "firstRowId" : 511,
                              "rowCount" : 6,
                              "predicateHasOrigin" : true,
                              "locations" : {
                                "lineNumbers" : "A=6+1*5",
                                "columnNumbers" : "A=9*6"
                              }
                            },
                            {
                              "predicate" : "summaryModel",
                              "file" : "/home/oleksii-shemshur/.codeql/packages/codeql/cpp-all/12.0.1/ext/azure.core.model.yml",
                              "index" : 1,
                              "firstRowId" : 517,
                              "rowCount" : 25,
                              "predicateHasOrigin" : true,
                              "locations" : {
                                "lineNumbers" : "A=17+1*24",
                                "columnNumbers" : "A=9*25"
                              }
                            },
                            {
                              "predicate" : "summaryModel",
                              "file" : "/home/oleksii-shemshur/.codeql/packages/codeql/cpp-all/12.0.1/ext/bsl.array.model.yml",
                              "index" : 0,
                              "firstRowId" : 542,
                              "rowCount" : 9,
                              "predicateHasOrigin" : true,
                              "locations" : {
                                "lineNumbers" : "A=6+1*8",
                                "columnNumbers" : "A=9*9"
                              }
                            },
                            {
                              "predicate" : "summaryModel",
                              "file" : "/home/oleksii-shemshur/.codeql/packages/codeql/cpp-all/12.0.1/ext/bsl.deque.model.yml",
                              "index" : 0,
                              "firstRowId" : 551,
                              "rowCount" : 69,
                              "predicateHasOrigin" : true,
                              "locations" : {
                                "lineNumbers" : "A=6+1*68",
                                "columnNumbers" : "A=9*69"
                              }
                            },
                            {
                              "predicate" : "summaryModel",
                              "file" : "/home/oleksii-shemshur/.codeql/packages/codeql/cpp-all/12.0.1/ext/bsl.forward_list.model.yml",
                              "index" : 0,
                              "firstRowId" : 620,
                              "rowCount" : 52,
                              "predicateHasOrigin" : true,
                              "locations" : {
                                "lineNumbers" : "A=6+1*51",
                                "columnNumbers" : "A=9*52"
                              }
                            },
                            {
                              "predicate" : "summaryModel",
                              "file" : "/home/oleksii-shemshur/.codeql/packages/codeql/cpp-all/12.0.1/ext/bsl.list.model.yml",
                              "index" : 0,
                              "firstRowId" : 672,
                              "rowCount" : 67,
                              "predicateHasOrigin" : true,
                              "locations" : {
                                "lineNumbers" : "A=6+1*66",
                                "columnNumbers" : "A=9*67"
                              }
                            },
                            {
                              "predicate" : "summaryModel",
                              "file" : "/home/oleksii-shemshur/.codeql/packages/codeql/cpp-all/12.0.1/ext/bsl.vector.model.yml",
                              "index" : 0,
                              "firstRowId" : 739,
                              "rowCount" : 56,
                              "predicateHasOrigin" : true,
                              "locations" : {
                                "lineNumbers" : "A=6+1*55",
                                "columnNumbers" : "A=9*56"
                              }
                            },
                            {
                              "predicate" : "summaryModel",
                              "file" : "/home/oleksii-shemshur/.codeql/packages/codeql/cpp-all/12.0.1/ext/cctype.model.yml",
                              "index" : 0,
                              "firstRowId" : 795,
                              "rowCount" : 4,
                              "predicateHasOrigin" : true,
                              "locations" : {
                                "lineNumbers" : "A=6+1*3",
                                "columnNumbers" : "A=9*4"
                              }
                            },
                            {
                              "predicate" : "deallocationFunctionModel",
                              "file" : "/home/oleksii-shemshur/.codeql/packages/codeql/cpp-all/12.0.1/ext/deallocation/Bsd.deallocation.model.yml",
                              "index" : 0,
                              "firstRowId" : 799,
                              "rowCount" : 3,
                              "predicateHasOrigin" : false,
                              "locations" : {
                                "lineNumbers" : "A=6+1*2",
                                "columnNumbers" : "A=9*3"
                              }
                            },
                            {
                              "predicate" : "deallocationFunctionModel",
                              "file" : "/home/oleksii-shemshur/.codeql/packages/codeql/cpp-all/12.0.1/ext/deallocation/Std.deallocation.model.yml",
                              "index" : 0,
                              "firstRowId" : 802,
                              "rowCount" : 37,
                              "predicateHasOrigin" : false,
                              "locations" : {
                                "lineNumbers" : "A=6+1*36",
                                "columnNumbers" : "A=9*37"
                              }
                            },
                            {
                              "predicate" : "deallocationFunctionModel",
                              "file" : "/home/oleksii-shemshur/.codeql/packages/codeql/cpp-all/12.0.1/ext/deallocation/Windows.deallocation.model.yml",
                              "index" : 0,
                              "firstRowId" : 839,
                              "rowCount" : 36,
                              "predicateHasOrigin" : false,
                              "locations" : {
                                "lineNumbers" : "A=6+1*35",
                                "columnNumbers" : "A=9*36"
                              }
                            },
                            {
                              "predicate" : "deallocationFunctionModel",
                              "file" : "/home/oleksii-shemshur/.codeql/packages/codeql/cpp-all/12.0.1/ext/deallocation/empty.deallocation.model.yml",
                              "index" : 0,
                              "firstRowId" : 875,
                              "rowCount" : 0,
                              "predicateHasOrigin" : false,
                              "locations" : {
                                "lineNumbers" : "A",
                                "columnNumbers" : "A"
                              }
                            },
                            {
                              "predicate" : "sourceModel",
                              "file" : "/home/oleksii-shemshur/.codeql/packages/codeql/cpp-all/12.0.1/ext/empty.model.yml",
                              "index" : 0,
                              "firstRowId" : 875,
                              "rowCount" : 0,
                              "predicateHasOrigin" : true,
                              "locations" : {
                                "lineNumbers" : "A",
                                "columnNumbers" : "A"
                              }
                            },
                            {
                              "predicate" : "sinkModel",
                              "file" : "/home/oleksii-shemshur/.codeql/packages/codeql/cpp-all/12.0.1/ext/empty.model.yml",
                              "index" : 1,
                              "firstRowId" : 875,
                              "rowCount" : 0,
                              "predicateHasOrigin" : true,
                              "locations" : {
                                "lineNumbers" : "A",
                                "columnNumbers" : "A"
                              }
                            },
                            {
                              "predicate" : "barrierModel",
                              "file" : "/home/oleksii-shemshur/.codeql/packages/codeql/cpp-all/12.0.1/ext/empty.model.yml",
                              "index" : 2,
                              "firstRowId" : 875,
                              "rowCount" : 0,
                              "predicateHasOrigin" : true,
                              "locations" : {
                                "lineNumbers" : "A",
                                "columnNumbers" : "A"
                              }
                            },
                            {
                              "predicate" : "barrierGuardModel",
                              "file" : "/home/oleksii-shemshur/.codeql/packages/codeql/cpp-all/12.0.1/ext/empty.model.yml",
                              "index" : 3,
                              "firstRowId" : 875,
                              "rowCount" : 0,
                              "predicateHasOrigin" : true,
                              "locations" : {
                                "lineNumbers" : "A",
                                "columnNumbers" : "A"
                              }
                            },
                            {
                              "predicate" : "summaryModel",
                              "file" : "/home/oleksii-shemshur/.codeql/packages/codeql/cpp-all/12.0.1/ext/empty.model.yml",
                              "index" : 4,
                              "firstRowId" : 875,
                              "rowCount" : 0,
                              "predicateHasOrigin" : true,
                              "locations" : {
                                "lineNumbers" : "A",
                                "columnNumbers" : "A"
                              }
                            },
                            {
                              "predicate" : "summaryModel",
                              "file" : "/home/oleksii-shemshur/.codeql/packages/codeql/cpp-all/12.0.1/ext/generated/empty.model.yml",
                              "index" : 0,
                              "firstRowId" : 875,
                              "rowCount" : 0,
                              "predicateHasOrigin" : true,
                              "locations" : {
                                "lineNumbers" : "A",
                                "columnNumbers" : "A"
                              }
                            },
                            {
                              "predicate" : "summaryModel",
                              "file" : "/home/oleksii-shemshur/.codeql/packages/codeql/cpp-all/12.0.1/ext/generated/modelgenerator/brotli/brotli.model.yml",
                              "index" : 0,
                              "firstRowId" : 875,
                              "rowCount" : 474,
                              "predicateHasOrigin" : true,
                              "locations" : {
                                "lineNumbers" : "A=7+1*473",
                                "columnNumbers" : "A=9*474"
                              }
                            },
                            {
                              "predicate" : "summaryModel",
                              "file" : "/home/oleksii-shemshur/.codeql/packages/codeql/cpp-all/12.0.1/ext/generated/modelgenerator/curl/curl.model.yml",
                              "index" : 0,
                              "firstRowId" : 1349,
                              "rowCount" : 953,
                              "predicateHasOrigin" : true,
                              "locations" : {
                                "lineNumbers" : "A=7+1*952",
                                "columnNumbers" : "A=9*953"
                              }
                            },
                            {
                              "predicate" : "summaryModel",
                              "file" : "/home/oleksii-shemshur/.codeql/packages/codeql/cpp-all/12.0.1/ext/generated/modelgenerator/glibc/glibc.model.yml",
                              "index" : 0,
                              "firstRowId" : 2302,
                              "rowCount" : 5488,
                              "predicateHasOrigin" : true,
                              "locations" : {
                                "lineNumbers" : "A=7+1*5487",
                                "columnNumbers" : "A=9*5488"
                              }
                            },
                            {
                              "predicate" : "summaryModel",
                              "file" : "/home/oleksii-shemshur/.codeql/packages/codeql/cpp-all/12.0.1/ext/generated/modelgenerator/libidn2/libidn2.model.yml",
                              "index" : 0,
                              "firstRowId" : 7790,
                              "rowCount" : 142,
                              "predicateHasOrigin" : true,
                              "locations" : {
                                "lineNumbers" : "A=7+1*141",
                                "columnNumbers" : "A=9*142"
                              }
                            },
                            {
                              "predicate" : "summaryModel",
                              "file" : "/home/oleksii-shemshur/.codeql/packages/codeql/cpp-all/12.0.1/ext/generated/modelgenerator/libssh2/libssh2.model.yml",
                              "index" : 0,
                              "firstRowId" : 7932,
                              "rowCount" : 511,
                              "predicateHasOrigin" : true,
                              "locations" : {
                                "lineNumbers" : "A=7+1*510",
                                "columnNumbers" : "A=9*511"
                              }
                            },
                            {
                              "predicate" : "summaryModel",
                              "file" : "/home/oleksii-shemshur/.codeql/packages/codeql/cpp-all/12.0.1/ext/generated/modelgenerator/libuv/libuv.model.yml",
                              "index" : 0,
                              "firstRowId" : 8443,
                              "rowCount" : 640,
                              "predicateHasOrigin" : true,
                              "locations" : {
                                "lineNumbers" : "A=7+1*639",
                                "columnNumbers" : "A=9*640"
                              }
                            },
                            {
                              "predicate" : "summaryModel",
                              "file" : "/home/oleksii-shemshur/.codeql/packages/codeql/cpp-all/12.0.1/ext/generated/modelgenerator/nghttp2/nghttp2.model.yml",
                              "index" : 0,
                              "firstRowId" : 9083,
                              "rowCount" : 565,
                              "predicateHasOrigin" : true,
                              "locations" : {
                                "lineNumbers" : "A=7+1*564",
                                "columnNumbers" : "A=9*565"
                              }
                            },
                            {
                              "predicate" : "summaryModel",
                              "file" : "/home/oleksii-shemshur/.codeql/packages/codeql/cpp-all/12.0.1/ext/generated/modelgenerator/openssl/openssl.model.yml",
                              "index" : 0,
                              "firstRowId" : 9648,
                              "rowCount" : 21578,
                              "predicateHasOrigin" : true,
                              "locations" : {
                                "lineNumbers" : "A=7+1*21577",
                                "columnNumbers" : "A=9*21578"
                              }
                            },
                            {
                              "predicate" : "summaryModel",
                              "file" : "/home/oleksii-shemshur/.codeql/packages/codeql/cpp-all/12.0.1/ext/generated/modelgenerator/sqlite/sqlite.model.yml",
                              "index" : 0,
                              "firstRowId" : 31226,
                              "rowCount" : 942,
                              "predicateHasOrigin" : true,
                              "locations" : {
                                "lineNumbers" : "A=7+1*941",
                                "columnNumbers" : "A=9*942"
                              }
                            },
                            {
                              "predicate" : "summaryModel",
                              "file" : "/home/oleksii-shemshur/.codeql/packages/codeql/cpp-all/12.0.1/ext/generated/modelgenerator/zlib/zlib.model.yml",
                              "index" : 0,
                              "firstRowId" : 32168,
                              "rowCount" : 162,
                              "predicateHasOrigin" : true,
                              "locations" : {
                                "lineNumbers" : "A=7+1*161",
                                "columnNumbers" : "A=9*162"
                              }
                            },
                            {
                              "predicate" : "sourceModel",
                              "file" : "/home/oleksii-shemshur/.codeql/packages/codeql/cpp-all/12.0.1/ext/getc.model.yml",
                              "index" : 0,
                              "firstRowId" : 32330,
                              "rowCount" : 13,
                              "predicateHasOrigin" : true,
                              "locations" : {
                                "lineNumbers" : "A=7+1*12",
                                "columnNumbers" : "A=9*13"
                              }
                            },
                            {
                              "predicate" : "summaryModel",
                              "file" : "/home/oleksii-shemshur/.codeql/packages/codeql/cpp-all/12.0.1/ext/iconv.model.yml",
                              "index" : 0,
                              "firstRowId" : 32343,
                              "rowCount" : 1,
                              "predicateHasOrigin" : true,
                              "locations" : {
                                "lineNumbers" : "A=6",
                                "columnNumbers" : "A=9"
                              }
                            },
                            {
                              "predicate" : "summaryModel",
                              "file" : "/home/oleksii-shemshur/.codeql/packages/codeql/cpp-all/12.0.1/ext/oleauto.model.yml",
                              "index" : 0,
                              "firstRowId" : 32344,
                              "rowCount" : 3,
                              "predicateHasOrigin" : true,
                              "locations" : {
                                "lineNumbers" : "A=6+1*2",
                                "columnNumbers" : "A=9*3"
                              }
                            },
                            {
                              "predicate" : "summaryModel",
                              "file" : "/home/oleksii-shemshur/.codeql/packages/codeql/cpp-all/12.0.1/ext/pthread.model.yml",
                              "index" : 0,
                              "firstRowId" : 32347,
                              "rowCount" : 1,
                              "predicateHasOrigin" : true,
                              "locations" : {
                                "lineNumbers" : "A=6",
                                "columnNumbers" : "A=9"
                              }
                            },
                            {
                              "predicate" : "summaryModel",
                              "file" : "/home/oleksii-shemshur/.codeql/packages/codeql/cpp-all/12.0.1/ext/std.array.model.yml",
                              "index" : 0,
                              "firstRowId" : 32348,
                              "rowCount" : 9,
                              "predicateHasOrigin" : true,
                              "locations" : {
                                "lineNumbers" : "A=6+1*8",
                                "columnNumbers" : "A=9*9"
                              }
                            },
                            {
                              "predicate" : "summaryModel",
                              "file" : "/home/oleksii-shemshur/.codeql/packages/codeql/cpp-all/12.0.1/ext/std.deque.model.yml",
                              "index" : 0,
                              "firstRowId" : 32357,
                              "rowCount" : 69,
                              "predicateHasOrigin" : true,
                              "locations" : {
                                "lineNumbers" : "A=6+1*68",
                                "columnNumbers" : "A=9*69"
                              }
                            },
                            {
                              "predicate" : "summaryModel",
                              "file" : "/home/oleksii-shemshur/.codeql/packages/codeql/cpp-all/12.0.1/ext/std.format.model.yml",
                              "index" : 0,
                              "firstRowId" : 32426,
                              "rowCount" : 9,
                              "predicateHasOrigin" : true,
                              "locations" : {
                                "lineNumbers" : "A=6+1*8",
                                "columnNumbers" : "A=9*9"
                              }
                            },
                            {
                              "predicate" : "summaryModel",
                              "file" : "/home/oleksii-shemshur/.codeql/packages/codeql/cpp-all/12.0.1/ext/std.forward_list.model.yml",
                              "index" : 0,
                              "firstRowId" : 32435,
                              "rowCount" : 52,
                              "predicateHasOrigin" : true,
                              "locations" : {
                                "lineNumbers" : "A=6+1*51",
                                "columnNumbers" : "A=9*52"
                              }
                            },
                            {
                              "predicate" : "summaryModel",
                              "file" : "/home/oleksii-shemshur/.codeql/packages/codeql/cpp-all/12.0.1/ext/std.iterator.model.yml",
                              "index" : 0,
                              "firstRowId" : 32487,
                              "rowCount" : 6,
                              "predicateHasOrigin" : true,
                              "locations" : {
                                "lineNumbers" : "A=6+1*5",
                                "columnNumbers" : "A=9*6"
                              }
                            },
                            {
                              "predicate" : "summaryModel",
                              "file" : "/home/oleksii-shemshur/.codeql/packages/codeql/cpp-all/12.0.1/ext/std.list.model.yml",
                              "index" : 0,
                              "firstRowId" : 32493,
                              "rowCount" : 67,
                              "predicateHasOrigin" : true,
                              "locations" : {
                                "lineNumbers" : "A=6+1*66",
                                "columnNumbers" : "A=9*67"
                              }
                            },
                            {
                              "predicate" : "summaryModel",
                              "file" : "/home/oleksii-shemshur/.codeql/packages/codeql/cpp-all/12.0.1/ext/std.thread.model.yml",
                              "index" : 0,
                              "firstRowId" : 32560,
                              "rowCount" : 5,
                              "predicateHasOrigin" : true,
                              "locations" : {
                                "lineNumbers" : "A=6+1*4",
                                "columnNumbers" : "A=9*5"
                              }
                            },
                            {
                              "predicate" : "summaryModel",
                              "file" : "/home/oleksii-shemshur/.codeql/packages/codeql/cpp-all/12.0.1/ext/std.vector.model.yml",
                              "index" : 0,
                              "firstRowId" : 32565,
                              "rowCount" : 56,
                              "predicateHasOrigin" : true,
                              "locations" : {
                                "lineNumbers" : "A=6+1*55",
                                "columnNumbers" : "A=9*56"
                              }
                            },
                            {
                              "predicate" : "restrictAlertsTo",
                              "file" : "/home/oleksii-shemshur/.codeql/packages/codeql/util/2.0.41/ext/default-alert-filter.yml",
                              "index" : 0,
                              "firstRowId" : 32621,
                              "rowCount" : 0,
                              "predicateHasOrigin" : false,
                              "locations" : {
                                "lineNumbers" : "A",
                                "columnNumbers" : "A"
                              }
                            },
                            {
                              "predicate" : "restrictAlertsToExactLocation",
                              "file" : "/home/oleksii-shemshur/.codeql/packages/codeql/util/2.0.41/ext/default-alert-filter.yml",
                              "index" : 1,
                              "firstRowId" : 32621,
                              "rowCount" : 0,
                              "predicateHasOrigin" : false,
                              "locations" : {
                                "lineNumbers" : "A",
                                "columnNumbers" : "A"
                              }
                            }
                          ]
                        },
                        "threatModels" : { },
                        "extensionPacks" : [ ]
                      }
[2026-08-06 12:56:33] [SPAMMY] execute query-server2> Selected JGit Git client for /home/oleksii-shemshur/work/toolchains/tools/queries because the Git OID format could not be determined.
[2026-08-06 12:56:33] Starting evaluation of /home/oleksii-shemshur/work/toolchains/tools/queries/01_preliminary_groups.ql
[2026-08-06 12:56:33] (0s) Start query execution
[2026-08-06 12:56:33] (0s) Beginning execution of /home/oleksii-shemshur/work/toolchains/tools/queries/01_preliminary_groups.ql
[2026-08-06 12:56:33] (0s)  >>> Full cache hit cached_ResolveClass::isType/1#eabb9878/1@82ca1924 with 123849 rows and digest ad8b59i0rjk679rlo7j44pb0t5e.
[2026-08-06 12:56:33] (0s)  >>> Full cache hit cached_ResolveClass::isClass/1#af2a1ca6/1@ecb9e6su with 10868 rows and digest 1fa0d2c7406asdf7p55ogihl6q3.
[2026-08-06 12:56:33] (0s)  >>> Full cache hit cached_ResolveClass::resolveClass/1#ea47deee/2@a66798km with 24895 rows and digest 70711dvmaor323eimjo3stdkd3e.
[2026-08-06 12:56:33] (0s)  >>> Full cache hit cached_ResolveGlobalVariable::resolveGlobalVariable/1#17c3b74f/2@d04f11u9 with 447482 rows and digest 0a435bcnqfcgl7v26ek37lvt057.
[2026-08-06 12:56:33] (0s)  >>> Full cache hit cached_ResolveFunction::resolveFunction/1#576ba5ee/2@d186d880 with 107513 rows and digest d18da02akie3eih7c0nlsm38gs8.
[2026-08-06 12:56:33] (0s)  >>> Full cache hit cached_ResolveFunction::isFunction/1#9226b83f/1@f98098d9 with 91685 rows and digest 313143810mls3pav5g7p48cacd0.
[2026-08-06 12:56:33] (0s)  >>> Full cache hit cached_ResolveGlobalVariable::isVariable/1#6e051315/1@90738ahc with 446985 rows and digest e30202t02m9of0bfg2r1oggfe11.
[2026-08-06 12:56:33] (0s)  >>> Full cache hit initialisers/4@798acc0s with 358284 rows and digest 002d04ppnblmn613nq60hethuf7.
[2026-08-06 12:56:33] (0s)  >>> Second-level cache miss @stmt/1@49a5754k for content digest 484b91nffog49bh5pi9pjv9thm1.
[2026-08-06 12:56:33] (0s)  >>> First-level cache hit stmts/3@8dbc4cv2 with digest 0d7775omiob6tr3f2cl0265fjj2.
[2026-08-06 12:56:33] (0s)  >>> Full cache hit stmts/3@8dbc4cv2 with 1727224 rows and digest 0d7775omiob6tr3f2cl0265fjj2.
[2026-08-06 12:56:33] (0s)  >>> Second-level cache miss @function/1@24d7f7aa for content digest 8e4678ein0qeuvjp9udcm6il3n4.
[2026-08-06 12:56:33] (0s)  >>> First-level cache hit functions/3@3c09047a with digest 12de682i139om20ejbmpap8fgf0.
[2026-08-06 12:56:33] (0s)  >>> Full cache hit functions/3@3c09047a with 107513 rows and digest 12de682i139om20ejbmpap8fgf0.
[2026-08-06 12:56:33] (0s)  >>> Full cache hit membervariables/3@a109e7ik with 24819 rows and digest a0015de14qupckq505usdn7lon7.
[2026-08-06 12:56:33] (0s)  >>> Full cache hit globalvariables/3@056b2d2g with 9231 rows and digest 6278c7cdkf21s6nk3uqdup1p582.
[2026-08-06 12:56:33] (0s)  >>> Second-level cache miss @localscopevariable/1@6209b1aq for content digest e80113aafmsttdr7rtmh6ftsa05.
[2026-08-06 12:56:33] (0s)  >>> Second-level cache miss @localvariable/1@526b65nm for content digest e9dd5ecc5tv750fbavcf490iiv9.
[2026-08-06 12:56:33] (0s)  >>> First-level cache hit localvariables/3@dc5ff1mr with digest 0d9d26r2idcp1bfpjkpao6e8fmc.
[2026-08-06 12:56:33] (0s)  >>> Full cache hit localvariables/3@dc5ff1mr with 205108 rows and digest 0d9d26r2idcp1bfpjkpao6e8fmc.
[2026-08-06 12:56:33] (0s)  >>> Second-level cache miss @parameter/1@b404ef49 for content digest 8778f16eicattjs0k08gtlfgg42.
[2026-08-06 12:56:33] (0s)  >>> First-level cache hit params/4@63accdru with digest 3665811m6qgl0ubs8rradlv66r6.
[2026-08-06 12:56:33] (0s)  >>> Full cache hit params/4@63accdru with 240722 rows and digest 3665811m6qgl0ubs8rradlv66r6.
[2026-08-06 12:56:33] (0s)  >>> First-level cache hit exprparents/3@a736a38n with digest e1cb8bov4duiojitdsl94mvd77e.
[2026-08-06 12:56:33] (0s)  >>> Full cache hit @usertype/1@bb08c6gq with 24895 rows and digest 1d60fb004r2gh8m88bm3t0geggd.
[2026-08-06 12:56:33] (0s)  >>> Full cache hit exprparents/3@a736a38n with 7036472 rows and digest e1cb8bov4duiojitdsl94mvd77e.
[2026-08-06 12:56:33] (0s)  >>> First-level cache hit exprs_10#join_rhs/2@0a156eph with digest 1266dfo7g7i5cqohsa4up3l3vc2.
[2026-08-06 12:56:33] (0s)  >>> Second-level cache miss exprs_10#join_rhs/2@0a156eph for content digest 1266dfo7g7i5cqohsa4up3l3vc2.
[2026-08-06 12:56:33] (0s)  >>> First-level cache hit exprs/3@3564efhr with digest 6a1993ige79brdoq26sepi8qiha.
[2026-08-06 12:56:33] (0s)  >>> Full cache hit exprs/3@3564efhr with 10156860 rows and digest 6a1993ige79brdoq26sepi8qiha.
[2026-08-06 12:56:33] (0s)  >>> Second-level cache miss Parameter::Parameter#623bc78d/1@1076e85j for content digest 8778f16eicattjs0k08gtlfgg42.
[2026-08-06 12:56:33] (0s)  >>> First-level cache hit Variable::LocalScopeVariable#3aae4a09/1@f207e3e9 with digest e80113aafmsttdr7rtmh6ftsa05.
[2026-08-06 12:56:33] (0s)  >>> Second-level cache miss Variable::LocalScopeVariable#3aae4a09/1@f207e3e9 for content digest e80113aafmsttdr7rtmh6ftsa05.
[2026-08-06 12:56:33] (0s)  >>> First-level cache hit member/3@d2f9a19s with digest 2ba2089cmjdmfdjdc2d7dl0n86b.
[2026-08-06 12:56:33] (0s)  >>> First-level cache hit #functionsMerge_20#join_rhs/2@7f9bb8be with digest b36a53ftpb4682nmhp4kdib94od.
[2026-08-06 12:56:33] (0s)  >>> Full cache hit member/3@d2f9a19s with 63258 rows and digest 2ba2089cmjdmfdjdc2d7dl0n86b.
[2026-08-06 12:56:33] (0s)  >>> First-level cache hit funbind/2@a07059qu with digest 3ec356ef06mmei23nstlulnqhjf.
[2026-08-06 12:56:33] (0s)  >>> First-level cache hit iscall/2@f514bf4e with digest 2137f1h16fn0jpk1iq69ca7ji62.
[2026-08-06 12:56:33] (0s)  >>> Full cache hit cached_Expr::Expr.getType/0#dispred#444cc5af/2@6044b650 with 10158564 rows and digest 5a71bebamr43pcf296e74rr23da.
[2026-08-06 12:56:33] (0s)  >>> Full cache hit cached_Element::ElementBase.toString/0#dispred#6e016f86/2@b58a23s4 with 16830229 rows and digest 0edf170bfidfcstt9rmdku6baj5.
[2026-08-06 12:56:33] (0s)  >>> First-level cache hit QualifiedName::Namespace.getQualifiedName/0#cbc0648a/2@91677w3f with digest 2e3482p7hgpori40jssailq4g5f.
[2026-08-06 12:56:33] (0s)  >>> First-level cache hit Class::Class#9afdbffd/1@65d7f1bo with digest 8b39057h78sabuh1us37qu8ppp4.
[2026-08-06 12:56:33] (0s)  >>> First-level cache hit Class::Class.getCanonicalMember/1#dispred#e1747079/3@08088dq3 with digest 516d0acirn6l2r4nhkor0p4f8k3.
[2026-08-06 12:56:33] (0s)  >>> First-level cache hit Access::VariableAccess#27163138/1@60d1071f with digest 0ff280v005fknlcov1eo3utli45.
[2026-08-06 12:56:33] (0s)  >>> First-level cache hit files/2@ec93749g with digest 8b0383q4a477hj6mr7hfp3fn339.
[2026-08-06 12:56:33] (0s)  >>> Full cache hit cached_QualifiedName::declarationHasQualifiedName/4#749d7d29/4@bad017oq with 173869 rows and digest df73a524j4257hosbtc51rcmjo9.
[2026-08-06 12:56:33] Cachaca dict loading failed for @function/1@24d7f7aa = 8e4678ein0qeuvjp9udcm6il3n4.
[2026-08-06 12:56:33] (0s) Starting to evaluate predicate @function/1@24d7f7aa
[2026-08-06 12:56:33] (0s)  >>> Created relation @function/1@24d7f7aa with 107513 rows and digest 8e4678ein0qeuvjp9udcm6il3n4.
[2026-08-06 12:56:33] Cachaca dict loading failed for @localvariable/1@526b65nm = e9dd5ecc5tv750fbavcf490iiv9.
[2026-08-06 12:56:33] (0s) Starting to evaluate predicate @localvariable/1@526b65nm
[2026-08-06 12:56:34] (0s)  >>> Created relation @localvariable/1@526b65nm with 205066 rows and digest e9dd5ecc5tv750fbavcf490iiv9.
[2026-08-06 12:56:34] Cachaca dict loading failed for @parameter/1@b404ef49 = 8778f16eicattjs0k08gtlfgg42.
[2026-08-06 12:56:34] (0s) Starting to evaluate predicate @parameter/1@b404ef49
[2026-08-06 12:56:34] (0s)  >>> Created relation @parameter/1@b404ef49 with 209244 rows and digest 8778f16eicattjs0k08gtlfgg42.
[2026-08-06 12:56:34] Cachaca dict loading failed for @localscopevariable/1@6209b1aq = e80113aafmsttdr7rtmh6ftsa05.
[2026-08-06 12:56:34] (0s) Starting to evaluate predicate @localscopevariable/1@6209b1aq
[2026-08-06 12:56:34] (0s)  >>> Created relation @localscopevariable/1@6209b1aq with 414310 rows and digest e80113aafmsttdr7rtmh6ftsa05.
[2026-08-06 12:56:34] (0s)  >>> Created relation exprconv/2@71411889 with 3026158 rows and digest 888c3cdbia5rgdkgau7f444qjo4.
[2026-08-06 12:56:34] (0s) Starting to evaluate predicate #exprconvMerge_10#join_rhs/2@227869fv
[2026-08-06 12:56:34] (0s) Pausing evaluation to evict 32.60MiB ARRAYS at sequence stamp o+140853
[2026-08-06 12:56:34] (0s) Unpausing evaluation: 32.61MiB forgotten: 26.04MiB UNREACHABLE (35 items up to o+140812) 6.57MiB UNIMPORTANT (18 items up to o+137562)
[2026-08-06 12:56:34] (0s) Pausing evaluation to evict 31.04MiB ARRAYS at sequence stamp o+140939
[2026-08-06 12:56:34] (0s) Unpausing evaluation: 68.83MiB forgotten: 68.83MiB UNREACHABLE (163 items up to o+140938)
[2026-08-06 12:56:34] (0s)  >>> Created relation #exprconvMerge_10#join_rhs/2@227869fv with 3026158 rows and digest ec313415tm45f1s1cpev1483r7b.
[2026-08-06 12:56:34] (0s) Starting to evaluate predicate @variable/1@8c2928qk
[2026-08-06 12:56:34] (0s)  >>> Created relation @variable/1@8c2928qk with 447482 rows and digest 34e1f4dsvdg1un27pte4jtcjn6d.
[2026-08-06 12:56:34] (0s) Starting to evaluate predicate Expr::Expr.getParent/0#dispred#393b4f50/2@285711o5
[2026-08-06 12:56:35] (2s) Pausing evaluation to evict 31.05MiB ARRAYS at sequence stamp o+143349
[2026-08-06 12:56:36] (2s) Unpausing evaluation: 18.56MiB in memory written to disk, 31.91MiB forgotten: 12.37MiB UNREACHABLE (16 items up to o+140988) 989.97kiB UNIMPORTANT (4 items up to o+140779) 18.56MiB VITAL (19 items up to o+15942)
[2026-08-06 12:56:36] (2s) Pausing evaluation to evict 31.04MiB ARRAYS at sequence stamp o+143459
[2026-08-06 12:56:36] (2s) Unpausing evaluation: 38.67MiB forgotten: 38.67MiB UNREACHABLE (50 items up to o+143456)
[2026-08-06 12:56:36] (2s)  >>> Created relation Expr::Expr.getParent/0#dispred#393b4f50/2@285711o5 with 7036472 rows and digest b888f7k3cmt56ab5snt4l4qjjib.
[2026-08-06 12:56:36] (2s)  >>> Created relation condition_decl_bind/2@1162a4dd with 3491 rows and digest 8f0a5atpbhbaj16jfie13ge0nd0.
[2026-08-06 12:56:36] (2s) Starting to evaluate predicate Assignment::ConditionDeclExpr.getVariable/0#dispred#cc50c0bf/2@b41a07ah
[2026-08-06 12:56:36] (2s)  >>> Created relation Assignment::ConditionDeclExpr.getVariable/0#dispred#cc50c0bf/2@b41a07ah with 3491 rows and digest 8f0a5atpbhbaj16jfie13ge0nd0.
[2026-08-06 12:56:36] (2s) Starting to evaluate predicate project#Assignment::ConditionDeclExpr.getVariable/0#dispred#cc50c0bf/1@f33370c3
[2026-08-06 12:56:36] (2s)  >>> Created relation project#Assignment::ConditionDeclExpr.getVariable/0#dispred#cc50c0bf/1@f33370c3 with 3491 rows and digest 32c19dvuuh8k8v3nokr7lksa8le.
[2026-08-06 12:56:36] (2s) Starting to evaluate predicate m#Expr::Expr.getEnclosingStmt/0#224d8d99#bf/1@i1#bee54wva (iteration 1)
[2026-08-06 12:56:36] (2s) 			 - m#Expr::Expr.getEnclosingStmt/0#224d8d99#bf_delta has 361400 rows (order for disjuncts: delta=<standard>).
[2026-08-06 12:56:36] (2s) Starting to evaluate predicate m#Expr::Expr.getEnclosingStmt/0#224d8d99#bf/1@i2#bee54wva (iteration 2)
[2026-08-06 12:56:36] (2s) 			 - m#Expr::Expr.getEnclosingStmt/0#224d8d99#bf_delta has 355070 rows (order for disjuncts: delta=<standard>).
[2026-08-06 12:56:36] (2s) Starting to evaluate predicate m#Expr::Expr.getEnclosingStmt/0#224d8d99#bf/1@i3#bee54wva (iteration 3)
[2026-08-06 12:56:36] (2s) 			 - m#Expr::Expr.getEnclosingStmt/0#224d8d99#bf_delta has 1 rows (order for disjuncts: delta=<standard>).
[2026-08-06 12:56:36] (2s) Starting to evaluate predicate m#Expr::Expr.getEnclosingStmt/0#224d8d99#bf/1@i4#bee54wva (iteration 4)
[2026-08-06 12:56:36] (2s) Empty delta for m#Expr::Expr.getEnclosingStmt/0#224d8d99#bf_delta (order for disjuncts: delta=<standard>).
[2026-08-06 12:56:36] (2s) Accumulating deltas
[2026-08-06 12:56:36] (2s) Pausing evaluation to evict 30.28MiB ARRAYS at sequence stamp o+143873
[2026-08-06 12:56:36] (2s) Unpausing evaluation: 9.28MiB in memory written to disk, 31.32MiB forgotten: 22.04MiB UNREACHABLE (35 items up to o+143871) 9.28MiB VITAL (8 items up to o+15958)
[2026-08-06 12:56:36] (2s)  >>> Created relation m#Expr::Expr.getEnclosingStmt/0#224d8d99#bf/1@bee54wva with 716471 rows and digest 56ef92j1di2eqrqt7rv2c4q4ob2.
[2026-08-06 12:56:36] Cachaca dict loading failed for @stmt/1@49a5754k = 484b91nffog49bh5pi9pjv9thm1.
[2026-08-06 12:56:36] (2s) Starting to evaluate predicate @stmt/1@49a5754k
[2026-08-06 12:56:36] (2s)  >>> Created relation @stmt/1@49a5754k with 1727224 rows and digest 484b91nffog49bh5pi9pjv9thm1.
[2026-08-06 12:56:36] Cachaca dict loading failed for Initializer::Initializer.getDeclaration/0#dispred#67bc0d09/2@4704fa55 = 5e5359p92b9psm5382r5tdbl1t3.
[2026-08-06 12:56:36] (2s) Starting to evaluate predicate Initializer::Initializer.getDeclaration/0#dispred#67bc0d09/2@4704fa55
[2026-08-06 12:56:36] (2s)  >>> Created relation Initializer::Initializer.getDeclaration/0#dispred#67bc0d09/2@4704fa55 with 358284 rows and digest 5e5359p92b9psm5382r5tdbl1t3.
[2026-08-06 12:56:36] (2s) Starting to evaluate predicate Variable::Variable.getInitializer/0#dispred#34a5a1a6#fb/2@8d991ck2
[2026-08-06 12:56:36] (2s)  >>> Created relation Variable::Variable.getInitializer/0#dispred#34a5a1a6#fb/2@8d991ck2 with 133139 rows and digest 0a09a7bkrhgrp0edskacj7af1ha.
[2026-08-06 12:56:36] (2s)  >>> Created relation Variable::LocalScopeVariable#3aae4a09/1@f207e3e9 with 414310 rows and digest e80113aafmsttdr7rtmh6ftsa05.
[2026-08-06 12:56:36] (2s) Starting to evaluate predicate Variable::LocalVariable#66787c88/1@1e03b8vv
[2026-08-06 12:56:36] (2s)  >>> Created relation Variable::LocalVariable#66787c88/1@1e03b8vv with 205066 rows and digest e9dd5ecc5tv750fbavcf490iiv9.
[2026-08-06 12:56:36] (2s)  >>> Created relation stmt_decl_bind/3@dd2c4c71 with 196966 rows and digest 2fa6163ufgkeh6va3m917bcnlrc.
[2026-08-06 12:56:36] (2s) Starting to evaluate predicate Expr::Expr.getParent/0#dispred#393b4f50_10#join_rhs/2@dfcc6epe
[2026-08-06 12:56:36] (2s) Pausing evaluation to evict 31.05MiB ARRAYS at sequence stamp o+147016
[2026-08-06 12:56:36] (2s) Unpausing evaluation: 3.48MiB in memory written to disk, 31.32MiB forgotten: 3.87MiB UNREACHABLE (4 items up to o+145966) 23.98MiB UNIMPORTANT (31 items up to o+143857) 3.48MiB VITAL (3 items up to o+15963)
[2026-08-06 12:56:36] (2s) Pausing evaluation to evict 31.04MiB ARRAYS at sequence stamp o+147097
[2026-08-06 12:56:37] (3s) Unpausing evaluation: 31.32MiB in memory written to disk, 31.32MiB forgotten: 31.32MiB VITAL (27 items up to o+16018)
[2026-08-06 12:56:37] (3s) Pausing evaluation to evict 31.04MiB ARRAYS at sequence stamp o+147181
[2026-08-06 12:56:37] (3s) Unpausing evaluation: 9.28MiB in memory written to disk, 31.71MiB forgotten: 22.43MiB UNREACHABLE (29 items up to o+147179) 9.28MiB VITAL (8 items up to o+16032)
[2026-08-06 12:56:37] (3s) Pausing evaluation to evict 31.04MiB ARRAYS at sequence stamp o+147270
[2026-08-06 12:56:37] (3s) Unpausing evaluation: 31.71MiB forgotten: 31.71MiB UNREACHABLE (40 items up to o+147269)
[2026-08-06 12:56:37] (3s) Pausing evaluation to evict 31.04MiB ARRAYS at sequence stamp o+147360
[2026-08-06 12:56:37] (3s) Unpausing evaluation: 1.16MiB in memory written to disk, 32.10MiB forgotten: 30.94MiB UNREACHABLE (40 items up to o+147358) 1.16MiB VITAL (1 items up to o+16035)
[2026-08-06 12:56:37] (3s)  >>> Created relation Expr::Expr.getParent/0#dispred#393b4f50_10#join_rhs/2@dfcc6epe with 7036472 rows and digest 1454e5mqlgcsj5isl1os76jjgi9.
[2026-08-06 12:56:37] (3s) Starting to evaluate predicate Expr::Expr.getEnclosingStmt/0#224d8d99#bf/2@i1#d38ffwjd (iteration 1)
[2026-08-06 12:56:37] (3s) 			 - Expr::Expr.getEnclosingStmt/0#224d8d99#bf_delta has 109404 rows (order for disjuncts: delta=<standard>).
[2026-08-06 12:56:37] (3s) Starting to evaluate predicate Expr::Expr.getEnclosingStmt/0#224d8d99#bf/2@i2#d38ffwjd (iteration 2)
[2026-08-06 12:56:37] (3s) 			 - Expr::Expr.getEnclosingStmt/0#224d8d99#bf_delta has 3492 rows (order for disjuncts: delta=<standard>).
[2026-08-06 12:56:37] (3s) Starting to evaluate predicate Expr::Expr.getEnclosingStmt/0#224d8d99#bf/2@i3#d38ffwjd (iteration 3)
[2026-08-06 12:56:37] (3s) Empty delta for Expr::Expr.getEnclosingStmt/0#224d8d99#bf_delta (order for disjuncts: delta=<standard>).
[2026-08-06 12:56:37] (3s) Accumulating deltas
[2026-08-06 12:56:37] (3s)  >>> Created relation Expr::Expr.getEnclosingStmt/0#224d8d99#bf/2@d38ffwjd with 112896 rows and digest 963142vfea1vo1r13l2imfjvrv5.
[2026-08-06 12:56:37] (3s) Starting to evaluate predicate Initializer::Initializer.getEnclosingStmt/0#dispred#2eeaee04/2@921c0773
[2026-08-06 12:56:37] (3s)  >>> Created relation Initializer::Initializer.getEnclosingStmt/0#dispred#2eeaee04/2@921c0773 with 109404 rows and digest 65f9574i7hohds6u8k7jtiki42e.
[2026-08-06 12:56:37] (3s) Starting to evaluate predicate Initializer::Initializer.getEnclosingStmt/0#dispred#2eeaee04_10#join_rhs/2@fdf4edks
[2026-08-06 12:56:37] (3s)  >>> Created relation Initializer::Initializer.getEnclosingStmt/0#dispred#2eeaee04_10#join_rhs/2@fdf4edks with 109404 rows and digest cc4bbbmgmlecv35mjqfad2c82ie.
[2026-08-06 12:56:37] (3s)  >>> Created relation stmt_decl_entry_bind/3@bbd6c9b2 with 197008 rows and digest 3412354p4bumb522u9vnkd03fv0.
[2026-08-06 12:56:37] (3s)  >>> First-level cache hit var_decls/5@89473ckg with digest ad0a93tfglhimo2sinkqjubnui7.
[2026-08-06 12:56:37] (3s)  >>> Full cache hit var_decls/5@89473ckg with 558811 rows and digest ad0a93tfglhimo2sinkqjubnui7.
[2026-08-06 12:56:37] (3s)  >>> First-level cache hit fun_decls/5@bed82eip with digest 21082f7sl05knurv8430n8q04n8.
[2026-08-06 12:56:37] (3s)  >>> Full cache hit fun_decls/5@bed82eip with 150634 rows and digest 21082f7sl05knurv8430n8q04n8.
[2026-08-06 12:56:37] (3s)  >>> First-level cache hit type_decls/3@8b2e3e64 with digest 68e527n8qsgbfs9guih3fq7h8a1.
[2026-08-06 12:56:37] (3s)  >>> Full cache hit type_decls/3@8b2e3e64 with 14898 rows and digest 68e527n8qsgbfs9guih3fq7h8a1.
[2026-08-06 12:56:37] (3s) Starting to evaluate predicate @var_decl/1@850187o7
[2026-08-06 12:56:37] (3s)  >>> Created relation @var_decl/1@850187o7 with 530414 rows and digest 566ecfoelg1la2kj2kt9oudo9g4.
[2026-08-06 12:56:37] (3s) Starting to evaluate predicate @fun_decl/1@d118d94h
[2026-08-06 12:56:37] (3s) Pausing evaluation to evict 31.05MiB ARRAYS at sequence stamp o+148273
[2026-08-06 12:56:37] (3s) Unpausing evaluation: 31.42MiB forgotten: 19.05MiB UNREACHABLE (26 items up to o+148237) 12.37MiB UNIMPORTANT (19 items up to o+147126)
[2026-08-06 12:56:37] (3s)  >>> Created relation @fun_decl/1@d118d94h with 143068 rows and digest d7705223usiuc3c8mpnpjj4klmf.
[2026-08-06 12:56:37] (3s) Starting to evaluate predicate @type_decl/1@823e090t
[2026-08-06 12:56:37] (3s)  >>> Created relation @type_decl/1@823e090t with 14898 rows and digest aecf32ngi4924e160gnabtnul6a.
[2026-08-06 12:56:37] (3s) Starting to evaluate predicate Declaration::DeclarationEntry#35f64a4e#b/1@a25f503i
[2026-08-06 12:56:37] (3s)  >>> Created relation Declaration::DeclarationEntry#35f64a4e#b/1@a25f503i with 197006 rows and digest 625eafa78pvep39tpurfe68om15.
[2026-08-06 12:56:37] (3s) Starting to evaluate predicate Stmt::DeclStmt.getADeclarationEntry/0#dispred#bcacfa3d/2@db0593jh
[2026-08-06 12:56:37] (3s)  >>> Created relation Stmt::DeclStmt.getADeclarationEntry/0#dispred#bcacfa3d/2@db0593jh with 197008 rows and digest bca82f5vveri36cn7pl4iqaim70.
[2026-08-06 12:56:37] Cachaca dict loading failed for exprs_10#join_rhs/2@0a156eph = 1266dfo7g7i5cqohsa4up3l3vc2.
[2026-08-06 12:56:37] (3s) Starting to evaluate predicate exprs_10#join_rhs/2@0a156eph
[2026-08-06 12:56:37] (3s) Pausing evaluation to evict 31.06MiB ARRAYS at sequence stamp o+148337
[2026-08-06 12:56:37] (3s) Unpausing evaluation: 47.61MiB forgotten: 47.61MiB UNREACHABLE (64 items up to o+148234)
[2026-08-06 12:56:37] (4s) Pausing evaluation to evict 31.06MiB ARRAYS at sequence stamp o+148387
[2026-08-06 12:56:38] (4s) Unpausing evaluation: 25.58MiB in memory written to disk, 31.67MiB forgotten: 6.09MiB UNIMPORTANT (18 items up to o+148310) 4.70MiB NORMAL (10 items up to o+148310) 20.88MiB VITAL (18 items up to o+16071)
[2026-08-06 12:56:38] (4s) Pausing evaluation to evict 31.83MiB ARRAYS at sequence stamp o+148422
[2026-08-06 12:56:38] (4s) Unpausing evaluation: 31.90MiB in memory written to disk, 31.90MiB forgotten: 31.90MiB VITAL (28 items up to o+17910)
[2026-08-06 12:56:38] (4s) Pausing evaluation to evict 31.04MiB ARRAYS at sequence stamp o+148454
[2026-08-06 12:56:38] (4s) Will trim disk cache to check for obsolete items before writing 38.02MiB (currently using 170.64MiB).
[2026-08-06 12:56:38] (4s) After trimming, disk cache uses 170.64MiB.
[2026-08-06 12:56:39] (5s) Unpausing evaluation: 31.61MiB in memory written to disk, 31.61MiB forgotten: 31.61MiB VITAL (45 items up to o+102700)
[2026-08-06 12:56:39] (5s) Pausing evaluation to evict 31.82MiB ARRAYS at sequence stamp o+148489
[2026-08-06 12:56:39] (5s) Unpausing evaluation: 32.63MiB in memory written to disk, 32.63MiB forgotten: 32.63MiB VITAL (38 items up to o+104106)
[2026-08-06 12:56:39] (5s) Pausing evaluation to evict 31.04MiB ARRAYS at sequence stamp o+148540
[2026-08-06 12:56:39] (6s) Unpausing evaluation: 18.66MiB in memory written to disk, 31.81MiB forgotten: 13.15MiB UNREACHABLE (16 items up to o+148538) 18.66MiB VITAL (17 items up to o+104182)
[2026-08-06 12:56:40] (6s) Pausing evaluation to evict 31.04MiB ARRAYS at sequence stamp o+148617
[2026-08-06 12:56:40] (6s) Unpausing evaluation: 4.79MiB in memory written to disk, 31.08MiB forgotten: 26.30MiB UNREACHABLE (34 items up to o+148615) 4.79MiB VITAL (18 items up to o+104554)
[2026-08-06 12:56:40] (6s) Pausing evaluation to evict 31.01MiB ARRAYS at sequence stamp o+148699
[2026-08-06 12:56:40] (6s) Unpausing evaluation: 32.48MiB forgotten: 32.48MiB UNREACHABLE (42 items up to o+148697)
[2026-08-06 12:56:40] (6s) Pausing evaluation to evict 31.01MiB ARRAYS at sequence stamp o+148777
[2026-08-06 12:56:40] (6s) Unpausing evaluation: 4.64MiB in memory written to disk, 31.71MiB forgotten: 27.07MiB UNREACHABLE (35 items up to o+148775) 4.64MiB VITAL (6 items up to o+104564)
[2026-08-06 12:56:40] (6s) Pausing evaluation to evict 31.01MiB ARRAYS at sequence stamp o+148858
[2026-08-06 12:56:40] (6s) Unpausing evaluation: 791.99kiB in memory written to disk, 31.71MiB forgotten: 30.94MiB UNREACHABLE (40 items up to o+148856) 791.99kiB VITAL (1 items up to o+104565)
[2026-08-06 12:56:40] (6s)  >>> Created relation exprs_10#join_rhs/2@0a156eph with 10156860 rows and digest 1266dfo7g7i5cqohsa4up3l3vc2.
[2026-08-06 12:56:40] (6s) Starting to evaluate predicate @conversion/1@57fb4302
[2026-08-06 12:56:40] (6s) Pausing evaluation to evict 30.25MiB ARRAYS at sequence stamp o+148977
[2026-08-06 12:56:40] (6s) Unpausing evaluation: 8.51MiB in memory written to disk, 30.36MiB forgotten: 21.85MiB UNREACHABLE (29 items up to o+148916) 8.51MiB VITAL (11 items up to o+104581)
[2026-08-06 12:56:40] (6s)  >>> Created relation @conversion/1@57fb4302 with 3026158 rows and digest adabf6l5rh23rs01hh841pt2pka.
[2026-08-06 12:56:40] (6s)  >>> Created relation Parameter::Parameter#623bc78d/1@1076e85j with 209244 rows and digest 8778f16eicattjs0k08gtlfgg42.
[2026-08-06 12:56:40] (6s) Starting to evaluate predicate Parameter::Parameter.getFunction/0#dispred#803faca2/2@5f3957oh
[2026-08-06 12:56:40] (6s)  >>> Created relation Parameter::Parameter.getFunction/0#dispred#803faca2/2@5f3957oh with 209244 rows and digest d070250tjnh2sqo2gb4qr02sma1.
[2026-08-06 12:56:40] (6s) Starting to evaluate predicate Class::Class.getCanonicalMember/1#dispred#e1747079/3@30e5176b
[2026-08-06 12:56:40] (6s)  >>> Created relation Class::Class.getCanonicalMember/1#dispred#e1747079/3@30e5176b with 32421 rows and digest bdf2c43290v38035gqle76pve7b.
[2026-08-06 12:56:40] Cachaca dict loading failed for project#Class::Class.getCanonicalMember/1#dispred#e1747079/1@7f1af0tq = 911ecbk8a89ts64lelblvt90kg7.
[2026-08-06 12:56:40] (6s) Starting to evaluate predicate project#Class::Class.getCanonicalMember/1#dispred#e1747079/1@7f1af0tq
[2026-08-06 12:56:40] (6s)  >>> Created relation project#Class::Class.getCanonicalMember/1#dispred#e1747079/1@7f1af0tq with 32420 rows and digest 911ecbk8a89ts64lelblvt90kg7.
[2026-08-06 12:56:40] (6s)  >>> First-level cache hit Function::Function.isConstructedFrom/1#dispred#2edd856f_10#join_rhs/2@ae44c42q with digest 4e05499n60b1ot8meuao7grnoma.
[2026-08-06 12:56:40] (6s)  >>> First-level cache hit is_function_template/1@7d32268e with digest 80106bpf2jb7h9abn10bcs7mfa0.
[2026-08-06 12:56:40] (6s)  >>> Second-level cache miss Declaration::Declaration.getTemplateArgumentType/1#dispred#b0efb79c/3@b4b14eq1 for content digest 2225068jo1pglhjvhpjegj50561.
[2026-08-06 12:56:40] (6s)  >>> First-level cache hit function_template_argument/3@1172b2jl with digest 707a4aco2km7fde6ngj1sica8ke.
[2026-08-06 12:56:40] (6s)  >>> Full cache hit function_template_argument/3@1172b2jl with 19156 rows and digest 707a4aco2km7fde6ngj1sica8ke.
[2026-08-06 12:56:40] (6s)  >>> First-level cache hit concept_templates/3@d529d6ve with empty relation.
[2026-08-06 12:56:40] (6s)  >>> Full cache hit enumconstants/6@353b6bq9 with 32088 rows and digest cf6120jqi1asm71c1242fk7q7gf.
[2026-08-06 12:56:40] (6s)  >>> Full cache hit frienddecls/4@eed3c16n with 22395 rows and digest 453190jfm62dfdkhfa7bpn22n0c.
[2026-08-06 12:56:40] Cachaca dict loading failed for Declaration::Declaration.getTemplateArgumentType/1#dispred#b0efb79c/3@b4b14eq1 = 2225068jo1pglhjvhpjegj50561.
[2026-08-06 12:56:40] (6s) Starting to evaluate predicate Declaration::Declaration.getTemplateArgumentType/1#dispred#b0efb79c/3@b4b14eq1
[2026-08-06 12:56:40] (6s)  >>> Created relation Declaration::Declaration.getTemplateArgumentType/1#dispred#b0efb79c/3@b4b14eq1 with 19071 rows and digest 2225068jo1pglhjvhpjegj50561.
[2026-08-06 12:56:40] (6s) Starting to evaluate predicate @declaration/1@f3a3f9gb
[2026-08-06 12:56:40] (6s)  >>> Created relation @declaration/1@f3a3f9gb with 632412 rows and digest 80aae6si6eeriou4qd68f8t3fq4.
[2026-08-06 12:56:40] (6s)  >>> First-level cache hit variable_template_argument_value/3@a90e6blo with empty relation.
[2026-08-06 12:56:40] (6s)  >>> First-level cache hit template_template_argument_value/3@4043602e with empty relation.
[2026-08-06 12:56:40] (6s)  >>> Full cache hit function_template_argument_value/3@1ba8dba6 with 18226 rows and digest cf5efc76ia1816hcs7j47brtea2.
[2026-08-06 12:56:40] (6s)  >>> First-level cache hit concept_template_argument_value/3@51f53cok with empty relation.
[2026-08-06 12:56:40] (6s)  >>> Full cache hit class_template_argument_value/3@ce2ad0n8 with 8539 rows and digest 999bd297a9j90blbq1pj825f6i5.
[2026-08-06 12:56:40] (6s)  >>> First-level cache hit alias_template_argument_value/3@4de9capf with empty relation.
[2026-08-06 12:56:40] Cachaca dict loading failed for Declaration::Declaration.getTemplateArgumentValue/1#dispred#3eef4b7f/3@ebe52blp = 6e2d0d6j781o1bh1rv8sonve6f3.
[2026-08-06 12:56:40] (6s) Starting to evaluate predicate Declaration::Declaration.getTemplateArgumentValue/1#dispred#3eef4b7f/3@ebe52blp
[2026-08-06 12:56:40] (6s)  >>> Created relation Declaration::Declaration.getTemplateArgumentValue/1#dispred#3eef4b7f/3@ebe52blp with 26765 rows and digest 6e2d0d6j781o1bh1rv8sonve6f3.
[2026-08-06 12:56:40] Cachaca dict loading failed for project#Declaration::Declaration.getTemplateArgumentValue/1#dispred#3eef4b7f#2/2@1e9fd1pu = 1f6f98f736mnj9u5kms3or6ouf8.
[2026-08-06 12:56:40] (6s) Starting to evaluate predicate project#Declaration::Declaration.getTemplateArgumentValue/1#dispred#3eef4b7f#2/2@1e9fd1pu
[2026-08-06 12:56:40] (6s)  >>> Created relation project#Declaration::Declaration.getTemplateArgumentValue/1#dispred#3eef4b7f#2/2@1e9fd1pu with 3304 rows and digest 1f6f98f736mnj9u5kms3or6ouf8.
[2026-08-06 12:56:40] Cachaca dict loading failed for project#Declaration::Declaration.getTemplateArgumentValue/1#dispred#3eef4b7f/2@45c284mc = 6804bdr1q0t399ooos9gqk1d6gc.
[2026-08-06 12:56:40] (6s) Starting to evaluate predicate project#Declaration::Declaration.getTemplateArgumentValue/1#dispred#3eef4b7f/2@45c284mc
[2026-08-06 12:56:40] (6s)  >>> Created relation project#Declaration::Declaration.getTemplateArgumentValue/1#dispred#3eef4b7f/2@45c284mc with 26765 rows and digest 6804bdr1q0t399ooos9gqk1d6gc.
[2026-08-06 12:56:40] Cachaca dict loading failed for Declaration::Declaration.getATemplateArgument/0#dispred#260b9dcc/2@7b320av7 = 37cb881esuc5n802o8uts1fl5r7.
[2026-08-06 12:56:40] (6s) Starting to evaluate predicate Declaration::Declaration.getATemplateArgument/0#dispred#260b9dcc/2@7b320av7
[2026-08-06 12:56:40] (6s)  >>> Created relation Declaration::Declaration.getATemplateArgument/0#dispred#260b9dcc/2@7b320av7 with 43325 rows and digest 37cb881esuc5n802o8uts1fl5r7.
[2026-08-06 12:56:40] Cachaca dict loading failed for project#Declaration::Declaration.getATemplateArgument/0#dispred#260b9dcc/1@0706cd6o = 75d3e0jmkjpapsu5kdasfma2l1d.
[2026-08-06 12:56:40] (6s) Starting to evaluate predicate project#Declaration::Declaration.getATemplateArgument/0#dispred#260b9dcc/1@0706cd6o
[2026-08-06 12:56:40] (6s)  >>> Created relation project#Declaration::Declaration.getATemplateArgument/0#dispred#260b9dcc/1@0706cd6o with 13959 rows and digest 75d3e0jmkjpapsu5kdasfma2l1d.
[2026-08-06 12:56:40] (6s)  >>> Full cache hit is_function_template/1@7d32268e with 6698 rows and digest 80106bpf2jb7h9abn10bcs7mfa0.
[2026-08-06 12:56:40] Cachaca dict loading failed for _#is_function_templateMerge_project#Declaration::Declaration.getATemplateArgument/0#dispred#260b9dcc#shared/1@cdef58u3 = fcd1d2pttpkcjj4ihv268pafi71.
[2026-08-06 12:56:40] (6s) Starting to evaluate predicate _#is_function_templateMerge_project#Declaration::Declaration.getATemplateArgument/0#dispred#260b9dcc#shared/1@cdef58u3
[2026-08-06 12:56:40] (6s)  >>> Created relation _#is_function_templateMerge_project#Declaration::Declaration.getATemplateArgument/0#dispred#260b9dcc#shared/1@cdef58u3 with 4869 rows and digest fcd1d2pttpkcjj4ihv268pafi71.
[2026-08-06 12:56:40] (6s)  >>> Second-level cache miss Function::Function.isConstructedFrom/1#dispred#2edd856f_10#join_rhs/2@ae44c42q for content digest 4e05499n60b1ot8meuao7grnoma.
[2026-08-06 12:56:40] (6s)  >>> First-level cache hit Function::Function.isConstructedFrom/1#dispred#2edd856f/2@9d2620dd with digest a86a73dmfomhqkbq9qv7qocn0n4.
[2026-08-06 12:56:40] (6s)  >>> Second-level cache miss Function::Function.isConstructedFrom/1#dispred#2edd856f/2@9d2620dd for content digest a86a73dmfomhqkbq9qv7qocn0n4.
[2026-08-06 12:56:40] (6s)  >>> First-level cache hit function_instantiation/2@5ba009cf with digest eddf361p2dk79a2k9iv9o1s7sr5.
[2026-08-06 12:56:40] (6s)  >>> Full cache hit function_instantiation/2@5ba009cf with 25837 rows and digest eddf361p2dk79a2k9iv9o1s7sr5.
[2026-08-06 12:56:40] (6s)  >>> First-level cache hit fun_specialized/1@88105f7c with digest 7f21e8migc9k3vtmt86o6saveld.
[2026-08-06 12:56:40] (6s)  >>> First-level cache hit #fun_declsMerge_10#join_rhs/2@ef921723 with digest 5ac95amj9qmkm9pvm7u8pdov09e.
[2026-08-06 12:56:40] (6s)  >>> Full cache hit fun_specialized/1@88105f7c with 147 rows and digest 7f21e8migc9k3vtmt86o6saveld.
[2026-08-06 12:56:40] (6s)  >>> Second-level cache miss #fun_declsMerge_10#join_rhs/2@ef921723 for content digest 5ac95amj9qmkm9pvm7u8pdov09e.
[2026-08-06 12:56:40] Cachaca dict loading failed for Function::Function.isConstructedFrom/1#dispred#2edd856f/2@9d2620dd = a86a73dmfomhqkbq9qv7qocn0n4.
[2026-08-06 12:56:40] (6s) Starting to evaluate predicate Function::Function.isConstructedFrom/1#dispred#2edd856f/2@9d2620dd
[2026-08-06 12:56:40] (6s)  >>> Created relation Function::Function.isConstructedFrom/1#dispred#2edd856f/2@9d2620dd with 25835 rows and digest a86a73dmfomhqkbq9qv7qocn0n4.
[2026-08-06 12:56:40] Cachaca dict loading failed for Function::Function.isConstructedFrom/1#dispred#2edd856f_10#join_rhs/2@ae44c42q = 4e05499n60b1ot8meuao7grnoma.
[2026-08-06 12:56:40] (6s) Starting to evaluate predicate Function::Function.isConstructedFrom/1#dispred#2edd856f_10#join_rhs/2@ae44c42q
[2026-08-06 12:56:40] (6s)  >>> Created relation Function::Function.isConstructedFrom/1#dispred#2edd856f_10#join_rhs/2@ae44c42q with 25835 rows and digest 4e05499n60b1ot8meuao7grnoma.
[2026-08-06 12:56:40] Cachaca dict loading failed for #fun_declsMerge_10#join_rhs/2@ef921723 = 5ac95amj9qmkm9pvm7u8pdov09e.
[2026-08-06 12:56:40] (6s) Starting to evaluate predicate #fun_declsMerge_10#join_rhs/2@ef921723
[2026-08-06 12:56:40] (6s)  >>> Created relation #fun_declsMerge_10#join_rhs/2@ef921723 with 143068 rows and digest 5ac95amj9qmkm9pvm7u8pdov09e.
[2026-08-06 12:56:40] Cachaca dict loading failed for _#fun_declsMerge_10#join_rhs_#fun_specializedMerge_Function::Function.isConstructedFrom/1#dispred#2e__#antijoin_rhs/2@8792d3h2 = a3d6a1p4ao59hs060mnom0pilfb.
[2026-08-06 12:56:40] (6s) Starting to evaluate predicate _#fun_declsMerge_10#join_rhs_#fun_specializedMerge_Function::Function.isConstructedFrom/1#dispred#2e__#antijoin_rhs/2@8792d3h2
[2026-08-06 12:56:40] (6s)  >>> Created relation _#fun_declsMerge_10#join_rhs_#fun_specializedMerge_Function::Function.isConstructedFrom/1#dispred#2e__#antijoin_rhs/2@8792d3h2 with 143 rows and digest a3d6a1p4ao59hs060mnom0pilfb.
[2026-08-06 12:56:40] Cachaca dict loading failed for Function::TemplateFunction.getAnInstantiation/0#dispred#578175e9/2@137c4csv = b04eb126oo7difbp2tf9lfppjma.
[2026-08-06 12:56:40] (6s) Starting to evaluate predicate Function::TemplateFunction.getAnInstantiation/0#dispred#578175e9/2@137c4csv
[2026-08-06 12:56:40] (6s)  >>> Created relation Function::TemplateFunction.getAnInstantiation/0#dispred#578175e9/2@137c4csv with 7648 rows and digest b04eb126oo7difbp2tf9lfppjma.
[2026-08-06 12:56:40] Cachaca dict loading failed for Declaration::Declaration.isMember/0#dispred#de845e36/1@654e13u1 = 75ae7b3ms5k38gtkr4gf1i54nf1.
[2026-08-06 12:56:40] (6s) Starting to evaluate predicate Declaration::Declaration.isMember/0#dispred#de845e36/1@654e13u1
[2026-08-06 12:56:40] (6s)  >>> Created relation Declaration::Declaration.isMember/0#dispred#de845e36/1@654e13u1 with 34610 rows and digest 75ae7b3ms5k38gtkr4gf1i54nf1.
[2026-08-06 12:56:40] (6s)  >>> Second-level cache miss #functionsMerge_20#join_rhs/2@7f9bb8be for content digest b36a53ftpb4682nmhp4kdib94od.
[2026-08-06 12:56:40] Cachaca dict loading failed for #functionsMerge_20#join_rhs/2@7f9bb8be = b36a53ftpb4682nmhp4kdib94od.
[2026-08-06 12:56:40] (6s) Starting to evaluate predicate #functionsMerge_20#join_rhs/2@7f9bb8be
[2026-08-06 12:56:40] (6s) Pausing evaluation to evict 31.06MiB ARRAYS at sequence stamp o+149375
[2026-08-06 12:56:40] (6s) Unpausing evaluation: 14.70MiB in memory written to disk, 31.71MiB forgotten: 17.02MiB UNREACHABLE (38 items up to o+149270) 14.70MiB VITAL (19 items up to o+104608)
[2026-08-06 12:56:40] (6s)  >>> Created relation #functionsMerge_20#join_rhs/2@7f9bb8be with 107513 rows and digest b36a53ftpb4682nmhp4kdib94od.
[2026-08-06 12:56:40] (6s) Starting to evaluate predicate MemberFunction::Destructor#3b34c0ea/1@bcef5cca
[2026-08-06 12:56:40] (6s)  >>> Created relation MemberFunction::Destructor#3b34c0ea/1@bcef5cca with 1439 rows and digest 4dab8320vhs7il5bctprmjcr6ad.
[2026-08-06 12:56:40] (6s)  >>> Created relation synthetic_destructor_call/3@d953e1ah with 3503 rows and digest f20f2b298e62nigvsttgc56p750.
[2026-08-06 12:56:40] (6s) Starting to evaluate predicate m#Call::FunctionCall.getTarget/0#45745a57#bf/1@a32c3f8c
[2026-08-06 12:56:40] (6s)  >>> Created relation m#Call::FunctionCall.getTarget/0#45745a57#bf/1@a32c3f8c with 3418 rows and digest 5ab4e5n54q10akfg1m4mdbcn0e5.
[2026-08-06 12:56:40] (6s)  >>> Full cache hit iscall/2@f514bf4e with 592921 rows and digest 2137f1h16fn0jpk1iq69ca7ji62.
[2026-08-06 12:56:40] (6s)  >>> Full cache hit @callexpr/1@9c70b6i9 with 10529 rows and digest 3285e9mevpc12act3q4e5sm929e.
[2026-08-06 12:56:40] (6s) Starting to evaluate predicate Call::Call#048c9613#b/1@a8dc4253
[2026-08-06 12:56:40] (6s)  >>> Created relation Call::Call#048c9613#b/1@a8dc4253 with 3418 rows and digest 5ab4e5n54q10akfg1m4mdbcn0e5.
[2026-08-06 12:56:40] (6s)  >>> Full cache hit funbind/2@a07059qu with 624663 rows and digest 3ec356ef06mmei23nstlulnqhjf.
[2026-08-06 12:56:40] (6s) Starting to evaluate predicate Call::FunctionCall.getTarget/0#45745a57#bf/2@f99c89c6
[2026-08-06 12:56:40] (6s)  >>> Created relation Call::FunctionCall.getTarget/0#45745a57#bf/2@f99c89c6 with 3418 rows and digest 44ed54jtv5hsoprh9lcrd1rrnad.
[2026-08-06 12:56:40] (6s) Starting to evaluate predicate project#Initializer::Initializer.getEnclosingStmt/0#dispred#2eeaee04/1@3958e5it
[2026-08-06 12:56:40] (6s)  >>> Created relation project#Initializer::Initializer.getEnclosingStmt/0#dispred#2eeaee04/1@3958e5it with 109404 rows and digest 9fc214f7g597aqt9idlaa511pac.
[2026-08-06 12:56:40] (6s) Starting to evaluate predicate _#initialisersMerge_project#Initializer::Initializer.getEnclosingStmt/0#dispred#2eeaee04#shared/2@4643bb0l
[2026-08-06 12:56:40] (6s)  >>> Created relation _#initialisersMerge_project#Initializer::Initializer.getEnclosingStmt/0#dispred#2eeaee04#shared/2@4643bb0l with 248505 rows and digest 6976331he4465oi8evoa00fro06.
[2026-08-06 12:56:40] (6s) Starting to evaluate predicate _Initializer::Initializer.getDeclaration/0#dispred#67bc0d09_Parameter::Parameter#623bc78d__#initiali__#antijoin_rhs/2@12cef0d9
[2026-08-06 12:56:40] (6s)  >>> Created relation _Initializer::Initializer.getDeclaration/0#dispred#67bc0d09_Parameter::Parameter#623bc78d__#initiali__#antijoin_rhs/2@12cef0d9 with 6331 rows and digest 0364c8mv1vhrkoacj8gep1fm1e9.
[2026-08-06 12:56:40] (6s)  >>> Created relation expr_ancestor/2@0df216oa with 16988 rows and digest f882c8t1fan7i5ef3m3tmvtv4j7.
[2026-08-06 12:56:40] (6s) Starting to evaluate predicate Declaration::DeclarationEntry.getDeclaration/0#dispred#1b743ecb#bf/2@81662afr
[2026-08-06 12:56:40] (6s)  >>> Created relation Declaration::DeclarationEntry.getDeclaration/0#dispred#1b743ecb#bf/2@81662afr with 10711 rows and digest c25469ajv36ilgq99bna6065opa.
[2026-08-06 12:56:40] (6s) Starting to evaluate predicate Stmt::DeclStmt.getADeclarationEntry/0#dispred#bcacfa3d_1#antijoin_rhs/1@c3261cou
[2026-08-06 12:56:40] (6s)  >>> Created relation Stmt::DeclStmt.getADeclarationEntry/0#dispred#bcacfa3d_1#antijoin_rhs/1@c3261cou with 197006 rows and digest 625eafa78pvep39tpurfe68om15.
[2026-08-06 12:56:40] (6s) Starting to evaluate predicate #expr_ancestorMerge_10#join_rhs/2@e602baic
[2026-08-06 12:56:40] (6s)  >>> Created relation #expr_ancestorMerge_10#join_rhs/2@e602baic with 16988 rows and digest 3c72cft31f0c7h3q2jjvo6fato2.
[2026-08-06 12:56:40] (6s) Pausing evaluation to evict 31.78MiB ARRAYS at sequence stamp o+149849
[2026-08-06 12:56:41] (7s) Unpausing evaluation: 28.37MiB in memory written to disk, 31.89MiB forgotten: 3.53MiB UNIMPORTANT (8 items up to o+149436) 197.99kiB NORMAL (2 items up to o+149832) 28.17MiB VITAL (50 items up to o+104849)
[2026-08-06 12:56:41] (7s)  >>> Created relation stmtparents/3@e14ab5hp with 1647948 rows and digest 39e04frvaug3tknefavdotnte61.
[2026-08-06 12:56:41] (7s) Starting to evaluate predicate #stmtparentsMerge_20#join_rhs/2@d40a20s6
[2026-08-06 12:56:41] (7s)  >>> Created relation #stmtparentsMerge_20#join_rhs/2@d40a20s6 with 1647948 rows and digest 714f45si4uhobgpgkq6n8shh1ne.
[2026-08-06 12:56:41] (7s)  >>> Created relation function_entry_point/2@6bb85b3f with 79276 rows and digest a50c58sfcifgil1gb295hsrddtc.
[2026-08-06 12:56:41] (7s) Starting to evaluate predicate Enclosing::stmtEnclosingElement/1#cf37daa7/2@i1#9dc00xsq (iteration 1)
[2026-08-06 12:56:41] (7s) Pausing evaluation to evict 32.61MiB ARRAYS at sequence stamp o+149926
[2026-08-06 12:56:41] (7s) Unpausing evaluation: 19.72MiB in memory written to disk, 33.64MiB forgotten: 13.92MiB UNREACHABLE (17 items up to o+149918) 19.72MiB NORMAL (17 items up to o+149883)
[2026-08-06 12:56:41] (7s) 			 - Enclosing::stmtEnclosingElement/1#cf37daa7_delta has 79276 rows (order for disjuncts: delta=<standard>).
[2026-08-06 12:56:41] (7s) Starting to evaluate predicate Enclosing::exprEnclosingElement/1#d94b6dd0/2@i1#9dc00wsq (iteration 1)
[2026-08-06 12:56:41] (7s) 			 - Enclosing::exprEnclosingElement/1#d94b6dd0_delta has 261535 rows (order for disjuncts: delta=<standard>).
[2026-08-06 12:56:41] (7s) Starting to evaluate predicate Enclosing::stmtEnclosingElement/1#cf37daa7/2@i2#9dc00xsq (iteration 2)
[2026-08-06 12:56:41] (7s) 			 - Enclosing::stmtEnclosingElement/1#cf37daa7_delta has 420143 rows (order for disjuncts: delta=<standard>).
[2026-08-06 12:56:41] (7s) Starting to evaluate predicate Enclosing::exprEnclosingElement/1#d94b6dd0/2@i2#9dc00wsq (iteration 2)
[2026-08-06 12:56:41] (7s) 			 - Enclosing::exprEnclosingElement/1#d94b6dd0_delta has 153699 rows (order for disjuncts: delta=<standard>).
[2026-08-06 12:56:41] (7s) Starting to evaluate predicate Enclosing::stmtEnclosingElement/1#cf37daa7/2@i3#9dc00xsq (iteration 3)
[2026-08-06 12:56:41] (7s) 			 - Enclosing::stmtEnclosingElement/1#cf37daa7_delta has 156800 rows (order for disjuncts: delta=<standard>).
[2026-08-06 12:56:41] (7s) Starting to evaluate predicate Enclosing::exprEnclosingElement/1#d94b6dd0/2@i3#9dc00wsq (iteration 3)
[2026-08-06 12:56:41] (7s) Pausing evaluation to evict 32.53MiB ARRAYS at sequence stamp o+150907
[2026-08-06 12:56:41] (7s) Unpausing evaluation: 28.68MiB in memory written to disk, 33.32MiB forgotten: 4.64MiB UNREACHABLE (6 items up to o+150646) 28.68MiB VITAL (69 items up to o+104950)
[2026-08-06 12:56:41] (7s) 			 - Enclosing::exprEnclosingElement/1#d94b6dd0_delta has 686748 rows (order for disjuncts: delta=<standard>).
[2026-08-06 12:56:41] (7s) Starting to evaluate predicate Enclosing::stmtEnclosingElement/1#cf37daa7/2@i4#9dc00xsq (iteration 4)
[2026-08-06 12:56:41] (7s) 			 - Enclosing::stmtEnclosingElement/1#cf37daa7_delta has 453172 rows (order for disjuncts: delta=<standard>).
[2026-08-06 12:56:41] (7s) Starting to evaluate predicate Enclosing::exprEnclosingElement/1#d94b6dd0/2@i4#9dc00wsq (iteration 4)
[2026-08-06 12:56:41] (8s) 			 - Enclosing::exprEnclosingElement/1#d94b6dd0_delta has 838319 rows (order for disjuncts: delta=<standard>).
[2026-08-06 12:56:41] (8s) Starting to evaluate predicate Enclosing::stmtEnclosingElement/1#cf37daa7/2@i5#9dc00xsq (iteration 5)
[2026-08-06 12:56:42] (8s) Pausing evaluation to evict 32.56MiB ARRAYS at sequence stamp o+151552
[2026-08-06 12:56:42] (8s) Unpausing evaluation: 8.07MiB in memory written to disk, 32.82MiB forgotten: 24.75MiB UNREACHABLE (32 items up to o+151516) 8.07MiB VITAL (44 items up to o+104995)
[2026-08-06 12:56:42] (8s) 			 - Enclosing::stmtEnclosingElement/1#cf37daa7_delta has 115110 rows (order for disjuncts: delta=<standard>).
[2026-08-06 12:56:42] (8s) Starting to evaluate predicate Enclosing::exprEnclosingElement/1#d94b6dd0/2@i5#9dc00wsq (iteration 5)
[2026-08-06 12:56:42] (8s) Pausing evaluation to evict 32.42MiB ARRAYS at sequence stamp o+152236
[2026-08-06 12:56:42] (8s) Unpausing evaluation: 24.62MiB in memory written to disk, 33.13MiB forgotten: 8.51MiB UNREACHABLE (11 items up to o+151654) 24.62MiB VITAL (47 items up to o+105057)
[2026-08-06 12:56:42] (8s) 			 - Enclosing::exprEnclosingElement/1#d94b6dd0_delta has 1257889 rows (order for disjuncts: delta=<standard>).
[2026-08-06 12:56:42] (8s) Starting to evaluate predicate Enclosing::stmtEnclosingElement/1#cf37daa7/2@i6#9dc00xsq (iteration 6)
[2026-08-06 12:56:42] (8s) 			 - Enclosing::stmtEnclosingElement/1#cf37daa7_delta has 130401 rows (order for disjuncts: delta=<standard>).
[2026-08-06 12:56:42] (8s) Starting to evaluate predicate Enclosing::exprEnclosingElement/1#d94b6dd0/2@i6#9dc00wsq (iteration 6)
[2026-08-06 12:56:42] (8s) Pausing evaluation to evict 32.53MiB ARRAYS at sequence stamp o+152526
[2026-08-06 12:56:42] (8s) Unpausing evaluation: 34.80MiB forgotten: 34.80MiB UNREACHABLE (45 items up to o+152419)
[2026-08-06 12:56:43] (9s) 			 - Enclosing::exprEnclosingElement/1#d94b6dd0_delta has 1032689 rows (order for disjuncts: delta=<standard>).
[2026-08-06 12:56:43] (9s) Starting to evaluate predicate Enclosing::stmtEnclosingElement/1#cf37daa7/2@i7#9dc00xsq (iteration 7)
[2026-08-06 12:56:43] (9s) 			 - Enclosing::stmtEnclosingElement/1#cf37daa7_delta has 76745 rows (order for disjuncts: delta=<standard>).
[2026-08-06 12:56:43] (9s) Starting to evaluate predicate Enclosing::exprEnclosingElement/1#d94b6dd0/2@i7#9dc00wsq (iteration 7)
[2026-08-06 12:56:43] (9s) 			 - Enclosing::exprEnclosingElement/1#d94b6dd0_delta has 962981 rows (order for disjuncts: delta=<standard>).
[2026-08-06 12:56:43] (9s) Starting to evaluate predicate Enclosing::stmtEnclosingElement/1#cf37daa7/2@i8#9dc00xsq (iteration 8)
[2026-08-06 12:56:43] (9s) 			 - Enclosing::stmtEnclosingElement/1#cf37daa7_delta has 67735 rows (order for disjuncts: delta=<standard>).
[2026-08-06 12:56:43] (9s) Starting to evaluate predicate Enclosing::exprEnclosingElement/1#d94b6dd0/2@i8#9dc00wsq (iteration 8)
[2026-08-06 12:56:43] (9s) Pausing evaluation to evict 31.04MiB ARRAYS at sequence stamp o+154008
[2026-08-06 12:56:43] (9s) Unpausing evaluation: 31.71MiB forgotten: 31.71MiB UNREACHABLE (41 items up to o+154006)
[2026-08-06 12:56:43] (9s) Pausing evaluation to evict 32.58MiB ARRAYS at sequence stamp o+154254
[2026-08-06 12:56:43] (9s) Unpausing evaluation: 9.28MiB in memory written to disk, 33.26MiB forgotten: 23.98MiB UNREACHABLE (31 items up to o+154083) 9.28MiB VITAL (6 items up to o+105070)
[2026-08-06 12:56:43] (9s) 			 - Enclosing::exprEnclosingElement/1#d94b6dd0_delta has 849612 rows (order for disjuncts: delta=<standard>).
[2026-08-06 12:56:43] (9s) Starting to evaluate predicate Enclosing::stmtEnclosingElement/1#cf37daa7/2@i9#9dc00xsq (iteration 9)
[2026-08-06 12:56:43] (9s) 			 - Enclosing::stmtEnclosingElement/1#cf37daa7_delta has 42450 rows (order for disjuncts: delta=<standard>).
[2026-08-06 12:56:43] (9s) Starting to evaluate predicate Enclosing::exprEnclosingElement/1#d94b6dd0/2@i9#9dc00wsq (iteration 9)
[2026-08-06 12:56:44] (10s) 			 - Enclosing::exprEnclosingElement/1#d94b6dd0_delta has 739352 rows (order for disjuncts: delta=<standard>).
[2026-08-06 12:56:44] (10s) Starting to evaluate predicate Enclosing::stmtEnclosingElement/1#cf37daa7/2@i10#9dc00xsq (iteration 10)
[2026-08-06 12:56:44] (10s) 			 - Enclosing::stmtEnclosingElement/1#cf37daa7_delta has 38507 rows (order for disjuncts: delta=<standard>).
[2026-08-06 12:56:44] (10s) Starting to evaluate predicate Enclosing::exprEnclosingElement/1#d94b6dd0/2@i10#9dc00wsq (iteration 10)
[2026-08-06 12:56:44] (10s) Pausing evaluation to evict 31.04MiB ARRAYS at sequence stamp o+155822
[2026-08-06 12:56:44] (10s) Unpausing evaluation: 1.55MiB in memory written to disk, 32.48MiB forgotten: 30.94MiB UNREACHABLE (40 items up to o+155820) 1.55MiB VITAL (1 items up to o+105071)
[2026-08-06 12:56:44] (10s) 			 - Enclosing::exprEnclosingElement/1#d94b6dd0_delta has 626606 rows (order for disjuncts: delta=<standard>).
[2026-08-06 12:56:44] (10s) Starting to evaluate predicate Enclosing::stmtEnclosingElement/1#cf37daa7/2@i11#9dc00xsq (iteration 11)
[2026-08-06 12:56:44] (10s) 			 - Enclosing::stmtEnclosingElement/1#cf37daa7_delta has 31687 rows (order for disjuncts: delta=<standard>).
[2026-08-06 12:56:44] (10s) Starting to evaluate predicate Enclosing::exprEnclosingElement/1#d94b6dd0/2@i11#9dc00wsq (iteration 11)
[2026-08-06 12:56:44] (10s) Pausing evaluation to evict 31.04MiB ARRAYS at sequence stamp o+156749
[2026-08-06 12:56:44] (10s) Unpausing evaluation: 7.73MiB in memory written to disk, 32.48MiB forgotten: 24.75MiB UNREACHABLE (32 items up to o+156747) 7.73MiB VITAL (5 items up to o+105082)
[2026-08-06 12:56:44] (10s) 			 - Enclosing::exprEnclosingElement/1#d94b6dd0_delta has 519705 rows (order for disjuncts: delta=<standard>).
[2026-08-06 12:56:44] (10s) Starting to evaluate predicate Enclosing::stmtEnclosingElement/1#cf37daa7/2@i12#9dc00xsq (iteration 12)
[2026-08-06 12:56:44] (10s) 			 - Enclosing::stmtEnclosingElement/1#cf37daa7_delta has 19157 rows (order for disjuncts: delta=<standard>).
[2026-08-06 12:56:44] (10s) Starting to evaluate predicate Enclosing::exprEnclosingElement/1#d94b6dd0/2@i12#9dc00wsq (iteration 12)
[2026-08-06 12:56:44] (11s) Pausing evaluation to evict 31.04MiB ARRAYS at sequence stamp o+157681
[2026-08-06 12:56:44] (11s) Unpausing evaluation: 1.55MiB in memory written to disk, 32.48MiB forgotten: 30.94MiB UNREACHABLE (40 items up to o+157679) 1.55MiB VITAL (1 items up to o+105083)
[2026-08-06 12:56:45] (11s) Pausing evaluation to evict 31.04MiB ARRAYS at sequence stamp o+157765
[2026-08-06 12:56:45] (11s) Unpausing evaluation: 1.55MiB in memory written to disk, 31.71MiB forgotten: 30.16MiB UNREACHABLE (39 items up to o+157763) 1.55MiB VITAL (1 items up to o+105086)
[2026-08-06 12:56:45] (11s) 			 - Enclosing::exprEnclosingElement/1#d94b6dd0_delta has 424067 rows (order for disjuncts: delta=<standard>).
[2026-08-06 12:56:45] (11s) Starting to evaluate predicate Enclosing::stmtEnclosingElement/1#cf37daa7/2@i13#9dc00xsq (iteration 13)
[2026-08-06 12:56:45] (11s) 			 - Enclosing::stmtEnclosingElement/1#cf37daa7_delta has 15385 rows (order for disjuncts: delta=<standard>).
[2026-08-06 12:56:45] (11s) Starting to evaluate predicate Enclosing::exprEnclosingElement/1#d94b6dd0/2@i13#9dc00wsq (iteration 13)
[2026-08-06 12:56:45] (11s) 			 - Enclosing::exprEnclosingElement/1#d94b6dd0_delta has 346515 rows (order for disjuncts: delta=<standard>).
[2026-08-06 12:56:45] (11s) Starting to evaluate predicate Enclosing::stmtEnclosingElement/1#cf37daa7/2@i14#9dc00xsq (iteration 14)
[2026-08-06 12:56:45] (11s) 			 - Enclosing::stmtEnclosingElement/1#cf37daa7_delta has 11129 rows (order for disjuncts: delta=<standard>).
[2026-08-06 12:56:45] (11s) Starting to evaluate predicate Enclosing::exprEnclosingElement/1#d94b6dd0/2@i14#9dc00wsq (iteration 14)
[2026-08-06 12:56:45] (11s) 			 - Enclosing::exprEnclosingElement/1#d94b6dd0_delta has 277093 rows (order for disjuncts: delta=<standard>).
[2026-08-06 12:56:45] (11s) Starting to evaluate predicate Enclosing::stmtEnclosingElement/1#cf37daa7/2@i15#9dc00xsq (iteration 15)
[2026-08-06 12:56:45] (11s) 			 - Enclosing::stmtEnclosingElement/1#cf37daa7_delta has 8208 rows (order for disjuncts: delta=<standard>).
[2026-08-06 12:56:45] (11s) Starting to evaluate predicate Enclosing::exprEnclosingElement/1#d94b6dd0/2@i15#9dc00wsq (iteration 15)
[2026-08-06 12:56:45] (11s) 			 - Enclosing::exprEnclosingElement/1#d94b6dd0_delta has 214696 rows (order for disjuncts: delta=<standard>).
[2026-08-06 12:56:45] (11s) Starting to evaluate predicate Enclosing::stmtEnclosingElement/1#cf37daa7/2@i16#9dc00xsq (iteration 16)
[2026-08-06 12:56:45] (11s) 			 - Enclosing::stmtEnclosingElement/1#cf37daa7_delta has 6100 rows (order for disjuncts: delta=<standard>).
[2026-08-06 12:56:45] (11s) Starting to evaluate predicate Enclosing::exprEnclosingElement/1#d94b6dd0/2@i16#9dc00wsq (iteration 16)
[2026-08-06 12:56:45] (11s) Pausing evaluation to evict 32.56MiB ARRAYS at sequence stamp o+161353
[2026-08-06 12:56:45] (11s) Unpausing evaluation: 9.28MiB in memory written to disk, 34.03MiB forgotten: 24.75MiB UNREACHABLE (32 items up to o+161016) 9.28MiB VITAL (6 items up to o+105098)
[2026-08-06 12:56:45] (11s) 			 - Enclosing::exprEnclosingElement/1#d94b6dd0_delta has 166378 rows (order for disjuncts: delta=<standard>).
[2026-08-06 12:56:45] (11s) Starting to evaluate predicate Enclosing::stmtEnclosingElement/1#cf37daa7/2@i17#9dc00xsq (iteration 17)
[2026-08-06 12:56:45] (11s) 			 - Enclosing::stmtEnclosingElement/1#cf37daa7_delta has 5117 rows (order for disjuncts: delta=<standard>).
[2026-08-06 12:56:45] (11s) Starting to evaluate predicate Enclosing::exprEnclosingElement/1#d94b6dd0/2@i17#9dc00wsq (iteration 17)
[2026-08-06 12:56:45] (11s) 			 - Enclosing::exprEnclosingElement/1#d94b6dd0_delta has 129210 rows (order for disjuncts: delta=<standard>).
[2026-08-06 12:56:45] (11s) Starting to evaluate predicate Enclosing::stmtEnclosingElement/1#cf37daa7/2@i18#9dc00xsq (iteration 18)
[2026-08-06 12:56:45] (11s) 			 - Enclosing::stmtEnclosingElement/1#cf37daa7_delta has 3827 rows (order for disjuncts: delta=<standard>).
[2026-08-06 12:56:45] (11s) Starting to evaluate predicate Enclosing::exprEnclosingElement/1#d94b6dd0/2@i18#9dc00wsq (iteration 18)
[2026-08-06 12:56:45] (12s) 			 - Enclosing::exprEnclosingElement/1#d94b6dd0_delta has 97995 rows (order for disjuncts: delta=<standard>).
[2026-08-06 12:56:45] (12s) Starting to evaluate predicate Enclosing::stmtEnclosingElement/1#cf37daa7/2@i19#9dc00xsq (iteration 19)
[2026-08-06 12:56:45] (12s) 			 - Enclosing::stmtEnclosingElement/1#cf37daa7_delta has 4971 rows (order for disjuncts: delta=<standard>).
[2026-08-06 12:56:45] (12s) Starting to evaluate predicate Enclosing::exprEnclosingElement/1#d94b6dd0/2@i19#9dc00wsq (iteration 19)
[2026-08-06 12:56:46] (12s) 			 - Enclosing::exprEnclosingElement/1#d94b6dd0_delta has 71817 rows (order for disjuncts: delta=<standard>).
[2026-08-06 12:56:46] (12s) Starting to evaluate predicate Enclosing::stmtEnclosingElement/1#cf37daa7/2@i20#9dc00xsq (iteration 20)
[2026-08-06 12:56:46] (12s) 			 - Enclosing::stmtEnclosingElement/1#cf37daa7_delta has 5129 rows (order for disjuncts: delta=<standard>).
[2026-08-06 12:56:46] (12s) Starting to evaluate predicate Enclosing::exprEnclosingElement/1#d94b6dd0/2@i20#9dc00wsq (iteration 20)
[2026-08-06 12:56:46] (12s) 			 - Enclosing::exprEnclosingElement/1#d94b6dd0_delta has 54313 rows (order for disjuncts: delta=<standard>).
[2026-08-06 12:56:46] (12s) Starting to evaluate predicate Enclosing::stmtEnclosingElement/1#cf37daa7/2@i21#9dc00xsq (iteration 21)
[2026-08-06 12:56:46] (12s) 			 - Enclosing::stmtEnclosingElement/1#cf37daa7_delta has 2878 rows (order for disjuncts: delta=<standard>).
[2026-08-06 12:56:46] (12s) Starting to evaluate predicate Enclosing::exprEnclosingElement/1#d94b6dd0/2@i21#9dc00wsq (iteration 21)
[2026-08-06 12:56:46] (12s) 			 - Enclosing::exprEnclosingElement/1#d94b6dd0_delta has 42425 rows (order for disjuncts: delta=<standard>).
[2026-08-06 12:56:46] (12s) Starting to evaluate predicate Enclosing::stmtEnclosingElement/1#cf37daa7/2@i22#9dc00xsq (iteration 22)
[2026-08-06 12:56:46] (12s) 			 - Enclosing::stmtEnclosingElement/1#cf37daa7_delta has 3558 rows (order for disjuncts: delta=<standard>).
[2026-08-06 12:56:46] (12s) Starting to evaluate predicate Enclosing::exprEnclosingElement/1#d94b6dd0/2@i22#9dc00wsq (iteration 22)
[2026-08-06 12:56:46] (12s) 			 - Enclosing::exprEnclosingElement/1#d94b6dd0_delta has 32276 rows (order for disjuncts: delta=<standard>).
[2026-08-06 12:56:46] (12s) Starting to evaluate predicate Enclosing::stmtEnclosingElement/1#cf37daa7/2@i23#9dc00xsq (iteration 23)
[2026-08-06 12:56:46] (12s) 			 - Enclosing::stmtEnclosingElement/1#cf37daa7_delta has 3002 rows (order for disjuncts: delta=<standard>).
[2026-08-06 12:56:46] (12s) Starting to evaluate predicate Enclosing::exprEnclosingElement/1#d94b6dd0/2@i23#9dc00wsq (iteration 23)
[2026-08-06 12:56:46] (12s) 			 - Enclosing::exprEnclosingElement/1#d94b6dd0_delta has 29005 rows (order for disjuncts: delta=<standard>).
[2026-08-06 12:56:46] (12s) Starting to evaluate predicate Enclosing::stmtEnclosingElement/1#cf37daa7/2@i24#9dc00xsq (iteration 24)
[2026-08-06 12:56:46] (12s) 			 - Enclosing::stmtEnclosingElement/1#cf37daa7_delta has 2228 rows (order for disjuncts: delta=<standard>).
[2026-08-06 12:56:46] (12s) Starting to evaluate predicate Enclosing::exprEnclosingElement/1#d94b6dd0/2@i24#9dc00wsq (iteration 24)
[2026-08-06 12:56:46] (12s) 			 - Enclosing::exprEnclosingElement/1#d94b6dd0_delta has 23779 rows (order for disjuncts: delta=<standard>).
[2026-08-06 12:56:46] (12s) Starting to evaluate predicate Enclosing::stmtEnclosingElement/1#cf37daa7/2@i25#9dc00xsq (iteration 25)
[2026-08-06 12:56:46] (12s) 			 - Enclosing::stmtEnclosingElement/1#cf37daa7_delta has 1856 rows (order for disjuncts: delta=<standard>).
[2026-08-06 12:56:46] (12s) Starting to evaluate predicate Enclosing::exprEnclosingElement/1#d94b6dd0/2@i25#9dc00wsq (iteration 25)
[2026-08-06 12:56:46] (12s) 			 - Enclosing::exprEnclosingElement/1#d94b6dd0_delta has 22874 rows (order for disjuncts: delta=<standard>).
[2026-08-06 12:56:46] (12s) Starting to evaluate predicate Enclosing::stmtEnclosingElement/1#cf37daa7/2@i26#9dc00xsq (iteration 26)
[2026-08-06 12:56:46] (12s) 			 - Enclosing::stmtEnclosingElement/1#cf37daa7_delta has 1225 rows (order for disjuncts: delta=<standard>).
[2026-08-06 12:56:46] (12s) Starting to evaluate predicate Enclosing::exprEnclosingElement/1#d94b6dd0/2@i26#9dc00wsq (iteration 26)
[2026-08-06 12:56:46] (12s) 			 - Enclosing::exprEnclosingElement/1#d94b6dd0_delta has 17295 rows (order for disjuncts: delta=<standard>).
[2026-08-06 12:56:46] (12s) Starting to evaluate predicate Enclosing::stmtEnclosingElement/1#cf37daa7/2@i27#9dc00xsq (iteration 27)
[2026-08-06 12:56:46] (12s) 			 - Enclosing::stmtEnclosingElement/1#cf37daa7_delta has 934 rows (order for disjuncts: delta=<standard>).
[2026-08-06 12:56:46] (12s) Starting to evaluate predicate Enclosing::exprEnclosingElement/1#d94b6dd0/2@i27#9dc00wsq (iteration 27)
[2026-08-06 12:56:46] (12s) 			 - Enclosing::exprEnclosingElement/1#d94b6dd0_delta has 15169 rows (order for disjuncts: delta=<standard>).
[2026-08-06 12:56:46] (12s) Starting to evaluate predicate Enclosing::stmtEnclosingElement/1#cf37daa7/2@i28#9dc00xsq (iteration 28)
[2026-08-06 12:56:46] (12s) 			 - Enclosing::stmtEnclosingElement/1#cf37daa7_delta has 1203 rows (order for disjuncts: delta=<standard>).
[2026-08-06 12:56:46] (12s) Starting to evaluate predicate Enclosing::exprEnclosingElement/1#d94b6dd0/2@i28#9dc00wsq (iteration 28)
[2026-08-06 12:56:46] (12s) 			 - Enclosing::exprEnclosingElement/1#d94b6dd0_delta has 11707 rows (order for disjuncts: delta=<standard>).
[2026-08-06 12:56:46] (12s) Starting to evaluate predicate Enclosing::stmtEnclosingElement/1#cf37daa7/2@i29#9dc00xsq (iteration 29)
[2026-08-06 12:56:46] (12s) 			 - Enclosing::stmtEnclosingElement/1#cf37daa7_delta has 1535 rows (order for disjuncts: delta=<standard>).
[2026-08-06 12:56:46] (12s) Starting to evaluate predicate Enclosing::exprEnclosingElement/1#d94b6dd0/2@i29#9dc00wsq (iteration 29)
[2026-08-06 12:56:46] (12s) 			 - Enclosing::exprEnclosingElement/1#d94b6dd0_delta has 10171 rows (order for disjuncts: delta=<standard>).
[2026-08-06 12:56:46] (12s) Starting to evaluate predicate Enclosing::stmtEnclosingElement/1#cf37daa7/2@i30#9dc00xsq (iteration 30)
[2026-08-06 12:56:46] (12s) 			 - Enclosing::stmtEnclosingElement/1#cf37daa7_delta has 988 rows (order for disjuncts: delta=<standard>).
[2026-08-06 12:56:46] (12s) Starting to evaluate predicate Enclosing::exprEnclosingElement/1#d94b6dd0/2@i30#9dc00wsq (iteration 30)
[2026-08-06 12:56:46] (12s) 			 - Enclosing::exprEnclosingElement/1#d94b6dd0_delta has 9034 rows (order for disjuncts: delta=<standard>).
[2026-08-06 12:56:46] (12s) Starting to evaluate predicate Enclosing::stmtEnclosingElement/1#cf37daa7/2@i31#9dc00xsq (iteration 31)
[2026-08-06 12:56:46] (12s) 			 - Enclosing::stmtEnclosingElement/1#cf37daa7_delta has 1167 rows (order for disjuncts: delta=<standard>).
[2026-08-06 12:56:46] (12s) Starting to evaluate predicate Enclosing::exprEnclosingElement/1#d94b6dd0/2@i31#9dc00wsq (iteration 31)
[2026-08-06 12:56:46] (12s) 			 - Enclosing::exprEnclosingElement/1#d94b6dd0_delta has 8423 rows (order for disjuncts: delta=<standard>).
[2026-08-06 12:56:46] (12s) Starting to evaluate predicate Enclosing::stmtEnclosingElement/1#cf37daa7/2@i32#9dc00xsq (iteration 32)
[2026-08-06 12:56:46] (12s) 			 - Enclosing::stmtEnclosingElement/1#cf37daa7_delta has 1508 rows (order for disjuncts: delta=<standard>).
[2026-08-06 12:56:46] (12s) Starting to evaluate predicate Enclosing::exprEnclosingElement/1#d94b6dd0/2@i32#9dc00wsq (iteration 32)
[2026-08-06 12:56:46] (12s) 			 - Enclosing::exprEnclosingElement/1#d94b6dd0_delta has 8836 rows (order for disjuncts: delta=<standard>).
[2026-08-06 12:56:46] (12s) Starting to evaluate predicate Enclosing::stmtEnclosingElement/1#cf37daa7/2@i33#9dc00xsq (iteration 33)
[2026-08-06 12:56:46] (12s) 			 - Enclosing::stmtEnclosingElement/1#cf37daa7_delta has 943 rows (order for disjuncts: delta=<standard>).
[2026-08-06 12:56:46] (12s) Starting to evaluate predicate Enclosing::exprEnclosingElement/1#d94b6dd0/2@i33#9dc00wsq (iteration 33)
[2026-08-06 12:56:46] (12s) 			 - Enclosing::exprEnclosingElement/1#d94b6dd0_delta has 8373 rows (order for disjuncts: delta=<standard>).
[2026-08-06 12:56:46] (12s) Starting to evaluate predicate Enclosing::stmtEnclosingElement/1#cf37daa7/2@i34#9dc00xsq (iteration 34)
[2026-08-06 12:56:46] (12s) 			 - Enclosing::stmtEnclosingElement/1#cf37daa7_delta has 887 rows (order for disjuncts: delta=<standard>).
[2026-08-06 12:56:46] (12s) Starting to evaluate predicate Enclosing::exprEnclosingElement/1#d94b6dd0/2@i34#9dc00wsq (iteration 34)
[2026-08-06 12:56:46] (12s) 			 - Enclosing::exprEnclosingElement/1#d94b6dd0_delta has 7931 rows (order for disjuncts: delta=<standard>).
[2026-08-06 12:56:46] (12s) Starting to evaluate predicate Enclosing::stmtEnclosingElement/1#cf37daa7/2@i35#9dc00xsq (iteration 35)
[2026-08-06 12:56:46] (12s) 			 - Enclosing::stmtEnclosingElement/1#cf37daa7_delta has 518 rows (order for disjuncts: delta=<standard>).
[2026-08-06 12:56:46] (12s) Starting to evaluate predicate Enclosing::exprEnclosingElement/1#d94b6dd0/2@i35#9dc00wsq (iteration 35)
[2026-08-06 12:56:46] (12s) 			 - Enclosing::exprEnclosingElement/1#d94b6dd0_delta has 6691 rows (order for disjuncts: delta=<standard>).
[2026-08-06 12:56:46] (12s) Starting to evaluate predicate Enclosing::stmtEnclosingElement/1#cf37daa7/2@i36#9dc00xsq (iteration 36)
[2026-08-06 12:56:46] (12s) 			 - Enclosing::stmtEnclosingElement/1#cf37daa7_delta has 377 rows (order for disjuncts: delta=<standard>).
[2026-08-06 12:56:46] (12s) Starting to evaluate predicate Enclosing::exprEnclosingElement/1#d94b6dd0/2@i36#9dc00wsq (iteration 36)
[2026-08-06 12:56:46] (12s) 			 - Enclosing::exprEnclosingElement/1#d94b6dd0_delta has 5465 rows (order for disjuncts: delta=<standard>).
[2026-08-06 12:56:46] (12s) Starting to evaluate predicate Enclosing::stmtEnclosingElement/1#cf37daa7/2@i37#9dc00xsq (iteration 37)
[2026-08-06 12:56:46] (12s) 			 - Enclosing::stmtEnclosingElement/1#cf37daa7_delta has 392 rows (order for disjuncts: delta=<standard>).
[2026-08-06 12:56:46] (12s) Starting to evaluate predicate Enclosing::exprEnclosingElement/1#d94b6dd0/2@i37#9dc00wsq (iteration 37)
[2026-08-06 12:56:46] (12s) 			 - Enclosing::exprEnclosingElement/1#d94b6dd0_delta has 3894 rows (order for disjuncts: delta=<standard>).
[2026-08-06 12:56:46] (12s) Starting to evaluate predicate Enclosing::stmtEnclosingElement/1#cf37daa7/2@i38#9dc00xsq (iteration 38)
[2026-08-06 12:56:46] (12s) 			 - Enclosing::stmtEnclosingElement/1#cf37daa7_delta has 426 rows (order for disjuncts: delta=<standard>).
[2026-08-06 12:56:46] (12s) Starting to evaluate predicate Enclosing::exprEnclosingElement/1#d94b6dd0/2@i38#9dc00wsq (iteration 38)
[2026-08-06 12:56:46] (12s) 			 - Enclosing::exprEnclosingElement/1#d94b6dd0_delta has 3113 rows (order for disjuncts: delta=<standard>).
[2026-08-06 12:56:46] (12s) Starting to evaluate predicate Enclosing::stmtEnclosingElement/1#cf37daa7/2@i39#9dc00xsq (iteration 39)
[2026-08-06 12:56:46] (12s) 			 - Enclosing::stmtEnclosingElement/1#cf37daa7_delta has 332 rows (order for disjuncts: delta=<standard>).
[2026-08-06 12:56:46] (12s) Starting to evaluate predicate Enclosing::exprEnclosingElement/1#d94b6dd0/2@i39#9dc00wsq (iteration 39)
[2026-08-06 12:56:46] (12s) 			 - Enclosing::exprEnclosingElement/1#d94b6dd0_delta has 2279 rows (order for disjuncts: delta=<standard>).
[2026-08-06 12:56:46] (12s) Starting to evaluate predicate Enclosing::stmtEnclosingElement/1#cf37daa7/2@i40#9dc00xsq (iteration 40)
[2026-08-06 12:56:46] (12s) 			 - Enclosing::stmtEnclosingElement/1#cf37daa7_delta has 359 rows (order for disjuncts: delta=<standard>).
[2026-08-06 12:56:46] (12s) Starting to evaluate predicate Enclosing::exprEnclosingElement/1#d94b6dd0/2@i40#9dc00wsq (iteration 40)
[2026-08-06 12:56:46] (12s) 			 - Enclosing::exprEnclosingElement/1#d94b6dd0_delta has 1706 rows (order for disjuncts: delta=<standard>).
[2026-08-06 12:56:46] (12s) Starting to evaluate predicate Enclosing::stmtEnclosingElement/1#cf37daa7/2@i41#9dc00xsq (iteration 41)
[2026-08-06 12:56:46] (12s) 			 - Enclosing::stmtEnclosingElement/1#cf37daa7_delta has 349 rows (order for disjuncts: delta=<standard>).
[2026-08-06 12:56:46] (12s) Starting to evaluate predicate Enclosing::exprEnclosingElement/1#d94b6dd0/2@i41#9dc00wsq (iteration 41)
[2026-08-06 12:56:46] (12s) 			 - Enclosing::exprEnclosingElement/1#d94b6dd0_delta has 1872 rows (order for disjuncts: delta=<standard>).
[2026-08-06 12:56:46] (12s) Starting to evaluate predicate Enclosing::stmtEnclosingElement/1#cf37daa7/2@i42#9dc00xsq (iteration 42)
[2026-08-06 12:56:46] (12s) 			 - Enclosing::stmtEnclosingElement/1#cf37daa7_delta has 253 rows (order for disjuncts: delta=<standard>).
[2026-08-06 12:56:46] (12s) Starting to evaluate predicate Enclosing::exprEnclosingElement/1#d94b6dd0/2@i42#9dc00wsq (iteration 42)
[2026-08-06 12:56:46] (12s) 			 - Enclosing::exprEnclosingElement/1#d94b6dd0_delta has 1690 rows (order for disjuncts: delta=<standard>).
[2026-08-06 12:56:46] (12s) Starting to evaluate predicate Enclosing::stmtEnclosingElement/1#cf37daa7/2@i43#9dc00xsq (iteration 43)
[2026-08-06 12:56:46] (12s) 			 - Enclosing::stmtEnclosingElement/1#cf37daa7_delta has 290 rows (order for disjuncts: delta=<standard>).
[2026-08-06 12:56:46] (12s) Starting to evaluate predicate Enclosing::exprEnclosingElement/1#d94b6dd0/2@i43#9dc00wsq (iteration 43)
[2026-08-06 12:56:46] (12s) 			 - Enclosing::exprEnclosingElement/1#d94b6dd0_delta has 1821 rows (order for disjuncts: delta=<standard>).
[2026-08-06 12:56:46] (12s) Starting to evaluate predicate Enclosing::stmtEnclosingElement/1#cf37daa7/2@i44#9dc00xsq (iteration 44)
[2026-08-06 12:56:46] (12s) 			 - Enclosing::stmtEnclosingElement/1#cf37daa7_delta has 185 rows (order for disjuncts: delta=<standard>).
[2026-08-06 12:56:46] (12s) Starting to evaluate predicate Enclosing::exprEnclosingElement/1#d94b6dd0/2@i44#9dc00wsq (iteration 44)
[2026-08-06 12:56:46] (12s) 			 - Enclosing::exprEnclosingElement/1#d94b6dd0_delta has 1539 rows (order for disjuncts: delta=<standard>).
[2026-08-06 12:56:46] (12s) Starting to evaluate predicate Enclosing::stmtEnclosingElement/1#cf37daa7/2@i45#9dc00xsq (iteration 45)
[2026-08-06 12:56:46] (12s) 			 - Enclosing::stmtEnclosingElement/1#cf37daa7_delta has 146 rows (order for disjuncts: delta=<standard>).
[2026-08-06 12:56:46] (12s) Starting to evaluate predicate Enclosing::exprEnclosingElement/1#d94b6dd0/2@i45#9dc00wsq (iteration 45)
[2026-08-06 12:56:46] (12s) 			 - Enclosing::exprEnclosingElement/1#d94b6dd0_delta has 1503 rows (order for disjuncts: delta=<standard>).
[2026-08-06 12:56:46] (12s) Starting to evaluate predicate Enclosing::stmtEnclosingElement/1#cf37daa7/2@i46#9dc00xsq (iteration 46)
[2026-08-06 12:56:46] (12s) 			 - Enclosing::stmtEnclosingElement/1#cf37daa7_delta has 141 rows (order for disjuncts: delta=<standard>).
[2026-08-06 12:56:46] (12s) Starting to evaluate predicate Enclosing::exprEnclosingElement/1#d94b6dd0/2@i46#9dc00wsq (iteration 46)
[2026-08-06 12:56:46] (12s) 			 - Enclosing::exprEnclosingElement/1#d94b6dd0_delta has 1297 rows (order for disjuncts: delta=<standard>).
[2026-08-06 12:56:46] (12s) Starting to evaluate predicate Enclosing::stmtEnclosingElement/1#cf37daa7/2@i47#9dc00xsq (iteration 47)
[2026-08-06 12:56:46] (12s) 			 - Enclosing::stmtEnclosingElement/1#cf37daa7_delta has 141 rows (order for disjuncts: delta=<standard>).
[2026-08-06 12:56:46] (12s) Starting to evaluate predicate Enclosing::exprEnclosingElement/1#d94b6dd0/2@i47#9dc00wsq (iteration 47)
[2026-08-06 12:56:46] (12s) 			 - Enclosing::exprEnclosingElement/1#d94b6dd0_delta has 1301 rows (order for disjuncts: delta=<standard>).
[2026-08-06 12:56:46] (12s) Starting to evaluate predicate Enclosing::stmtEnclosingElement/1#cf37daa7/2@i48#9dc00xsq (iteration 48)
[2026-08-06 12:56:46] (12s) 			 - Enclosing::stmtEnclosingElement/1#cf37daa7_delta has 193 rows (order for disjuncts: delta=<standard>).
[2026-08-06 12:56:46] (12s) Starting to evaluate predicate Enclosing::exprEnclosingElement/1#d94b6dd0/2@i48#9dc00wsq (iteration 48)
[2026-08-06 12:56:46] (12s) 			 - Enclosing::exprEnclosingElement/1#d94b6dd0_delta has 1257 rows (order for disjuncts: delta=<standard>).
[2026-08-06 12:56:46] (12s) Starting to evaluate predicate Enclosing::stmtEnclosingElement/1#cf37daa7/2@i49#9dc00xsq (iteration 49)
[2026-08-06 12:56:46] (12s) 			 - Enclosing::stmtEnclosingElement/1#cf37daa7_delta has 151 rows (order for disjuncts: delta=<standard>).
[2026-08-06 12:56:46] (12s) Starting to evaluate predicate Enclosing::exprEnclosingElement/1#d94b6dd0/2@i49#9dc00wsq (iteration 49)
[2026-08-06 12:56:46] (12s) 			 - Enclosing::exprEnclosingElement/1#d94b6dd0_delta has 1369 rows (order for disjuncts: delta=<standard>).
[2026-08-06 12:56:46] (12s) Starting to evaluate predicate Enclosing::stmtEnclosingElement/1#cf37daa7/2@i50#9dc00xsq (iteration 50)
[2026-08-06 12:56:46] (12s) 			 - Enclosing::stmtEnclosingElement/1#cf37daa7_delta has 153 rows (order for disjuncts: delta=<standard>).
[2026-08-06 12:56:46] (12s) Starting to evaluate predicate Enclosing::exprEnclosingElement/1#d94b6dd0/2@i50#9dc00wsq (iteration 50)
[2026-08-06 12:56:46] (12s) 			 - Enclosing::exprEnclosingElement/1#d94b6dd0_delta has 1338 rows (order for disjuncts: delta=<standard>).
[2026-08-06 12:56:46] (12s) Starting to evaluate predicate Enclosing::stmtEnclosingElement/1#cf37daa7/2@i51#9dc00xsq (iteration 51)
[2026-08-06 12:56:46] (12s) 			 - Enclosing::stmtEnclosingElement/1#cf37daa7_delta has 191 rows (order for disjuncts: delta=<standard>).
[2026-08-06 12:56:46] (12s) Starting to evaluate predicate Enclosing::exprEnclosingElement/1#d94b6dd0/2@i51#9dc00wsq (iteration 51)
[2026-08-06 12:56:46] (12s) 			 - Enclosing::exprEnclosingElement/1#d94b6dd0_delta has 1155 rows (order for disjuncts: delta=<standard>).
[2026-08-06 12:56:46] (12s) Starting to evaluate predicate Enclosing::stmtEnclosingElement/1#cf37daa7/2@i52#9dc00xsq (iteration 52)
[2026-08-06 12:56:46] (12s) 			 - Enclosing::stmtEnclosingElement/1#cf37daa7_delta has 151 rows (order for disjuncts: delta=<standard>).
[2026-08-06 12:56:46] (12s) Starting to evaluate predicate Enclosing::exprEnclosingElement/1#d94b6dd0/2@i52#9dc00wsq (iteration 52)
[2026-08-06 12:56:46] (12s) 			 - Enclosing::exprEnclosingElement/1#d94b6dd0_delta has 1421 rows (order for disjuncts: delta=<standard>).
[2026-08-06 12:56:46] (12s) Starting to evaluate predicate Enclosing::stmtEnclosingElement/1#cf37daa7/2@i53#9dc00xsq (iteration 53)
[2026-08-06 12:56:46] (12s) 			 - Enclosing::stmtEnclosingElement/1#cf37daa7_delta has 139 rows (order for disjuncts: delta=<standard>).
[2026-08-06 12:56:46] (12s) Starting to evaluate predicate Enclosing::exprEnclosingElement/1#d94b6dd0/2@i53#9dc00wsq (iteration 53)
[2026-08-06 12:56:46] (12s) 			 - Enclosing::exprEnclosingElement/1#d94b6dd0_delta has 1728 rows (order for disjuncts: delta=<standard>).
[2026-08-06 12:56:46] (12s) Starting to evaluate predicate Enclosing::stmtEnclosingElement/1#cf37daa7/2@i54#9dc00xsq (iteration 54)
[2026-08-06 12:56:46] (12s) 			 - Enclosing::stmtEnclosingElement/1#cf37daa7_delta has 183 rows (order for disjuncts: delta=<standard>).
[2026-08-06 12:56:46] (12s) Starting to evaluate predicate Enclosing::exprEnclosingElement/1#d94b6dd0/2@i54#9dc00wsq (iteration 54)
[2026-08-06 12:56:46] (12s) 			 - Enclosing::exprEnclosingElement/1#d94b6dd0_delta has 2033 rows (order for disjuncts: delta=<standard>).
[2026-08-06 12:56:46] (12s) Starting to evaluate predicate Enclosing::stmtEnclosingElement/1#cf37daa7/2@i55#9dc00xsq (iteration 55)
[2026-08-06 12:56:46] (12s) 			 - Enclosing::stmtEnclosingElement/1#cf37daa7_delta has 159 rows (order for disjuncts: delta=<standard>).
[2026-08-06 12:56:46] (12s) Starting to evaluate predicate Enclosing::exprEnclosingElement/1#d94b6dd0/2@i55#9dc00wsq (iteration 55)
[2026-08-06 12:56:46] (12s) 			 - Enclosing::exprEnclosingElement/1#d94b6dd0_delta has 1990 rows (order for disjuncts: delta=<standard>).
[2026-08-06 12:56:46] (12s) Starting to evaluate predicate Enclosing::stmtEnclosingElement/1#cf37daa7/2@i56#9dc00xsq (iteration 56)
[2026-08-06 12:56:46] (12s) 			 - Enclosing::stmtEnclosingElement/1#cf37daa7_delta has 495 rows (order for disjuncts: delta=<standard>).
[2026-08-06 12:56:46] (12s) Starting to evaluate predicate Enclosing::exprEnclosingElement/1#d94b6dd0/2@i56#9dc00wsq (iteration 56)
[2026-08-06 12:56:46] (12s) 			 - Enclosing::exprEnclosingElement/1#d94b6dd0_delta has 1822 rows (order for disjuncts: delta=<standard>).
[2026-08-06 12:56:46] (12s) Starting to evaluate predicate Enclosing::stmtEnclosingElement/1#cf37daa7/2@i57#9dc00xsq (iteration 57)
[2026-08-06 12:56:46] (12s) 			 - Enclosing::stmtEnclosingElement/1#cf37daa7_delta has 399 rows (order for disjuncts: delta=<standard>).
[2026-08-06 12:56:46] (12s) Starting to evaluate predicate Enclosing::exprEnclosingElement/1#d94b6dd0/2@i57#9dc00wsq (iteration 57)
[2026-08-06 12:56:46] (12s) 			 - Enclosing::exprEnclosingElement/1#d94b6dd0_delta has 2156 rows (order for disjuncts: delta=<standard>).
[2026-08-06 12:56:46] (12s) Starting to evaluate predicate Enclosing::stmtEnclosingElement/1#cf37daa7/2@i58#9dc00xsq (iteration 58)
[2026-08-06 12:56:46] (12s) 			 - Enclosing::stmtEnclosingElement/1#cf37daa7_delta has 591 rows (order for disjuncts: delta=<standard>).
[2026-08-06 12:56:46] (12s) Starting to evaluate predicate Enclosing::exprEnclosingElement/1#d94b6dd0/2@i58#9dc00wsq (iteration 58)
[2026-08-06 12:56:46] (12s) 			 - Enclosing::exprEnclosingElement/1#d94b6dd0_delta has 2412 rows (order for disjuncts: delta=<standard>).
[2026-08-06 12:56:46] (12s) Starting to evaluate predicate Enclosing::stmtEnclosingElement/1#cf37daa7/2@i59#9dc00xsq (iteration 59)
[2026-08-06 12:56:46] (12s) 			 - Enclosing::stmtEnclosingElement/1#cf37daa7_delta has 543 rows (order for disjuncts: delta=<standard>).
[2026-08-06 12:56:46] (12s) Starting to evaluate predicate Enclosing::exprEnclosingElement/1#d94b6dd0/2@i59#9dc00wsq (iteration 59)
[2026-08-06 12:56:46] (12s) 			 - Enclosing::exprEnclosingElement/1#d94b6dd0_delta has 2877 rows (order for disjuncts: delta=<standard>).
[2026-08-06 12:56:46] (12s) Starting to evaluate predicate Enclosing::stmtEnclosingElement/1#cf37daa7/2@i60#9dc00xsq (iteration 60)
[2026-08-06 12:56:46] (12s) 			 - Enclosing::stmtEnclosingElement/1#cf37daa7_delta has 183 rows (order for disjuncts: delta=<standard>).
[2026-08-06 12:56:46] (12s) Starting to evaluate predicate Enclosing::exprEnclosingElement/1#d94b6dd0/2@i60#9dc00wsq (iteration 60)
[2026-08-06 12:56:46] (12s) 			 - Enclosing::exprEnclosingElement/1#d94b6dd0_delta has 3157 rows (order for disjuncts: delta=<standard>).
[2026-08-06 12:56:46] (12s) Starting to evaluate predicate Enclosing::stmtEnclosingElement/1#cf37daa7/2@i61#9dc00xsq (iteration 61)
[2026-08-06 12:56:46] (12s) 			 - Enclosing::stmtEnclosingElement/1#cf37daa7_delta has 111 rows (order for disjuncts: delta=<standard>).
[2026-08-06 12:56:46] (12s) Starting to evaluate predicate Enclosing::exprEnclosingElement/1#d94b6dd0/2@i61#9dc00wsq (iteration 61)
[2026-08-06 12:56:46] (12s) 			 - Enclosing::exprEnclosingElement/1#d94b6dd0_delta has 3697 rows (order for disjuncts: delta=<standard>).
[2026-08-06 12:56:46] (12s) Starting to evaluate predicate Enclosing::stmtEnclosingElement/1#cf37daa7/2@i62#9dc00xsq (iteration 62)
[2026-08-06 12:56:46] (12s) 			 - Enclosing::stmtEnclosingElement/1#cf37daa7_delta has 111 rows (order for disjuncts: delta=<standard>).
[2026-08-06 12:56:46] (12s) Starting to evaluate predicate Enclosing::exprEnclosingElement/1#d94b6dd0/2@i62#9dc00wsq (iteration 62)
[2026-08-06 12:56:46] (12s) 			 - Enclosing::exprEnclosingElement/1#d94b6dd0_delta has 3567 rows (order for disjuncts: delta=<standard>).
[2026-08-06 12:56:46] (12s) Starting to evaluate predicate Enclosing::stmtEnclosingElement/1#cf37daa7/2@i63#9dc00xsq (iteration 63)
[2026-08-06 12:56:46] (12s) 			 - Enclosing::stmtEnclosingElement/1#cf37daa7_delta has 111 rows (order for disjuncts: delta=<standard>).
[2026-08-06 12:56:46] (12s) Starting to evaluate predicate Enclosing::exprEnclosingElement/1#d94b6dd0/2@i63#9dc00wsq (iteration 63)
[2026-08-06 12:56:46] (12s) 			 - Enclosing::exprEnclosingElement/1#d94b6dd0_delta has 2328 rows (order for disjuncts: delta=<standard>).
[2026-08-06 12:56:46] (12s) Starting to evaluate predicate Enclosing::stmtEnclosingElement/1#cf37daa7/2@i64#9dc00xsq (iteration 64)
[2026-08-06 12:56:46] (12s) 			 - Enclosing::stmtEnclosingElement/1#cf37daa7_delta has 111 rows (order for disjuncts: delta=<standard>).
[2026-08-06 12:56:46] (12s) Starting to evaluate predicate Enclosing::exprEnclosingElement/1#d94b6dd0/2@i64#9dc00wsq (iteration 64)
[2026-08-06 12:56:46] (12s) 			 - Enclosing::exprEnclosingElement/1#d94b6dd0_delta has 1410 rows (order for disjuncts: delta=<standard>).
[2026-08-06 12:56:46] (12s) Starting to evaluate predicate Enclosing::stmtEnclosingElement/1#cf37daa7/2@i65#9dc00xsq (iteration 65)
[2026-08-06 12:56:46] (12s) 			 - Enclosing::stmtEnclosingElement/1#cf37daa7_delta has 111 rows (order for disjuncts: delta=<standard>).
[2026-08-06 12:56:46] (12s) Starting to evaluate predicate Enclosing::exprEnclosingElement/1#d94b6dd0/2@i65#9dc00wsq (iteration 65)
[2026-08-06 12:56:46] (12s) 			 - Enclosing::exprEnclosingElement/1#d94b6dd0_delta has 964 rows (order for disjuncts: delta=<standard>).
[2026-08-06 12:56:46] (12s) Starting to evaluate predicate Enclosing::stmtEnclosingElement/1#cf37daa7/2@i66#9dc00xsq (iteration 66)
[2026-08-06 12:56:46] (12s) 			 - Enclosing::stmtEnclosingElement/1#cf37daa7_delta has 111 rows (order for disjuncts: delta=<standard>).
[2026-08-06 12:56:46] (12s) Starting to evaluate predicate Enclosing::exprEnclosingElement/1#d94b6dd0/2@i66#9dc00wsq (iteration 66)
[2026-08-06 12:56:46] (12s) 			 - Enclosing::exprEnclosingElement/1#d94b6dd0_delta has 960 rows (order for disjuncts: delta=<standard>).
[2026-08-06 12:56:46] (12s) Starting to evaluate predicate Enclosing::stmtEnclosingElement/1#cf37daa7/2@i67#9dc00xsq (iteration 67)
[2026-08-06 12:56:46] (12s) 			 - Enclosing::stmtEnclosingElement/1#cf37daa7_delta has 111 rows (order for disjuncts: delta=<standard>).
[2026-08-06 12:56:46] (12s) Starting to evaluate predicate Enclosing::exprEnclosingElement/1#d94b6dd0/2@i67#9dc00wsq (iteration 67)
[2026-08-06 12:56:46] (12s) 			 - Enclosing::exprEnclosingElement/1#d94b6dd0_delta has 1114 rows (order for disjuncts: delta=<standard>).
[2026-08-06 12:56:46] (12s) Starting to evaluate predicate Enclosing::stmtEnclosingElement/1#cf37daa7/2@i68#9dc00xsq (iteration 68)
[2026-08-06 12:56:46] (12s) 			 - Enclosing::stmtEnclosingElement/1#cf37daa7_delta has 111 rows (order for disjuncts: delta=<standard>).
[2026-08-06 12:56:46] (12s) Starting to evaluate predicate Enclosing::exprEnclosingElement/1#d94b6dd0/2@i68#9dc00wsq (iteration 68)
[2026-08-06 12:56:46] (12s) 			 - Enclosing::exprEnclosingElement/1#d94b6dd0_delta has 1118 rows (order for disjuncts: delta=<standard>).
[2026-08-06 12:56:46] (12s) Starting to evaluate predicate Enclosing::stmtEnclosingElement/1#cf37daa7/2@i69#9dc00xsq (iteration 69)
[2026-08-06 12:56:46] (12s) 			 - Enclosing::stmtEnclosingElement/1#cf37daa7_delta has 111 rows (order for disjuncts: delta=<standard>).
[2026-08-06 12:56:46] (12s) Starting to evaluate predicate Enclosing::exprEnclosingElement/1#d94b6dd0/2@i69#9dc00wsq (iteration 69)
[2026-08-06 12:56:46] (12s) 			 - Enclosing::exprEnclosingElement/1#d94b6dd0_delta has 1077 rows (order for disjuncts: delta=<standard>).
[2026-08-06 12:56:46] (12s) Starting to evaluate predicate Enclosing::stmtEnclosingElement/1#cf37daa7/2@i70#9dc00xsq (iteration 70)
[2026-08-06 12:56:46] (12s) 			 - Enclosing::stmtEnclosingElement/1#cf37daa7_delta has 111 rows (order for disjuncts: delta=<standard>).
[2026-08-06 12:56:46] (12s) Starting to evaluate predicate Enclosing::exprEnclosingElement/1#d94b6dd0/2@i70#9dc00wsq (iteration 70)
[2026-08-06 12:56:46] (12s) 			 - Enclosing::exprEnclosingElement/1#d94b6dd0_delta has 1023 rows (order for disjuncts: delta=<standard>).
[2026-08-06 12:56:46] (12s) Starting to evaluate predicate Enclosing::stmtEnclosingElement/1#cf37daa7/2@i71#9dc00xsq (iteration 71)
[2026-08-06 12:56:46] (12s) 			 - Enclosing::stmtEnclosingElement/1#cf37daa7_delta has 111 rows (order for disjuncts: delta=<standard>).
[2026-08-06 12:56:46] (12s) Starting to evaluate predicate Enclosing::exprEnclosingElement/1#d94b6dd0/2@i71#9dc00wsq (iteration 71)
[2026-08-06 12:56:46] (12s) 			 - Enclosing::exprEnclosingElement/1#d94b6dd0_delta has 911 rows (order for disjuncts: delta=<standard>).
[2026-08-06 12:56:46] (12s) Starting to evaluate predicate Enclosing::stmtEnclosingElement/1#cf37daa7/2@i72#9dc00xsq (iteration 72)
[2026-08-06 12:56:46] (12s) 			 - Enclosing::stmtEnclosingElement/1#cf37daa7_delta has 111 rows (order for disjuncts: delta=<standard>).
[2026-08-06 12:56:46] (12s) Starting to evaluate predicate Enclosing::exprEnclosingElement/1#d94b6dd0/2@i72#9dc00wsq (iteration 72)
[2026-08-06 12:56:46] (12s) 			 - Enclosing::exprEnclosingElement/1#d94b6dd0_delta has 814 rows (order for disjuncts: delta=<standard>).
[2026-08-06 12:56:46] (12s) Starting to evaluate predicate Enclosing::stmtEnclosingElement/1#cf37daa7/2@i73#9dc00xsq (iteration 73)
[2026-08-06 12:56:46] (12s) 			 - Enclosing::stmtEnclosingElement/1#cf37daa7_delta has 111 rows (order for disjuncts: delta=<standard>).
[2026-08-06 12:56:46] (12s) Starting to evaluate predicate Enclosing::exprEnclosingElement/1#d94b6dd0/2@i73#9dc00wsq (iteration 73)
[2026-08-06 12:56:46] (12s) 			 - Enclosing::exprEnclosingElement/1#d94b6dd0_delta has 817 rows (order for disjuncts: delta=<standard>).
[2026-08-06 12:56:46] (12s) Starting to evaluate predicate Enclosing::stmtEnclosingElement/1#cf37daa7/2@i74#9dc00xsq (iteration 74)
[2026-08-06 12:56:46] (12s) 			 - Enclosing::stmtEnclosingElement/1#cf37daa7_delta has 111 rows (order for disjuncts: delta=<standard>).
[2026-08-06 12:56:46] (12s) Starting to evaluate predicate Enclosing::exprEnclosingElement/1#d94b6dd0/2@i74#9dc00wsq (iteration 74)
[2026-08-06 12:56:46] (12s) 			 - Enclosing::exprEnclosingElement/1#d94b6dd0_delta has 879 rows (order for disjuncts: delta=<standard>).
[2026-08-06 12:56:46] (12s) Starting to evaluate predicate Enclosing::stmtEnclosingElement/1#cf37daa7/2@i75#9dc00xsq (iteration 75)
[2026-08-06 12:56:46] (12s) 			 - Enclosing::stmtEnclosingElement/1#cf37daa7_delta has 111 rows (order for disjuncts: delta=<standard>).
[2026-08-06 12:56:46] (12s) Starting to evaluate predicate Enclosing::exprEnclosingElement/1#d94b6dd0/2@i75#9dc00wsq (iteration 75)
[2026-08-06 12:56:46] (12s) 			 - Enclosing::exprEnclosingElement/1#d94b6dd0_delta has 1000 rows (order for disjuncts: delta=<standard>).
[2026-08-06 12:56:46] (12s) Starting to evaluate predicate Enclosing::stmtEnclosingElement/1#cf37daa7/2@i76#9dc00xsq (iteration 76)
[2026-08-06 12:56:46] (12s) 			 - Enclosing::stmtEnclosingElement/1#cf37daa7_delta has 111 rows (order for disjuncts: delta=<standard>).
[2026-08-06 12:56:46] (12s) Starting to evaluate predicate Enclosing::exprEnclosingElement/1#d94b6dd0/2@i76#9dc00wsq (iteration 76)
[2026-08-06 12:56:46] (12s) 			 - Enclosing::exprEnclosingElement/1#d94b6dd0_delta has 1149 rows (order for disjuncts: delta=<standard>).
[2026-08-06 12:56:46] (12s) Starting to evaluate predicate Enclosing::stmtEnclosingElement/1#cf37daa7/2@i77#9dc00xsq (iteration 77)
[2026-08-06 12:56:46] (12s) 			 - Enclosing::stmtEnclosingElement/1#cf37daa7_delta has 111 rows (order for disjuncts: delta=<standard>).
[2026-08-06 12:56:46] (12s) Starting to evaluate predicate Enclosing::exprEnclosingElement/1#d94b6dd0/2@i77#9dc00wsq (iteration 77)
[2026-08-06 12:56:46] (12s) 			 - Enclosing::exprEnclosingElement/1#d94b6dd0_delta has 1328 rows (order for disjuncts: delta=<standard>).
[2026-08-06 12:56:46] (12s) Starting to evaluate predicate Enclosing::stmtEnclosingElement/1#cf37daa7/2@i78#9dc00xsq (iteration 78)
[2026-08-06 12:56:46] (12s) 			 - Enclosing::stmtEnclosingElement/1#cf37daa7_delta has 111 rows (order for disjuncts: delta=<standard>).
[2026-08-06 12:56:46] (12s) Starting to evaluate predicate Enclosing::exprEnclosingElement/1#d94b6dd0/2@i78#9dc00wsq (iteration 78)
[2026-08-06 12:56:46] (12s) 			 - Enclosing::exprEnclosingElement/1#d94b6dd0_delta has 1478 rows (order for disjuncts: delta=<standard>).
[2026-08-06 12:56:46] (12s) Starting to evaluate predicate Enclosing::stmtEnclosingElement/1#cf37daa7/2@i79#9dc00xsq (iteration 79)
[2026-08-06 12:56:46] (12s) 			 - Enclosing::stmtEnclosingElement/1#cf37daa7_delta has 111 rows (order for disjuncts: delta=<standard>).
[2026-08-06 12:56:46] (12s) Starting to evaluate predicate Enclosing::exprEnclosingElement/1#d94b6dd0/2@i79#9dc00wsq (iteration 79)
[2026-08-06 12:56:46] (12s) 			 - Enclosing::exprEnclosingElement/1#d94b6dd0_delta has 1524 rows (order for disjuncts: delta=<standard>).
[2026-08-06 12:56:46] (12s) Starting to evaluate predicate Enclosing::stmtEnclosingElement/1#cf37daa7/2@i80#9dc00xsq (iteration 80)
[2026-08-06 12:56:46] (12s) 			 - Enclosing::stmtEnclosingElement/1#cf37daa7_delta has 111 rows (order for disjuncts: delta=<standard>).
[2026-08-06 12:56:46] (12s) Starting to evaluate predicate Enclosing::exprEnclosingElement/1#d94b6dd0/2@i80#9dc00wsq (iteration 80)
[2026-08-06 12:56:46] (12s) 			 - Enclosing::exprEnclosingElement/1#d94b6dd0_delta has 1447 rows (order for disjuncts: delta=<standard>).
[2026-08-06 12:56:46] (12s) Starting to evaluate predicate Enclosing::stmtEnclosingElement/1#cf37daa7/2@i81#9dc00xsq (iteration 81)
[2026-08-06 12:56:46] (12s) 			 - Enclosing::stmtEnclosingElement/1#cf37daa7_delta has 111 rows (order for disjuncts: delta=<standard>).
[2026-08-06 12:56:46] (12s) Starting to evaluate predicate Enclosing::exprEnclosingElement/1#d94b6dd0/2@i81#9dc00wsq (iteration 81)
[2026-08-06 12:56:46] (12s) 			 - Enclosing::exprEnclosingElement/1#d94b6dd0_delta has 1309 rows (order for disjuncts: delta=<standard>).
[2026-08-06 12:56:46] (12s) Starting to evaluate predicate Enclosing::stmtEnclosingElement/1#cf37daa7/2@i82#9dc00xsq (iteration 82)
[2026-08-06 12:56:46] (12s) 			 - Enclosing::stmtEnclosingElement/1#cf37daa7_delta has 111 rows (order for disjuncts: delta=<standard>).
[2026-08-06 12:56:46] (12s) Starting to evaluate predicate Enclosing::exprEnclosingElement/1#d94b6dd0/2@i82#9dc00wsq (iteration 82)
[2026-08-06 12:56:46] (12s) 			 - Enclosing::exprEnclosingElement/1#d94b6dd0_delta has 1255 rows (order for disjuncts: delta=<standard>).
[2026-08-06 12:56:46] (12s) Starting to evaluate predicate Enclosing::stmtEnclosingElement/1#cf37daa7/2@i83#9dc00xsq (iteration 83)
[2026-08-06 12:56:46] (12s) 			 - Enclosing::stmtEnclosingElement/1#cf37daa7_delta has 111 rows (order for disjuncts: delta=<standard>).
[2026-08-06 12:56:46] (12s) Starting to evaluate predicate Enclosing::exprEnclosingElement/1#d94b6dd0/2@i83#9dc00wsq (iteration 83)
[2026-08-06 12:56:46] (12s) 			 - Enclosing::exprEnclosingElement/1#d94b6dd0_delta has 1309 rows (order for disjuncts: delta=<standard>).
[2026-08-06 12:56:46] (12s) Starting to evaluate predicate Enclosing::stmtEnclosingElement/1#cf37daa7/2@i84#9dc00xsq (iteration 84)
[2026-08-06 12:56:46] (12s) 			 - Enclosing::stmtEnclosingElement/1#cf37daa7_delta has 111 rows (order for disjuncts: delta=<standard>).
[2026-08-06 12:56:46] (12s) Starting to evaluate predicate Enclosing::exprEnclosingElement/1#d94b6dd0/2@i84#9dc00wsq (iteration 84)
[2026-08-06 12:56:46] (12s) 			 - Enclosing::exprEnclosingElement/1#d94b6dd0_delta has 1387 rows (order for disjuncts: delta=<standard>).
[2026-08-06 12:56:46] (12s) Starting to evaluate predicate Enclosing::stmtEnclosingElement/1#cf37daa7/2@i85#9dc00xsq (iteration 85)
[2026-08-06 12:56:46] (12s) 			 - Enclosing::stmtEnclosingElement/1#cf37daa7_delta has 111 rows (order for disjuncts: delta=<standard>).
[2026-08-06 12:56:46] (12s) Starting to evaluate predicate Enclosing::exprEnclosingElement/1#d94b6dd0/2@i85#9dc00wsq (iteration 85)
[2026-08-06 12:56:46] (12s) 			 - Enclosing::exprEnclosingElement/1#d94b6dd0_delta has 1381 rows (order for disjuncts: delta=<standard>).
[2026-08-06 12:56:46] (12s) Starting to evaluate predicate Enclosing::stmtEnclosingElement/1#cf37daa7/2@i86#9dc00xsq (iteration 86)
[2026-08-06 12:56:46] (12s) 			 - Enclosing::stmtEnclosingElement/1#cf37daa7_delta has 110 rows (order for disjuncts: delta=<standard>).
[2026-08-06 12:56:46] (12s) Starting to evaluate predicate Enclosing::exprEnclosingElement/1#d94b6dd0/2@i86#9dc00wsq (iteration 86)
[2026-08-06 12:56:46] (12s) 			 - Enclosing::exprEnclosingElement/1#d94b6dd0_delta has 1275 rows (order for disjuncts: delta=<standard>).
[2026-08-06 12:56:46] (12s) Starting to evaluate predicate Enclosing::stmtEnclosingElement/1#cf37daa7/2@i87#9dc00xsq (iteration 87)
[2026-08-06 12:56:46] (12s) 			 - Enclosing::stmtEnclosingElement/1#cf37daa7_delta has 102 rows (order for disjuncts: delta=<standard>).
[2026-08-06 12:56:46] (12s) Starting to evaluate predicate Enclosing::exprEnclosingElement/1#d94b6dd0/2@i87#9dc00wsq (iteration 87)
[2026-08-06 12:56:46] (12s) 			 - Enclosing::exprEnclosingElement/1#d94b6dd0_delta has 1222 rows (order for disjuncts: delta=<standard>).
[2026-08-06 12:56:46] (12s) Starting to evaluate predicate Enclosing::stmtEnclosingElement/1#cf37daa7/2@i88#9dc00xsq (iteration 88)
[2026-08-06 12:56:46] (12s) 			 - Enclosing::stmtEnclosingElement/1#cf37daa7_delta has 90 rows (order for disjuncts: delta=<standard>).
[2026-08-06 12:56:46] (12s) Starting to evaluate predicate Enclosing::exprEnclosingElement/1#d94b6dd0/2@i88#9dc00wsq (iteration 88)
[2026-08-06 12:56:46] (12s) 			 - Enclosing::exprEnclosingElement/1#d94b6dd0_delta has 1205 rows (order for disjuncts: delta=<standard>).
[2026-08-06 12:56:46] (12s) Starting to evaluate predicate Enclosing::stmtEnclosingElement/1#cf37daa7/2@i89#9dc00xsq (iteration 89)
[2026-08-06 12:56:46] (12s) 			 - Enclosing::stmtEnclosingElement/1#cf37daa7_delta has 90 rows (order for disjuncts: delta=<standard>).
[2026-08-06 12:56:46] (12s) Starting to evaluate predicate Enclosing::exprEnclosingElement/1#d94b6dd0/2@i89#9dc00wsq (iteration 89)
[2026-08-06 12:56:46] (12s) 			 - Enclosing::exprEnclosingElement/1#d94b6dd0_delta has 1189 rows (order for disjuncts: delta=<standard>).
[2026-08-06 12:56:46] (12s) Starting to evaluate predicate Enclosing::stmtEnclosingElement/1#cf37daa7/2@i90#9dc00xsq (iteration 90)
[2026-08-06 12:56:46] (12s) 			 - Enclosing::stmtEnclosingElement/1#cf37daa7_delta has 86 rows (order for disjuncts: delta=<standard>).
[2026-08-06 12:56:46] (12s) Starting to evaluate predicate Enclosing::exprEnclosingElement/1#d94b6dd0/2@i90#9dc00wsq (iteration 90)
[2026-08-06 12:56:46] (12s) 			 - Enclosing::exprEnclosingElement/1#d94b6dd0_delta has 1200 rows (order for disjuncts: delta=<standard>).
[2026-08-06 12:56:46] (12s) Starting to evaluate predicate Enclosing::stmtEnclosingElement/1#cf37daa7/2@i91#9dc00xsq (iteration 91)
[2026-08-06 12:56:46] (12s) 			 - Enclosing::stmtEnclosingElement/1#cf37daa7_delta has 76 rows (order for disjuncts: delta=<standard>).
[2026-08-06 12:56:46] (12s) Starting to evaluate predicate Enclosing::exprEnclosingElement/1#d94b6dd0/2@i91#9dc00wsq (iteration 91)
[2026-08-06 12:56:46] (12s) 			 - Enclosing::exprEnclosingElement/1#d94b6dd0_delta has 1265 rows (order for disjuncts: delta=<standard>).
[2026-08-06 12:56:46] (12s) Starting to evaluate predicate Enclosing::stmtEnclosingElement/1#cf37daa7/2@i92#9dc00xsq (iteration 92)
[2026-08-06 12:56:46] (12s) 			 - Enclosing::stmtEnclosingElement/1#cf37daa7_delta has 70 rows (order for disjuncts: delta=<standard>).
[2026-08-06 12:56:46] (12s) Starting to evaluate predicate Enclosing::exprEnclosingElement/1#d94b6dd0/2@i92#9dc00wsq (iteration 92)
[2026-08-06 12:56:46] (12s) 			 - Enclosing::exprEnclosingElement/1#d94b6dd0_delta has 1290 rows (order for disjuncts: delta=<standard>).
[2026-08-06 12:56:46] (12s) Starting to evaluate predicate Enclosing::stmtEnclosingElement/1#cf37daa7/2@i93#9dc00xsq (iteration 93)
[2026-08-06 12:56:46] (12s) 			 - Enclosing::stmtEnclosingElement/1#cf37daa7_delta has 64 rows (order for disjuncts: delta=<standard>).
[2026-08-06 12:56:46] (12s) Starting to evaluate predicate Enclosing::exprEnclosingElement/1#d94b6dd0/2@i93#9dc00wsq (iteration 93)
[2026-08-06 12:56:46] (12s) 			 - Enclosing::exprEnclosingElement/1#d94b6dd0_delta has 1260 rows (order for disjuncts: delta=<standard>).
[2026-08-06 12:56:46] (12s) Starting to evaluate predicate Enclosing::stmtEnclosingElement/1#cf37daa7/2@i94#9dc00xsq (iteration 94)
[2026-08-06 12:56:46] (12s) 			 - Enclosing::stmtEnclosingElement/1#cf37daa7_delta has 58 rows (order for disjuncts: delta=<standard>).
[2026-08-06 12:56:46] (12s) Starting to evaluate predicate Enclosing::exprEnclosingElement/1#d94b6dd0/2@i94#9dc00wsq (iteration 94)
[2026-08-06 12:56:46] (12s) 			 - Enclosing::exprEnclosingElement/1#d94b6dd0_delta has 1226 rows (order for disjuncts: delta=<standard>).
[2026-08-06 12:56:46] (12s) Starting to evaluate predicate Enclosing::stmtEnclosingElement/1#cf37daa7/2@i95#9dc00xsq (iteration 95)
[2026-08-06 12:56:46] (12s) 			 - Enclosing::stmtEnclosingElement/1#cf37daa7_delta has 54 rows (order for disjuncts: delta=<standard>).
[2026-08-06 12:56:46] (12s) Starting to evaluate predicate Enclosing::exprEnclosingElement/1#d94b6dd0/2@i95#9dc00wsq (iteration 95)
[2026-08-06 12:56:46] (12s) 			 - Enclosing::exprEnclosingElement/1#d94b6dd0_delta has 1192 rows (order for disjuncts: delta=<standard>).
[2026-08-06 12:56:46] (12s) Starting to evaluate predicate Enclosing::stmtEnclosingElement/1#cf37daa7/2@i96#9dc00xsq (iteration 96)
[2026-08-06 12:56:46] (12s) 			 - Enclosing::stmtEnclosingElement/1#cf37daa7_delta has 52 rows (order for disjuncts: delta=<standard>).
[2026-08-06 12:56:46] (12s) Starting to evaluate predicate Enclosing::exprEnclosingElement/1#d94b6dd0/2@i96#9dc00wsq (iteration 96)
[2026-08-06 12:56:46] (12s) 			 - Enclosing::exprEnclosingElement/1#d94b6dd0_delta has 1144 rows (order for disjuncts: delta=<standard>).
[2026-08-06 12:56:46] (12s) Starting to evaluate predicate Enclosing::stmtEnclosingElement/1#cf37daa7/2@i97#9dc00xsq (iteration 97)
[2026-08-06 12:56:46] (12s) 			 - Enclosing::stmtEnclosingElement/1#cf37daa7_delta has 46 rows (order for disjuncts: delta=<standard>).
[2026-08-06 12:56:46] (12s) Starting to evaluate predicate Enclosing::exprEnclosingElement/1#d94b6dd0/2@i97#9dc00wsq (iteration 97)
[2026-08-06 12:56:46] (12s) 			 - Enclosing::exprEnclosingElement/1#d94b6dd0_delta has 1010 rows (order for disjuncts: delta=<standard>).
[2026-08-06 12:56:46] (12s) Starting to evaluate predicate Enclosing::stmtEnclosingElement/1#cf37daa7/2@i98#9dc00xsq (iteration 98)
[2026-08-06 12:56:46] (12s) 			 - Enclosing::stmtEnclosingElement/1#cf37daa7_delta has 42 rows (order for disjuncts: delta=<standard>).
[2026-08-06 12:56:46] (12s) Starting to evaluate predicate Enclosing::exprEnclosingElement/1#d94b6dd0/2@i98#9dc00wsq (iteration 98)
[2026-08-06 12:56:46] (12s) 			 - Enclosing::exprEnclosingElement/1#d94b6dd0_delta has 864 rows (order for disjuncts: delta=<standard>).
[2026-08-06 12:56:46] (12s) Starting to evaluate predicate Enclosing::stmtEnclosingElement/1#cf37daa7/2@i99#9dc00xsq (iteration 99)
[2026-08-06 12:56:46] (12s) 			 - Enclosing::stmtEnclosingElement/1#cf37daa7_delta has 42 rows (order for disjuncts: delta=<standard>).
[2026-08-06 12:56:46] (12s) Starting to evaluate predicate Enclosing::exprEnclosingElement/1#d94b6dd0/2@i99#9dc00wsq (iteration 99)
[2026-08-06 12:56:46] (12s) 			 - Enclosing::exprEnclosingElement/1#d94b6dd0_delta has 806 rows (order for disjuncts: delta=<standard>).
[2026-08-06 12:56:46] (12s) Starting to evaluate predicate Enclosing::stmtEnclosingElement/1#cf37daa7/2@i100#9dc00xsq (iteration 100)
[2026-08-06 12:56:46] (12s) 			 - Enclosing::stmtEnclosingElement/1#cf37daa7_delta has 42 rows (order for disjuncts: delta=<standard>).
[2026-08-06 12:56:46] (12s) Starting to evaluate predicate Enclosing::exprEnclosingElement/1#d94b6dd0/2@i100#9dc00wsq (iteration 100)
[2026-08-06 12:56:46] (12s) 			 - Enclosing::exprEnclosingElement/1#d94b6dd0_delta has 766 rows (order for disjuncts: delta=<standard>).
[2026-08-06 12:56:46] (12s) Starting to evaluate predicate Enclosing::stmtEnclosingElement/1#cf37daa7/2@i101#9dc00xsq (iteration 101)
[2026-08-06 12:56:46] (12s) 			 - Enclosing::stmtEnclosingElement/1#cf37daa7_delta has 42 rows (order for disjuncts: delta=<standard>).
[2026-08-06 12:56:46] (12s) Starting to evaluate predicate Enclosing::exprEnclosingElement/1#d94b6dd0/2@i101#9dc00wsq (iteration 101)
[2026-08-06 12:56:46] (12s) 			 - Enclosing::exprEnclosingElement/1#d94b6dd0_delta has 660 rows (order for disjuncts: delta=<standard>).
[2026-08-06 12:56:46] (12s) Starting to evaluate predicate Enclosing::stmtEnclosingElement/1#cf37daa7/2@i102#9dc00xsq (iteration 102)
[2026-08-06 12:56:46] (12s) 			 - Enclosing::stmtEnclosingElement/1#cf37daa7_delta has 42 rows (order for disjuncts: delta=<standard>).
[2026-08-06 12:56:46] (12s) Starting to evaluate predicate Enclosing::exprEnclosingElement/1#d94b6dd0/2@i102#9dc00wsq (iteration 102)
[2026-08-06 12:56:46] (12s) 			 - Enclosing::exprEnclosingElement/1#d94b6dd0_delta has 538 rows (order for disjuncts: delta=<standard>).
[2026-08-06 12:56:46] (12s) Starting to evaluate predicate Enclosing::stmtEnclosingElement/1#cf37daa7/2@i103#9dc00xsq (iteration 103)
[2026-08-06 12:56:46] (12s) 			 - Enclosing::stmtEnclosingElement/1#cf37daa7_delta has 42 rows (order for disjuncts: delta=<standard>).
[2026-08-06 12:56:46] (12s) Starting to evaluate predicate Enclosing::exprEnclosingElement/1#d94b6dd0/2@i103#9dc00wsq (iteration 103)
[2026-08-06 12:56:46] (12s) 			 - Enclosing::exprEnclosingElement/1#d94b6dd0_delta has 442 rows (order for disjuncts: delta=<standard>).
[2026-08-06 12:56:46] (12s) Starting to evaluate predicate Enclosing::stmtEnclosingElement/1#cf37daa7/2@i104#9dc00xsq (iteration 104)
[2026-08-06 12:56:46] (12s) 			 - Enclosing::stmtEnclosingElement/1#cf37daa7_delta has 42 rows (order for disjuncts: delta=<standard>).
[2026-08-06 12:56:46] (12s) Starting to evaluate predicate Enclosing::exprEnclosingElement/1#d94b6dd0/2@i104#9dc00wsq (iteration 104)
[2026-08-06 12:56:46] (12s) 			 - Enclosing::exprEnclosingElement/1#d94b6dd0_delta has 396 rows (order for disjuncts: delta=<standard>).
[2026-08-06 12:56:46] (12s) Starting to evaluate predicate Enclosing::stmtEnclosingElement/1#cf37daa7/2@i105#9dc00xsq (iteration 105)
[2026-08-06 12:56:46] (12s) 			 - Enclosing::stmtEnclosingElement/1#cf37daa7_delta has 42 rows (order for disjuncts: delta=<standard>).
[2026-08-06 12:56:46] (12s) Starting to evaluate predicate Enclosing::exprEnclosingElement/1#d94b6dd0/2@i105#9dc00wsq (iteration 105)
[2026-08-06 12:56:46] (12s) 			 - Enclosing::exprEnclosingElement/1#d94b6dd0_delta has 414 rows (order for disjuncts: delta=<standard>).
[2026-08-06 12:56:46] (12s) Starting to evaluate predicate Enclosing::stmtEnclosingElement/1#cf37daa7/2@i106#9dc00xsq (iteration 106)
[2026-08-06 12:56:46] (12s) 			 - Enclosing::stmtEnclosingElement/1#cf37daa7_delta has 42 rows (order for disjuncts: delta=<standard>).
[2026-08-06 12:56:46] (12s) Starting to evaluate predicate Enclosing::exprEnclosingElement/1#d94b6dd0/2@i106#9dc00wsq (iteration 106)
[2026-08-06 12:56:46] (12s) 			 - Enclosing::exprEnclosingElement/1#d94b6dd0_delta has 424 rows (order for disjuncts: delta=<standard>).
[2026-08-06 12:56:46] (12s) Starting to evaluate predicate Enclosing::stmtEnclosingElement/1#cf37daa7/2@i107#9dc00xsq (iteration 107)
[2026-08-06 12:56:46] (12s) 			 - Enclosing::stmtEnclosingElement/1#cf37daa7_delta has 42 rows (order for disjuncts: delta=<standard>).
[2026-08-06 12:56:46] (12s) Starting to evaluate predicate Enclosing::exprEnclosingElement/1#d94b6dd0/2@i107#9dc00wsq (iteration 107)
[2026-08-06 12:56:46] (12s) 			 - Enclosing::exprEnclosingElement/1#d94b6dd0_delta has 390 rows (order for disjuncts: delta=<standard>).
[2026-08-06 12:56:46] (12s) Starting to evaluate predicate Enclosing::stmtEnclosingElement/1#cf37daa7/2@i108#9dc00xsq (iteration 108)
[2026-08-06 12:56:46] (12s) 			 - Enclosing::stmtEnclosingElement/1#cf37daa7_delta has 42 rows (order for disjuncts: delta=<standard>).
[2026-08-06 12:56:46] (12s) Starting to evaluate predicate Enclosing::exprEnclosingElement/1#d94b6dd0/2@i108#9dc00wsq (iteration 108)
[2026-08-06 12:56:46] (12s) 			 - Enclosing::exprEnclosingElement/1#d94b6dd0_delta has 404 rows (order for disjuncts: delta=<standard>).
[2026-08-06 12:56:46] (12s) Starting to evaluate predicate Enclosing::stmtEnclosingElement/1#cf37daa7/2@i109#9dc00xsq (iteration 109)
[2026-08-06 12:56:46] (12s) 			 - Enclosing::stmtEnclosingElement/1#cf37daa7_delta has 42 rows (order for disjuncts: delta=<standard>).
[2026-08-06 12:56:46] (12s) Starting to evaluate predicate Enclosing::exprEnclosingElement/1#d94b6dd0/2@i109#9dc00wsq (iteration 109)
[2026-08-06 12:56:46] (12s) 			 - Enclosing::exprEnclosingElement/1#d94b6dd0_delta has 432 rows (order for disjuncts: delta=<standard>).
[2026-08-06 12:56:46] (12s) Starting to evaluate predicate Enclosing::stmtEnclosingElement/1#cf37daa7/2@i110#9dc00xsq (iteration 110)
[2026-08-06 12:56:46] (12s) 			 - Enclosing::stmtEnclosingElement/1#cf37daa7_delta has 38 rows (order for disjuncts: delta=<standard>).
[2026-08-06 12:56:46] (12s) Starting to evaluate predicate Enclosing::exprEnclosingElement/1#d94b6dd0/2@i110#9dc00wsq (iteration 110)
[2026-08-06 12:56:46] (12s) 			 - Enclosing::exprEnclosingElement/1#d94b6dd0_delta has 430 rows (order for disjuncts: delta=<standard>).
[2026-08-06 12:56:46] (12s) Starting to evaluate predicate Enclosing::stmtEnclosingElement/1#cf37daa7/2@i111#9dc00xsq (iteration 111)
[2026-08-06 12:56:46] (12s) 			 - Enclosing::stmtEnclosingElement/1#cf37daa7_delta has 26 rows (order for disjuncts: delta=<standard>).
[2026-08-06 12:56:46] (12s) Starting to evaluate predicate Enclosing::exprEnclosingElement/1#d94b6dd0/2@i111#9dc00wsq (iteration 111)
[2026-08-06 12:56:46] (12s) 			 - Enclosing::exprEnclosingElement/1#d94b6dd0_delta has 438 rows (order for disjuncts: delta=<standard>).
[2026-08-06 12:56:46] (12s) Starting to evaluate predicate Enclosing::stmtEnclosingElement/1#cf37daa7/2@i112#9dc00xsq (iteration 112)
[2026-08-06 12:56:46] (12s) 			 - Enclosing::stmtEnclosingElement/1#cf37daa7_delta has 16 rows (order for disjuncts: delta=<standard>).
[2026-08-06 12:56:46] (12s) Starting to evaluate predicate Enclosing::exprEnclosingElement/1#d94b6dd0/2@i112#9dc00wsq (iteration 112)
[2026-08-06 12:56:46] (12s) 			 - Enclosing::exprEnclosingElement/1#d94b6dd0_delta has 414 rows (order for disjuncts: delta=<standard>).
[2026-08-06 12:56:46] (12s) Starting to evaluate predicate Enclosing::stmtEnclosingElement/1#cf37daa7/2@i113#9dc00xsq (iteration 113)
[2026-08-06 12:56:46] (12s) 			 - Enclosing::stmtEnclosingElement/1#cf37daa7_delta has 12 rows (order for disjuncts: delta=<standard>).
[2026-08-06 12:56:46] (12s) Starting to evaluate predicate Enclosing::exprEnclosingElement/1#d94b6dd0/2@i113#9dc00wsq (iteration 113)
[2026-08-06 12:56:46] (12s) 			 - Enclosing::exprEnclosingElement/1#d94b6dd0_delta has 356 rows (order for disjuncts: delta=<standard>).
[2026-08-06 12:56:46] (12s) Starting to evaluate predicate Enclosing::stmtEnclosingElement/1#cf37daa7/2@i114#9dc00xsq (iteration 114)
[2026-08-06 12:56:46] (12s) 			 - Enclosing::stmtEnclosingElement/1#cf37daa7_delta has 12 rows (order for disjuncts: delta=<standard>).
[2026-08-06 12:56:46] (12s) Starting to evaluate predicate Enclosing::exprEnclosingElement/1#d94b6dd0/2@i114#9dc00wsq (iteration 114)
[2026-08-06 12:56:46] (12s) 			 - Enclosing::exprEnclosingElement/1#d94b6dd0_delta has 266 rows (order for disjuncts: delta=<standard>).
[2026-08-06 12:56:46] (12s) Starting to evaluate predicate Enclosing::stmtEnclosingElement/1#cf37daa7/2@i115#9dc00xsq (iteration 115)
[2026-08-06 12:56:46] (12s) 			 - Enclosing::stmtEnclosingElement/1#cf37daa7_delta has 12 rows (order for disjuncts: delta=<standard>).
[2026-08-06 12:56:46] (12s) Starting to evaluate predicate Enclosing::exprEnclosingElement/1#d94b6dd0/2@i115#9dc00wsq (iteration 115)
[2026-08-06 12:56:46] (12s) 			 - Enclosing::exprEnclosingElement/1#d94b6dd0_delta has 210 rows (order for disjuncts: delta=<standard>).
[2026-08-06 12:56:46] (12s) Starting to evaluate predicate Enclosing::stmtEnclosingElement/1#cf37daa7/2@i116#9dc00xsq (iteration 116)
[2026-08-06 12:56:46] (12s) 			 - Enclosing::stmtEnclosingElement/1#cf37daa7_delta has 12 rows (order for disjuncts: delta=<standard>).
[2026-08-06 12:56:46] (12s) Starting to evaluate predicate Enclosing::exprEnclosingElement/1#d94b6dd0/2@i116#9dc00wsq (iteration 116)
[2026-08-06 12:56:46] (12s) 			 - Enclosing::exprEnclosingElement/1#d94b6dd0_delta has 204 rows (order for disjuncts: delta=<standard>).
[2026-08-06 12:56:46] (12s) Starting to evaluate predicate Enclosing::stmtEnclosingElement/1#cf37daa7/2@i117#9dc00xsq (iteration 117)
[2026-08-06 12:56:46] (12s) 			 - Enclosing::stmtEnclosingElement/1#cf37daa7_delta has 12 rows (order for disjuncts: delta=<standard>).
[2026-08-06 12:56:46] (12s) Starting to evaluate predicate Enclosing::exprEnclosingElement/1#d94b6dd0/2@i117#9dc00wsq (iteration 117)
[2026-08-06 12:56:46] (12s) 			 - Enclosing::exprEnclosingElement/1#d94b6dd0_delta has 182 rows (order for disjuncts: delta=<standard>).
[2026-08-06 12:56:46] (12s) Starting to evaluate predicate Enclosing::stmtEnclosingElement/1#cf37daa7/2@i118#9dc00xsq (iteration 118)
[2026-08-06 12:56:46] (12s) 			 - Enclosing::stmtEnclosingElement/1#cf37daa7_delta has 12 rows (order for disjuncts: delta=<standard>).
[2026-08-06 12:56:46] (12s) Starting to evaluate predicate Enclosing::exprEnclosingElement/1#d94b6dd0/2@i118#9dc00wsq (iteration 118)
[2026-08-06 12:56:46] (12s) 			 - Enclosing::exprEnclosingElement/1#d94b6dd0_delta has 158 rows (order for disjuncts: delta=<standard>).
[2026-08-06 12:56:46] (12s) Starting to evaluate predicate Enclosing::stmtEnclosingElement/1#cf37daa7/2@i119#9dc00xsq (iteration 119)
[2026-08-06 12:56:46] (12s) 			 - Enclosing::stmtEnclosingElement/1#cf37daa7_delta has 12 rows (order for disjuncts: delta=<standard>).
[2026-08-06 12:56:46] (12s) Starting to evaluate predicate Enclosing::exprEnclosingElement/1#d94b6dd0/2@i119#9dc00wsq (iteration 119)
[2026-08-06 12:56:46] (12s) 			 - Enclosing::exprEnclosingElement/1#d94b6dd0_delta has 158 rows (order for disjuncts: delta=<standard>).
[2026-08-06 12:56:46] (12s) Starting to evaluate predicate Enclosing::stmtEnclosingElement/1#cf37daa7/2@i120#9dc00xsq (iteration 120)
[2026-08-06 12:56:46] (12s) 			 - Enclosing::stmtEnclosingElement/1#cf37daa7_delta has 12 rows (order for disjuncts: delta=<standard>).
[2026-08-06 12:56:46] (12s) Starting to evaluate predicate Enclosing::exprEnclosingElement/1#d94b6dd0/2@i120#9dc00wsq (iteration 120)
[2026-08-06 12:56:46] (12s) 			 - Enclosing::exprEnclosingElement/1#d94b6dd0_delta has 154 rows (order for disjuncts: delta=<standard>).
[2026-08-06 12:56:46] (12s) Starting to evaluate predicate Enclosing::stmtEnclosingElement/1#cf37daa7/2@i121#9dc00xsq (iteration 121)
[2026-08-06 12:56:46] (12s) 			 - Enclosing::stmtEnclosingElement/1#cf37daa7_delta has 12 rows (order for disjuncts: delta=<standard>).
[2026-08-06 12:56:46] (12s) Starting to evaluate predicate Enclosing::exprEnclosingElement/1#d94b6dd0/2@i121#9dc00wsq (iteration 121)
[2026-08-06 12:56:46] (12s) 			 - Enclosing::exprEnclosingElement/1#d94b6dd0_delta has 136 rows (order for disjuncts: delta=<standard>).
[2026-08-06 12:56:46] (12s) Starting to evaluate predicate Enclosing::stmtEnclosingElement/1#cf37daa7/2@i122#9dc00xsq (iteration 122)
[2026-08-06 12:56:46] (12s) 			 - Enclosing::stmtEnclosingElement/1#cf37daa7_delta has 12 rows (order for disjuncts: delta=<standard>).
[2026-08-06 12:56:46] (12s) Starting to evaluate predicate Enclosing::exprEnclosingElement/1#d94b6dd0/2@i122#9dc00wsq (iteration 122)
[2026-08-06 12:56:46] (12s) 			 - Enclosing::exprEnclosingElement/1#d94b6dd0_delta has 126 rows (order for disjuncts: delta=<standard>).
[2026-08-06 12:56:46] (12s) Starting to evaluate predicate Enclosing::stmtEnclosingElement/1#cf37daa7/2@i123#9dc00xsq (iteration 123)
[2026-08-06 12:56:46] (12s) 			 - Enclosing::stmtEnclosingElement/1#cf37daa7_delta has 12 rows (order for disjuncts: delta=<standard>).
[2026-08-06 12:56:46] (12s) Starting to evaluate predicate Enclosing::exprEnclosingElement/1#d94b6dd0/2@i123#9dc00wsq (iteration 123)
[2026-08-06 12:56:46] (12s) 			 - Enclosing::exprEnclosingElement/1#d94b6dd0_delta has 114 rows (order for disjuncts: delta=<standard>).
[2026-08-06 12:56:46] (12s) Starting to evaluate predicate Enclosing::stmtEnclosingElement/1#cf37daa7/2@i124#9dc00xsq (iteration 124)
[2026-08-06 12:56:46] (12s) 			 - Enclosing::stmtEnclosingElement/1#cf37daa7_delta has 12 rows (order for disjuncts: delta=<standard>).
[2026-08-06 12:56:46] (12s) Starting to evaluate predicate Enclosing::exprEnclosingElement/1#d94b6dd0/2@i124#9dc00wsq (iteration 124)
[2026-08-06 12:56:46] (12s) 			 - Enclosing::exprEnclosingElement/1#d94b6dd0_delta has 106 rows (order for disjuncts: delta=<standard>).
[2026-08-06 12:56:46] (12s) Starting to evaluate predicate Enclosing::stmtEnclosingElement/1#cf37daa7/2@i125#9dc00xsq (iteration 125)
[2026-08-06 12:56:46] (12s) 			 - Enclosing::stmtEnclosingElement/1#cf37daa7_delta has 12 rows (order for disjuncts: delta=<standard>).
[2026-08-06 12:56:46] (12s) Starting to evaluate predicate Enclosing::exprEnclosingElement/1#d94b6dd0/2@i125#9dc00wsq (iteration 125)
[2026-08-06 12:56:46] (12s) 			 - Enclosing::exprEnclosingElement/1#d94b6dd0_delta has 124 rows (order for disjuncts: delta=<standard>).
[2026-08-06 12:56:46] (12s) Starting to evaluate predicate Enclosing::stmtEnclosingElement/1#cf37daa7/2@i126#9dc00xsq (iteration 126)
[2026-08-06 12:56:46] (12s) 			 - Enclosing::stmtEnclosingElement/1#cf37daa7_delta has 12 rows (order for disjuncts: delta=<standard>).
[2026-08-06 12:56:46] (12s) Starting to evaluate predicate Enclosing::exprEnclosingElement/1#d94b6dd0/2@i126#9dc00wsq (iteration 126)
[2026-08-06 12:56:46] (12s) 			 - Enclosing::exprEnclosingElement/1#d94b6dd0_delta has 124 rows (order for disjuncts: delta=<standard>).
[2026-08-06 12:56:46] (12s) Starting to evaluate predicate Enclosing::stmtEnclosingElement/1#cf37daa7/2@i127#9dc00xsq (iteration 127)
[2026-08-06 12:56:46] (12s) 			 - Enclosing::stmtEnclosingElement/1#cf37daa7_delta has 12 rows (order for disjuncts: delta=<standard>).
[2026-08-06 12:56:46] (12s) Starting to evaluate predicate Enclosing::exprEnclosingElement/1#d94b6dd0/2@i127#9dc00wsq (iteration 127)
[2026-08-06 12:56:46] (12s) 			 - Enclosing::exprEnclosingElement/1#d94b6dd0_delta has 100 rows (order for disjuncts: delta=<standard>).
[2026-08-06 12:56:46] (12s) Starting to evaluate predicate Enclosing::stmtEnclosingElement/1#cf37daa7/2@i128#9dc00xsq (iteration 128)
[2026-08-06 12:56:46] (12s) 			 - Enclosing::stmtEnclosingElement/1#cf37daa7_delta has 12 rows (order for disjuncts: delta=<standard>).
[2026-08-06 12:56:46] (12s) Starting to evaluate predicate Enclosing::exprEnclosingElement/1#d94b6dd0/2@i128#9dc00wsq (iteration 128)
[2026-08-06 12:56:46] (12s) 			 - Enclosing::exprEnclosingElement/1#d94b6dd0_delta has 92 rows (order for disjuncts: delta=<standard>).
[2026-08-06 12:56:46] (12s) Starting to evaluate predicate Enclosing::stmtEnclosingElement/1#cf37daa7/2@i129#9dc00xsq (iteration 129)
[2026-08-06 12:56:46] (12s) 			 - Enclosing::stmtEnclosingElement/1#cf37daa7_delta has 12 rows (order for disjuncts: delta=<standard>).
[2026-08-06 12:56:46] (12s) Starting to evaluate predicate Enclosing::exprEnclosingElement/1#d94b6dd0/2@i129#9dc00wsq (iteration 129)
[2026-08-06 12:56:46] (12s) 			 - Enclosing::exprEnclosingElement/1#d94b6dd0_delta has 100 rows (order for disjuncts: delta=<standard>).
[2026-08-06 12:56:46] (12s) Starting to evaluate predicate Enclosing::stmtEnclosingElement/1#cf37daa7/2@i130#9dc00xsq (iteration 130)
[2026-08-06 12:56:46] (12s) 			 - Enclosing::stmtEnclosingElement/1#cf37daa7_delta has 12 rows (order for disjuncts: delta=<standard>).
[2026-08-06 12:56:46] (12s) Starting to evaluate predicate Enclosing::exprEnclosingElement/1#d94b6dd0/2@i130#9dc00wsq (iteration 130)
[2026-08-06 12:56:46] (12s) 			 - Enclosing::exprEnclosingElement/1#d94b6dd0_delta has 92 rows (order for disjuncts: delta=<standard>).
[2026-08-06 12:56:46] (12s) Starting to evaluate predicate Enclosing::stmtEnclosingElement/1#cf37daa7/2@i131#9dc00xsq (iteration 131)
[2026-08-06 12:56:46] (12s) 			 - Enclosing::stmtEnclosingElement/1#cf37daa7_delta has 12 rows (order for disjuncts: delta=<standard>).
[2026-08-06 12:56:46] (12s) Starting to evaluate predicate Enclosing::exprEnclosingElement/1#d94b6dd0/2@i131#9dc00wsq (iteration 131)
[2026-08-06 12:56:46] (12s) 			 - Enclosing::exprEnclosingElement/1#d94b6dd0_delta has 86 rows (order for disjuncts: delta=<standard>).
[2026-08-06 12:56:46] (12s) Starting to evaluate predicate Enclosing::stmtEnclosingElement/1#cf37daa7/2@i132#9dc00xsq (iteration 132)
[2026-08-06 12:56:46] (12s) 			 - Enclosing::stmtEnclosingElement/1#cf37daa7_delta has 12 rows (order for disjuncts: delta=<standard>).
[2026-08-06 12:56:46] (12s) Starting to evaluate predicate Enclosing::exprEnclosingElement/1#d94b6dd0/2@i132#9dc00wsq (iteration 132)
[2026-08-06 12:56:46] (12s) 			 - Enclosing::exprEnclosingElement/1#d94b6dd0_delta has 92 rows (order for disjuncts: delta=<standard>).
[2026-08-06 12:56:46] (12s) Starting to evaluate predicate Enclosing::stmtEnclosingElement/1#cf37daa7/2@i133#9dc00xsq (iteration 133)
[2026-08-06 12:56:46] (12s) 			 - Enclosing::stmtEnclosingElement/1#cf37daa7_delta has 12 rows (order for disjuncts: delta=<standard>).
[2026-08-06 12:56:46] (12s) Starting to evaluate predicate Enclosing::exprEnclosingElement/1#d94b6dd0/2@i133#9dc00wsq (iteration 133)
[2026-08-06 12:56:46] (12s) 			 - Enclosing::exprEnclosingElement/1#d94b6dd0_delta has 92 rows (order for disjuncts: delta=<standard>).
[2026-08-06 12:56:46] (12s) Starting to evaluate predicate Enclosing::stmtEnclosingElement/1#cf37daa7/2@i134#9dc00xsq (iteration 134)
[2026-08-06 12:56:46] (12s) 			 - Enclosing::stmtEnclosingElement/1#cf37daa7_delta has 12 rows (order for disjuncts: delta=<standard>).
[2026-08-06 12:56:46] (12s) Starting to evaluate predicate Enclosing::exprEnclosingElement/1#d94b6dd0/2@i134#9dc00wsq (iteration 134)
[2026-08-06 12:56:46] (12s) 			 - Enclosing::exprEnclosingElement/1#d94b6dd0_delta has 84 rows (order for disjuncts: delta=<standard>).
[2026-08-06 12:56:46] (12s) Starting to evaluate predicate Enclosing::stmtEnclosingElement/1#cf37daa7/2@i135#9dc00xsq (iteration 135)
[2026-08-06 12:56:46] (12s) 			 - Enclosing::stmtEnclosingElement/1#cf37daa7_delta has 12 rows (order for disjuncts: delta=<standard>).
[2026-08-06 12:56:46] (12s) Starting to evaluate predicate Enclosing::exprEnclosingElement/1#d94b6dd0/2@i135#9dc00wsq (iteration 135)
[2026-08-06 12:56:46] (12s) 			 - Enclosing::exprEnclosingElement/1#d94b6dd0_delta has 96 rows (order for disjuncts: delta=<standard>).
[2026-08-06 12:56:46] (12s) Starting to evaluate predicate Enclosing::stmtEnclosingElement/1#cf37daa7/2@i136#9dc00xsq (iteration 136)
[2026-08-06 12:56:46] (12s) 			 - Enclosing::stmtEnclosingElement/1#cf37daa7_delta has 12 rows (order for disjuncts: delta=<standard>).
[2026-08-06 12:56:46] (12s) Starting to evaluate predicate Enclosing::exprEnclosingElement/1#d94b6dd0/2@i136#9dc00wsq (iteration 136)
[2026-08-06 12:56:46] (12s) 			 - Enclosing::exprEnclosingElement/1#d94b6dd0_delta has 118 rows (order for disjuncts: delta=<standard>).
[2026-08-06 12:56:46] (12s) Starting to evaluate predicate Enclosing::stmtEnclosingElement/1#cf37daa7/2@i137#9dc00xsq (iteration 137)
[2026-08-06 12:56:46] (12s) 			 - Enclosing::stmtEnclosingElement/1#cf37daa7_delta has 12 rows (order for disjuncts: delta=<standard>).
[2026-08-06 12:56:46] (12s) Starting to evaluate predicate Enclosing::exprEnclosingElement/1#d94b6dd0/2@i137#9dc00wsq (iteration 137)
[2026-08-06 12:56:46] (12s) 			 - Enclosing::exprEnclosingElement/1#d94b6dd0_delta has 138 rows (order for disjuncts: delta=<standard>).
[2026-08-06 12:56:46] (12s) Starting to evaluate predicate Enclosing::stmtEnclosingElement/1#cf37daa7/2@i138#9dc00xsq (iteration 138)
[2026-08-06 12:56:46] (12s) 			 - Enclosing::stmtEnclosingElement/1#cf37daa7_delta has 12 rows (order for disjuncts: delta=<standard>).
[2026-08-06 12:56:46] (12s) Starting to evaluate predicate Enclosing::exprEnclosingElement/1#d94b6dd0/2@i138#9dc00wsq (iteration 138)
[2026-08-06 12:56:46] (12s) 			 - Enclosing::exprEnclosingElement/1#d94b6dd0_delta has 140 rows (order for disjuncts: delta=<standard>).
[2026-08-06 12:56:46] (12s) Starting to evaluate predicate Enclosing::stmtEnclosingElement/1#cf37daa7/2@i139#9dc00xsq (iteration 139)
[2026-08-06 12:56:46] (12s) 			 - Enclosing::stmtEnclosingElement/1#cf37daa7_delta has 10 rows (order for disjuncts: delta=<standard>).
[2026-08-06 12:56:46] (12s) Starting to evaluate predicate Enclosing::exprEnclosingElement/1#d94b6dd0/2@i139#9dc00wsq (iteration 139)
[2026-08-06 12:56:46] (12s) 			 - Enclosing::exprEnclosingElement/1#d94b6dd0_delta has 126 rows (order for disjuncts: delta=<standard>).
[2026-08-06 12:56:46] (12s) Starting to evaluate predicate Enclosing::stmtEnclosingElement/1#cf37daa7/2@i140#9dc00xsq (iteration 140)
[2026-08-06 12:56:46] (12s) 			 - Enclosing::stmtEnclosingElement/1#cf37daa7_delta has 6 rows (order for disjuncts: delta=<standard>).
[2026-08-06 12:56:46] (12s) Starting to evaluate predicate Enclosing::exprEnclosingElement/1#d94b6dd0/2@i140#9dc00wsq (iteration 140)
[2026-08-06 12:56:46] (12s) 			 - Enclosing::exprEnclosingElement/1#d94b6dd0_delta has 130 rows (order for disjuncts: delta=<standard>).
[2026-08-06 12:56:46] (12s) Starting to evaluate predicate Enclosing::stmtEnclosingElement/1#cf37daa7/2@i141#9dc00xsq (iteration 141)
[2026-08-06 12:56:46] (12s) 			 - Enclosing::stmtEnclosingElement/1#cf37daa7_delta has 6 rows (order for disjuncts: delta=<standard>).
[2026-08-06 12:56:46] (12s) Starting to evaluate predicate Enclosing::exprEnclosingElement/1#d94b6dd0/2@i141#9dc00wsq (iteration 141)
[2026-08-06 12:56:46] (12s) 			 - Enclosing::exprEnclosingElement/1#d94b6dd0_delta has 124 rows (order for disjuncts: delta=<standard>).
[2026-08-06 12:56:46] (12s) Starting to evaluate predicate Enclosing::stmtEnclosingElement/1#cf37daa7/2@i142#9dc00xsq (iteration 142)
[2026-08-06 12:56:46] (12s) 			 - Enclosing::stmtEnclosingElement/1#cf37daa7_delta has 6 rows (order for disjuncts: delta=<standard>).
[2026-08-06 12:56:46] (12s) Starting to evaluate predicate Enclosing::exprEnclosingElement/1#d94b6dd0/2@i142#9dc00wsq (iteration 142)
[2026-08-06 12:56:46] (12s) 			 - Enclosing::exprEnclosingElement/1#d94b6dd0_delta has 118 rows (order for disjuncts: delta=<standard>).
[2026-08-06 12:56:46] (12s) Starting to evaluate predicate Enclosing::stmtEnclosingElement/1#cf37daa7/2@i143#9dc00xsq (iteration 143)
[2026-08-06 12:56:46] (12s) 			 - Enclosing::stmtEnclosingElement/1#cf37daa7_delta has 6 rows (order for disjuncts: delta=<standard>).
[2026-08-06 12:56:46] (12s) Starting to evaluate predicate Enclosing::exprEnclosingElement/1#d94b6dd0/2@i143#9dc00wsq (iteration 143)
[2026-08-06 12:56:46] (12s) 			 - Enclosing::exprEnclosingElement/1#d94b6dd0_delta has 106 rows (order for disjuncts: delta=<standard>).
[2026-08-06 12:56:46] (12s) Starting to evaluate predicate Enclosing::stmtEnclosingElement/1#cf37daa7/2@i144#9dc00xsq (iteration 144)
[2026-08-06 12:56:46] (12s) 			 - Enclosing::stmtEnclosingElement/1#cf37daa7_delta has 6 rows (order for disjuncts: delta=<standard>).
[2026-08-06 12:56:46] (12s) Starting to evaluate predicate Enclosing::exprEnclosingElement/1#d94b6dd0/2@i144#9dc00wsq (iteration 144)
[2026-08-06 12:56:46] (12s) 			 - Enclosing::exprEnclosingElement/1#d94b6dd0_delta has 80 rows (order for disjuncts: delta=<standard>).
[2026-08-06 12:56:46] (12s) Starting to evaluate predicate Enclosing::stmtEnclosingElement/1#cf37daa7/2@i145#9dc00xsq (iteration 145)
[2026-08-06 12:56:46] (12s) 			 - Enclosing::stmtEnclosingElement/1#cf37daa7_delta has 6 rows (order for disjuncts: delta=<standard>).
[2026-08-06 12:56:46] (12s) Starting to evaluate predicate Enclosing::exprEnclosingElement/1#d94b6dd0/2@i145#9dc00wsq (iteration 145)
[2026-08-06 12:56:46] (12s) 			 - Enclosing::exprEnclosingElement/1#d94b6dd0_delta has 74 rows (order for disjuncts: delta=<standard>).
[2026-08-06 12:56:46] (12s) Starting to evaluate predicate Enclosing::stmtEnclosingElement/1#cf37daa7/2@i146#9dc00xsq (iteration 146)
[2026-08-06 12:56:46] (12s) 			 - Enclosing::stmtEnclosingElement/1#cf37daa7_delta has 6 rows (order for disjuncts: delta=<standard>).
[2026-08-06 12:56:46] (12s) Starting to evaluate predicate Enclosing::exprEnclosingElement/1#d94b6dd0/2@i146#9dc00wsq (iteration 146)
[2026-08-06 12:56:46] (12s) 			 - Enclosing::exprEnclosingElement/1#d94b6dd0_delta has 94 rows (order for disjuncts: delta=<standard>).
[2026-08-06 12:56:46] (12s) Starting to evaluate predicate Enclosing::stmtEnclosingElement/1#cf37daa7/2@i147#9dc00xsq (iteration 147)
[2026-08-06 12:56:46] (12s) 			 - Enclosing::stmtEnclosingElement/1#cf37daa7_delta has 6 rows (order for disjuncts: delta=<standard>).
[2026-08-06 12:56:46] (12s) Starting to evaluate predicate Enclosing::exprEnclosingElement/1#d94b6dd0/2@i147#9dc00wsq (iteration 147)
[2026-08-06 12:56:46] (12s) 			 - Enclosing::exprEnclosingElement/1#d94b6dd0_delta has 110 rows (order for disjuncts: delta=<standard>).
[2026-08-06 12:56:46] (12s) Starting to evaluate predicate Enclosing::stmtEnclosingElement/1#cf37daa7/2@i148#9dc00xsq (iteration 148)
[2026-08-06 12:56:46] (12s) 			 - Enclosing::stmtEnclosingElement/1#cf37daa7_delta has 6 rows (order for disjuncts: delta=<standard>).
[2026-08-06 12:56:46] (12s) Starting to evaluate predicate Enclosing::exprEnclosingElement/1#d94b6dd0/2@i148#9dc00wsq (iteration 148)
[2026-08-06 12:56:46] (12s) 			 - Enclosing::exprEnclosingElement/1#d94b6dd0_delta has 100 rows (order for disjuncts: delta=<standard>).
[2026-08-06 12:56:46] (12s) Starting to evaluate predicate Enclosing::stmtEnclosingElement/1#cf37daa7/2@i149#9dc00xsq (iteration 149)
[2026-08-06 12:56:46] (12s) 			 - Enclosing::stmtEnclosingElement/1#cf37daa7_delta has 6 rows (order for disjuncts: delta=<standard>).
[2026-08-06 12:56:46] (12s) Starting to evaluate predicate Enclosing::exprEnclosingElement/1#d94b6dd0/2@i149#9dc00wsq (iteration 149)
[2026-08-06 12:56:46] (12s) 			 - Enclosing::exprEnclosingElement/1#d94b6dd0_delta has 80 rows (order for disjuncts: delta=<standard>).
[2026-08-06 12:56:46] (12s) Starting to evaluate predicate Enclosing::stmtEnclosingElement/1#cf37daa7/2@i150#9dc00xsq (iteration 150)
[2026-08-06 12:56:46] (12s) 			 - Enclosing::stmtEnclosingElement/1#cf37daa7_delta has 6 rows (order for disjuncts: delta=<standard>).
[2026-08-06 12:56:46] (12s) Starting to evaluate predicate Enclosing::exprEnclosingElement/1#d94b6dd0/2@i150#9dc00wsq (iteration 150)
[2026-08-06 12:56:46] (12s) 			 - Enclosing::exprEnclosingElement/1#d94b6dd0_delta has 68 rows (order for disjuncts: delta=<standard>).
[2026-08-06 12:56:46] (12s) Starting to evaluate predicate Enclosing::stmtEnclosingElement/1#cf37daa7/2@i151#9dc00xsq (iteration 151)
[2026-08-06 12:56:46] (12s) 			 - Enclosing::stmtEnclosingElement/1#cf37daa7_delta has 6 rows (order for disjuncts: delta=<standard>).
[2026-08-06 12:56:46] (12s) Starting to evaluate predicate Enclosing::exprEnclosingElement/1#d94b6dd0/2@i151#9dc00wsq (iteration 151)
[2026-08-06 12:56:46] (12s) 			 - Enclosing::exprEnclosingElement/1#d94b6dd0_delta has 66 rows (order for disjuncts: delta=<standard>).
[2026-08-06 12:56:46] (12s) Starting to evaluate predicate Enclosing::stmtEnclosingElement/1#cf37daa7/2@i152#9dc00xsq (iteration 152)
[2026-08-06 12:56:46] (12s) 			 - Enclosing::stmtEnclosingElement/1#cf37daa7_delta has 6 rows (order for disjuncts: delta=<standard>).
[2026-08-06 12:56:46] (12s) Starting to evaluate predicate Enclosing::exprEnclosingElement/1#d94b6dd0/2@i152#9dc00wsq (iteration 152)
[2026-08-06 12:56:46] (12s) 			 - Enclosing::exprEnclosingElement/1#d94b6dd0_delta has 80 rows (order for disjuncts: delta=<standard>).
[2026-08-06 12:56:46] (12s) Starting to evaluate predicate Enclosing::stmtEnclosingElement/1#cf37daa7/2@i153#9dc00xsq (iteration 153)
[2026-08-06 12:56:46] (12s) 			 - Enclosing::stmtEnclosingElement/1#cf37daa7_delta has 6 rows (order for disjuncts: delta=<standard>).
[2026-08-06 12:56:46] (12s) Starting to evaluate predicate Enclosing::exprEnclosingElement/1#d94b6dd0/2@i153#9dc00wsq (iteration 153)
[2026-08-06 12:56:46] (12s) 			 - Enclosing::exprEnclosingElement/1#d94b6dd0_delta has 82 rows (order for disjuncts: delta=<standard>).
[2026-08-06 12:56:46] (12s) Starting to evaluate predicate Enclosing::stmtEnclosingElement/1#cf37daa7/2@i154#9dc00xsq (iteration 154)
[2026-08-06 12:56:46] (12s) 			 - Enclosing::stmtEnclosingElement/1#cf37daa7_delta has 6 rows (order for disjuncts: delta=<standard>).
[2026-08-06 12:56:46] (12s) Starting to evaluate predicate Enclosing::exprEnclosingElement/1#d94b6dd0/2@i154#9dc00wsq (iteration 154)
[2026-08-06 12:56:46] (12s) 			 - Enclosing::exprEnclosingElement/1#d94b6dd0_delta has 76 rows (order for disjuncts: delta=<standard>).
[2026-08-06 12:56:46] (12s) Starting to evaluate predicate Enclosing::stmtEnclosingElement/1#cf37daa7/2@i155#9dc00xsq (iteration 155)
[2026-08-06 12:56:46] (12s) 			 - Enclosing::stmtEnclosingElement/1#cf37daa7_delta has 6 rows (order for disjuncts: delta=<standard>).
[2026-08-06 12:56:46] (12s) Starting to evaluate predicate Enclosing::exprEnclosingElement/1#d94b6dd0/2@i155#9dc00wsq (iteration 155)
[2026-08-06 12:56:46] (12s) 			 - Enclosing::exprEnclosingElement/1#d94b6dd0_delta has 86 rows (order for disjuncts: delta=<standard>).
[2026-08-06 12:56:46] (12s) Starting to evaluate predicate Enclosing::stmtEnclosingElement/1#cf37daa7/2@i156#9dc00xsq (iteration 156)
[2026-08-06 12:56:46] (12s) 			 - Enclosing::stmtEnclosingElement/1#cf37daa7_delta has 6 rows (order for disjuncts: delta=<standard>).
[2026-08-06 12:56:46] (12s) Starting to evaluate predicate Enclosing::exprEnclosingElement/1#d94b6dd0/2@i156#9dc00wsq (iteration 156)
[2026-08-06 12:56:46] (12s) 			 - Enclosing::exprEnclosingElement/1#d94b6dd0_delta has 84 rows (order for disjuncts: delta=<standard>).
[2026-08-06 12:56:46] (12s) Starting to evaluate predicate Enclosing::stmtEnclosingElement/1#cf37daa7/2@i157#9dc00xsq (iteration 157)
[2026-08-06 12:56:46] (12s) 			 - Enclosing::stmtEnclosingElement/1#cf37daa7_delta has 6 rows (order for disjuncts: delta=<standard>).
[2026-08-06 12:56:46] (12s) Starting to evaluate predicate Enclosing::exprEnclosingElement/1#d94b6dd0/2@i157#9dc00wsq (iteration 157)
[2026-08-06 12:56:46] (12s) 			 - Enclosing::exprEnclosingElement/1#d94b6dd0_delta has 66 rows (order for disjuncts: delta=<standard>).
[2026-08-06 12:56:46] (12s) Starting to evaluate predicate Enclosing::stmtEnclosingElement/1#cf37daa7/2@i158#9dc00xsq (iteration 158)
[2026-08-06 12:56:46] (12s) 			 - Enclosing::stmtEnclosingElement/1#cf37daa7_delta has 6 rows (order for disjuncts: delta=<standard>).
[2026-08-06 12:56:46] (12s) Starting to evaluate predicate Enclosing::exprEnclosingElement/1#d94b6dd0/2@i158#9dc00wsq (iteration 158)
[2026-08-06 12:56:46] (12s) 			 - Enclosing::exprEnclosingElement/1#d94b6dd0_delta has 48 rows (order for disjuncts: delta=<standard>).
[2026-08-06 12:56:46] (12s) Starting to evaluate predicate Enclosing::stmtEnclosingElement/1#cf37daa7/2@i159#9dc00xsq (iteration 159)
[2026-08-06 12:56:46] (12s) 			 - Enclosing::stmtEnclosingElement/1#cf37daa7_delta has 6 rows (order for disjuncts: delta=<standard>).
[2026-08-06 12:56:46] (12s) Starting to evaluate predicate Enclosing::exprEnclosingElement/1#d94b6dd0/2@i159#9dc00wsq (iteration 159)
[2026-08-06 12:56:46] (12s) 			 - Enclosing::exprEnclosingElement/1#d94b6dd0_delta has 50 rows (order for disjuncts: delta=<standard>).
[2026-08-06 12:56:46] (12s) Starting to evaluate predicate Enclosing::stmtEnclosingElement/1#cf37daa7/2@i160#9dc00xsq (iteration 160)
[2026-08-06 12:56:46] (12s) 			 - Enclosing::stmtEnclosingElement/1#cf37daa7_delta has 6 rows (order for disjuncts: delta=<standard>).
[2026-08-06 12:56:46] (12s) Starting to evaluate predicate Enclosing::exprEnclosingElement/1#d94b6dd0/2@i160#9dc00wsq (iteration 160)
[2026-08-06 12:56:46] (12s) 			 - Enclosing::exprEnclosingElement/1#d94b6dd0_delta has 48 rows (order for disjuncts: delta=<standard>).
[2026-08-06 12:56:46] (12s) Starting to evaluate predicate Enclosing::stmtEnclosingElement/1#cf37daa7/2@i161#9dc00xsq (iteration 161)
[2026-08-06 12:56:46] (12s) 			 - Enclosing::stmtEnclosingElement/1#cf37daa7_delta has 6 rows (order for disjuncts: delta=<standard>).
[2026-08-06 12:56:46] (12s) Starting to evaluate predicate Enclosing::exprEnclosingElement/1#d94b6dd0/2@i161#9dc00wsq (iteration 161)
[2026-08-06 12:56:46] (12s) 			 - Enclosing::exprEnclosingElement/1#d94b6dd0_delta has 50 rows (order for disjuncts: delta=<standard>).
[2026-08-06 12:56:46] (12s) Starting to evaluate predicate Enclosing::stmtEnclosingElement/1#cf37daa7/2@i162#9dc00xsq (iteration 162)
[2026-08-06 12:56:46] (12s) 			 - Enclosing::stmtEnclosingElement/1#cf37daa7_delta has 6 rows (order for disjuncts: delta=<standard>).
[2026-08-06 12:56:46] (12s) Starting to evaluate predicate Enclosing::exprEnclosingElement/1#d94b6dd0/2@i162#9dc00wsq (iteration 162)
[2026-08-06 12:56:46] (12s) 			 - Enclosing::exprEnclosingElement/1#d94b6dd0_delta has 64 rows (order for disjuncts: delta=<standard>).
[2026-08-06 12:56:46] (12s) Starting to evaluate predicate Enclosing::stmtEnclosingElement/1#cf37daa7/2@i163#9dc00xsq (iteration 163)
[2026-08-06 12:56:46] (12s) 			 - Enclosing::stmtEnclosingElement/1#cf37daa7_delta has 6 rows (order for disjuncts: delta=<standard>).
[2026-08-06 12:56:46] (12s) Starting to evaluate predicate Enclosing::exprEnclosingElement/1#d94b6dd0/2@i163#9dc00wsq (iteration 163)
[2026-08-06 12:56:46] (12s) 			 - Enclosing::exprEnclosingElement/1#d94b6dd0_delta has 64 rows (order for disjuncts: delta=<standard>).
[2026-08-06 12:56:46] (12s) Starting to evaluate predicate Enclosing::stmtEnclosingElement/1#cf37daa7/2@i164#9dc00xsq (iteration 164)
[2026-08-06 12:56:46] (12s) 			 - Enclosing::stmtEnclosingElement/1#cf37daa7_delta has 6 rows (order for disjuncts: delta=<standard>).
[2026-08-06 12:56:46] (12s) Starting to evaluate predicate Enclosing::exprEnclosingElement/1#d94b6dd0/2@i164#9dc00wsq (iteration 164)
[2026-08-06 12:56:46] (12s) 			 - Enclosing::exprEnclosingElement/1#d94b6dd0_delta has 64 rows (order for disjuncts: delta=<standard>).
[2026-08-06 12:56:46] (12s) Starting to evaluate predicate Enclosing::stmtEnclosingElement/1#cf37daa7/2@i165#9dc00xsq (iteration 165)
[2026-08-06 12:56:46] (12s) 			 - Enclosing::stmtEnclosingElement/1#cf37daa7_delta has 6 rows (order for disjuncts: delta=<standard>).
[2026-08-06 12:56:46] (12s) Starting to evaluate predicate Enclosing::exprEnclosingElement/1#d94b6dd0/2@i165#9dc00wsq (iteration 165)
[2026-08-06 12:56:46] (12s) 			 - Enclosing::exprEnclosingElement/1#d94b6dd0_delta has 80 rows (order for disjuncts: delta=<standard>).
[2026-08-06 12:56:46] (12s) Starting to evaluate predicate Enclosing::stmtEnclosingElement/1#cf37daa7/2@i166#9dc00xsq (iteration 166)
[2026-08-06 12:56:46] (12s) 			 - Enclosing::stmtEnclosingElement/1#cf37daa7_delta has 6 rows (order for disjuncts: delta=<standard>).
[2026-08-06 12:56:46] (12s) Starting to evaluate predicate Enclosing::exprEnclosingElement/1#d94b6dd0/2@i166#9dc00wsq (iteration 166)
[2026-08-06 12:56:46] (12s) 			 - Enclosing::exprEnclosingElement/1#d94b6dd0_delta has 78 rows (order for disjuncts: delta=<standard>).
[2026-08-06 12:56:46] (12s) Starting to evaluate predicate Enclosing::stmtEnclosingElement/1#cf37daa7/2@i167#9dc00xsq (iteration 167)
[2026-08-06 12:56:46] (12s) 			 - Enclosing::stmtEnclosingElement/1#cf37daa7_delta has 6 rows (order for disjuncts: delta=<standard>).
[2026-08-06 12:56:46] (12s) Starting to evaluate predicate Enclosing::exprEnclosingElement/1#d94b6dd0/2@i167#9dc00wsq (iteration 167)
[2026-08-06 12:56:46] (12s) 			 - Enclosing::exprEnclosingElement/1#d94b6dd0_delta has 84 rows (order for disjuncts: delta=<standard>).
[2026-08-06 12:56:46] (12s) Starting to evaluate predicate Enclosing::stmtEnclosingElement/1#cf37daa7/2@i168#9dc00xsq (iteration 168)
[2026-08-06 12:56:46] (12s) 			 - Enclosing::stmtEnclosingElement/1#cf37daa7_delta has 6 rows (order for disjuncts: delta=<standard>).
[2026-08-06 12:56:46] (12s) Starting to evaluate predicate Enclosing::exprEnclosingElement/1#d94b6dd0/2@i168#9dc00wsq (iteration 168)
[2026-08-06 12:56:46] (12s) 			 - Enclosing::exprEnclosingElement/1#d94b6dd0_delta has 112 rows (order for disjuncts: delta=<standard>).
[2026-08-06 12:56:46] (12s) Starting to evaluate predicate Enclosing::stmtEnclosingElement/1#cf37daa7/2@i169#9dc00xsq (iteration 169)
[2026-08-06 12:56:46] (12s) 			 - Enclosing::stmtEnclosingElement/1#cf37daa7_delta has 6 rows (order for disjuncts: delta=<standard>).
[2026-08-06 12:56:46] (12s) Starting to evaluate predicate Enclosing::exprEnclosingElement/1#d94b6dd0/2@i169#9dc00wsq (iteration 169)
[2026-08-06 12:56:46] (12s) 			 - Enclosing::exprEnclosingElement/1#d94b6dd0_delta has 114 rows (order for disjuncts: delta=<standard>).
[2026-08-06 12:56:46] (12s) Starting to evaluate predicate Enclosing::stmtEnclosingElement/1#cf37daa7/2@i170#9dc00xsq (iteration 170)
[2026-08-06 12:56:46] (12s) 			 - Enclosing::stmtEnclosingElement/1#cf37daa7_delta has 6 rows (order for disjuncts: delta=<standard>).
[2026-08-06 12:56:46] (12s) Starting to evaluate predicate Enclosing::exprEnclosingElement/1#d94b6dd0/2@i170#9dc00wsq (iteration 170)
[2026-08-06 12:56:46] (12s) 			 - Enclosing::exprEnclosingElement/1#d94b6dd0_delta has 90 rows (order for disjuncts: delta=<standard>).
[2026-08-06 12:56:46] (12s) Starting to evaluate predicate Enclosing::stmtEnclosingElement/1#cf37daa7/2@i171#9dc00xsq (iteration 171)
[2026-08-06 12:56:46] (12s) 			 - Enclosing::stmtEnclosingElement/1#cf37daa7_delta has 6 rows (order for disjuncts: delta=<standard>).
[2026-08-06 12:56:46] (12s) Starting to evaluate predicate Enclosing::exprEnclosingElement/1#d94b6dd0/2@i171#9dc00wsq (iteration 171)
[2026-08-06 12:56:46] (12s) 			 - Enclosing::exprEnclosingElement/1#d94b6dd0_delta has 66 rows (order for disjuncts: delta=<standard>).
[2026-08-06 12:56:46] (12s) Starting to evaluate predicate Enclosing::stmtEnclosingElement/1#cf37daa7/2@i172#9dc00xsq (iteration 172)
[2026-08-06 12:56:46] (12s) 			 - Enclosing::stmtEnclosingElement/1#cf37daa7_delta has 6 rows (order for disjuncts: delta=<standard>).
[2026-08-06 12:56:46] (12s) Starting to evaluate predicate Enclosing::exprEnclosingElement/1#d94b6dd0/2@i172#9dc00wsq (iteration 172)
[2026-08-06 12:56:46] (12s) 			 - Enclosing::exprEnclosingElement/1#d94b6dd0_delta has 74 rows (order for disjuncts: delta=<standard>).
[2026-08-06 12:56:46] (12s) Starting to evaluate predicate Enclosing::stmtEnclosingElement/1#cf37daa7/2@i173#9dc00xsq (iteration 173)
[2026-08-06 12:56:46] (12s) 			 - Enclosing::stmtEnclosingElement/1#cf37daa7_delta has 6 rows (order for disjuncts: delta=<standard>).
[2026-08-06 12:56:46] (12s) Starting to evaluate predicate Enclosing::exprEnclosingElement/1#d94b6dd0/2@i173#9dc00wsq (iteration 173)
[2026-08-06 12:56:46] (12s) 			 - Enclosing::exprEnclosingElement/1#d94b6dd0_delta has 82 rows (order for disjuncts: delta=<standard>).
[2026-08-06 12:56:46] (12s) Starting to evaluate predicate Enclosing::stmtEnclosingElement/1#cf37daa7/2@i174#9dc00xsq (iteration 174)
[2026-08-06 12:56:46] (12s) 			 - Enclosing::stmtEnclosingElement/1#cf37daa7_delta has 6 rows (order for disjuncts: delta=<standard>).
[2026-08-06 12:56:46] (12s) Starting to evaluate predicate Enclosing::exprEnclosingElement/1#d94b6dd0/2@i174#9dc00wsq (iteration 174)
[2026-08-06 12:56:46] (12s) 			 - Enclosing::exprEnclosingElement/1#d94b6dd0_delta has 74 rows (order for disjuncts: delta=<standard>).
[2026-08-06 12:56:46] (12s) Starting to evaluate predicate Enclosing::stmtEnclosingElement/1#cf37daa7/2@i175#9dc00xsq (iteration 175)
[2026-08-06 12:56:46] (12s) 			 - Enclosing::stmtEnclosingElement/1#cf37daa7_delta has 6 rows (order for disjuncts: delta=<standard>).
[2026-08-06 12:56:46] (12s) Starting to evaluate predicate Enclosing::exprEnclosingElement/1#d94b6dd0/2@i175#9dc00wsq (iteration 175)
[2026-08-06 12:56:46] (12s) 			 - Enclosing::exprEnclosingElement/1#d94b6dd0_delta has 66 rows (order for disjuncts: delta=<standard>).
[2026-08-06 12:56:46] (12s) Starting to evaluate predicate Enclosing::stmtEnclosingElement/1#cf37daa7/2@i176#9dc00xsq (iteration 176)
[2026-08-06 12:56:46] (12s) 			 - Enclosing::stmtEnclosingElement/1#cf37daa7_delta has 6 rows (order for disjuncts: delta=<standard>).
[2026-08-06 12:56:46] (12s) Starting to evaluate predicate Enclosing::exprEnclosingElement/1#d94b6dd0/2@i176#9dc00wsq (iteration 176)
[2026-08-06 12:56:46] (12s) 			 - Enclosing::exprEnclosingElement/1#d94b6dd0_delta has 64 rows (order for disjuncts: delta=<standard>).
[2026-08-06 12:56:46] (12s) Starting to evaluate predicate Enclosing::stmtEnclosingElement/1#cf37daa7/2@i177#9dc00xsq (iteration 177)
[2026-08-06 12:56:46] (12s) 			 - Enclosing::stmtEnclosingElement/1#cf37daa7_delta has 6 rows (order for disjuncts: delta=<standard>).
[2026-08-06 12:56:46] (12s) Starting to evaluate predicate Enclosing::exprEnclosingElement/1#d94b6dd0/2@i177#9dc00wsq (iteration 177)
[2026-08-06 12:56:46] (12s) 			 - Enclosing::exprEnclosingElement/1#d94b6dd0_delta has 74 rows (order for disjuncts: delta=<standard>).
[2026-08-06 12:56:46] (12s) Starting to evaluate predicate Enclosing::stmtEnclosingElement/1#cf37daa7/2@i178#9dc00xsq (iteration 178)
[2026-08-06 12:56:46] (12s) 			 - Enclosing::stmtEnclosingElement/1#cf37daa7_delta has 6 rows (order for disjuncts: delta=<standard>).
[2026-08-06 12:56:46] (12s) Starting to evaluate predicate Enclosing::exprEnclosingElement/1#d94b6dd0/2@i178#9dc00wsq (iteration 178)
[2026-08-06 12:56:46] (12s) 			 - Enclosing::exprEnclosingElement/1#d94b6dd0_delta has 72 rows (order for disjuncts: delta=<standard>).
[2026-08-06 12:56:46] (12s) Starting to evaluate predicate Enclosing::stmtEnclosingElement/1#cf37daa7/2@i179#9dc00xsq (iteration 179)
[2026-08-06 12:56:46] (12s) 			 - Enclosing::stmtEnclosingElement/1#cf37daa7_delta has 6 rows (order for disjuncts: delta=<standard>).
[2026-08-06 12:56:46] (12s) Starting to evaluate predicate Enclosing::exprEnclosingElement/1#d94b6dd0/2@i179#9dc00wsq (iteration 179)
[2026-08-06 12:56:46] (12s) 			 - Enclosing::exprEnclosingElement/1#d94b6dd0_delta has 78 rows (order for disjuncts: delta=<standard>).
[2026-08-06 12:56:46] (12s) Starting to evaluate predicate Enclosing::stmtEnclosingElement/1#cf37daa7/2@i180#9dc00xsq (iteration 180)
[2026-08-06 12:56:46] (12s) 			 - Enclosing::stmtEnclosingElement/1#cf37daa7_delta has 4 rows (order for disjuncts: delta=<standard>).
[2026-08-06 12:56:46] (12s) Starting to evaluate predicate Enclosing::exprEnclosingElement/1#d94b6dd0/2@i180#9dc00wsq (iteration 180)
[2026-08-06 12:56:46] (12s) 			 - Enclosing::exprEnclosingElement/1#d94b6dd0_delta has 84 rows (order for disjuncts: delta=<standard>).
[2026-08-06 12:56:46] (12s) Starting to evaluate predicate Enclosing::stmtEnclosingElement/1#cf37daa7/2@i181#9dc00xsq (iteration 181)
[2026-08-06 12:56:46] (12s) Empty delta for Enclosing::stmtEnclosingElement/1#cf37daa7_delta (order for disjuncts: delta=<standard>).
[2026-08-06 12:56:46] (12s) Starting to evaluate predicate Enclosing::exprEnclosingElement/1#d94b6dd0/2@i181#9dc00wsq (iteration 181)
[2026-08-06 12:56:46] (12s) 			 - Enclosing::exprEnclosingElement/1#d94b6dd0_delta has 78 rows (order for disjuncts: delta=<standard>).
[2026-08-06 12:56:46] (12s) Starting to evaluate predicate Enclosing::stmtEnclosingElement/1#cf37daa7/2@i182#9dc00xsq (iteration 182)
[2026-08-06 12:56:46] (12s) Empty delta for Enclosing::stmtEnclosingElement/1#cf37daa7_delta (order for disjuncts: delta=<standard>).
[2026-08-06 12:56:46] (12s) Starting to evaluate predicate Enclosing::exprEnclosingElement/1#d94b6dd0/2@i182#9dc00wsq (iteration 182)
[2026-08-06 12:56:46] (12s) 			 - Enclosing::exprEnclosingElement/1#d94b6dd0_delta has 46 rows (order for disjuncts: delta=<standard>).
[2026-08-06 12:56:46] (12s) Starting to evaluate predicate Enclosing::stmtEnclosingElement/1#cf37daa7/2@i183#9dc00xsq (iteration 183)
[2026-08-06 12:56:46] (12s) Empty delta for Enclosing::stmtEnclosingElement/1#cf37daa7_delta (order for disjuncts: delta=<standard>).
[2026-08-06 12:56:46] (12s) Starting to evaluate predicate Enclosing::exprEnclosingElement/1#d94b6dd0/2@i183#9dc00wsq (iteration 183)
[2026-08-06 12:56:46] (12s) 			 - Enclosing::exprEnclosingElement/1#d94b6dd0_delta has 28 rows (order for disjuncts: delta=<standard>).
[2026-08-06 12:56:46] (12s) Starting to evaluate predicate Enclosing::stmtEnclosingElement/1#cf37daa7/2@i184#9dc00xsq (iteration 184)
[2026-08-06 12:56:46] (12s) Empty delta for Enclosing::stmtEnclosingElement/1#cf37daa7_delta (order for disjuncts: delta=<standard>).
[2026-08-06 12:56:46] (12s) Starting to evaluate predicate Enclosing::exprEnclosingElement/1#d94b6dd0/2@i184#9dc00wsq (iteration 184)
[2026-08-06 12:56:46] (12s) 			 - Enclosing::exprEnclosingElement/1#d94b6dd0_delta has 30 rows (order for disjuncts: delta=<standard>).
[2026-08-06 12:56:46] (12s) Starting to evaluate predicate Enclosing::stmtEnclosingElement/1#cf37daa7/2@i185#9dc00xsq (iteration 185)
[2026-08-06 12:56:46] (12s) Empty delta for Enclosing::stmtEnclosingElement/1#cf37daa7_delta (order for disjuncts: delta=<standard>).
[2026-08-06 12:56:46] (12s) Starting to evaluate predicate Enclosing::exprEnclosingElement/1#d94b6dd0/2@i185#9dc00wsq (iteration 185)
[2026-08-06 12:56:46] (12s) 			 - Enclosing::exprEnclosingElement/1#d94b6dd0_delta has 24 rows (order for disjuncts: delta=<standard>).
[2026-08-06 12:56:46] (12s) Starting to evaluate predicate Enclosing::stmtEnclosingElement/1#cf37daa7/2@i186#9dc00xsq (iteration 186)
[2026-08-06 12:56:46] (12s) Empty delta for Enclosing::stmtEnclosingElement/1#cf37daa7_delta (order for disjuncts: delta=<standard>).
[2026-08-06 12:56:46] (12s) Starting to evaluate predicate Enclosing::exprEnclosingElement/1#d94b6dd0/2@i186#9dc00wsq (iteration 186)
[2026-08-06 12:56:46] (12s) 			 - Enclosing::exprEnclosingElement/1#d94b6dd0_delta has 8 rows (order for disjuncts: delta=<standard>).
[2026-08-06 12:56:46] (12s) Starting to evaluate predicate Enclosing::stmtEnclosingElement/1#cf37daa7/2@i187#9dc00xsq (iteration 187)
[2026-08-06 12:56:46] (12s) Empty delta for Enclosing::stmtEnclosingElement/1#cf37daa7_delta (order for disjuncts: delta=<standard>).
[2026-08-06 12:56:46] (12s) Starting to evaluate predicate Enclosing::exprEnclosingElement/1#d94b6dd0/2@i187#9dc00wsq (iteration 187)
[2026-08-06 12:56:46] (12s) Empty delta for Enclosing::exprEnclosingElement/1#d94b6dd0_delta (order for disjuncts: delta=<standard>).
[2026-08-06 12:56:46] (12s) Accumulating deltas
[2026-08-06 12:56:46] (12s) Pausing evaluation to evict 31.04MiB ARRAYS at sequence stamp o+177152
[2026-08-06 12:56:46] (12s) Unpausing evaluation: 36.35MiB forgotten: 36.35MiB UNREACHABLE (46 items up to o+177150)
[2026-08-06 12:56:46] (12s) Pausing evaluation to evict 31.04MiB ARRAYS at sequence stamp o+177243
[2026-08-06 12:56:46] (12s) Unpausing evaluation: 34.80MiB forgotten: 34.80MiB UNREACHABLE (45 items up to o+177240)
[2026-08-06 12:56:46] (12s)  >>> Created relation Enclosing::exprEnclosingElement/1#d94b6dd0/2@9dc00wsq with 10082237 rows and digest 021eb6v5j434i704ong91h55lne.
[2026-08-06 12:56:46] (12s) Pausing evaluation to evict 31.03MiB ARRAYS at sequence stamp o+177339
[2026-08-06 12:56:46] (12s) Unpausing evaluation: 37.12MiB forgotten: 37.12MiB UNREACHABLE (47 items up to o+177337)
[2026-08-06 12:56:46] (12s)  >>> Created relation Enclosing::stmtEnclosingElement/1#cf37daa7/2@9dc00xsq with 1727224 rows and digest c1d0d8qbo00ad9ced1guvjjmfe3.
[2026-08-06 12:56:46] (12s) No need to promote strings for Enclosing::exprEnclosingElement/1#d94b6dd0/2@9dc00wsq as it does not contain computed strings.
[2026-08-06 12:56:46] (12s)  >>> Created relation cached_Enclosing::exprEnclosingElement/1#d94b6dd0/2@c6fd19fo with 10082237 rows and digest 021eb6v5j434i704ong91h55lne.
[2026-08-06 12:56:46] (12s) No need to promote strings for Enclosing::stmtEnclosingElement/1#cf37daa7/2@9dc00xsq as it does not contain computed strings.
[2026-08-06 12:56:46] (12s)  >>> Created relation cached_Enclosing::stmtEnclosingElement/1#cf37daa7/2@ba27afv4 with 1727224 rows and digest c1d0d8qbo00ad9ced1guvjjmfe3.
[2026-08-06 12:56:46] (12s) Pausing evaluation to evict 33.98MiB ARRAYS at sequence stamp o+177369
[2026-08-06 12:56:46] (12s) Unpausing evaluation: 34.03MiB forgotten: 3.87MiB UNREACHABLE (5 items up to o+177349) 30.16MiB UNIMPORTANT (66 items up to o+177106)
[2026-08-06 12:56:46] (12s) Pausing evaluation to evict 33.93MiB ARRAYS at sequence stamp o+177384
[2026-08-06 12:56:46] (12s) Unpausing evaluation: 34.03MiB forgotten: 5.41MiB UNREACHABLE (8 items up to o+177105) 28.62MiB UNIMPORTANT (38 items up to o+177109)
[2026-08-06 12:56:46] (12s) Pausing evaluation to evict 33.96MiB ARRAYS at sequence stamp o+177400
[2026-08-06 12:56:46] (12s) Unpausing evaluation: 9.33MiB in memory written to disk, 34.47MiB forgotten: 25.14MiB UNREACHABLE (33 items up to o+177107) 9.33MiB NORMAL (15 items up to o+168231)
[2026-08-06 12:56:46] (13s) Pausing evaluation to evict 33.97MiB ARRAYS at sequence stamp o+177416
[2026-08-06 12:56:46] (13s) Will trim disk cache to check for obsolete items before writing 40.16MiB (currently using 246.08MiB).
[2026-08-06 12:56:46] (13s) After trimming, disk cache uses 246.08MiB.
[2026-08-06 12:56:47] (13s) Unpausing evaluation: 34.62MiB in memory written to disk, 34.62MiB forgotten: 15.47MiB NORMAL (21 items up to o+177110) 19.15MiB VITAL (100 items up to o+105269)
[2026-08-06 12:56:47] (13s) Pausing evaluation to evict 33.90MiB ARRAYS at sequence stamp o+177431
[2026-08-06 12:56:47] (13s) Unpausing evaluation: 34.03MiB in memory written to disk, 34.03MiB forgotten: 34.03MiB VITAL (62 items up to o+130363)
[2026-08-06 12:56:47] (13s)  >>> Created relation locations_default/6@2b5cc3pr with 7867442 rows and digest 208314j8dlf7l17ppt0mkt6l971.
[2026-08-06 12:56:47] (13s) Starting to evaluate predicate Location::Location.getStartLine/0#d54f9e6c/2@53e8a5qa
[2026-08-06 12:56:47] (13s) Pausing evaluation to evict 30.98MiB ARRAYS at sequence stamp o+177482
[2026-08-06 12:56:47] (13s) Unpausing evaluation: 18.19MiB in memory written to disk, 31.34MiB forgotten: 31.34MiB VITAL (66 items up to o+134711)
[2026-08-06 12:56:47] (13s) Pausing evaluation to evict 30.99MiB ARRAYS at sequence stamp o+177567
[2026-08-06 12:56:47] (13s) Unpausing evaluation: 8.40MiB in memory written to disk, 31.02MiB forgotten: 31.02MiB VITAL (60 items up to o+135369)
[2026-08-06 12:56:47] (13s)  >>> Created relation Location::Location.getStartLine/0#d54f9e6c/2@53e8a5qa with 7867442 rows and digest cfc293kbgn0ok8ktoru2s2jro8d.
[2026-08-06 12:56:47] (13s) Starting to evaluate predicate m#Function::Function.getName/0#dispred#b6c7beb4#fb/1@255480n7
[2026-08-06 12:56:47] (13s)  >>> Created relation m#Function::Function.getName/0#dispred#b6c7beb4#fb/1@255480n7 with 2 rows and digest 969aed4bon8jl8f2qsqd2cmvo82.
[2026-08-06 12:56:47] (13s) Starting to evaluate predicate Function::Function.getName/0#dispred#b6c7beb4#fb/2@982b47e7
[2026-08-06 12:56:47] (13s)  >>> Created relation Function::Function.getName/0#dispred#b6c7beb4#fb/2@982b47e7 with 458 rows and digest a724d14mfo0h9rm5sr6kupnr690.
[2026-08-06 12:56:47] (13s) Starting to evaluate predicate Function::Function.getName/0#dispred#b6c7beb4#fb_10#join_rhs/2@05c0d501
[2026-08-06 12:56:47] (13s)  >>> Created relation Function::Function.getName/0#dispred#b6c7beb4#fb_10#join_rhs/2@05c0d501 with 458 rows and digest 50b91e9v08fe17f8vpj94rrub81.
[2026-08-06 12:56:47] (13s)  >>> Full cache hit @membervariable/1@811f08og with 23995 rows and digest 4b65fcjulod9135t3jbcartg5c9.
[2026-08-06 12:56:47] (13s) Starting to evaluate predicate m#Class::Class.getAMember/0#dispred#6a0fc591#fb/1@e4f2f0dh
[2026-08-06 12:56:47] (13s)  >>> Created relation m#Class::Class.getAMember/0#dispred#6a0fc591#fb/1@e4f2f0dh with 115680 rows and digest 5fbf537g2brmgreogoa6708ip1d.
[2026-08-06 12:56:47] (13s)  >>> Second-level cache miss Class::Class.getCanonicalMember/1#dispred#e1747079/3@08088dq3 for content digest 516d0acirn6l2r4nhkor0p4f8k3.
[2026-08-06 12:56:47] (13s)  >>> Second-level cache miss Class::Class#9afdbffd/1@65d7f1bo for content digest 8b39057h78sabuh1us37qu8ppp4.
[2026-08-06 12:56:47] (13s)  >>> First-level cache hit UserType::UserType#21e9e463/1@a3a094rk with digest 064364qavrgokb7k2rt89s8dhn4.
[2026-08-06 12:56:47] (13s)  >>> Second-level cache miss UserType::UserType#21e9e463/1@a3a094rk for content digest 064364qavrgokb7k2rt89s8dhn4.
[2026-08-06 12:56:47] Cachaca dict loading failed for UserType::UserType#21e9e463/1@a3a094rk = 064364qavrgokb7k2rt89s8dhn4.
[2026-08-06 12:56:47] (13s) Starting to evaluate predicate UserType::UserType#21e9e463/1@a3a094rk
[2026-08-06 12:56:47] (13s)  >>> Created relation UserType::UserType#21e9e463/1@a3a094rk with 24246 rows and digest 064364qavrgokb7k2rt89s8dhn4.
[2026-08-06 12:56:47] Cachaca dict loading failed for Class::Class#9afdbffd/1@65d7f1bo = 8b39057h78sabuh1us37qu8ppp4.
[2026-08-06 12:56:47] (13s) Starting to evaluate predicate Class::Class#9afdbffd/1@65d7f1bo
[2026-08-06 12:56:47] (13s)  >>> Created relation Class::Class#9afdbffd/1@65d7f1bo with 10219 rows and digest 8b39057h78sabuh1us37qu8ppp4.
[2026-08-06 12:56:47] Cachaca dict loading failed for Class::Class.getCanonicalMember/1#dispred#e1747079/3@08088dq3 = 516d0acirn6l2r4nhkor0p4f8k3.
[2026-08-06 12:56:47] (13s) Starting to evaluate predicate Class::Class.getCanonicalMember/1#dispred#e1747079/3@08088dq3
[2026-08-06 12:56:47] (13s)  >>> Created relation Class::Class.getCanonicalMember/1#dispred#e1747079/3@08088dq3 with 55766 rows and digest 516d0acirn6l2r4nhkor0p4f8k3.
[2026-08-06 12:56:47] (13s) Starting to evaluate predicate project#Class::Class.getCanonicalMember/1#dispred#e1747079/2@5b6e4802
[2026-08-06 12:56:47] (13s)  >>> Created relation project#Class::Class.getCanonicalMember/1#dispred#e1747079/2@5b6e4802 with 55765 rows and digest 92a76dciuhfah4422jbmqsv6bh9.
[2026-08-06 12:56:47] (13s) Starting to evaluate predicate project#Class::Class.getCanonicalMember/1#dispred#e1747079_10#join_rhs/2@fc2823pk
[2026-08-06 12:56:47] (13s)  >>> Created relation project#Class::Class.getCanonicalMember/1#dispred#e1747079_10#join_rhs/2@fc2823pk with 55765 rows and digest aa43a24dsmd95dhqif32998ve1b.
[2026-08-06 12:56:47] (13s)  >>> First-level cache hit project#Declaration::Declaration.getATemplateArgument/0#dispred#260b9dcc/1@6f2978qd with digest 75d3e0jmkjpapsu5kdasfma2l1d.
[2026-08-06 12:56:47] (13s)  >>> Full cache hit project#Declaration::Declaration.getATemplateArgument/0#dispred#260b9dcc/1@6f2978qd with 13959 rows and digest 75d3e0jmkjpapsu5kdasfma2l1d.
[2026-08-06 12:56:47] (13s)  >>> First-level cache hit is_variable_template/1@ebc81e79 with digest 41c20dkkmg75436vi5t76bncj92.
[2026-08-06 12:56:47] (13s)  >>> First-level cache hit variable_instantiation/2@1e9626ek with digest 0f26cephl7n9c1ikdb0qgqk5lga.
[2026-08-06 12:56:47] (13s)  >>> Full cache hit variable_instantiation/2@1e9626ek with 651 rows and digest 0f26cephl7n9c1ikdb0qgqk5lga.
[2026-08-06 12:56:47] (13s) Starting to evaluate predicate _#is_function_templateMerge_Function::Function.isConstructedFrom/1#dispred#2edd856f#bf_10#join_rhs_p__#shared/2@172b3ej0
[2026-08-06 12:56:47] (13s)  >>> Created relation _#is_function_templateMerge_Function::Function.isConstructedFrom/1#dispred#2edd856f#bf_10#join_rhs_p__#shared/2@172b3ej0 with 7791 rows and digest b0a80e1o70vd8go5n1kldjnl8n8.
[2026-08-06 12:56:47] (13s) Starting to evaluate predicate _#fun_declsMerge_10#join_rhs_#fun_specializedMerge_ResolveFunction::isFunction/1#9226b83f__#is_funct__#antijoin_rhs/2@dbe437co
[2026-08-06 12:56:47] (13s)  >>> Created relation _#fun_declsMerge_10#join_rhs_#fun_specializedMerge_ResolveFunction::isFunction/1#9226b83f__#is_funct__#antijoin_rhs/2@dbe437co with 143 rows and digest a3d6a1p4ao59hs060mnom0pilfb.
[2026-08-06 12:56:47] (13s) Starting to evaluate predicate Function::TemplateFunction.getAnInstantiation/0#dispred#578175e9#fb/2@5e1197p8
[2026-08-06 12:56:47] (13s)  >>> Created relation Function::TemplateFunction.getAnInstantiation/0#dispred#578175e9#fb/2@5e1197p8 with 7648 rows and digest b04eb126oo7difbp2tf9lfppjma.
[2026-08-06 12:56:47] (13s)  >>> Created relation Variable::Variable.isConstructedFrom/1#dispred#fbdd4275#bf/2@8a9c874b with 651 rows and digest 0f26cephl7n9c1ikdb0qgqk5lga.
[2026-08-06 12:56:47] (13s)  >>> Full cache hit is_variable_template/1@ebc81e79 with 52 rows and digest 41c20dkkmg75436vi5t76bncj92.
[2026-08-06 12:56:47] (13s) Starting to evaluate predicate _#is_variable_templateMerge_Variable::Variable.isConstructedFrom/1#dispred#fbdd4275#bf#shared/2@18852el5
[2026-08-06 12:56:47] (13s)  >>> Created relation _#is_variable_templateMerge_Variable::Variable.isConstructedFrom/1#dispred#fbdd4275#bf#shared/2@18852el5 with 651 rows and digest 0f26cephl7n9c1ikdb0qgqk5lga.
[2026-08-06 12:56:47] (13s)  >>> First-level cache hit var_specialized/1@04c3a139 with empty relation.
[2026-08-06 12:56:47] (13s) Inferred that _#is_variable_templateMerge_#var_declsMerge_10#join_rhs_#var_specializedMerge_ResolveGlobalVariable:__#antijoin_rhs/2@6cb732vo is empty, due to var_specialized/1@04c3a139.
[2026-08-06 12:56:47] (13s) Inferred that _#is_variable_templateMerge_#var_declsMerge_10#join_rhs_#var_specializedMerge_ResolveGlobalVariable:__#antijoin_rhs/2@ef8534d8 is empty, due to var_specialized/1@04c3a139.
[2026-08-06 12:56:47] (13s) Inferred that _#var_declsMerge_10#join_rhs_#var_specializedMerge_ResolveGlobalVariable::isVariable/1#6e051315__#is__#antijoin_rhs/2@530d092h is empty, due to var_specialized/1@04c3a139.
[2026-08-06 12:56:47] (13s) Starting to evaluate predicate Variable::TemplateVariable.getAnInstantiation/0#dispred#f6b531ee#fb/2@86562bsr
[2026-08-06 12:56:47] (13s)  >>> Created relation Variable::TemplateVariable.getAnInstantiation/0#dispred#f6b531ee#fb/2@86562bsr with 651 rows and digest 88b5farfd8h4m6r6sodesnk0sdd.
[2026-08-06 12:56:47] (13s) Starting to evaluate predicate Class::Class.getAMember/0#dispred#6a0fc591#fb/2@6b102f91
[2026-08-06 12:56:47] (13s)  >>> Created relation Class::Class.getAMember/0#dispred#6a0fc591#fb/2@6b102f91 with 58606 rows and digest cc375912qah0brdk0bg9491d112.
[2026-08-06 12:56:47] (13s) Starting to evaluate predicate project#Class::Class.getAMember/0#dispred#6a0fc591#fb/1@8d51f5pg
[2026-08-06 12:56:47] (13s)  >>> Created relation project#Class::Class.getAMember/0#dispred#6a0fc591#fb/1@8d51f5pg with 58605 rows and digest b7d8f9epm8igpe6sfo3956tubfd.
[2026-08-06 12:56:47] (13s)  >>> Created relation MemberFunction::MemberFunction#8965af43/1@ea3d3f9v with 34610 rows and digest 75ae7b3ms5k38gtkr4gf1i54nf1.
[2026-08-06 12:56:47] (13s) Starting to evaluate predicate Class::Class.getAMember/0#dispred#6a0fc591#fb_10#join_rhs/2@83e937r9
[2026-08-06 12:56:47] (13s)  >>> Created relation Class::Class.getAMember/0#dispred#6a0fc591#fb_10#join_rhs/2@83e937r9 with 58606 rows and digest f555acfeer69kg65ge1hpofgtub.
[2026-08-06 12:56:47] (13s)  >>> Second-level cache miss UserType::UserType.getName/0#dispred#68e0aaf0/2@c6c4e3bl for content digest 3cbbc005o7c33m9ful7o33kp3a4.
[2026-08-06 12:56:47] (13s)  >>> First-level cache hit usertypes/3@80f81avc with digest f5899an5iulpaoup5l4ds9vcgue.
[2026-08-06 12:56:47] (13s)  >>> Full cache hit usertypes/3@80f81avc with 24895 rows and digest f5899an5iulpaoup5l4ds9vcgue.
[2026-08-06 12:56:47] (13s)  >>> First-level cache hit Type::IntrinsicTransformedType#9604289c#bf/2@768b71gq with empty relation.
[2026-08-06 12:56:47] (13s) Inferred that Type::IntrinsicTransformedType.getBaseType/0#dispred#5daab45e#bf/2@40546bpj is empty, due to Type::IntrinsicTransformedType#9604289c#bf/2@768b71gq.
[2026-08-06 12:56:47] (13s) Inferred that Type::IntrinsicTransformedType#9604289c#bf_0#antijoin_rhs/1@d9b29cl9 is empty, due to Type::IntrinsicTransformedType#9604289c#bf/2@768b71gq.
[2026-08-06 12:56:47] (13s) Inferred that Type::IntrinsicTransformedType#9604289c_10#join_rhs/2@2b3a28pp is empty, due to Type::IntrinsicTransformedType#9604289c/2@768b71gq.
[2026-08-06 12:56:47] (13s) Inferred that Type::IntrinsicTransformedType.getBaseType/0#dispred#5daab45e#bf_10#join_rhs/2@0d37b886 is empty, due to Type::IntrinsicTransformedType.getBaseType/0#dispred#5daab45e#bf/2@40546bpj.
[2026-08-06 12:56:47] (13s)  >>> Full cache hit Type::Decltype#2a58cb8b/1@170a944k with 49 rows and digest 7fe0c2art4lqhgobv30j4khpjg0.
[2026-08-06 12:56:47] (13s)  >>> Full cache hit Type::TypeofType#5988d37d/1@8c3f27ub with 56 rows and digest 52f74d2f02db4ebhad965pqit6a.
[2026-08-06 12:56:47] Cachaca dict loading failed for UserType::UserType.getName/0#dispred#68e0aaf0/2@c6c4e3bl = 3cbbc005o7c33m9ful7o33kp3a4.
[2026-08-06 12:56:47] (13s) Starting to evaluate predicate UserType::UserType.getName/0#dispred#68e0aaf0/2@c6c4e3bl
[2026-08-06 12:56:47] (13s)  >>> Created relation UserType::UserType.getName/0#dispred#68e0aaf0/2@c6c4e3bl with 24246 rows and digest 3cbbc005o7c33m9ful7o33kp3a4.
[2026-08-06 12:56:47] (13s) Starting to evaluate predicate Type::Type.getName/0#dispred#77a04a0a#bf/2@a8e234eu
[2026-08-06 12:56:47] (13s)  >>> Created relation Type::Type.getName/0#dispred#77a04a0a#bf/2@a8e234eu with 24351 rows and digest af6243mnh8topt3q8h4hqrrfl37.
[2026-08-06 12:56:47] (13s) Starting to evaluate predicate NameQualifiers::NameQualifyingElement.getName/0#dispred#6b6b1f7a#bf/2@7f7036l4
[2026-08-06 12:56:47] (13s)  >>> Created relation NameQualifiers::NameQualifyingElement.getName/0#dispred#6b6b1f7a#bf/2@7f7036l4 with 24295 rows and digest 92238d40jihac72ombmcdj8b1k7.
[2026-08-06 12:56:47] (13s) Starting to evaluate predicate _NameQualifiers::NameQualifyingElement.getName/0#dispred#6b6b1f7a#bf_Type::Type.getName/0#dispred#77__#shared/1@0639964e
[2026-08-06 12:56:48] (14s)  >>> Created relation _NameQualifiers::NameQualifyingElement.getName/0#dispred#6b6b1f7a#bf_Type::Type.getName/0#dispred#77__#shared/1@0639964e with 271 rows and digest c78b6bum12trh5lhq31lktvf899.
[2026-08-06 12:56:48] (14s)  >>> First-level cache hit derivations/5@92bc817i with digest 0365120o58av08clei2sfkdndu0.
[2026-08-06 12:56:48] (14s)  >>> Full cache hit derivations/5@92bc817i with 1706 rows and digest 0365120o58av08clei2sfkdndu0.
[2026-08-06 12:56:48] (14s) Starting to evaluate predicate Class::ClassDerivation.getBaseType/0#dispred#36ad7f0f/2@3358a47h
[2026-08-06 12:56:48] (14s)  >>> Created relation Class::ClassDerivation.getBaseType/0#dispred#36ad7f0f/2@3358a47h with 1706 rows and digest e03073fv41ki5hqoh8gf3abs8f6.
[2026-08-06 12:56:48] (14s)  >>> Second-level cache miss TypedefType::TypedefType#64088755#b/1@941df5v8 for content digest 07d8d586mbujoi0bnmatg2v0rhd.
[2026-08-06 12:56:48] (14s)  >>> First-level cache hit #usertypesMerge_02#join_rhs/2@f614acb9 with digest 0950b0ddb551ip6iqgjeecb2gbe.
[2026-08-06 12:56:48] (14s)  >>> Second-level cache miss #usertypesMerge_02#join_rhs/2@f614acb9 for content digest 0950b0ddb551ip6iqgjeecb2gbe.
[2026-08-06 12:56:48] Cachaca dict loading failed for #usertypesMerge_02#join_rhs/2@f614acb9 = 0950b0ddb551ip6iqgjeecb2gbe.
[2026-08-06 12:56:48] (14s) Starting to evaluate predicate #usertypesMerge_02#join_rhs/2@f614acb9
[2026-08-06 12:56:48] (14s)  >>> Created relation #usertypesMerge_02#join_rhs/2@f614acb9 with 24895 rows and digest 0950b0ddb551ip6iqgjeecb2gbe.
[2026-08-06 12:56:48] Cachaca dict loading failed for TypedefType::TypedefType#64088755#b/1@941df5v8 = 07d8d586mbujoi0bnmatg2v0rhd.
[2026-08-06 12:56:48] (14s) Starting to evaluate predicate TypedefType::TypedefType#64088755#b/1@941df5v8
[2026-08-06 12:56:48] (14s)  >>> Created relation TypedefType::TypedefType#64088755#b/1@941df5v8 with 8613 rows and digest 07d8d586mbujoi0bnmatg2v0rhd.
[2026-08-06 12:56:48] (14s) Starting to evaluate predicate Type::Type_not_Type::Decltype_Type::IntrinsicTransformedType_TypedefType::TypedefType_Type::TypeofType#704e70f2/1@7e1c1d5m
[2026-08-06 12:56:48] (14s)  >>> Created relation Type::Type_not_Type::Decltype_Type::IntrinsicTransformedType_TypedefType::TypedefType_Type::TypeofType#704e70f2/1@7e1c1d5m with 115131 rows and digest c665aec7eifabddlp85ljjpe260.
[2026-08-06 12:56:48] (14s)  >>> Second-level cache miss Type::TypeofType.getBaseType/0#dispred#0d5513d4#bf_10#join_rhs/2@9b6d11iu for content digest f75030fhv1j9fsng3kitgcnoma0.
[2026-08-06 12:56:48] (14s)  >>> First-level cache hit Type::TypeofType.getBaseType/0#dispred#0d5513d4#bf/2@d3954e07 with digest 0785f76ln272t2coqe2c49mp2rd.
[2026-08-06 12:56:48] (14s)  >>> Second-level cache miss Type::TypeofType.getBaseType/0#dispred#0d5513d4#bf/2@d3954e07 for content digest 0785f76ln272t2coqe2c49mp2rd.
[2026-08-06 12:56:48] (14s)  >>> First-level cache hit type_operators/4@a921eav6 with empty relation.
[2026-08-06 12:56:48] (14s) Inferred that #type_operatorsMerge_20#join_rhs/2@a5b30a9b is empty, due to type_operators/4@a921eav6.
[2026-08-06 12:56:48] (14s) Inferred that Type::IntrinsicTransformedType#9604289c#fb/2@3072d7qa is empty, due to #type_operatorsMerge_20#join_rhs/2@a5b30a9b.
[2026-08-06 12:56:48] (14s) Inferred that Type::IntrinsicTransformedType#9604289c#fb_10#join_rhs/2@de3a1123 is empty, due to Type::IntrinsicTransformedType#9604289c#fb/2@3072d7qa.
[2026-08-06 12:56:48] (14s) Inferred that Type::IntrinsicTransformedType.getIntrinsicName/0#dispred#8aa79622/2@35b3d2fj is empty, due to Type::IntrinsicTransformedType#9604289c#fb_10#join_rhs/2@de3a1123.
[2026-08-06 12:56:48] (14s)  >>> Second-level cache miss project##decltypesMerge#2/2@7d4bd1qf for content digest bc3a2ajma6b8ri7l3cnfcphoqjf.
[2026-08-06 12:56:48] (14s)  >>> First-level cache hit decltypes/5@b5738apt with digest 4eba51tutqf4cqafmh1v41qt9jc.
[2026-08-06 12:56:48] (14s)  >>> Full cache hit decltypes/5@b5738apt with 504 rows and digest 4eba51tutqf4cqafmh1v41qt9jc.
[2026-08-06 12:56:48] (14s)  >>> Second-level cache miss TypedefType::TypedefType.getBaseType/0#dispred#671605ef#bf_10#join_rhs/2@ab26a5fg for content digest 425e4d4to3ns0upslr0vjr2tp51.
[2026-08-06 12:56:48] (14s)  >>> First-level cache hit TypedefType::TypedefType.getBaseType/0#dispred#671605ef#bf/2@4eb41ctn with digest 0bd2a1rum7tjchtdhv3b5aung06.
[2026-08-06 12:56:48] (14s)  >>> Second-level cache miss TypedefType::TypedefType.getBaseType/0#dispred#671605ef#bf/2@4eb41ctn for content digest 0bd2a1rum7tjchtdhv3b5aung06.
[2026-08-06 12:56:48] (14s)  >>> First-level cache hit typedefbase/2@050ca62i with digest b10194q0hanansj3vq9h3t64fv4.
[2026-08-06 12:56:48] (14s)  >>> Full cache hit typedefbase/2@050ca62i with 8613 rows and digest b10194q0hanansj3vq9h3t64fv4.
[2026-08-06 12:56:48] (14s)  >>> Second-level cache miss Type::Decltype.getBaseType/0#dispred#f3b613af#bf_10#join_rhs/2@cbab4fap for content digest 4a479ekd902g69js0eajcs4nhob.
[2026-08-06 12:56:48] (14s)  >>> First-level cache hit Type::Decltype.getBaseType/0#dispred#f3b613af#bf/2@9a977225 with digest 636772l7pmk7g4toldn7fo009o1.
[2026-08-06 12:56:48] (14s)  >>> Second-level cache miss Type::Decltype.getBaseType/0#dispred#f3b613af#bf/2@9a977225 for content digest 636772l7pmk7g4toldn7fo009o1.
[2026-08-06 12:56:48] Cachaca dict loading failed for project##decltypesMerge#2/2@7d4bd1qf = bc3a2ajma6b8ri7l3cnfcphoqjf.
[2026-08-06 12:56:48] (14s) Starting to evaluate predicate project##decltypesMerge#2/2@7d4bd1qf
[2026-08-06 12:56:48] (14s)  >>> Created relation project##decltypesMerge#2/2@7d4bd1qf with 105 rows and digest bc3a2ajma6b8ri7l3cnfcphoqjf.
[2026-08-06 12:56:48] Cachaca dict loading failed for Type::TypeofType.getBaseType/0#dispred#0d5513d4#bf/2@d3954e07 = 0785f76ln272t2coqe2c49mp2rd.
[2026-08-06 12:56:48] (14s) Starting to evaluate predicate Type::TypeofType.getBaseType/0#dispred#0d5513d4#bf/2@d3954e07
[2026-08-06 12:56:48] (14s)  >>> Created relation Type::TypeofType.getBaseType/0#dispred#0d5513d4#bf/2@d3954e07 with 56 rows and digest 0785f76ln272t2coqe2c49mp2rd.
[2026-08-06 12:56:48] Cachaca dict loading failed for Type::TypeofType.getBaseType/0#dispred#0d5513d4#bf_10#join_rhs/2@9b6d11iu = f75030fhv1j9fsng3kitgcnoma0.
[2026-08-06 12:56:48] (14s) Starting to evaluate predicate Type::TypeofType.getBaseType/0#dispred#0d5513d4#bf_10#join_rhs/2@9b6d11iu
[2026-08-06 12:56:48] (14s)  >>> Created relation Type::TypeofType.getBaseType/0#dispred#0d5513d4#bf_10#join_rhs/2@9b6d11iu with 56 rows and digest f75030fhv1j9fsng3kitgcnoma0.
[2026-08-06 12:56:48] Cachaca dict loading failed for TypedefType::TypedefType.getBaseType/0#dispred#671605ef#bf/2@4eb41ctn = 0bd2a1rum7tjchtdhv3b5aung06.
[2026-08-06 12:56:48] (14s) Starting to evaluate predicate TypedefType::TypedefType.getBaseType/0#dispred#671605ef#bf/2@4eb41ctn
[2026-08-06 12:56:48] (14s)  >>> Created relation TypedefType::TypedefType.getBaseType/0#dispred#671605ef#bf/2@4eb41ctn with 8613 rows and digest 0bd2a1rum7tjchtdhv3b5aung06.
[2026-08-06 12:56:48] Cachaca dict loading failed for TypedefType::TypedefType.getBaseType/0#dispred#671605ef#bf_10#join_rhs/2@ab26a5fg = 425e4d4to3ns0upslr0vjr2tp51.
[2026-08-06 12:56:48] (14s) Starting to evaluate predicate TypedefType::TypedefType.getBaseType/0#dispred#671605ef#bf_10#join_rhs/2@ab26a5fg
[2026-08-06 12:56:48] (14s)  >>> Created relation TypedefType::TypedefType.getBaseType/0#dispred#671605ef#bf_10#join_rhs/2@ab26a5fg with 8613 rows and digest 425e4d4to3ns0upslr0vjr2tp51.
[2026-08-06 12:56:48] Cachaca dict loading failed for Type::Decltype.getBaseType/0#dispred#f3b613af#bf/2@9a977225 = 636772l7pmk7g4toldn7fo009o1.
[2026-08-06 12:56:48] (14s) Starting to evaluate predicate Type::Decltype.getBaseType/0#dispred#f3b613af#bf/2@9a977225
[2026-08-06 12:56:48] (14s)  >>> Created relation Type::Decltype.getBaseType/0#dispred#f3b613af#bf/2@9a977225 with 49 rows and digest 636772l7pmk7g4toldn7fo009o1.
[2026-08-06 12:56:48] Cachaca dict loading failed for Type::Decltype.getBaseType/0#dispred#f3b613af#bf_10#join_rhs/2@cbab4fap = 4a479ekd902g69js0eajcs4nhob.
[2026-08-06 12:56:48] (14s) Starting to evaluate predicate Type::Decltype.getBaseType/0#dispred#f3b613af#bf_10#join_rhs/2@cbab4fap
[2026-08-06 12:56:48] (14s)  >>> Created relation Type::Decltype.getBaseType/0#dispred#f3b613af#bf_10#join_rhs/2@cbab4fap with 49 rows and digest 4a479ekd902g69js0eajcs4nhob.
[2026-08-06 12:56:48] (14s) Starting to evaluate predicate Type::Type.getUnderlyingType/0#dispred#bd141f6a/2@i1#4eafcwca (iteration 1)
[2026-08-06 12:56:48] (14s) 			 - Type::Type.getUnderlyingType/0#dispred#bd141f6a_delta has 115131 rows (order for disjuncts: delta=<standard>).
[2026-08-06 12:56:48] (14s) Starting to evaluate predicate Type::Type.getUnderlyingType/0#dispred#bd141f6a/2@i2#4eafcwca (iteration 2)
[2026-08-06 12:56:48] (14s) 			 - Type::Type.getUnderlyingType/0#dispred#bd141f6a_delta has 5385 rows (order for disjuncts: delta=<standard>).
[2026-08-06 12:56:48] (14s) Starting to evaluate predicate Type::Type.getUnderlyingType/0#dispred#bd141f6a/2@i3#4eafcwca (iteration 3)
[2026-08-06 12:56:48] (14s) 			 - Type::Type.getUnderlyingType/0#dispred#bd141f6a_delta has 2099 rows (order for disjuncts: delta=<standard>).
[2026-08-06 12:56:48] (14s) Starting to evaluate predicate Type::Type.getUnderlyingType/0#dispred#bd141f6a/2@i4#4eafcwca (iteration 4)
[2026-08-06 12:56:48] (14s) 			 - Type::Type.getUnderlyingType/0#dispred#bd141f6a_delta has 879 rows (order for disjuncts: delta=<standard>).
[2026-08-06 12:56:48] (14s) Starting to evaluate predicate Type::Type.getUnderlyingType/0#dispred#bd141f6a/2@i5#4eafcwca (iteration 5)
[2026-08-06 12:56:48] (14s) 			 - Type::Type.getUnderlyingType/0#dispred#bd141f6a_delta has 229 rows (order for disjuncts: delta=<standard>).
[2026-08-06 12:56:48] (14s) Starting to evaluate predicate Type::Type.getUnderlyingType/0#dispred#bd141f6a/2@i6#4eafcwca (iteration 6)
[2026-08-06 12:56:48] (14s) 			 - Type::Type.getUnderlyingType/0#dispred#bd141f6a_delta has 126 rows (order for disjuncts: delta=<standard>).
[2026-08-06 12:56:48] (14s) Starting to evaluate predicate Type::Type.getUnderlyingType/0#dispred#bd141f6a/2@i7#4eafcwca (iteration 7)
[2026-08-06 12:56:48] (14s) Empty delta for Type::Type.getUnderlyingType/0#dispred#bd141f6a_delta (order for disjuncts: delta=<standard>).
[2026-08-06 12:56:48] (14s) Accumulating deltas
[2026-08-06 12:56:48] (14s)  >>> Created relation Type::Type.getUnderlyingType/0#dispred#bd141f6a/2@4eafcwca with 123849 rows and digest c48696nv15r69flrqcn3p4jeu66.
[2026-08-06 12:56:48] (14s) Starting to evaluate predicate Class::Class.getABaseClass/0#dispred#e9ba966b/2@81b8f2eh
[2026-08-06 12:56:48] (14s)  >>> Created relation Class::Class.getABaseClass/0#dispred#e9ba966b/2@81b8f2eh with 1697 rows and digest da9d3bosvl26e04uf76p7a0cce2.
[2026-08-06 12:56:48] (14s) Starting to evaluate predicate #Class::Class.getABaseClass/0#dispred#e9ba966bPlus#bf#sourceBound#3/1@176b0apr
[2026-08-06 12:56:48] (14s)  >>> Created relation #Class::Class.getABaseClass/0#dispred#e9ba966bPlus#bf#sourceBound#3/1@176b0apr with 24351 rows and digest e551e7rjc8i47tt2m1rsdmor4re.
[2026-08-06 12:56:48] (14s) Starting to evaluate predicate _#Class::Class.getABaseClass/0#dispred#e9ba966bPlus#bf#sourceBound#3__NameQualifiers::NameQualifying__#higher_order_body/1@fcd40ab4
[2026-08-06 12:56:48] (14s)  >>> Created relation _#Class::Class.getABaseClass/0#dispred#e9ba966bPlus#bf#sourceBound#3__NameQualifiers::NameQualifying__#higher_order_body/1@fcd40ab4 with 271 rows and digest c78b6bum12trh5lhq31lktvf899.
[2026-08-06 12:56:48] (14s) Starting to evaluate predicate Type::Type.getName/0#dispred#77a04a0a#bf_10#join_rhs/2@7e32e9hm
[2026-08-06 12:56:48] (14s)  >>> Created relation Type::Type.getName/0#dispred#77a04a0a#bf_10#join_rhs/2@7e32e9hm with 24351 rows and digest 0226b0i3iqeomelj64lbpog48m7.
[2026-08-06 12:56:48] (14s) Starting to evaluate predicate NameQualifiers::NameQualifyingElement.getName/0#dispred#6b6b1f7a#bf_10#join_rhs/2@fe138480
[2026-08-06 12:56:48] (14s)  >>> Created relation NameQualifiers::NameQualifyingElement.getName/0#dispred#6b6b1f7a#bf_10#join_rhs/2@fe138480 with 24295 rows and digest 9cde2bme2sjn33n2r1ssk94nfk6.
[2026-08-06 12:56:48] (14s) Starting to evaluate predicate UserType::UserType.getName/0#dispred#68e0aaf0#bf_10#join_rhs/2@ae18cbal
[2026-08-06 12:56:48] (14s)  >>> Created relation UserType::UserType.getName/0#dispred#68e0aaf0#bf_10#join_rhs/2@ae18cbal with 24246 rows and digest 7170d2lnhf8diugk4tcdsqknvo3.
[2026-08-06 12:56:48] (14s) Starting to evaluate predicate #Class::Class.getABaseClass/0#dispred#e9ba966bPlus#bf#sinkBound#3/1@1726ec70
[2026-08-06 12:56:48] (14s)  >>> Created relation #Class::Class.getABaseClass/0#dispred#e9ba966bPlus#bf#sinkBound#3/1@1726ec70 with 6 rows and digest c0c672icb26usilnts8s9ihgvg8.
[2026-08-06 12:56:48] (14s) Starting to evaluate predicate doublyBoundedFastTC:Class::Class.getABaseClass/0#dispred#e9ba966b:_#Class::Class.getABaseClass/0#dispred#e9ba966bPlus#bf#sourceBound#3__NameQualifiers::NameQualifying__#higher_order_body:#Class::Class.getABaseClass/0#dispred#e9ba966bPlus#bf#sinkBound#3/2@7e9659f7 = HOP doublyBoundedFastTC(1697,271,6)
[2026-08-06 12:56:48] (14s)  >>> Relation doublyBoundedFastTC:Class::Class.getABaseClass/0#dispred#e9ba966b:_#Class::Class.getABaseClass/0#dispred#e9ba966bPlus#bf#sourceBound#3__NameQualifiers::NameQualifying__#higher_order_body:#Class::Class.getABaseClass/0#dispred#e9ba966bPlus#bf#sinkBound#3: 519 rows using 0 MB
[2026-08-06 12:56:48] (14s)  >>> Created relation doublyBoundedFastTC:Class::Class.getABaseClass/0#dispred#e9ba966b:_#Class::Class.getABaseClass/0#dispred#e9ba966bPlus#bf#sourceBound#3__NameQualifiers::NameQualifying__#higher_order_body:#Class::Class.getABaseClass/0#dispred#e9ba966bPlus#bf#sinkBound#3/2@7e9659f7 with 519 rows and digest 856fb78hk6fptnr516pcrbpmni6.
[2026-08-06 12:56:48] (14s) Starting to evaluate predicate 01_preliminary_groups::GccPassClass#8e786add#b/1@4d6a54pn
[2026-08-06 12:56:48] (14s)  >>> Created relation 01_preliminary_groups::GccPassClass#8e786add#b/1@4d6a54pn with 266 rows and digest 4067cd1kaskab46as8n7t2d6dp2.
[2026-08-06 12:56:48] (14s) Starting to evaluate predicate 01_preliminary_groups::passEntryMethod/3#489f1f0e/3@d2f155gi
[2026-08-06 12:56:48] (14s)  >>> Created relation 01_preliminary_groups::passEntryMethod/3#489f1f0e/3@d2f155gi with 452 rows and digest 396a3392am3k8quc5n83s6m0gj5.
[2026-08-06 12:56:48] (14s) Starting to evaluate predicate project#01_preliminary_groups::passEntryMethod/3#489f1f0e/1@334607fl
[2026-08-06 12:56:48] (14s)  >>> Created relation project#01_preliminary_groups::passEntryMethod/3#489f1f0e/1@334607fl with 264 rows and digest f06d8dujd9i6vdbv3gb4nph1rv5.
[2026-08-06 12:56:48] (14s) Starting to evaluate predicate 01_preliminary_groups::GccPassClass.getPassKey/0#dispred#17711f1a#bf/2@06946f1e
[2026-08-06 12:56:48] (14s)  >>> Created relation 01_preliminary_groups::GccPassClass.getPassKey/0#dispred#17711f1a#bf/2@06946f1e with 264 rows and digest 627eefh69qijks6hi0o3rmmls8e.
[2026-08-06 12:56:48] (14s) Starting to evaluate predicate Expr::Expr.getEnclosingFunction/0#dispred#3960f06c/2@1bad88op
[2026-08-06 12:56:48] (14s) Pausing evaluation to evict 31.00MiB ARRAYS at sequence stamp o+178201
[2026-08-06 12:56:48] (14s) Unpausing evaluation: 16.85MiB in memory written to disk, 31.65MiB forgotten: 1.16MiB UNREACHABLE (2 items up to o+178096) 11.22MiB UNIMPORTANT (50 items up to o+178194) 98.99kiB NORMAL (2 items up to o+178028) 19.17MiB VITAL (41 items up to o+135455)
[2026-08-06 12:56:48] (14s) Pausing evaluation to evict 30.98MiB ARRAYS at sequence stamp o+178289
[2026-08-06 12:56:48] (14s) Unpausing evaluation: 6.62MiB in memory written to disk, 31.37MiB forgotten: 31.37MiB VITAL (44 items up to o+135511)
[2026-08-06 12:56:48] (14s) Pausing evaluation to evict 30.99MiB ARRAYS at sequence stamp o+178375
[2026-08-06 12:56:48] (14s) Unpausing evaluation: 12.06MiB in memory written to disk, 31.40MiB forgotten: 31.40MiB VITAL (70 items up to o+137212)
[2026-08-06 12:56:49] (15s)  >>> Created relation Expr::Expr.getEnclosingFunction/0#dispred#3960f06c/2@1bad88op with 8927990 rows and digest fe51bbqebfv3do5gj70b5iivok7.
[2026-08-06 12:56:49] (15s) Starting to evaluate predicate project#01_preliminary_groups::passEntryMethod/3#489f1f0e#2/1@02c94eg7
[2026-08-06 12:56:49] (15s)  >>> Created relation project#01_preliminary_groups::passEntryMethod/3#489f1f0e#2/1@02c94eg7 with 452 rows and digest 80e9e5runvagjtls3j3g19rtfcb.
[2026-08-06 12:56:49] (15s)  >>> First-level cache hit #iscallMerge_0#antijoin_rhs/1@f08ffd79 with digest bbe1e8v83lussmgsf85c5p9cri1.
[2026-08-06 12:56:49] (15s)  >>> First-level cache hit Call::Call#048c9613/1@8acb25f5 with digest 6306aa2r614dtb5vhufqoigm3vd.
[2026-08-06 12:56:49] (15s)  >>> Second-level cache miss #iscallMerge_0#antijoin_rhs/1@f08ffd79 for content digest bbe1e8v83lussmgsf85c5p9cri1.
[2026-08-06 12:56:49] (15s)  >>> Full cache hit Call::Call#048c9613/1@8acb25f5 with 603450 rows and digest 6306aa2r614dtb5vhufqoigm3vd.
[2026-08-06 12:56:49] Cachaca dict loading failed for #iscallMerge_0#antijoin_rhs/1@f08ffd79 = bbe1e8v83lussmgsf85c5p9cri1.
[2026-08-06 12:56:49] (15s) Starting to evaluate predicate #iscallMerge_0#antijoin_rhs/1@f08ffd79
[2026-08-06 12:56:49] (15s)  >>> Created relation #iscallMerge_0#antijoin_rhs/1@f08ffd79 with 592921 rows and digest bbe1e8v83lussmgsf85c5p9cri1.
[2026-08-06 12:56:49] (15s) Starting to evaluate predicate Call::FunctionCall.getTarget/0#45745a57/2@eea5fe3l
[2026-08-06 12:56:49] (15s) Pausing evaluation to evict 30.21MiB ARRAYS at sequence stamp o+178714
[2026-08-06 12:56:49] (15s) Unpausing evaluation: 30.94MiB forgotten: 20.11MiB UNREACHABLE (26 items up to o+178544) 10.83MiB VITAL (14 items up to o+137240)
[2026-08-06 12:56:49] (15s)  >>> Created relation Call::FunctionCall.getTarget/0#45745a57/2@eea5fe3l with 593574 rows and digest 7bac20hrlobagi2g27il1ajvk22.
[2026-08-06 12:56:49] (15s)  >>> Created relation MemberFunction::Destructor#3b34c0ea/1@5dcf71ia with 1439 rows and digest 4dab8320vhs7il5bctprmjcr6ad.
[2026-08-06 12:56:49] (15s)  >>> Created relation MemberFunction::Constructor#3a697e8a/1@39db8ciu with 4379 rows and digest 5a2727s5jfuiki2h9ambtj7qje8.
[2026-08-06 12:56:49] Cachaca dict loading failed for Call::DestructorCall#43f8f365/1@07e71ft5 = a653ddpko6trpisshojjqdg1pl0.
[2026-08-06 12:56:49] (15s) Starting to evaluate predicate Call::DestructorCall#43f8f365/1@07e71ft5
[2026-08-06 12:56:49] (15s)  >>> Created relation Call::DestructorCall#43f8f365/1@07e71ft5 with 4799 rows and digest a653ddpko6trpisshojjqdg1pl0.
[2026-08-06 12:56:49] Cachaca dict loading failed for Call::ConstructorCall#c4f8b4c6/1@e520c8fo = 625ce5s71s5pga6dh8hu5n1khp2.
[2026-08-06 12:56:49] (15s) Starting to evaluate predicate Call::ConstructorCall#c4f8b4c6/1@e520c8fo
[2026-08-06 12:56:49] (15s)  >>> Created relation Call::ConstructorCall#c4f8b4c6/1@e520c8fo with 35099 rows and digest 625ce5s71s5pga6dh8hu5n1khp2.
[2026-08-06 12:56:49] (15s)  >>> Created relation Call::FunctionCall.getTarget/0#dispred#935da4c5/2@f71b5c1n with 593574 rows and digest 7bac20hrlobagi2g27il1ajvk22.
[2026-08-06 12:56:49] (15s) Starting to evaluate predicate 01_preliminary_groups::directCall/2#a072b138/2@8a3bb9ia
[2026-08-06 12:56:49] (15s)  >>> Created relation 01_preliminary_groups::directCall/2#a072b138/2@8a3bb9ia with 330516 rows and digest f3e0bdbej9nemdrv1v2tku6lb49.
[2026-08-06 12:56:49] (15s) Starting to evaluate predicate #01_preliminary_groups::directCall/2#a072b138Plus#bf/2@i1#8a684wnn (iteration 1)
[2026-08-06 12:56:49] (15s) 			 - #01_preliminary_groups::directCall/2#a072b138Plus#bf_delta has 1602 rows (order for disjuncts: delta=<standard>).
[2026-08-06 12:56:49] (15s) Starting to evaluate predicate #01_preliminary_groups::directCall/2#a072b138Plus#bf/2@i2#8a684wnn (iteration 2)
[2026-08-06 12:56:49] (15s) 			 - #01_preliminary_groups::directCall/2#a072b138Plus#bf_delta has 8270 rows (order for disjuncts: delta=<standard>).
[2026-08-06 12:56:49] (15s) Starting to evaluate predicate #01_preliminary_groups::directCall/2#a072b138Plus#bf/2@i3#8a684wnn (iteration 3)
[2026-08-06 12:56:49] (15s) 			 - #01_preliminary_groups::directCall/2#a072b138Plus#bf_delta has 24482 rows (order for disjuncts: delta=<standard>).
[2026-08-06 12:56:49] (15s) Starting to evaluate predicate #01_preliminary_groups::directCall/2#a072b138Plus#bf/2@i4#8a684wnn (iteration 4)
[2026-08-06 12:56:49] (15s) 			 - #01_preliminary_groups::directCall/2#a072b138Plus#bf_delta has 50579 rows (order for disjuncts: delta=<standard>).
[2026-08-06 12:56:49] (15s) Starting to evaluate predicate #01_preliminary_groups::directCall/2#a072b138Plus#bf/2@i5#8a684wnn (iteration 5)
[2026-08-06 12:56:49] (15s) 			 - #01_preliminary_groups::directCall/2#a072b138Plus#bf_delta has 82010 rows (order for disjuncts: delta=<standard>).
[2026-08-06 12:56:49] (15s) Starting to evaluate predicate #01_preliminary_groups::directCall/2#a072b138Plus#bf/2@i6#8a684wnn (iteration 6)
[2026-08-06 12:56:49] (15s) 			 - #01_preliminary_groups::directCall/2#a072b138Plus#bf_delta has 119040 rows (order for disjuncts: delta=<standard>).
[2026-08-06 12:56:49] (15s) Starting to evaluate predicate #01_preliminary_groups::directCall/2#a072b138Plus#bf/2@i7#8a684wnn (iteration 7)
[2026-08-06 12:56:49] (15s) 			 - #01_preliminary_groups::directCall/2#a072b138Plus#bf_delta has 151158 rows (order for disjuncts: delta=<standard>).
[2026-08-06 12:56:49] (15s) Starting to evaluate predicate #01_preliminary_groups::directCall/2#a072b138Plus#bf/2@i8#8a684wnn (iteration 8)
[2026-08-06 12:56:49] (16s) Pausing evaluation to evict 32.52MiB ARRAYS at sequence stamp o+181766
[2026-08-06 12:56:49] (16s) Unpausing evaluation: 33.26MiB forgotten: 10.05MiB UNREACHABLE (11 items up to o+180865) 23.20MiB VITAL (30 items up to o+137301)
[2026-08-06 12:56:49] (16s) 			 - #01_preliminary_groups::directCall/2#a072b138Plus#bf_delta has 181986 rows (order for disjuncts: delta=<standard>).
[2026-08-06 12:56:49] (16s) Starting to evaluate predicate #01_preliminary_groups::directCall/2#a072b138Plus#bf/2@i9#8a684wnn (iteration 9)
[2026-08-06 12:56:50] (16s) 			 - #01_preliminary_groups::directCall/2#a072b138Plus#bf_delta has 198076 rows (order for disjuncts: delta=<standard>).
[2026-08-06 12:56:50] (16s) Starting to evaluate predicate #01_preliminary_groups::directCall/2#a072b138Plus#bf/2@i10#8a684wnn (iteration 10)
[2026-08-06 12:56:50] (16s) 			 - #01_preliminary_groups::directCall/2#a072b138Plus#bf_delta has 208203 rows (order for disjuncts: delta=<standard>).
[2026-08-06 12:56:50] (16s) Starting to evaluate predicate #01_preliminary_groups::directCall/2#a072b138Plus#bf/2@i11#8a684wnn (iteration 11)
[2026-08-06 12:56:50] (16s) 			 - #01_preliminary_groups::directCall/2#a072b138Plus#bf_delta has 199133 rows (order for disjuncts: delta=<standard>).
[2026-08-06 12:56:50] (16s) Starting to evaluate predicate #01_preliminary_groups::directCall/2#a072b138Plus#bf/2@i12#8a684wnn (iteration 12)
[2026-08-06 12:56:50] (16s) 			 - #01_preliminary_groups::directCall/2#a072b138Plus#bf_delta has 184736 rows (order for disjuncts: delta=<standard>).
[2026-08-06 12:56:50] (16s) Starting to evaluate predicate #01_preliminary_groups::directCall/2#a072b138Plus#bf/2@i13#8a684wnn (iteration 13)
[2026-08-06 12:56:50] (17s) 			 - #01_preliminary_groups::directCall/2#a072b138Plus#bf_delta has 173202 rows (order for disjuncts: delta=<standard>).
[2026-08-06 12:56:50] (17s) Starting to evaluate predicate #01_preliminary_groups::directCall/2#a072b138Plus#bf/2@i14#8a684wnn (iteration 14)
[2026-08-06 12:56:51] (17s) 			 - #01_preliminary_groups::directCall/2#a072b138Plus#bf_delta has 167784 rows (order for disjuncts: delta=<standard>).
[2026-08-06 12:56:51] (17s) Starting to evaluate predicate #01_preliminary_groups::directCall/2#a072b138Plus#bf/2@i15#8a684wnn (iteration 15)
[2026-08-06 12:56:51] (17s) 			 - #01_preliminary_groups::directCall/2#a072b138Plus#bf_delta has 166013 rows (order for disjuncts: delta=<standard>).
[2026-08-06 12:56:51] (17s) Starting to evaluate predicate #01_preliminary_groups::directCall/2#a072b138Plus#bf/2@i16#8a684wnn (iteration 16)
[2026-08-06 12:56:51] (17s) Pausing evaluation to evict 32.52MiB ARRAYS at sequence stamp o+192175
[2026-08-06 12:56:51] (17s) Unpausing evaluation: 33.26MiB forgotten: 23.20MiB UNREACHABLE (30 items up to o+190843) 10.05MiB VITAL (13 items up to o+137326)
[2026-08-06 12:56:51] (17s) 			 - #01_preliminary_groups::directCall/2#a072b138Plus#bf_delta has 162025 rows (order for disjuncts: delta=<standard>).
[2026-08-06 12:56:51] (17s) Starting to evaluate predicate #01_preliminary_groups::directCall/2#a072b138Plus#bf/2@i17#8a684wnn (iteration 17)
[2026-08-06 12:56:51] (17s) 			 - #01_preliminary_groups::directCall/2#a072b138Plus#bf_delta has 147968 rows (order for disjuncts: delta=<standard>).
[2026-08-06 12:56:51] (17s) Starting to evaluate predicate #01_preliminary_groups::directCall/2#a072b138Plus#bf/2@i18#8a684wnn (iteration 18)
[2026-08-06 12:56:51] (17s) 			 - #01_preliminary_groups::directCall/2#a072b138Plus#bf_delta has 127810 rows (order for disjuncts: delta=<standard>).
[2026-08-06 12:56:51] (17s) Starting to evaluate predicate #01_preliminary_groups::directCall/2#a072b138Plus#bf/2@i19#8a684wnn (iteration 19)
[2026-08-06 12:56:52] (18s) 			 - #01_preliminary_groups::directCall/2#a072b138Plus#bf_delta has 105164 rows (order for disjuncts: delta=<standard>).
[2026-08-06 12:56:52] (18s) Starting to evaluate predicate #01_preliminary_groups::directCall/2#a072b138Plus#bf/2@i20#8a684wnn (iteration 20)
[2026-08-06 12:56:52] (18s) 			 - #01_preliminary_groups::directCall/2#a072b138Plus#bf_delta has 84435 rows (order for disjuncts: delta=<standard>).
[2026-08-06 12:56:52] (18s) Starting to evaluate predicate #01_preliminary_groups::directCall/2#a072b138Plus#bf/2@i21#8a684wnn (iteration 21)
[2026-08-06 12:56:52] (18s) 			 - #01_preliminary_groups::directCall/2#a072b138Plus#bf_delta has 64642 rows (order for disjuncts: delta=<standard>).
[2026-08-06 12:56:52] (18s) Starting to evaluate predicate #01_preliminary_groups::directCall/2#a072b138Plus#bf/2@i22#8a684wnn (iteration 22)
[2026-08-06 12:56:52] (18s) 			 - #01_preliminary_groups::directCall/2#a072b138Plus#bf_delta has 48787 rows (order for disjuncts: delta=<standard>).
[2026-08-06 12:56:52] (18s) Starting to evaluate predicate #01_preliminary_groups::directCall/2#a072b138Plus#bf/2@i23#8a684wnn (iteration 23)
[2026-08-06 12:56:52] (18s) 			 - #01_preliminary_groups::directCall/2#a072b138Plus#bf_delta has 36256 rows (order for disjuncts: delta=<standard>).
[2026-08-06 12:56:52] (18s) Starting to evaluate predicate #01_preliminary_groups::directCall/2#a072b138Plus#bf/2@i24#8a684wnn (iteration 24)
[2026-08-06 12:56:52] (18s) 			 - #01_preliminary_groups::directCall/2#a072b138Plus#bf_delta has 29013 rows (order for disjuncts: delta=<standard>).
[2026-08-06 12:56:52] (18s) Starting to evaluate predicate #01_preliminary_groups::directCall/2#a072b138Plus#bf/2@i25#8a684wnn (iteration 25)
[2026-08-06 12:56:52] (18s) 			 - #01_preliminary_groups::directCall/2#a072b138Plus#bf_delta has 27566 rows (order for disjuncts: delta=<standard>).
[2026-08-06 12:56:52] (18s) Starting to evaluate predicate #01_preliminary_groups::directCall/2#a072b138Plus#bf/2@i26#8a684wnn (iteration 26)
[2026-08-06 12:56:52] (18s) 			 - #01_preliminary_groups::directCall/2#a072b138Plus#bf_delta has 22834 rows (order for disjuncts: delta=<standard>).
[2026-08-06 12:56:52] (18s) Starting to evaluate predicate #01_preliminary_groups::directCall/2#a072b138Plus#bf/2@i27#8a684wnn (iteration 27)
[2026-08-06 12:56:52] (18s) 			 - #01_preliminary_groups::directCall/2#a072b138Plus#bf_delta has 18773 rows (order for disjuncts: delta=<standard>).
[2026-08-06 12:56:52] (18s) Starting to evaluate predicate #01_preliminary_groups::directCall/2#a072b138Plus#bf/2@i28#8a684wnn (iteration 28)
[2026-08-06 12:56:52] (18s) 			 - #01_preliminary_groups::directCall/2#a072b138Plus#bf_delta has 15140 rows (order for disjuncts: delta=<standard>).
[2026-08-06 12:56:52] (18s) Starting to evaluate predicate #01_preliminary_groups::directCall/2#a072b138Plus#bf/2@i29#8a684wnn (iteration 29)
[2026-08-06 12:56:52] (18s) 			 - #01_preliminary_groups::directCall/2#a072b138Plus#bf_delta has 10438 rows (order for disjuncts: delta=<standard>).
[2026-08-06 12:56:52] (18s) Starting to evaluate predicate #01_preliminary_groups::directCall/2#a072b138Plus#bf/2@i30#8a684wnn (iteration 30)
[2026-08-06 12:56:52] (18s) 			 - #01_preliminary_groups::directCall/2#a072b138Plus#bf_delta has 8747 rows (order for disjuncts: delta=<standard>).
[2026-08-06 12:56:52] (18s) Starting to evaluate predicate #01_preliminary_groups::directCall/2#a072b138Plus#bf/2@i31#8a684wnn (iteration 31)
[2026-08-06 12:56:52] (18s) 			 - #01_preliminary_groups::directCall/2#a072b138Plus#bf_delta has 6516 rows (order for disjuncts: delta=<standard>).
[2026-08-06 12:56:52] (18s) Starting to evaluate predicate #01_preliminary_groups::directCall/2#a072b138Plus#bf/2@i32#8a684wnn (iteration 32)
[2026-08-06 12:56:52] (18s) 			 - #01_preliminary_groups::directCall/2#a072b138Plus#bf_delta has 4260 rows (order for disjuncts: delta=<standard>).
[2026-08-06 12:56:52] (18s) Starting to evaluate predicate #01_preliminary_groups::directCall/2#a072b138Plus#bf/2@i33#8a684wnn (iteration 33)
[2026-08-06 12:56:52] (18s) 			 - #01_preliminary_groups::directCall/2#a072b138Plus#bf_delta has 3173 rows (order for disjuncts: delta=<standard>).
[2026-08-06 12:56:52] (18s) Starting to evaluate predicate #01_preliminary_groups::directCall/2#a072b138Plus#bf/2@i34#8a684wnn (iteration 34)
[2026-08-06 12:56:52] (18s) 			 - #01_preliminary_groups::directCall/2#a072b138Plus#bf_delta has 2606 rows (order for disjuncts: delta=<standard>).
[2026-08-06 12:56:52] (18s) Starting to evaluate predicate #01_preliminary_groups::directCall/2#a072b138Plus#bf/2@i35#8a684wnn (iteration 35)
[2026-08-06 12:56:52] (18s) 			 - #01_preliminary_groups::directCall/2#a072b138Plus#bf_delta has 1797 rows (order for disjuncts: delta=<standard>).
[2026-08-06 12:56:52] (18s) Starting to evaluate predicate #01_preliminary_groups::directCall/2#a072b138Plus#bf/2@i36#8a684wnn (iteration 36)
[2026-08-06 12:56:52] (18s) 			 - #01_preliminary_groups::directCall/2#a072b138Plus#bf_delta has 1288 rows (order for disjuncts: delta=<standard>).
[2026-08-06 12:56:52] (18s) Starting to evaluate predicate #01_preliminary_groups::directCall/2#a072b138Plus#bf/2@i37#8a684wnn (iteration 37)
[2026-08-06 12:56:52] (18s) 			 - #01_preliminary_groups::directCall/2#a072b138Plus#bf_delta has 879 rows (order for disjuncts: delta=<standard>).
[2026-08-06 12:56:52] (18s) Starting to evaluate predicate #01_preliminary_groups::directCall/2#a072b138Plus#bf/2@i38#8a684wnn (iteration 38)
[2026-08-06 12:56:52] (18s) 			 - #01_preliminary_groups::directCall/2#a072b138Plus#bf_delta has 583 rows (order for disjuncts: delta=<standard>).
[2026-08-06 12:56:52] (18s) Starting to evaluate predicate #01_preliminary_groups::directCall/2#a072b138Plus#bf/2@i39#8a684wnn (iteration 39)
[2026-08-06 12:56:52] (18s) 			 - #01_preliminary_groups::directCall/2#a072b138Plus#bf_delta has 338 rows (order for disjuncts: delta=<standard>).
[2026-08-06 12:56:52] (18s) Starting to evaluate predicate #01_preliminary_groups::directCall/2#a072b138Plus#bf/2@i40#8a684wnn (iteration 40)
[2026-08-06 12:56:52] (18s) 			 - #01_preliminary_groups::directCall/2#a072b138Plus#bf_delta has 211 rows (order for disjuncts: delta=<standard>).
[2026-08-06 12:56:52] (18s) Starting to evaluate predicate #01_preliminary_groups::directCall/2#a072b138Plus#bf/2@i41#8a684wnn (iteration 41)
[2026-08-06 12:56:52] (18s) 			 - #01_preliminary_groups::directCall/2#a072b138Plus#bf_delta has 144 rows (order for disjuncts: delta=<standard>).
[2026-08-06 12:56:52] (18s) Starting to evaluate predicate #01_preliminary_groups::directCall/2#a072b138Plus#bf/2@i42#8a684wnn (iteration 42)
[2026-08-06 12:56:52] (18s) 			 - #01_preliminary_groups::directCall/2#a072b138Plus#bf_delta has 80 rows (order for disjuncts: delta=<standard>).
[2026-08-06 12:56:52] (18s) Starting to evaluate predicate #01_preliminary_groups::directCall/2#a072b138Plus#bf/2@i43#8a684wnn (iteration 43)
[2026-08-06 12:56:52] (18s) 			 - #01_preliminary_groups::directCall/2#a072b138Plus#bf_delta has 55 rows (order for disjuncts: delta=<standard>).
[2026-08-06 12:56:52] (18s) Starting to evaluate predicate #01_preliminary_groups::directCall/2#a072b138Plus#bf/2@i44#8a684wnn (iteration 44)
[2026-08-06 12:56:52] (18s) 			 - #01_preliminary_groups::directCall/2#a072b138Plus#bf_delta has 36 rows (order for disjuncts: delta=<standard>).
[2026-08-06 12:56:52] (18s) Starting to evaluate predicate #01_preliminary_groups::directCall/2#a072b138Plus#bf/2@i45#8a684wnn (iteration 45)
[2026-08-06 12:56:52] (18s) 			 - #01_preliminary_groups::directCall/2#a072b138Plus#bf_delta has 23 rows (order for disjuncts: delta=<standard>).
[2026-08-06 12:56:52] (18s) Starting to evaluate predicate #01_preliminary_groups::directCall/2#a072b138Plus#bf/2@i46#8a684wnn (iteration 46)
[2026-08-06 12:56:52] (18s) 			 - #01_preliminary_groups::directCall/2#a072b138Plus#bf_delta has 7 rows (order for disjuncts: delta=<standard>).
[2026-08-06 12:56:52] (18s) Starting to evaluate predicate #01_preliminary_groups::directCall/2#a072b138Plus#bf/2@i47#8a684wnn (iteration 47)
[2026-08-06 12:56:52] (18s) 			 - #01_preliminary_groups::directCall/2#a072b138Plus#bf_delta has 5 rows (order for disjuncts: delta=<standard>).
[2026-08-06 12:56:52] (18s) Starting to evaluate predicate #01_preliminary_groups::directCall/2#a072b138Plus#bf/2@i48#8a684wnn (iteration 48)
[2026-08-06 12:56:52] (18s) 			 - #01_preliminary_groups::directCall/2#a072b138Plus#bf_delta has 3 rows (order for disjuncts: delta=<standard>).
[2026-08-06 12:56:52] (18s) Starting to evaluate predicate #01_preliminary_groups::directCall/2#a072b138Plus#bf/2@i49#8a684wnn (iteration 49)
[2026-08-06 12:56:52] (18s) Empty delta for #01_preliminary_groups::directCall/2#a072b138Plus#bf_delta (order for disjuncts: delta=<standard>).
[2026-08-06 12:56:52] (18s) Accumulating deltas
[2026-08-06 12:56:52] (18s) Pausing evaluation to evict 31.00MiB ARRAYS at sequence stamp o+202515
[2026-08-06 12:56:52] (18s) Unpausing evaluation: 34.03MiB forgotten: 34.03MiB UNREACHABLE (44 items up to o+202513)
[2026-08-06 12:56:52] (18s)  >>> Created relation #01_preliminary_groups::directCall/2#a072b138Plus#bf/2@8a684wnn with 2847053 rows and digest a1a0e5snla95eki5hd0ijhkbvgd.
[2026-08-06 12:56:52] (18s) Starting to evaluate predicate 01_preliminary_groups::passReachesFunction/2#842c060f#bf/2@a86e6e4c
[2026-08-06 12:56:52] (18s) Pausing evaluation to evict 31.00MiB ARRAYS at sequence stamp o+202664
[2026-08-06 12:56:52] (18s) Unpausing evaluation: 31.32MiB forgotten: 17.02MiB UNREACHABLE (20 items up to o+202618) 2.71MiB UNIMPORTANT (5 items up to o+202496) 11.60MiB VITAL (15 items up to o+137357)
[2026-08-06 12:56:52] (18s)  >>> Created relation 01_preliminary_groups::passReachesFunction/2#842c060f#bf/2@a86e6e4c with 2847505 rows and digest 4221cfbktr8pnfuq4tk4ohhv9qd.
[2026-08-06 12:56:52] (18s) Starting to evaluate predicate m#01_preliminary_groups::optionAccess/3#13fc0d8a#ffb/1@48d059ni
[2026-08-06 12:56:52] (18s)  >>> Created relation m#01_preliminary_groups::optionAccess/3#13fc0d8a#ffb/1@48d059ni with 39441 rows and digest fecd1c6v9oljm3kpksurfuq6vo6.
[2026-08-06 12:56:52] (18s)  >>> Full cache hit Access::VariableAccess#27163138/1@60d1071f with 2609379 rows and digest 0ff280v005fknlcov1eo3utli45.
[2026-08-06 12:56:52] (18s)  >>> First-level cache hit Access::VariableAccess.getTarget/0#238a7818/2@6f5aa8sk with digest 21e929jt9mke5s47nb7f35615if.
[2026-08-06 12:56:52] (18s) Starting to evaluate predicate m#Access::Access.getTarget/0#dispred#cf25c8aa#bf/1@73617fj6
[2026-08-06 12:56:53] (19s) Pausing evaluation to evict 30.23MiB ARRAYS at sequence stamp o+202915
[2026-08-06 12:56:53] (19s) Unpausing evaluation: 30.65MiB forgotten: 7.35MiB UNREACHABLE (19 items up to o+202913) 21.76MiB UNIMPORTANT (32 items up to o+202678) 1.55MiB VITAL (3 items up to o+137361)
[2026-08-06 12:56:53] (19s)  >>> Created relation m#Access::Access.getTarget/0#dispred#cf25c8aa#bf/1@73617fj6 with 4976574 rows and digest ae25b1qitcg6267vn5gagvgua0f.
[2026-08-06 12:56:53] (19s)  >>> Second-level cache miss Access::VariableAccess.getTarget/0#238a7818/2@6f5aa8sk for content digest 21e929jt9mke5s47nb7f35615if.
[2026-08-06 12:56:53] (19s)  >>> First-level cache hit varbind/2@0ef4ddtb with digest 8bbf2049shi3m67um61p63vmq9c.
[2026-08-06 12:56:53] (19s)  >>> Full cache hit varbind/2@0ef4ddtb with 3073448 rows and digest 8bbf2049shi3m67um61p63vmq9c.
[2026-08-06 12:56:53] (19s)  >>> First-level cache hit fieldoffsets/3@baec5f83 with digest 4d66e4ju4bup9b2jh0fmmmkp6n6.
[2026-08-06 12:56:53] Cachaca dict loading failed for Access::VariableAccess.getTarget/0#238a7818/2@6f5aa8sk = 21e929jt9mke5s47nb7f35615if.
[2026-08-06 12:56:53] (19s) Starting to evaluate predicate Access::VariableAccess.getTarget/0#238a7818/2@6f5aa8sk
[2026-08-06 12:56:53] (19s) Pausing evaluation to evict 30.99MiB ARRAYS at sequence stamp o+216521
[2026-08-06 12:56:53] (19s) Unpausing evaluation: 31.71MiB forgotten: 791.98kiB UNREACHABLE (2 items up to o+202935) 30.94MiB VITAL (40 items up to o+137441)
[2026-08-06 12:56:54] (20s) Pausing evaluation to evict 30.99MiB ARRAYS at sequence stamp o+231910
[2026-08-06 12:56:54] (20s) Unpausing evaluation: 31.71MiB forgotten: 12.37MiB UNREACHABLE (16 items up to o+231908) 19.34MiB VITAL (25 items up to o+137495)
[2026-08-06 12:56:54] (20s)  >>> Created relation Access::VariableAccess.getTarget/0#238a7818/2@6f5aa8sk with 2610633 rows and digest 21e929jt9mke5s47nb7f35615if.
[2026-08-06 12:56:54] (20s)  >>> Created relation Variable::MemberVariable#03cd19f4/1@b16387e9 with 23995 rows and digest 4b65fcjulod9135t3jbcartg5c9.
[2026-08-06 12:56:54] (20s)  >>> Full cache hit fieldoffsets/3@baec5f83 with 23207 rows and digest 4d66e4ju4bup9b2jh0fmmmkp6n6.
[2026-08-06 12:56:54] Cachaca dict loading failed for Field::Field#3a3ce059/1@e40dbeqe = 531ecepapli7cdju35ml2a8c89a.
[2026-08-06 12:56:54] (20s) Starting to evaluate predicate Field::Field#3a3ce059/1@e40dbeqe
[2026-08-06 12:56:54] (20s)  >>> Created relation Field::Field#3a3ce059/1@e40dbeqe with 23207 rows and digest 531ecepapli7cdju35ml2a8c89a.
[2026-08-06 12:56:54] (20s) Starting to evaluate predicate Access::FieldAccess#d1ccd326#b/1@be1c72b3
[2026-08-06 12:56:54] (20s)  >>> Created relation Access::FieldAccess#d1ccd326#b/1@be1c72b3 with 460509 rows and digest 144c6fn7cb0uuh8bpipillehbe3.
[2026-08-06 12:56:54] (20s) Starting to evaluate predicate Access::Access.getTarget/0#dispred#cf25c8aa#bf/2@4d9e3382
[2026-08-06 12:56:54] (20s) Pausing evaluation to evict 31.00MiB ARRAYS at sequence stamp o+240724
[2026-08-06 12:56:54] (20s) Unpausing evaluation: 2.19MiB in memory written to disk, 31.60MiB forgotten: 13.15MiB UNREACHABLE (17 items up to o+240722) 18.45MiB VITAL (32 items up to o+137734)
[2026-08-06 12:56:54] (21s)  >>> Created relation Access::Access.getTarget/0#dispred#cf25c8aa#bf/2@4d9e3382 with 1472186 rows and digest d804fdrj4dlcn7edch4bh3b0ml5.
[2026-08-06 12:56:54] (21s) Starting to evaluate predicate Access::Access.getTarget/0#dispred#cf25c8aa#bf_10#join_rhs/2@0fd884ol
[2026-08-06 12:56:55] (21s) Pausing evaluation to evict 31.01MiB ARRAYS at sequence stamp o+240804
[2026-08-06 12:56:55] (21s) Unpausing evaluation: 10.17MiB in memory written to disk, 31.06MiB forgotten: 18.56MiB UNREACHABLE (23 items up to o+240798) 2.32MiB UNIMPORTANT (6 items up to o+240701) 10.17MiB VITAL (43 items up to o+138386)
[2026-08-06 12:56:55] (21s)  >>> Created relation Access::Access.getTarget/0#dispred#cf25c8aa#bf_10#join_rhs/2@0fd884ol with 1472186 rows and digest cbda680hcajp003agfdp42k6s9e.
[2026-08-06 12:56:55] (21s) Starting to evaluate predicate Element::ElementBase.toString/0#dispred#6e016f86_10#join_rhs/2@4cb8dfdh
[2026-08-06 12:56:55] (21s) Pausing evaluation to evict 30.98MiB ARRAYS at sequence stamp o+240843
[2026-08-06 12:56:55] (21s) Unpausing evaluation: 26.40MiB in memory written to disk, 31.04MiB forgotten: 31.04MiB VITAL (57 items up to o+140784)
[2026-08-06 12:56:56] (22s) Pausing evaluation to evict 30.98MiB ARRAYS at sequence stamp o+240884
[2026-08-06 12:56:56] (22s) Unpausing evaluation: 31.18MiB in memory written to disk, 31.18MiB forgotten: 31.18MiB VITAL (34 items up to o+141587)
[2026-08-06 12:56:56] (22s) Pausing evaluation to evict 30.97MiB ARRAYS at sequence stamp o+240925
[2026-08-06 12:56:56] (22s) Unpausing evaluation: 31.32MiB in memory written to disk, 31.32MiB forgotten: 31.32MiB VITAL (27 items up to o+143259)
[2026-08-06 12:56:57] (23s) Pausing evaluation to evict 30.96MiB ARRAYS at sequence stamp o+240966
[2026-08-06 12:56:57] (23s) Unpausing evaluation: 30.99MiB in memory written to disk, 30.99MiB forgotten: 30.99MiB VITAL (30 items up to o+143886)
[2026-08-06 12:56:57] (24s) Pausing evaluation to evict 30.98MiB ARRAYS at sequence stamp o+241008
[2026-08-06 12:56:58] (24s) Unpausing evaluation: 17.02MiB in memory written to disk, 32.10MiB forgotten: 32.10MiB VITAL (35 items up to o+148335)
[2026-08-06 12:56:58] (24s) Pausing evaluation to evict 30.97MiB ARRAYS at sequence stamp o+241051
[2026-08-06 12:56:58] (24s) Unpausing evaluation: 31.32MiB forgotten: 31.32MiB VITAL (27 items up to o+148390)
[2026-08-06 12:56:58] (24s) Pausing evaluation to evict 30.98MiB ARRAYS at sequence stamp o+241093
[2026-08-06 12:56:58] (24s) Unpausing evaluation: 31.32MiB forgotten: 31.32MiB VITAL (27 items up to o+148444)
[2026-08-06 12:56:59] (25s) Pausing evaluation to evict 30.97MiB ARRAYS at sequence stamp o+241134
[2026-08-06 12:56:59] (25s) Unpausing evaluation: 31.32MiB forgotten: 31.32MiB VITAL (27 items up to o+148501)
[2026-08-06 12:56:59] (25s) Pausing evaluation to evict 30.98MiB ARRAYS at sequence stamp o+241208
[2026-08-06 12:56:59] (25s) Unpausing evaluation: 31.71MiB forgotten: 24.75MiB UNREACHABLE (31 items up to o+241196) 6.96MiB VITAL (6 items up to o+148511)
[2026-08-06 12:56:59] (25s) Pausing evaluation to evict 30.98MiB ARRAYS at sequence stamp o+241299
[2026-08-06 12:56:59] (25s) Unpausing evaluation: 37.12MiB forgotten: 37.12MiB UNREACHABLE (48 items up to o+241292)
[2026-08-06 12:56:59] (25s) Pausing evaluation to evict 30.98MiB ARRAYS at sequence stamp o+241396
[2026-08-06 12:56:59] (25s) Unpausing evaluation: 37.12MiB forgotten: 37.12MiB UNREACHABLE (48 items up to o+241391)
[2026-08-06 12:56:59] (25s) Pausing evaluation to evict 30.98MiB ARRAYS at sequence stamp o+241490
[2026-08-06 12:56:59] (25s) Unpausing evaluation: 34.80MiB forgotten: 34.80MiB UNREACHABLE (45 items up to o+241488)
[2026-08-06 12:56:59] (25s) Pausing evaluation to evict 30.98MiB ARRAYS at sequence stamp o+241570
[2026-08-06 12:56:59] (25s) Unpausing evaluation: 31.71MiB forgotten: 29.39MiB UNREACHABLE (38 items up to o+241567) 2.32MiB VITAL (2 items up to o+148515)
[2026-08-06 12:56:59] (25s) Pausing evaluation to evict 30.98MiB ARRAYS at sequence stamp o+241662
[2026-08-06 12:56:59] (25s) Unpausing evaluation: 35.58MiB forgotten: 35.58MiB UNREACHABLE (46 items up to o+241660)
[2026-08-06 12:56:59] (25s) Pausing evaluation to evict 30.98MiB ARRAYS at sequence stamp o+241748
[2026-08-06 12:56:59] (25s) Unpausing evaluation: 32.48MiB forgotten: 32.48MiB UNREACHABLE (42 items up to o+241746)
[2026-08-06 12:56:59] (25s)  >>> Created relation Element::ElementBase.toString/0#dispred#6e016f86_10#join_rhs/2@4cb8dfdh with 16830229 rows and digest da079e8hg68jv82csifmov1plrb.
[2026-08-06 12:56:59] (25s) Starting to evaluate predicate Variable::LocalVariable.getName/0#dispred#fe44a180#fb#join_rhs#CSE/1@dbd68cls
[2026-08-06 12:56:59] (25s)  >>> Created relation Variable::LocalVariable.getName/0#dispred#fe44a180#fb#join_rhs#CSE/1@dbd68cls with 10 rows and digest 98a232f6g65r0ob3rubqtu5kgld.
[2026-08-06 12:56:59] (25s) Starting to evaluate predicate m#Variable::Variable.getName/0#dispred#1b4a78c5#bb#mcpe_this/1@cf3f2a59
[2026-08-06 12:56:59] (25s)  >>> Created relation m#Variable::Variable.getName/0#dispred#1b4a78c5#bb#mcpe_this/1@cf3f2a59 with 206280 rows and digest 640ac2le94u5g5hi8udmlllr705.
[2026-08-06 12:56:59] (25s)  >>> First-level cache hit #var_declsMerge_10#join_rhs/2@d57798gt with digest 5755444ecv9r0pub5kejiheovd4.
[2026-08-06 12:56:59] (25s)  >>> Second-level cache miss #var_declsMerge_10#join_rhs/2@d57798gt for content digest 5755444ecv9r0pub5kejiheovd4.
[2026-08-06 12:56:59] (25s)  >>> Full cache hit #param_decl_bindMerge_0#antijoin_rhs/1@81f1b7nn with 289867 rows and digest 3143e12quj8599ctvuq7bph58bb.
[2026-08-06 12:56:59] Cachaca dict loading failed for #var_declsMerge_10#join_rhs/2@d57798gt = 5755444ecv9r0pub5kejiheovd4.
[2026-08-06 12:56:59] (25s) Starting to evaluate predicate #var_declsMerge_10#join_rhs/2@d57798gt
[2026-08-06 12:56:59] (25s) Pausing evaluation to evict 30.98MiB ARRAYS at sequence stamp o+241908
[2026-08-06 12:56:59] (25s) Unpausing evaluation: 31.35MiB forgotten: 26.32MiB UNREACHABLE (36 items up to o+241903) 5.03MiB UNIMPORTANT (13 items up to o+241822)
[2026-08-06 12:56:59] (25s)  >>> Created relation #var_declsMerge_10#join_rhs/2@d57798gt with 530414 rows and digest 5755444ecv9r0pub5kejiheovd4.
[2026-08-06 12:56:59] (25s) Starting to evaluate predicate #membervariablesMerge_20#join_rhs/2@78aeb2rl
[2026-08-06 12:56:59] (25s)  >>> Created relation #membervariablesMerge_20#join_rhs/2@78aeb2rl with 23995 rows and digest a4cc38i4hg1b7llbrf3r6vb8hf3.
[2026-08-06 12:56:59] (25s) Starting to evaluate predicate _#var_declsMerge_10#join_rhs_ResolveGlobalVariable::resolveGlobalVariable/1#17c3b74f#shared/2@c121c8r0
[2026-08-06 12:56:59] (25s)  >>> Created relation _#var_declsMerge_10#join_rhs_ResolveGlobalVariable::resolveGlobalVariable/1#17c3b74f#shared/2@c121c8r0 with 530414 rows and digest 64382bl6vkunh4jnq2a4a857h73.
[2026-08-06 12:56:59] (25s) Starting to evaluate predicate Variable::VariableDeclarationEntry.getVariable/0#dispred#a634d70c#bf/2@3d88f39q
[2026-08-06 12:56:59] (25s)  >>> Created relation Variable::VariableDeclarationEntry.getVariable/0#dispred#a634d70c#bf/2@3d88f39q with 530414 rows and digest d9821dbs0hpj59fem0bmufkg029.
[2026-08-06 12:56:59] (25s) Starting to evaluate predicate #var_declsMerge_30#join_rhs/2@ef6ba81l
[2026-08-06 12:56:59] (26s)  >>> Created relation #var_declsMerge_30#join_rhs/2@ef6ba81l with 530414 rows and digest 70e203karif2a6jovlham26jm27.
[2026-08-06 12:56:59] (26s) Starting to evaluate predicate m#Parameter::Parameter.getName/0#dispred#60f9ae8a#bb#mcpe_this/1@dd50data
[2026-08-06 12:56:59] (26s)  >>> Created relation m#Parameter::Parameter.getName/0#dispred#60f9ae8a#bb#mcpe_this/1@dd50data with 206280 rows and digest 640ac2le94u5g5hi8udmlllr705.
[2026-08-06 12:56:59] (26s)  >>> Full cache hit var_def/1@e9a0db3f with 384155 rows and digest efdf0dcbcfknl3h8skvf7l61tb4.
[2026-08-06 12:56:59] (26s)  >>> Second-level cache miss #var_declsMerge_03#join_rhs/2@74f30akj for content digest a9a2ddhtl54dhid6hi9auqdu529.
[2026-08-06 12:56:59] (26s)  >>> Second-level cache miss Function::Function.getParameter/1#8e6a5a5b/3@5bc694lo for content digest c311ea06ftctjoln60311ivs60f.
[2026-08-06 12:56:59] (26s)  >>> Created relation Variable::VariableDeclarationEntry.getVariable/0#dispred#a634d70c#bf_10#join_rhs/2@7ac2fd9o with 530414 rows and digest 64382bl6vkunh4jnq2a4a857h73.
[2026-08-06 12:56:59] Cachaca dict loading failed for #var_declsMerge_03#join_rhs/2@74f30akj = a9a2ddhtl54dhid6hi9auqdu529.
[2026-08-06 12:56:59] (26s) Starting to evaluate predicate #var_declsMerge_03#join_rhs/2@74f30akj
[2026-08-06 12:56:59] (26s) Pausing evaluation to evict 30.99MiB ARRAYS at sequence stamp o+242021
[2026-08-06 12:56:59] (26s) Unpausing evaluation: 39.44MiB forgotten: 39.44MiB UNREACHABLE (69 items up to o+241992)
[2026-08-06 12:56:59] (26s)  >>> Created relation #var_declsMerge_03#join_rhs/2@74f30akj with 530414 rows and digest a9a2ddhtl54dhid6hi9auqdu529.
[2026-08-06 12:57:00] Cachaca dict loading failed for Function::Function.getParameter/1#8e6a5a5b/3@5bc694lo = c311ea06ftctjoln60311ivs60f.
[2026-08-06 12:57:00] (26s) Starting to evaluate predicate Function::Function.getParameter/1#8e6a5a5b/3@5bc694lo
[2026-08-06 12:57:00] (26s)  >>> Created relation Function::Function.getParameter/1#8e6a5a5b/3@5bc694lo with 168216 rows and digest c311ea06ftctjoln60311ivs60f.
[2026-08-06 12:57:00] (26s) Starting to evaluate predicate Parameter::Parameter.getFunction/0#dispred#803faca2#bf/2@8d9956qo
[2026-08-06 12:57:00] (26s)  >>> Created relation Parameter::Parameter.getFunction/0#dispred#803faca2#bf/2@8d9956qo with 65707 rows and digest 625d87jlk1j0s8itdovors30k3a.
[2026-08-06 12:57:00] (26s) Starting to evaluate predicate #localvariablesMerge_20#join_rhs/2@583a1fsv
[2026-08-06 12:57:00] (26s)  >>> Created relation #localvariablesMerge_20#join_rhs/2@583a1fsv with 205066 rows and digest e25587glu41i7ircem50tra6mj6.
[2026-08-06 12:57:00] (26s) Starting to evaluate predicate Variable::LocalVariable.getName/0#dispred#fe44a180#fb/2@0f6ec2uj
[2026-08-06 12:57:00] (26s)  >>> Created relation Variable::LocalVariable.getName/0#dispred#fe44a180#fb/2@0f6ec2uj with 0 rows and digest THIS-RELATION-HAS-NO-TUPLES.
[2026-08-06 12:57:00] (26s) Inferred that Variable::LocalVariable.getName/0#dispred#fe44a180#fb_10#join_rhs/2@c5c8a7b6 is empty, due to Variable::LocalVariable.getName/0#dispred#fe44a180#fb/2@0f6ec2uj.
[2026-08-06 12:57:00] (26s) Inferred that _Variable::LocalVariable.getName/0#dispred#fe44a180#fb#join_rhs#CSE_Variable::LocalVariable.getName/__#shared/2@81c9dc4j is empty, due to Variable::LocalVariable.getName/0#dispred#fe44a180#fb_10#join_rhs/2@c5c8a7b6.
[2026-08-06 12:57:00] (26s) Starting to evaluate predicate m#Variable::VariableDeclarationEntry.getVariable/0#dispred#a634d70c#fb/1@2f9d7aif
[2026-08-06 12:57:00] (26s)  >>> Created relation m#Variable::VariableDeclarationEntry.getVariable/0#dispred#a634d70c#fb/1@2f9d7aif with 208063 rows and digest 3637adeouhv0rluivqpu9s6arj2.
[2026-08-06 12:57:00] (26s) Starting to evaluate predicate Variable::VariableDeclarationEntry.getVariable/0#dispred#a634d70c#fb/2@f56714d0
[2026-08-06 12:57:00] (26s)  >>> Created relation Variable::VariableDeclarationEntry.getVariable/0#dispred#a634d70c#fb/2@f56714d0 with 233386 rows and digest b81585ug260g5363fc420cfu40a.
[2026-08-06 12:57:00] (26s) Starting to evaluate predicate Variable::VariableDeclarationEntry.getVariable/0#dispred#a634d70c#fb_10#join_rhs/2@65a74460
[2026-08-06 12:57:00] (26s)  >>> Created relation Variable::VariableDeclarationEntry.getVariable/0#dispred#a634d70c#fb_10#join_rhs/2@65a74460 with 233386 rows and digest 50e6b93tjn1rigatjhtns0lro47.
[2026-08-06 12:57:00] (26s)  >>> Second-level cache miss project#Function::Function.isConstructedFrom/1#dispred#2edd856f/1@61dc762r for content digest 656d8b1nnr7u5kcde1ep21349q0.
[2026-08-06 12:57:00] (26s) Starting to evaluate predicate Parameter::Parameter.getIndex/0#dispred#66f59d90#bf/2@17403fpg
[2026-08-06 12:57:00] (26s)  >>> Created relation Parameter::Parameter.getIndex/0#dispred#66f59d90#bf/2@17403fpg with 65707 rows and digest 811d5brvqns6n6140talcot8b9b.
[2026-08-06 12:57:00] Cachaca dict loading failed for project#Function::Function.isConstructedFrom/1#dispred#2edd856f/1@61dc762r = 656d8b1nnr7u5kcde1ep21349q0.
[2026-08-06 12:57:00] (26s) Starting to evaluate predicate project#Function::Function.isConstructedFrom/1#dispred#2edd856f/1@61dc762r
[2026-08-06 12:57:00] (26s)  >>> Created relation project#Function::Function.isConstructedFrom/1#dispred#2edd856f/1@61dc762r with 25835 rows and digest 656d8b1nnr7u5kcde1ep21349q0.
[2026-08-06 12:57:00] (26s) Starting to evaluate predicate _Parameter::Parameter#623bc78d_m#Parameter::Parameter.getName/0#dispred#60f9ae8a#bb#mcpe_this#shared/1@ef120epu
[2026-08-06 12:57:00] (26s)  >>> Created relation _Parameter::Parameter#623bc78d_m#Parameter::Parameter.getName/0#dispred#60f9ae8a#bb#mcpe_this#shared/1@ef120epu with 65707 rows and digest 59a162usnraoa06jsr350pmek97.
[2026-08-06 12:57:00] (26s) Starting to evaluate predicate _Parameter::Parameter.getFunction/0#dispred#803faca2#bf__Parameter::Parameter#623bc78d_m#Parameter::__#antijoin_rhs/1@1289a0tn
[2026-08-06 12:57:00] (26s)  >>> Created relation _Parameter::Parameter.getFunction/0#dispred#803faca2#bf__Parameter::Parameter#623bc78d_m#Parameter::__#antijoin_rhs/1@1289a0tn with 17766 rows and digest dd9b0c6lt6kuvcdp0k3dbh733i1.
[2026-08-06 12:57:00] (26s) Starting to evaluate predicate Parameter::Parameter.getAnEffectiveDeclarationEntry/0#dispred#03397d60#bf/2@d9ee9e4i
[2026-08-06 12:57:00] (26s)  >>> Created relation Parameter::Parameter.getAnEffectiveDeclarationEntry/0#dispred#03397d60#bf/2@d9ee9e4i with 115788 rows and digest 535223v188g272inll7gkqek18c.
[2026-08-06 12:57:00] (26s) Starting to evaluate predicate Parameter::Parameter.getAnEffectiveDeclarationEntry/0#dispred#03397d60#bf_10#join_rhs/2@f0b5f3sd
[2026-08-06 12:57:00] (26s)  >>> Created relation Parameter::Parameter.getAnEffectiveDeclarationEntry/0#dispred#03397d60#bf_10#join_rhs/2@f0b5f3sd with 115788 rows and digest 0523ce5iav6le64uvv13tnvjm78.
[2026-08-06 12:57:00] (26s) Starting to evaluate predicate Parameter::Parameter.getANamedDeclarationEntry/0#dispred#ee3743d5#bf/2@9b8602lf
[2026-08-06 12:57:00] (26s)  >>> Created relation Parameter::Parameter.getANamedDeclarationEntry/0#dispred#ee3743d5#bf/2@9b8602lf with 93329 rows and digest ea69a9glfo8kfq7rn2cu1f0c3k8.
[2026-08-06 12:57:00] (26s) Starting to evaluate predicate project#Parameter::Parameter.getANamedDeclarationEntry/0#dispred#ee3743d5#bf/1@b16e34ja
[2026-08-06 12:57:00] (26s)  >>> Created relation project#Parameter::Parameter.getANamedDeclarationEntry/0#dispred#ee3743d5#bf/1@b16e34ja with 64952 rows and digest 282654rrnv2fj7jsr6b2jigeo57.
[2026-08-06 12:57:00] (26s) Starting to evaluate predicate Parameter::Parameter.getANamedDeclarationEntry/0#dispred#ee3743d5#bf_10#join_rhs/2@4aec56te
[2026-08-06 12:57:00] (26s)  >>> Created relation Parameter::Parameter.getANamedDeclarationEntry/0#dispred#ee3743d5#bf_10#join_rhs/2@4aec56te with 93329 rows and digest b929a2a56qsgkc5vo1mgtac2paa.
[2026-08-06 12:57:00] (26s) Starting to evaluate predicate Parameter::Parameter.getName/0#dispred#60f9ae8a#bb/2@i1#7d980xbo (iteration 1)
[2026-08-06 12:57:00] (26s) Empty delta for Parameter::Parameter.getName/0#dispred#60f9ae8a#bb_delta (order for disjuncts: delta=<standard>).
[2026-08-06 12:57:00] (26s) Starting to evaluate predicate Variable::VariableDeclarationEntry.getName/0#58a358d6#fb/2@i1#7d980wbo (iteration 1)
[2026-08-06 12:57:00] (26s) 			 - Variable::VariableDeclarationEntry.getName/0#58a358d6#fb_delta has 15 rows (order for disjuncts: delta=<standard>).
[2026-08-06 12:57:00] (26s) Starting to evaluate predicate _#var_defMerge_Parameter::Parameter.getANamedDeclarationEntry/0#dispred#ee3743d5#bf_Parameter::Param__#antijoin_rhs/2@i2#L0#7d980wbo (iteration 2)
[2026-08-06 12:57:00] (26s) Starting to evaluate predicate Parameter::Parameter.getName/0#dispred#60f9ae8a#bb/2@i2#7d980xbo (iteration 2)
[2026-08-06 12:57:00] (26s) Empty delta for Parameter::Parameter.getName/0#dispred#60f9ae8a#bb_delta (order for disjuncts: delta=<standard>).
[2026-08-06 12:57:00] (26s) Accumulating deltas
[2026-08-06 12:57:00] (26s)  >>> Created relation Variable::VariableDeclarationEntry.getName/0#58a358d6#fb/2@7d980wbo with 15 rows and digest a730e515d4k21kudvqdmbst05g4.
[2026-08-06 12:57:00] (26s)  >>> Created relation Parameter::Parameter.getName/0#dispred#60f9ae8a#bb/2@7d980xbo with 0 rows and digest THIS-RELATION-HAS-NO-TUPLES.
[2026-08-06 12:57:00] (26s) Inferred that Parameter::Parameter.getName/0#dispred#60f9ae8a#bb_10#join_rhs/2@e35fcfmd is empty, due to Parameter::Parameter.getName/0#dispred#60f9ae8a#bb/2@7d980xbo.
[2026-08-06 12:57:00] (26s) Starting to evaluate predicate #globalvariablesMerge_20#join_rhs/2@541f1dbd
[2026-08-06 12:57:00] (26s)  >>> Created relation #globalvariablesMerge_20#join_rhs/2@541f1dbd with 9177 rows and digest 73a8e7280g83d9v813bgisiokca.
[2026-08-06 12:57:00] (26s) Starting to evaluate predicate Variable::Variable.getName/0#dispred#1b4a78c5#bb/2@b3f285t8
[2026-08-06 12:57:00] (26s)  >>> Created relation Variable::Variable.getName/0#dispred#1b4a78c5#bb/2@b3f285t8 with 10 rows and digest 5658e3o69rmog0l5kfe0dt7j0p9.
[2026-08-06 12:57:00] (26s) Starting to evaluate predicate Variable::Variable.getName/0#dispred#1b4a78c5#bb_10#join_rhs/2@0eba5ftv
[2026-08-06 12:57:00] (26s)  >>> Created relation Variable::Variable.getName/0#dispred#1b4a78c5#bb_10#join_rhs/2@0eba5ftv with 10 rows and digest 4376dbdlh5cuv6l9jifk088p8me.
[2026-08-06 12:57:00] (26s) Starting to evaluate predicate 01_preliminary_groups::optionAccess/3#13fc0d8a#ffb/3@00eb6487
[2026-08-06 12:57:00] (26s)  >>> Created relation 01_preliminary_groups::optionAccess/3#13fc0d8a#ffb/3@00eb6487 with 94 rows and digest 4adf7872opd0okvm0f9ng4vspk8.
[2026-08-06 12:57:00] (26s) Starting to evaluate predicate 01_preliminary_groups::optionAccess/3#13fc0d8a#ffb_201#join_rhs/3@7aefc1m3
[2026-08-06 12:57:00] (26s)  >>> Created relation 01_preliminary_groups::optionAccess/3#13fc0d8a#ffb_201#join_rhs/3@7aefc1m3 with 94 rows and digest acac3eb62mnrd9b9gc987ulvn4d.
[2026-08-06 12:57:00] (26s) Starting to evaluate predicate 01_preliminary_groups::preliminaryGroup/6#2fefcf79/6@8613423h
[2026-08-06 12:57:00] (26s)  >>> Created relation 01_preliminary_groups::preliminaryGroup/6#2fefcf79/6@8613423h with 4347 rows and digest 36d0dc7vfvqp40ff8veie31l634.
[2026-08-06 12:57:00] (26s) Starting to evaluate predicate 01_preliminary_groups::preliminaryGroup/6#2fefcf79_501234#join_rhs/6@5f7ccbqt
[2026-08-06 12:57:00] (26s)  >>> Created relation 01_preliminary_groups::preliminaryGroup/6#2fefcf79_501234#join_rhs/6@5f7ccbqt with 4347 rows and digest 14bc35u7e83ako1b2ms8ep9ra49.
[2026-08-06 12:57:00] (26s) Starting to evaluate predicate #locations_defaultMerge_23450#join_rhs/5@99f7bc3i
[2026-08-06 12:57:00] (26s) Pausing evaluation to evict 37.19MiB ARRAYS at sequence stamp o+242462
[2026-08-06 12:57:00] (26s) Unpausing evaluation: 37.90MiB forgotten: 8.51MiB UNREACHABLE (9 items up to o+242150) 29.39MiB UNIMPORTANT (43 items up to o+202850)
[2026-08-06 12:57:00] (26s) Pausing evaluation to evict 33.35MiB ARRAYS at sequence stamp o+242501
[2026-08-06 12:57:00] (26s) Unpausing evaluation: 62.78MiB forgotten: 62.78MiB UNREACHABLE (83 items up to o+242454)
[2026-08-06 12:57:01] (27s) Pausing evaluation to evict 33.32MiB ARRAYS at sequence stamp o+242567
[2026-08-06 12:57:01] (27s) Unpausing evaluation: 33.61MiB forgotten: 33.61MiB UNIMPORTANT (66 items up to o+242354)
[2026-08-06 12:57:01] (27s) Pausing evaluation to evict 33.30MiB ARRAYS at sequence stamp o+242604
[2026-08-06 12:57:01] (27s) Unpausing evaluation: 121.45MiB forgotten: 121.45MiB UNREACHABLE (158 items up to o+242352)
[2026-08-06 12:57:01] (27s) Pausing evaluation to evict 33.28MiB ARRAYS at sequence stamp o+242736
[2026-08-06 12:57:01] (27s) Unpausing evaluation: 117.95MiB forgotten: 117.95MiB UNREACHABLE (60 items up to o+242734)
[2026-08-06 12:57:01] (27s) Pausing evaluation to evict 33.30MiB ARRAYS at sequence stamp o+242858
[2026-08-06 12:57:01] (27s) Unpausing evaluation: 113.44MiB forgotten: 113.44MiB UNREACHABLE (59 items up to o+242856)
[2026-08-06 12:57:01] (28s)  >>> Created relation #locations_defaultMerge_23450#join_rhs/5@99f7bc3i with 7867442 rows and digest 73ba24714o9t3ae96a5trgfp3r4.
[2026-08-06 12:57:01] (28s) Starting to evaluate predicate Location::Location.getContainer/0#9edabfb6/2@bbd97edk
[2026-08-06 12:57:01] (28s)  >>> Created relation Location::Location.getContainer/0#9edabfb6/2@bbd97edk with 7867442 rows and digest b92439el31b46a1hrhlttaufu87.
[2026-08-06 12:57:01] (28s)  >>> Full cache hit files/2@ec93749g with 2915 rows and digest 8b0383q4a477hj6mr7hfp3fn339.
[2026-08-06 12:57:01] (28s) Starting to evaluate predicate Location::UnknownLocation#d525d7d6/1@6b48ecgn
[2026-08-06 12:57:01] (28s)  >>> Created relation Location::UnknownLocation#d525d7d6/1@6b48ecgn with 1 rows and digest accb9f96gkjsnbetmd28cn60hb0.
[2026-08-06 12:57:01] (28s) Starting to evaluate predicate _#exprsMerge_Location::UnknownLocation#d525d7d6#shared/1@262c540t
[2026-08-06 12:57:02] (28s) Pausing evaluation to evict 31.76MiB ARRAYS at sequence stamp o+243138
[2026-08-06 12:57:02] (28s) Unpausing evaluation: 44.47MiB forgotten: 44.47MiB UNREACHABLE (23 items up to o+242906)
[2026-08-06 12:57:02] (28s) Pausing evaluation to evict 31.77MiB ARRAYS at sequence stamp o+243177
[2026-08-06 12:57:02] (28s) Unpausing evaluation: 32.90MiB forgotten: 32.90MiB UNIMPORTANT (34 items up to o+243072)
[2026-08-06 12:57:02] (28s) Pausing evaluation to evict 31.78MiB ARRAYS at sequence stamp o+243208
[2026-08-06 12:57:02] (28s) Unpausing evaluation: 128.90MiB forgotten: 128.90MiB UNREACHABLE (67 items up to o+243070)
[2026-08-06 12:57:02] (28s)  >>> Created relation _#exprsMerge_Location::UnknownLocation#d525d7d6#shared/1@262c540t with 254637 rows and digest 0f140021luj19tl8c0gbmssi0bc.
[2026-08-06 12:57:02] (28s)  >>> Full cache hit @variable/1@cc901c9e with 447482 rows and digest 34e1f4dsvdg1un27pte4jtcjn6d.
[2026-08-06 12:57:02] (28s) Starting to evaluate predicate Expr::Expr.getParent/0#dispred#393b4f50#bf/2@6459b92f
[2026-08-06 12:57:02] (28s)  >>> Created relation Expr::Expr.getParent/0#dispred#393b4f50#bf/2@6459b92f with 201707 rows and digest 334b75vnptsma9s5auem4enbl02.
[2026-08-06 12:57:02] (28s) Starting to evaluate predicate Expr::Expr.getParent/0#dispred#393b4f50#bf_10#join_rhs/2@bfb535a3
[2026-08-06 12:57:02] (28s)  >>> Created relation Expr::Expr.getParent/0#dispred#393b4f50#bf_10#join_rhs/2@bfb535a3 with 201707 rows and digest b7c13a86j2t0hf5m8tnvob06p90.
[2026-08-06 12:57:02] (28s) Starting to evaluate predicate Expr::Expr.getExprLocationOverride/0#80738c92/2@i1#4feb2w5b (iteration 1)
[2026-08-06 12:57:02] (28s) 			 - Expr::Expr.getExprLocationOverride/0#80738c92_delta has 59952 rows (order for disjuncts: delta=<standard>).
[2026-08-06 12:57:02] (28s) Starting to evaluate predicate Expr::Expr.getExprLocationOverride/0#80738c92/2@i2#4feb2w5b (iteration 2)
[2026-08-06 12:57:02] (28s) 			 - Expr::Expr.getExprLocationOverride/0#80738c92_delta has 1890 rows (order for disjuncts: delta=<standard>).
[2026-08-06 12:57:02] (28s) Starting to evaluate predicate Expr::Expr.getExprLocationOverride/0#80738c92/2@i3#4feb2w5b (iteration 3)
[2026-08-06 12:57:02] (28s) 			 - Expr::Expr.getExprLocationOverride/0#80738c92_delta has 3 rows (order for disjuncts: delta=<standard>).
[2026-08-06 12:57:02] (28s) Starting to evaluate predicate Expr::Expr.getExprLocationOverride/0#80738c92/2@i4#4feb2w5b (iteration 4)
[2026-08-06 12:57:02] (28s) Empty delta for Expr::Expr.getExprLocationOverride/0#80738c92_delta (order for disjuncts: delta=<standard>).
[2026-08-06 12:57:02] (28s) Accumulating deltas
[2026-08-06 12:57:02] (28s)  >>> Created relation Expr::Expr.getExprLocationOverride/0#80738c92/2@4feb2w5b with 61845 rows and digest 6dd8a6japi0740dlr8ncbdh3l6a.
[2026-08-06 12:57:02] (28s) Starting to evaluate predicate project#Expr::Expr.getExprLocationOverride/0#80738c92/1@137629j6
[2026-08-06 12:57:02] (28s)  >>> Created relation project#Expr::Expr.getExprLocationOverride/0#80738c92/1@137629j6 with 61845 rows and digest aee97c0bbmk4em4i7diffurfvu4.
[2026-08-06 12:57:02] (28s) Starting to evaluate predicate Expr::Expr.getLocation/0#dispred#0a3d90c6/2@06da69m4
[2026-08-06 12:57:02] (28s) Pausing evaluation to evict 31.01MiB ARRAYS at sequence stamp o+243505
[2026-08-06 12:57:02] (28s) Unpausing evaluation: 25.52MiB in memory written to disk, 31.71MiB forgotten: 6.19MiB UNIMPORTANT (12 items up to o+243491) 25.52MiB NORMAL (11 items up to o+242928)
[2026-08-06 12:57:02] (28s) Pausing evaluation to evict 31.01MiB ARRAYS at sequence stamp o+243589
[2026-08-06 12:57:02] (28s) Unpausing evaluation: 32.48MiB in memory written to disk, 32.48MiB forgotten: 32.48MiB NORMAL (14 items up to o+242956)
[2026-08-06 12:57:02] (28s) Pausing evaluation to evict 31.01MiB ARRAYS at sequence stamp o+243675
[2026-08-06 12:57:02] (28s) Unpausing evaluation: 32.48MiB in memory written to disk, 32.48MiB forgotten: 32.48MiB NORMAL (14 items up to o+242984)
[2026-08-06 12:57:02] (28s) Pausing evaluation to evict 31.01MiB ARRAYS at sequence stamp o+243765
[2026-08-06 12:57:02] (28s) Unpausing evaluation: 9.28MiB in memory written to disk, 32.48MiB forgotten: 23.20MiB UNREACHABLE (29 items up to o+243763) 9.28MiB NORMAL (4 items up to o+242992)
[2026-08-06 12:57:02] (28s) Pausing evaluation to evict 31.01MiB ARRAYS at sequence stamp o+243844
[2026-08-06 12:57:02] (28s) Unpausing evaluation: 2.32MiB in memory written to disk, 32.48MiB forgotten: 30.16MiB UNREACHABLE (39 items up to o+243842) 2.32MiB NORMAL (1 items up to o+242993)
[2026-08-06 12:57:02] (28s)  >>> Created relation Expr::Expr.getLocation/0#dispred#0a3d90c6/2@06da69m4 with 10156860 rows and digest fd3b5fti0imonpccvsovm3f6ijf.
[2026-08-06 12:57:02] (28s) Starting to evaluate predicate Element::Element.getFile/0#2b8c8740/2@9b043988
[2026-08-06 12:57:02] (28s) Pausing evaluation to evict 31.02MiB ARRAYS at sequence stamp o+245013
[2026-08-06 12:57:02] (28s) Unpausing evaluation: 4.64MiB in memory written to disk, 31.71MiB forgotten: 24.75MiB UNREACHABLE (32 items up to o+243908) 2.32MiB UNIMPORTANT (4 items up to o+243501) 4.64MiB NORMAL (2 items up to o+242997)
[2026-08-06 12:57:02] (29s) Pausing evaluation to evict 31.02MiB ARRAYS at sequence stamp o+252254
[2026-08-06 12:57:02] (29s) Unpausing evaluation: 32.48MiB in memory written to disk, 32.48MiB forgotten: 32.48MiB NORMAL (14 items up to o+243025)
[2026-08-06 12:57:03] (29s) Pausing evaluation to evict 31.02MiB ARRAYS at sequence stamp o+258934
[2026-08-06 12:57:03] (29s) Will trim disk cache to check for obsolete items before writing 39.35MiB (currently using 349.50MiB).
[2026-08-06 12:57:03] (29s) After trimming, disk cache uses 349.50MiB.
[2026-08-06 12:57:03] (29s) Unpausing evaluation: 32.48MiB in memory written to disk, 32.48MiB forgotten: 32.48MiB NORMAL (14 items up to o+243053)
[2026-08-06 12:57:03] (29s) Pausing evaluation to evict 31.02MiB ARRAYS at sequence stamp o+259550
[2026-08-06 12:57:03] (29s) Unpausing evaluation: 2.32MiB in memory written to disk, 33.26MiB forgotten: 30.94MiB UNREACHABLE (40 items up to o+259547) 2.32MiB NORMAL (1 items up to o+243054)
[2026-08-06 12:57:03] (29s)  >>> Created relation Element::Element.getFile/0#2b8c8740/2@9b043988 with 10156860 rows and digest 9ae6ae9b3o2o1kcnd8i107691s7.
[2026-08-06 12:57:03] (29s) Starting to evaluate predicate project#01_preliminary_groups::preliminaryGroup/6#2fefcf79/1@0a1ba0ro
[2026-08-06 12:57:03] (29s)  >>> Created relation project#01_preliminary_groups::preliminaryGroup/6#2fefcf79/1@0a1ba0ro with 94 rows and digest 7a58c1q8ii7l16roc1ls4drpe8d.
[2026-08-06 12:57:03] (29s)  >>> Created relation sourceLocationPrefix/1@64802cd1 with 1 rows and digest e25de7jja88972etv5t0jglj3i7.
[2026-08-06 12:57:03] (29s) Starting to evaluate predicate File::Impl::Container.getRelativePath/0#dispred#deec4f8e#bf/2@96a1f1pj
[2026-08-06 12:57:03] (29s)  >>> Created relation File::Impl::Container.getRelativePath/0#dispred#deec4f8e#bf/2@96a1f1pj with 14 rows and digest 6601b33vvugd7k6ovu4uf7fp34f.
[2026-08-06 12:57:03] (29s) Starting to evaluate predicate project#01_preliminary_groups::preliminaryGroup/6#2fefcf79#3/1@ee64b759
[2026-08-06 12:57:03] (29s)  >>> Created relation project#01_preliminary_groups::preliminaryGroup/6#2fefcf79#3/1@ee64b759 with 29 rows and digest 995d28ec49l3dk698h5rf7oikp2.
[2026-08-06 12:57:03] (29s) Starting to evaluate predicate project#01_preliminary_groups::preliminaryGroup/6#2fefcf79#2/1@ac5d64aa
[2026-08-06 12:57:03] (29s)  >>> Created relation project#01_preliminary_groups::preliminaryGroup/6#2fefcf79#2/1@ac5d64aa with 215 rows and digest bfb41d8huhrm54g7obevk0afmn1.
[2026-08-06 12:57:03] (29s) Starting to evaluate predicate m#Declaration::Declaration.getQualifiedName/0#dispred#4508fade#bf/1@baa891jc
[2026-08-06 12:57:03] (29s)  >>> Created relation m#Declaration::Declaration.getQualifiedName/0#dispred#4508fade#bf/1@baa891jc with 236 rows and digest 5fcf02965kf7ob05tcf5rngt5h3.
[2026-08-06 12:57:03] (29s)  >>> Second-level cache miss project##class_template_argumentMerge/1@3fb95fhb for content digest 029956q76dur9jhdrpbn0fidbr1.
[2026-08-06 12:57:03] (29s)  >>> First-level cache hit class_template_argument/3@890847o1 with digest abd2d2v88de0ochm13ghigkl6a6.
[2026-08-06 12:57:03] (29s)  >>> Full cache hit class_template_argument/3@890847o1 with 11710 rows and digest abd2d2v88de0ochm13ghigkl6a6.
[2026-08-06 12:57:03] (29s)  >>> Second-level cache miss #class_instantiationMerge_10#join_rhs/2@c2e3b4lh for content digest 2dadc207hni66h2laceiidu33b3.
[2026-08-06 12:57:03] (29s)  >>> First-level cache hit class_instantiation/2@4f9111rl with digest 792f44bie0iejf7p5j9pt9i0h08.
[2026-08-06 12:57:03] (29s)  >>> Full cache hit class_instantiation/2@4f9111rl with 6193 rows and digest 792f44bie0iejf7p5j9pt9i0h08.
[2026-08-06 12:57:03] (29s)  >>> Full cache hit #variable_instantiationMerge_10#join_rhs/2@6cecb6il with 651 rows and digest 88b5farfd8h4m6r6sodesnk0sdd.
[2026-08-06 12:57:03] (29s)  >>> Second-level cache miss QualifiedName::TemplateFunction.getAnInstantiation/0#dispred#1cbe8684/2@fd97279v for content digest de79c7i75kbc1aj06hbl378nr05.
[2026-08-06 12:57:03] (29s)  >>> First-level cache hit #function_instantiationMerge_10#join_rhs/2@f9ba679d with digest 2b3046hi0hp4nd8lp5et4hn2vv7.
[2026-08-06 12:57:03] (29s)  >>> First-level cache hit _#is_function_templateMerge_project##function_template_argumentMerge#shared/1@4a15abee with digest fcd1d2pttpkcjj4ihv268pafi71.
[2026-08-06 12:57:03] (29s)  >>> Second-level cache miss #function_instantiationMerge_10#join_rhs/2@f9ba679d for content digest 2b3046hi0hp4nd8lp5et4hn2vv7.
[2026-08-06 12:57:03] (29s)  >>> Full cache hit _#is_function_templateMerge_project##function_template_argumentMerge#shared/1@4a15abee with 4869 rows and digest fcd1d2pttpkcjj4ihv268pafi71.
[2026-08-06 12:57:03] (29s)  >>> First-level cache hit _#fun_declsMerge_10#join_rhs_#fun_specializedMerge__#is_function_templateMerge_project##function_tem__#antijoin_rhs/1@5b0b52f0 with empty relation.
[2026-08-06 12:57:03] (29s)  >>> First-level cache hit #usertypesMerge_20#join_rhs/2@7a31e969 with digest 8db0dcj8qc4jjo2lm1gk5ub01h1.
[2026-08-06 12:57:03] (29s)  >>> Second-level cache miss #usertypesMerge_20#join_rhs/2@7a31e969 for content digest 8db0dcj8qc4jjo2lm1gk5ub01h1.
[2026-08-06 12:57:03] Cachaca dict loading failed for #usertypesMerge_20#join_rhs/2@7a31e969 = 8db0dcj8qc4jjo2lm1gk5ub01h1.
[2026-08-06 12:57:03] (29s) Starting to evaluate predicate #usertypesMerge_20#join_rhs/2@7a31e969
[2026-08-06 12:57:03] (29s)  >>> Created relation #usertypesMerge_20#join_rhs/2@7a31e969 with 24895 rows and digest 8db0dcj8qc4jjo2lm1gk5ub01h1.
[2026-08-06 12:57:03] Cachaca dict loading failed for project##class_template_argumentMerge/1@3fb95fhb = 029956q76dur9jhdrpbn0fidbr1.
[2026-08-06 12:57:03] (29s) Starting to evaluate predicate project##class_template_argumentMerge/1@3fb95fhb
[2026-08-06 12:57:03] (29s)  >>> Created relation project##class_template_argumentMerge/1@3fb95fhb with 5998 rows and digest 029956q76dur9jhdrpbn0fidbr1.
[2026-08-06 12:57:03] Cachaca dict loading failed for #class_instantiationMerge_10#join_rhs/2@c2e3b4lh = 2dadc207hni66h2laceiidu33b3.
[2026-08-06 12:57:03] (29s) Starting to evaluate predicate #class_instantiationMerge_10#join_rhs/2@c2e3b4lh
[2026-08-06 12:57:03] (29s)  >>> Created relation #class_instantiationMerge_10#join_rhs/2@c2e3b4lh with 6193 rows and digest 2dadc207hni66h2laceiidu33b3.
[2026-08-06 12:57:03] Cachaca dict loading failed for #function_instantiationMerge_10#join_rhs/2@f9ba679d = 2b3046hi0hp4nd8lp5et4hn2vv7.
[2026-08-06 12:57:03] (29s) Starting to evaluate predicate #function_instantiationMerge_10#join_rhs/2@f9ba679d
[2026-08-06 12:57:03] (29s)  >>> Created relation #function_instantiationMerge_10#join_rhs/2@f9ba679d with 25837 rows and digest 2b3046hi0hp4nd8lp5et4hn2vv7.
[2026-08-06 12:57:03] Cachaca dict loading failed for QualifiedName::TemplateFunction.getAnInstantiation/0#dispred#1cbe8684/2@fd97279v = de79c7i75kbc1aj06hbl378nr05.
[2026-08-06 12:57:03] (29s) Starting to evaluate predicate QualifiedName::TemplateFunction.getAnInstantiation/0#dispred#1cbe8684/2@fd97279v
[2026-08-06 12:57:03] (29s)  >>> Created relation QualifiedName::TemplateFunction.getAnInstantiation/0#dispred#1cbe8684/2@fd97279v with 7793 rows and digest de79c7i75kbc1aj06hbl378nr05.
[2026-08-06 12:57:03] (29s) Starting to evaluate predicate QualifiedName::TemplateClass#7897d0bf/1@aedd80f7
[2026-08-06 12:57:03] (29s)  >>> Created relation QualifiedName::TemplateClass#7897d0bf/1@aedd80f7 with 504 rows and digest ed7f842b6c8jdj524gidd8049oc.
[2026-08-06 12:57:03] (29s) Starting to evaluate predicate QualifiedName::Declaration.getDeclaringType/0#dispred#f9937496#bf/2@cc2be2fd
[2026-08-06 12:57:03] (29s)  >>> Created relation QualifiedName::Declaration.getDeclaringType/0#dispred#f9937496#bf/2@cc2be2fd with 66195 rows and digest d16c991o1odvt4b9rkf1cdvv588.
[2026-08-06 12:57:03] (29s) Starting to evaluate predicate m#QualifiedName::Declaration.getNamespace/0#a6f64dfa#bf/1@i1#f843bwhe (iteration 1)
[2026-08-06 12:57:03] (29s) 			 - m#QualifiedName::Declaration.getNamespace/0#a6f64dfa#bf_delta has 236 rows (order for disjuncts: delta=<standard>).
[2026-08-06 12:57:03] (29s) Starting to evaluate predicate m#QualifiedName::Declaration.getNamespace/0#a6f64dfa#bf/1@i2#f843bwhe (iteration 2)
[2026-08-06 12:57:03] (29s) 			 - m#QualifiedName::Declaration.getNamespace/0#a6f64dfa#bf_delta has 210 rows (order for disjuncts: delta=<standard>).
[2026-08-06 12:57:03] (29s) Starting to evaluate predicate m#QualifiedName::Declaration.getNamespace/0#a6f64dfa#bf/1@i3#f843bwhe (iteration 3)
[2026-08-06 12:57:03] (29s) Empty delta for m#QualifiedName::Declaration.getNamespace/0#a6f64dfa#bf_delta (order for disjuncts: delta=<standard>).
[2026-08-06 12:57:03] (29s) Accumulating deltas
[2026-08-06 12:57:03] (29s)  >>> Created relation m#QualifiedName::Declaration.getNamespace/0#a6f64dfa#bf/1@f843bwhe with 446 rows and digest 44248208sqbu79kiphlbtkr4gu3.
[2026-08-06 12:57:03] (29s)  >>> Full cache hit namespaces/2@248ff942 with 173 rows and digest 3f88a9olv9kqeorvrf1ei6emjgf.
[2026-08-06 12:57:03] (29s)  >>> Full cache hit #namespacembrsMerge_10#join_rhs/2@b85d0a2p with 5655 rows and digest 878d0cmejv0rgdv6bcj3p9jica1.
[2026-08-06 12:57:03] (29s)  >>> Second-level cache miss #namespacembrsMerge_1#antijoin_rhs/1@29795bh8 for content digest 4db8f0drcsun2243956roj0iqv0.
[2026-08-06 12:57:03] (29s)  >>> First-level cache hit namespacembrs/2@a8a460rp with digest ddcbf0t6mv1kje137um1l14if3f.
[2026-08-06 12:57:03] (29s)  >>> Full cache hit namespacembrs/2@a8a460rp with 5655 rows and digest ddcbf0t6mv1kje137um1l14if3f.
[2026-08-06 12:57:03] (29s)  >>> Second-level cache miss #namespacesMerge_10#join_rhs/2@dcfae1lh for content digest 2ba182qe7qr3vsre7gkb2je1ms5.
[2026-08-06 12:57:03] (29s)  >>> Second-level cache miss @enumconstant/1@e5299caj for content digest 8f9bfc53u13skeeifs0i6lsainf.
[2026-08-06 12:57:03] (29s)  >>> Second-level cache miss @frienddecl/1@c3e65fvh for content digest eb83a1pb2jn3dvf34iltv2p1cl4.
[2026-08-06 12:57:03] (29s)  >>> Full cache hit enclosingfunction/2@6284a7uu with 1506 rows and digest 1c7539f50todnug9mv0kpe4vg4b.
[2026-08-06 12:57:03] Cachaca dict loading failed for #namespacembrsMerge_1#antijoin_rhs/1@29795bh8 = 4db8f0drcsun2243956roj0iqv0.
[2026-08-06 12:57:03] (29s) Starting to evaluate predicate #namespacembrsMerge_1#antijoin_rhs/1@29795bh8
[2026-08-06 12:57:03] (29s)  >>> Created relation #namespacembrsMerge_1#antijoin_rhs/1@29795bh8 with 5655 rows and digest 4db8f0drcsun2243956roj0iqv0.
[2026-08-06 12:57:03] Cachaca dict loading failed for @enumconstant/1@e5299caj = 8f9bfc53u13skeeifs0i6lsainf.
[2026-08-06 12:57:03] (29s) Starting to evaluate predicate @enumconstant/1@e5299caj
[2026-08-06 12:57:03] (29s)  >>> Created relation @enumconstant/1@e5299caj with 30127 rows and digest 8f9bfc53u13skeeifs0i6lsainf.
[2026-08-06 12:57:03] Cachaca dict loading failed for @frienddecl/1@c3e65fvh = eb83a1pb2jn3dvf34iltv2p1cl4.
[2026-08-06 12:57:03] (29s) Starting to evaluate predicate @frienddecl/1@c3e65fvh
[2026-08-06 12:57:03] (29s)  >>> Created relation @frienddecl/1@c3e65fvh with 22395 rows and digest eb83a1pb2jn3dvf34iltv2p1cl4.
[2026-08-06 12:57:03] Cachaca dict loading failed for #namespacesMerge_10#join_rhs/2@dcfae1lh = 2ba182qe7qr3vsre7gkb2je1ms5.
[2026-08-06 12:57:03] (29s) Starting to evaluate predicate #namespacesMerge_10#join_rhs/2@dcfae1lh
[2026-08-06 12:57:03] (29s)  >>> Created relation #namespacesMerge_10#join_rhs/2@dcfae1lh with 173 rows and digest 2ba182qe7qr3vsre7gkb2je1ms5.
[2026-08-06 12:57:03] Cachaca dict loading failed for QualifiedName::Declaration.getDeclaringType/0#dispred#f9937496#bf_10#join_rhs/2@18e41dtb = aa3cc5ap1537c6gecit3lmr3g59.
[2026-08-06 12:57:03] (29s) Starting to evaluate predicate QualifiedName::Declaration.getDeclaringType/0#dispred#f9937496#bf_10#join_rhs/2@18e41dtb
[2026-08-06 12:57:03] (29s)  >>> Created relation QualifiedName::Declaration.getDeclaringType/0#dispred#f9937496#bf_10#join_rhs/2@18e41dtb with 66195 rows and digest aa3cc5ap1537c6gecit3lmr3g59.
[2026-08-06 12:57:03] (29s) Starting to evaluate predicate QualifiedName::TypeTemplateParameter#a7fe9400#b/1@1a128adn
[2026-08-06 12:57:03] (29s)  >>> Created relation QualifiedName::TypeTemplateParameter#a7fe9400#b/1@1a128adn with 0 rows and digest THIS-RELATION-HAS-NO-TUPLES.
[2026-08-06 12:57:03] (29s) Starting to evaluate predicate _#@enumconstantMergeTypeCall_#@frienddeclMergeTypeCall_#@localvariableMergeTypeCall_#@parameterMerge__#antijoin_rhs/1@2c7a9e8r
[2026-08-06 12:57:03] (29s)  >>> Created relation _#@enumconstantMergeTypeCall_#@frienddeclMergeTypeCall_#@localvariableMergeTypeCall_#@parameterMerge__#antijoin_rhs/1@2c7a9e8r with 217 rows and digest 4a597dsuvpcmhueudeltiuhs9d4.
[2026-08-06 12:57:03] (29s) Starting to evaluate predicate QualifiedName::Declaration.isTopLevel/0#dispred#3b456a20#b/1@ca5bcf6d
[2026-08-06 12:57:03] (29s)  >>> Created relation QualifiedName::Declaration.isTopLevel/0#dispred#3b456a20#b/1@ca5bcf6d with 229 rows and digest 01e296mlgv9107qjqfkvcrja2kc.
[2026-08-06 12:57:03] (29s) Starting to evaluate predicate QualifiedName::Declaration.getNamespace/0#a6f64dfa#bf/2@i1#4f1e7w3e (iteration 1)
[2026-08-06 12:57:03] (29s) 			 - QualifiedName::Declaration.getNamespace/0#a6f64dfa#bf_delta has 229 rows (order for disjuncts: delta=<standard>).
[2026-08-06 12:57:03] (29s) Starting to evaluate predicate QualifiedName::Declaration.getNamespace/0#a6f64dfa#bf/2@i2#4f1e7w3e (iteration 2)
[2026-08-06 12:57:03] (29s) 			 - QualifiedName::Declaration.getNamespace/0#a6f64dfa#bf_delta has 217 rows (order for disjuncts: delta=<standard>).
[2026-08-06 12:57:03] (29s) Starting to evaluate predicate QualifiedName::Declaration.getNamespace/0#a6f64dfa#bf/2@i3#4f1e7w3e (iteration 3)
[2026-08-06 12:57:03] (29s) Empty delta for QualifiedName::Declaration.getNamespace/0#a6f64dfa#bf_delta (order for disjuncts: delta=<standard>).
[2026-08-06 12:57:03] (29s) Accumulating deltas
[2026-08-06 12:57:03] (29s)  >>> Created relation QualifiedName::Declaration.getNamespace/0#a6f64dfa#bf/2@4f1e7w3e with 446 rows and digest 65eb51du05n466h4cmno9lsh4ra.
[2026-08-06 12:57:03] (29s)  >>> Second-level cache miss QualifiedName::Namespace.getQualifiedName/0#cbc0648a/2@91677w3f for content digest 2e3482p7hgpori40jssailq4g5f.
[2026-08-06 12:57:03] (29s)  >>> Full cache hit _#namespacembrsMerge_1#antijoin_rhs_#namespacembrsMerge_10#join_rhs_#namespacesMerge#join_rhs/3@113b27a6 with 10 rows and digest bf50611d1b8cotk90t2heovmf7d.
[2026-08-06 12:57:03] Cachaca dict loading failed for QualifiedName::Namespace.getQualifiedName/0#cbc0648a/2@91677w3f = 2e3482p7hgpori40jssailq4g5f.
[2026-08-06 12:57:03] (29s) Starting to evaluate predicate QualifiedName::Namespace.getQualifiedName/0#cbc0648a/2@i1#91677w3f (iteration 1)
[2026-08-06 12:57:03] (29s) 			 - QualifiedName::Namespace.getQualifiedName/0#cbc0648a_delta has 163 rows (order for disjuncts: delta=<standard>).
[2026-08-06 12:57:03] (29s) Starting to evaluate predicate QualifiedName::Namespace.getQualifiedName/0#cbc0648a/2@i2#91677w3f (iteration 2)
[2026-08-06 12:57:03] (29s) 			 - QualifiedName::Namespace.getQualifiedName/0#cbc0648a_delta has 10 rows (order for disjuncts: delta=<standard>).
[2026-08-06 12:57:03] (29s) Starting to evaluate predicate QualifiedName::Namespace.getQualifiedName/0#cbc0648a/2@i3#91677w3f (iteration 3)
[2026-08-06 12:57:03] (29s) Empty delta for QualifiedName::Namespace.getQualifiedName/0#cbc0648a_delta (order for disjuncts: delta=<standard>).
[2026-08-06 12:57:03] (29s) Accumulating deltas
[2026-08-06 12:57:03] (29s)  >>> Created relation QualifiedName::Namespace.getQualifiedName/0#cbc0648a/2@91677w3f with 173 rows and digest 2e3482p7hgpori40jssailq4g5f.
[2026-08-06 12:57:03] (29s) Starting to evaluate predicate m#QualifiedName::Declaration.getTypeQualifierWithArgs/0#3480a5ef#bf/1@i1#b8b52xg6 (iteration 1)
[2026-08-06 12:57:03] (29s) 			 - m#QualifiedName::Declaration.getTypeQualifierWithArgs/0#3480a5ef#bf_delta has 236 rows (order for disjuncts: delta=<standard>).
[2026-08-06 12:57:03] (29s) Starting to evaluate predicate m#QualifiedName::getTypeQualifierForMembersWithArgs/1#2a20cdb0#bf/1@i1#b8b52wg6 (iteration 1)
[2026-08-06 12:57:03] (29s) Empty delta for m#QualifiedName::getTypeQualifierForMembersWithArgs/1#2a20cdb0#bf_delta (order for disjuncts: delta=<standard>).
[2026-08-06 12:57:03] (29s) Starting to evaluate predicate m#QualifiedName::getTypeQualifierForMembersWithArgs/1#2a20cdb0#bf/1@i2#b8b52wg6 (iteration 2)
[2026-08-06 12:57:03] (29s) 			 - m#QualifiedName::getTypeQualifierForMembersWithArgs/1#2a20cdb0#bf_delta has 210 rows (order for disjuncts: delta=<standard>).
[2026-08-06 12:57:03] (29s) Starting to evaluate predicate m#QualifiedName::Declaration.getTypeQualifierWithArgs/0#3480a5ef#bf/1@i3#b8b52xg6 (iteration 3)
[2026-08-06 12:57:03] (29s) 			 - m#QualifiedName::Declaration.getTypeQualifierWithArgs/0#3480a5ef#bf_delta has 210 rows (order for disjuncts: delta=<standard>).
[2026-08-06 12:57:03] (29s) Starting to evaluate predicate m#QualifiedName::getTypeQualifierForMembersWithArgs/1#2a20cdb0#bf/1@i4#b8b52wg6 (iteration 4)
[2026-08-06 12:57:03] (29s) Empty delta for m#QualifiedName::getTypeQualifierForMembersWithArgs/1#2a20cdb0#bf_delta (order for disjuncts: delta=<standard>).
[2026-08-06 12:57:03] (29s) Accumulating deltas
[2026-08-06 12:57:03] (29s)  >>> Created relation m#QualifiedName::getTypeQualifierForMembersWithArgs/1#2a20cdb0#bf/1@b8b52wg6 with 210 rows and digest fd2e14ccthm7f7joq6iulfg1f60.
[2026-08-06 12:57:03] (29s)  >>> Created relation m#QualifiedName::Declaration.getTypeQualifierWithArgs/0#3480a5ef#bf/1@b8b52xg6 with 446 rows and digest 44248208sqbu79kiphlbtkr4gu3.
[2026-08-06 12:57:03] (29s) Starting to evaluate predicate m#QualifiedName::hasTypeQualifier/1#dbed585d#b/1@dd7f2dte
[2026-08-06 12:57:03] (29s)  >>> Created relation m#QualifiedName::hasTypeQualifier/1#dbed585d#b/1@dd7f2dte with 446 rows and digest 44248208sqbu79kiphlbtkr4gu3.
[2026-08-06 12:57:03] (29s) Starting to evaluate predicate QualifiedName::hasTypeQualifier/1#dbed585d#b/1@fd24dbnl
[2026-08-06 12:57:03] (29s)  >>> Created relation QualifiedName::hasTypeQualifier/1#dbed585d#b/1@fd24dbnl with 217 rows and digest 4a597dsuvpcmhueudeltiuhs9d4.
[2026-08-06 12:57:03] (29s) Starting to evaluate predicate QualifiedName::Declaration.getTypeQualifierWithArgs/0#3480a5ef#bf/2@i1#83a34xie (iteration 1)
[2026-08-06 12:57:03] (29s) Empty delta for QualifiedName::Declaration.getTypeQualifierWithArgs/0#3480a5ef#bf_delta (order for disjuncts: delta=<standard>).
[2026-08-06 12:57:03] (29s) Starting to evaluate predicate QualifiedName::getTypeQualifierForMembersWithArgs/1#2a20cdb0#bf/2@i1#83a34wie (iteration 1)
[2026-08-06 12:57:03] (29s) 			 - QualifiedName::getTypeQualifierForMembersWithArgs/1#2a20cdb0#bf_delta has 210 rows (order for disjuncts: delta=<standard>).
[2026-08-06 12:57:03] (29s) Starting to evaluate predicate QualifiedName::Declaration.getTypeQualifierWithArgs/0#3480a5ef#bf/2@i2#83a34xie (iteration 2)
[2026-08-06 12:57:03] (29s) 			 - QualifiedName::Declaration.getTypeQualifierWithArgs/0#3480a5ef#bf_delta has 217 rows (order for disjuncts: delta=<standard>).
[2026-08-06 12:57:03] (29s) Starting to evaluate predicate QualifiedName::getTypeQualifierForMembersWithArgs/1#2a20cdb0#bf/2@i3#83a34wie (iteration 3)
[2026-08-06 12:57:03] (29s) Empty delta for QualifiedName::getTypeQualifierForMembersWithArgs/1#2a20cdb0#bf_delta (order for disjuncts: delta=<standard>).
[2026-08-06 12:57:03] (29s) Accumulating deltas
[2026-08-06 12:57:03] (29s)  >>> Created relation QualifiedName::getTypeQualifierForMembersWithArgs/1#2a20cdb0#bf/2@83a34wie with 210 rows and digest 65750fmaujhu5cec5f2ogujktpa.
[2026-08-06 12:57:03] (29s)  >>> Created relation QualifiedName::Declaration.getTypeQualifierWithArgs/0#3480a5ef#bf/2@83a34xie with 217 rows and digest 3f9bd7mq5h3airqufphmfp3n0vc.
[2026-08-06 12:57:03] (29s) Starting to evaluate predicate Declaration::Declaration.getQualifiedName/0#dispred#4508fade#bf/2@11c2b125
[2026-08-06 12:57:03] (29s)  >>> Created relation Declaration::Declaration.getQualifiedName/0#dispred#4508fade#bf/2@11c2b125 with 236 rows and digest 0ff6c21dnptinmoijt7p2p2vs7f.
[2026-08-06 12:57:03] (29s) Starting to evaluate predicate #select#query/8@53305b34
[2026-08-06 12:57:04] (30s)  >>> Created relation #select#query/8@53305b34 with 52 rows and digest dd04e5n6r2r7k1afmb9aa8ocnu0.
[2026-08-06 12:57:04] (30s) Query done
[2026-08-06 12:57:04] (30s) Pausing evaluation to sync to disk at sequence stamp o+275536
[2026-08-06 12:57:04] (30s) Unpausing evaluation
[2026-08-06 12:57:04] Evaluation of /home/oleksii-shemshur/work/toolchains/tools/queries/01_preliminary_groups.ql produced BQRS results.
 --- Evaluator Log Summary --- 
Completed evaluation of query 01_preliminary_groups.ql.
Most expensive predicates for stage 0 of completed query 01_preliminary_groups.ql:
        time | predicate
        -----|----------
        41ms | @function@24d7f7aa

Most expensive predicates for stage 1 of completed query 01_preliminary_groups.ql:
        time | predicate
        -----|----------
         1ms | #usertypesMerge_20#join_rhs@7a31e969

Most expensive predicates for stage 3 of completed query 01_preliminary_groups.ql:
        time  | evals |   max @ iter | predicate
        ------|-------|--------------|----------
         4.4s |   186 | 487ms @ 8    | Enclosing::exprEnclosingElement/1#d94b6dd0@9dc00wsq
         2.6s |       |              | exprs_10#join_rhs@0a156eph
         1.4s |       |              | Expr::Expr.getParent/0#dispred#393b4f50@285711o5
        708ms |       |              | Expr::Expr.getParent/0#dispred#393b4f50_10#join_rhs@dfcc6epe
        678ms |   187 | 140ms @ 5    | Enclosing::stmtEnclosingElement/1#cf37daa7@9dc00xsq
        192ms |       |              | #exprconvMerge_10#join_rhs@227869fv
        160ms |     2 | 117ms @ 1    | Expr::Expr.getEnclosingStmt/0#224d8d99#bf@d38ffwjd
        110ms |       |              | #functionsMerge_20#join_rhs@7f9bb8be
         97ms |       |              | #stmtparentsMerge_20#join_rhs@d40a20s6
         94ms |     3 |  38ms @ 2    | m#Expr::Expr.getEnclosingStmt/0#224d8d99#bf@bee54wva
         91ms |       |              | @conversion@57fb4302
         67ms |       |              | Initializer::Initializer.getDeclaration/0#dispred#67bc0d09@4704fa55
         46ms |       |              | Parameter::Parameter.getFunction/0#dispred#803faca2@5f3957oh
         45ms |       |              | Variable::Variable.getInitializer/0#dispred#34a5a1a6#fb@8d991ck2
         45ms |       |              | @stmt@49a5754k
         41ms |       |              | @function@24d7f7aa
         27ms |       |              | Class::Class.getCanonicalMember/1#dispred#e1747079@30e5176b
         25ms |       |              | @parameter@b404ef49
         23ms |       |              | @localvariable@526b65nm
         17ms |       |              | _Initializer::Initializer.getDeclaration/0#dispred#67bc0d09_Parameter::Parameter#623bc78d__#initiali__#antijoin_rhs@12cef0d9
         16ms |       |              | @var_decl@850187o7
         16ms |       |              | @fun_decl@d118d94h
         15ms |       |              | Call::FunctionCall.getTarget/0#45745a57#bf@f99c89c6
         14ms |       |              | Declaration::Declaration.getTemplateArgumentValue/1#dispred#3eef4b7f@ebe52blp
         14ms |       |              | #fun_declsMerge_10#join_rhs@ef921723
         13ms |       |              | Declaration::DeclarationEntry#35f64a4e#b@a25f503i
         12ms |       |              | Declaration::DeclarationEntry.getDeclaration/0#dispred#1b743ecb#bf@81662afr
         11ms |       |              | Declaration::Declaration.getTemplateArgumentType/1#dispred#b0efb79c@b4b14eq1
         11ms |       |              | Assignment::ConditionDeclExpr.getVariable/0#dispred#cc50c0bf@b41a07ah
         11ms |       |              | Function::Function.isConstructedFrom/1#dispred#2edd856f@9d2620dd
         10ms |       |              | @variable@8c2928qk
         10ms |       |              | @localscopevariable@6209b1aq
          9ms |       |              | @declaration@f3a3f9gb
          8ms |       |              | _#initialisersMerge_project#Initializer::Initializer.getEnclosingStmt/0#dispred#2eeaee04#shared@4643bb0l
          8ms |       |              | Stmt::DeclStmt.getADeclarationEntry/0#dispred#bcacfa3d@db0593jh
          8ms |       |              | Call::Call#048c9613#b@a8dc4253
          7ms |       |              | Initializer::Initializer.getEnclosingStmt/0#dispred#2eeaee04@921c0773
          6ms |       |              | Function::Function.isConstructedFrom/1#dispred#2edd856f_10#join_rhs@ae44c42q
          4ms |       |              | Variable::LocalVariable#66787c88@1e03b8vv
          3ms |       |              | Stmt::DeclStmt.getADeclarationEntry/0#dispred#bcacfa3d_1#antijoin_rhs@c3261cou
          3ms |       |              | project#Class::Class.getCanonicalMember/1#dispred#e1747079@7f1af0tq
          2ms |       |              | Declaration::Declaration.getATemplateArgument/0#dispred#260b9dcc@7b320av7
          2ms |       |              | Initializer::Initializer.getEnclosingStmt/0#dispred#2eeaee04_10#join_rhs@fdf4edks
          2ms |       |              | _#fun_declsMerge_10#join_rhs_#fun_specializedMerge_Function::Function.isConstructedFrom/1#dispred#2e__#antijoin_rhs@8792d3h2
          1ms |       |              | #expr_ancestorMerge_10#join_rhs@e602baic
          1ms |       |              | @type_decl@823e090t
          1ms |       |              | project#Initializer::Initializer.getEnclosingStmt/0#dispred#2eeaee04@3958e5it
          1ms |       |              | project#Declaration::Declaration.getATemplateArgument/0#dispred#260b9dcc@0706cd6o
          1ms |       |              | Declaration::Declaration.isMember/0#dispred#de845e36@654e13u1
          1ms |       |              | m#Call::FunctionCall.getTarget/0#45745a57#bf@a32c3f8c

Most expensive predicates for stage 4 of completed query 01_preliminary_groups.ql:
        time | predicate
        -----|----------
        46ms | Function::Function.getParameter/1#8e6a5a5b@5bc694lo
        41ms | @function@24d7f7aa
        36ms | #var_declsMerge_10#join_rhs@d57798gt
        25ms | @parameter@b404ef49
        23ms | @localvariable@526b65nm
        14ms | #fun_declsMerge_10#join_rhs@ef921723
        12ms | #var_declsMerge_03#join_rhs@74f30akj
        11ms | Function::Function.isConstructedFrom/1#dispred#2edd856f@9d2620dd
        10ms | @localscopevariable@6209b1aq
         3ms | project#Function::Function.isConstructedFrom/1#dispred#2edd856f@61dc762r
         2ms | #usertypesMerge_02#join_rhs@f614acb9
         2ms | #function_instantiationMerge_10#join_rhs@f9ba679d
         1ms | #class_instantiationMerge_10#join_rhs@c2e3b4lh
         1ms | #usertypesMerge_20#join_rhs@7a31e969
         0ms | #namespacembrsMerge_1#antijoin_rhs@29795bh8
         0ms | #namespacesMerge_10#join_rhs@dcfae1lh
         0ms | @frienddecl@c3e65fvh
         0ms | @enumconstant@e5299caj
         0ms | QualifiedName::TemplateFunction.getAnInstantiation/0#dispred#1cbe8684@fd97279v
         0ms | project##class_template_argumentMerge@3fb95fhb

Most expensive predicates for stage 5 of completed query 01_preliminary_groups.ql:
        time  | predicate
        ------|----------
         2.6s | exprs_10#join_rhs@0a156eph
        110ms | #functionsMerge_20#join_rhs@7f9bb8be
         14ms | #fun_declsMerge_10#join_rhs@ef921723
         11ms | Declaration::Declaration.getTemplateArgumentType/1#dispred#b0efb79c@b4b14eq1
         11ms | Function::Function.isConstructedFrom/1#dispred#2edd856f@9d2620dd
          6ms | Function::Function.isConstructedFrom/1#dispred#2edd856f_10#join_rhs@ae44c42q
          4ms | TypedefType::TypedefType.getBaseType/0#dispred#671605ef#bf@4eb41ctn
          2ms | #usertypesMerge_02#join_rhs@f614acb9
          1ms | TypedefType::TypedefType#64088755#b@941df5v8
          1ms | UserType::UserType#21e9e463@a3a094rk
          1ms | TypedefType::TypedefType.getBaseType/0#dispred#671605ef#bf_10#join_rhs@ab26a5fg
          0ms | Type::Decltype.getBaseType/0#dispred#f3b613af#bf@9a977225
          0ms | Type::Decltype.getBaseType/0#dispred#f3b613af#bf_10#join_rhs@cbab4fap
          0ms | Type::TypeofType.getBaseType/0#dispred#0d5513d4#bf@d3954e07
          0ms | project##decltypesMerge#2@7d4bd1qf
          0ms | Type::TypeofType.getBaseType/0#dispred#0d5513d4#bf_10#join_rhs@9b6d11iu

Most expensive predicates for stage 6 of completed query 01_preliminary_groups.ql:
        time  | evals | max @ iter | predicate
        ------|-------|------------|----------
         2.6s |       |            | exprs_10#join_rhs@0a156eph
        922ms |       |            | Access::VariableAccess.getTarget/0#238a7818@6f5aa8sk
        110ms |       |            | #functionsMerge_20#join_rhs@7f9bb8be
         46ms |       |            | Function::Function.getParameter/1#8e6a5a5b@5bc694lo
         45ms |       |            | @stmt@49a5754k
         41ms |       |            | @function@24d7f7aa
         36ms |       |            | #var_declsMerge_10#join_rhs@d57798gt
         25ms |       |            | @parameter@b404ef49
         24ms |       |            | Class::Class.getCanonicalMember/1#dispred#e1747079@08088dq3
         23ms |       |            | @localvariable@526b65nm
         15ms |       |            | #iscallMerge_0#antijoin_rhs@f08ffd79
         14ms |       |            | #fun_declsMerge_10#join_rhs@ef921723
         12ms |       |            | #var_declsMerge_03#join_rhs@74f30akj
         11ms |       |            | Function::Function.isConstructedFrom/1#dispred#2edd856f@9d2620dd
         11ms |       |            | Declaration::Declaration.getTemplateArgumentType/1#dispred#b0efb79c@b4b14eq1
         10ms |       |            | @localscopevariable@6209b1aq
          6ms |       |            | Function::Function.isConstructedFrom/1#dispred#2edd856f_10#join_rhs@ae44c42q
          3ms |       |            | project#Function::Function.isConstructedFrom/1#dispred#2edd856f@61dc762r
          2ms |     2 | 2ms @ 2    | QualifiedName::Namespace.getQualifiedName/0#cbc0648a@91677w3f
          2ms |       |            | #usertypesMerge_02#join_rhs@f614acb9
          2ms |       |            | #function_instantiationMerge_10#join_rhs@f9ba679d
          2ms |       |            | UserType::UserType.getName/0#dispred#68e0aaf0@c6c4e3bl
          1ms |       |            | #usertypesMerge_20#join_rhs@7a31e969
          1ms |       |            | UserType::UserType#21e9e463@a3a094rk
          1ms |       |            | #class_instantiationMerge_10#join_rhs@c2e3b4lh
          0ms |       |            | #namespacembrsMerge_1#antijoin_rhs@29795bh8
          0ms |       |            | #namespacesMerge_10#join_rhs@dcfae1lh
          0ms |       |            | project##class_template_argumentMerge@3fb95fhb
          0ms |       |            | @enumconstant@e5299caj
          0ms |       |            | QualifiedName::TemplateFunction.getAnInstantiation/0#dispred#1cbe8684@fd97279v
          0ms |       |            | @frienddecl@c3e65fvh
          0ms |       |            | Class::Class#9afdbffd@65d7f1bo

Most expensive predicates for stage 7 of completed query 01_preliminary_groups.ql:
        time  | evals |   max @ iter | predicate
        ------|-------|--------------|----------
         4.2s |       |              | Element::ElementBase.toString/0#dispred#6e016f86_10#join_rhs@4cb8dfdh
         3.1s |    48 | 279ms @ 14   | #01_preliminary_groups::directCall/2#a072b138Plus#bf@8a684wnn
         2.6s |       |              | exprs_10#join_rhs@0a156eph
         1.3s |       |              | #locations_defaultMerge_23450#join_rhs@99f7bc3i
        922ms |       |              | Access::VariableAccess.getTarget/0#238a7818#bf@6f5aa8sk
        774ms |       |              | Expr::Expr.getEnclosingFunction/0#dispred#3960f06c@1bad88op
        590ms |       |              | #select#query@53305b34
        547ms |       |              | Element::Element.getFile/0#2b8c8740@9b043988
        374ms |       |              | Access::FieldAccess#d1ccd326#b@be1c72b3
        347ms |       |              | _#exprsMerge_Location::UnknownLocation#d525d7d6#shared@262c540t
        344ms |       |              | Location::Location.getStartLine/0#d54f9e6c@53e8a5qa
        315ms |       |              | Access::Access.getTarget/0#dispred#cf25c8aa#bf@4d9e3382
        235ms |       |              | m#Access::Access.getTarget/0#dispred#cf25c8aa#bf@73617fj6
        234ms |       |              | Access::Access.getTarget/0#dispred#cf25c8aa#bf_10#join_rhs@0fd884ol
        202ms |       |              | Call::FunctionCall.getTarget/0#45745a57@eea5fe3l
        186ms |       |              | Expr::Expr.getLocation/0#dispred#0a3d90c6@06da69m4
        135ms |       |              | File::Impl::Container.getRelativePath/0#dispred#deec4f8e#bf@96a1f1pj
        130ms |       |              | m#Variable::Variable.getName/0#dispred#1b4a78c5#bb#mcpe_this@cf3f2a59
        120ms |       |              | _NameQualifiers::NameQualifyingElement.getName/0#dispred#6b6b1f7a#bf_Type::Type.getName/0#dispred#77__#shared@0639964e
        110ms |       |              | #functionsMerge_20#join_rhs@7f9bb8be
         99ms |       |              | Expr::Expr.getParent/0#dispred#393b4f50#bf@6459b92f
         99ms |       |              | 01_preliminary_groups::directCall/2#a072b138@8a3bb9ia
         98ms |       |              | Parameter::Parameter.getANamedDeclarationEntry/0#dispred#ee3743d5#bf@9b8602lf
         91ms |       |              | #var_declsMerge_30#join_rhs@ef6ba81l
         66ms |       |              | Call::ConstructorCall#c4f8b4c6@e520c8fo
         62ms |       |              | Call::DestructorCall#43f8f365@07e71ft5
         61ms |       |              | m#01_preliminary_groups::optionAccess/3#13fc0d8a#ffb@48d059ni
         56ms |       |              | Location::Location.getContainer/0#9edabfb6@bbd97edk
         48ms |       |              | #localvariablesMerge_20#join_rhs@583a1fsv
         46ms |       |              | Function::Function.getParameter/1#8e6a5a5b@5bc694lo
         41ms |       |              | @function@24d7f7aa
         36ms |       |              | #var_declsMerge_10#join_rhs@d57798gt
         34ms |       |              | Variable::VariableDeclarationEntry.getVariable/0#dispred#a634d70c#bf@3d88f39q
         34ms |       |              | 01_preliminary_groups::passReachesFunction/2#842c060f#bf@a86e6e4c
         29ms |       |              | doublyBoundedFastTC:Class::Class.getABaseClass/0#dispred#e9ba966b:_#Class::Class.getABaseClass/0#dispred#e9ba966bPlus#bf#sourceBound#3__NameQualifiers::NameQualifying__#higher_order_body:#Class::Class.getABaseClass/0#dispred#e9ba966bPlus#bf#sinkBound#3@7e9659f7
         26ms |       |              | Type::Type.getName/0#dispred#77a04a0a#bf@a8e234eu
         25ms |       |              | @parameter@b404ef49
         24ms |       |              | Class::Class.getCanonicalMember/1#dispred#e1747079@08088dq3
         23ms |       |              | @localvariable@526b65nm
         21ms |       |              | Parameter::Parameter.getAnEffectiveDeclarationEntry/0#dispred#03397d60#bf@d9ee9e4i
         20ms |       |              | _#var_declsMerge_10#join_rhs_ResolveGlobalVariable::resolveGlobalVariable/1#17c3b74f#shared@c121c8r0
         18ms |       |              | Parameter::Parameter.getFunction/0#dispred#803faca2#bf@8d9956qo
         18ms |       |              | Declaration::Declaration.getQualifiedName/0#dispred#4508fade#bf@11c2b125
         16ms |     3 |  14ms @ 1    | Expr::Expr.getExprLocationOverride/0#80738c92@4feb2w5b
         16ms |       |              | Variable::VariableDeclarationEntry.getVariable/0#dispred#a634d70c#fb@f56714d0
         15ms |       |              | 01_preliminary_groups::preliminaryGroup/6#2fefcf79@8613423h
         15ms |       |              | #iscallMerge_0#antijoin_rhs@f08ffd79
         14ms |       |              | #fun_declsMerge_10#join_rhs@ef921723
         14ms |     6 |   7ms @ 1    | Type::Type.getUnderlyingType/0#dispred#bd141f6a@4eafcwca
         13ms |       |              | Variable::VariableDeclarationEntry.getVariable/0#dispred#a634d70c#fb_10#join_rhs@65a74460

Most expensive predicates for completed query 01_preliminary_groups.ql:
        time  | evals |   max @ iter | predicate
        ------|-------|--------------|----------
         4.4s |   186 | 487ms @ 8    | Enclosing::exprEnclosingElement/1#d94b6dd0@9dc00wsq
         4.2s |       |              | Element::ElementBase.toString/0#dispred#6e016f86_10#join_rhs@4cb8dfdh
         3.1s |    48 | 279ms @ 14   | #01_preliminary_groups::directCall/2#a072b138Plus#bf@8a684wnn
         2.6s |       |              | exprs_10#join_rhs@0a156eph
         1.4s |       |              | Expr::Expr.getParent/0#dispred#393b4f50@285711o5
         1.3s |       |              | #locations_defaultMerge_23450#join_rhs@99f7bc3i
        922ms |       |              | Access::VariableAccess.getTarget/0#238a7818@6f5aa8sk
        774ms |       |              | Expr::Expr.getEnclosingFunction/0#dispred#3960f06c@1bad88op
        708ms |       |              | Expr::Expr.getParent/0#dispred#393b4f50_10#join_rhs@dfcc6epe
        678ms |   187 | 140ms @ 5    | Enclosing::stmtEnclosingElement/1#cf37daa7@9dc00xsq
        590ms |       |              | #select#query@53305b34
        547ms |       |              | Element::Element.getFile/0#2b8c8740@9b043988
        374ms |       |              | Access::FieldAccess#d1ccd326#b@be1c72b3
        347ms |       |              | _#exprsMerge_Location::UnknownLocation#d525d7d6#shared@262c540t
        344ms |       |              | Location::Location.getStartLine/0#d54f9e6c@53e8a5qa
        315ms |       |              | Access::Access.getTarget/0#dispred#cf25c8aa#bf@4d9e3382
        235ms |       |              | m#Access::Access.getTarget/0#dispred#cf25c8aa#bf@73617fj6
        234ms |       |              | Access::Access.getTarget/0#dispred#cf25c8aa#bf_10#join_rhs@0fd884ol
        202ms |       |              | Call::FunctionCall.getTarget/0#45745a57@eea5fe3l
        192ms |       |              | #exprconvMerge_10#join_rhs@227869fv
        186ms |       |              | Expr::Expr.getLocation/0#dispred#0a3d90c6@06da69m4
        160ms |     2 | 117ms @ 1    | Expr::Expr.getEnclosingStmt/0#224d8d99#bf@d38ffwjd
        135ms |       |              | File::Impl::Container.getRelativePath/0#dispred#deec4f8e#bf@96a1f1pj
        130ms |       |              | m#Variable::Variable.getName/0#dispred#1b4a78c5#bb#mcpe_this@cf3f2a59
        120ms |       |              | _NameQualifiers::NameQualifyingElement.getName/0#dispred#6b6b1f7a#bf_Type::Type.getName/0#dispred#77__#shared@0639964e
        110ms |       |              | #functionsMerge_20#join_rhs@7f9bb8be
         99ms |       |              | Expr::Expr.getParent/0#dispred#393b4f50#bf@6459b92f
         99ms |       |              | 01_preliminary_groups::directCall/2#a072b138@8a3bb9ia
         98ms |       |              | Parameter::Parameter.getANamedDeclarationEntry/0#dispred#ee3743d5#bf@9b8602lf
         97ms |       |              | #stmtparentsMerge_20#join_rhs@d40a20s6
         94ms |     3 |  38ms @ 2    | m#Expr::Expr.getEnclosingStmt/0#224d8d99#bf@bee54wva
         91ms |       |              | @conversion@57fb4302
         91ms |       |              | #var_declsMerge_30#join_rhs@ef6ba81l
         67ms |       |              | Initializer::Initializer.getDeclaration/0#dispred#67bc0d09@4704fa55
         66ms |       |              | Call::ConstructorCall#c4f8b4c6@e520c8fo
         62ms |       |              | Call::DestructorCall#43f8f365@07e71ft5
         61ms |       |              | m#01_preliminary_groups::optionAccess/3#13fc0d8a#ffb@48d059ni
         56ms |       |              | Location::Location.getContainer/0#9edabfb6@bbd97edk
         48ms |       |              | #localvariablesMerge_20#join_rhs@583a1fsv
         46ms |       |              | Function::Function.getParameter/1#8e6a5a5b@5bc694lo
         46ms |       |              | Parameter::Parameter.getFunction/0#dispred#803faca2@5f3957oh
         45ms |       |              | Variable::Variable.getInitializer/0#dispred#34a5a1a6#fb@8d991ck2
         45ms |       |              | @stmt@49a5754k
         41ms |       |              | @function@24d7f7aa
         36ms |       |              | #var_declsMerge_10#join_rhs@d57798gt
         34ms |       |              | 01_preliminary_groups::passReachesFunction/2#842c060f#bf@a86e6e4c
         34ms |       |              | Variable::VariableDeclarationEntry.getVariable/0#dispred#a634d70c#bf@3d88f39q
         29ms |       |              | doublyBoundedFastTC:Class::Class.getABaseClass/0#dispred#e9ba966b:_#Class::Class.getABaseClass/0#dispred#e9ba966bPlus#bf#sourceBound#3__NameQualifiers::NameQualifying__#higher_order_body:#Class::Class.getABaseClass/0#dispred#e9ba966bPlus#bf#sinkBound#3@7e9659f7
         27ms |       |              | Class::Class.getCanonicalMember/1#dispred#e1747079@30e5176b
         26ms |       |              | Type::Type.getName/0#dispred#77a04a0a#bf@a8e234eu

[2026-08-06 12:57:04] Total evaluation times for this run:
        * Wall-clock duration of evaluation run: 30.2 seconds
        * Total time spent evaluating predicates: 27.8 seconds
